dataset:    domdomingo/sasb_embeddings
commit:     8e7e90233195a1e2cc6c584f5f0902d0caca6173
type:       merge
message:    Merged Diversity & Inclusion with other, because of , issue
status:     archived
hub:        reachable (HTTP 200)
generated:  2026-07-31T18:08:57Z by analysis/archive_evidence.py, wrapping inspect_commit.py --download --show_rows
============================================================
# domdomingo/sasb_embeddings @ 8e7e902331
message: Merged Diversity & Inclusion with other, because of , issue 

file changes:
M	sasb_embeddings.csv

[sasb_embeddings.csv] no column-set change (values may still differ)
  diff --git a/sasb_embeddings.csv b/sasb_embeddings.csv
  index e20565a..977c9df 100644
  --- a/sasb_embeddings.csv
  +++ b/sasb_embeddings.csv
  @@ -1,28 +1,27 @@
   0,1,2,3,4,5,6,7,8,9,10,11,12,13,14,15,16,17,18,19,20,21,22,23,24,25,26,27,28,29,30,31,32,33,34,35,36,37,38,39,40,41,42,43,44,45,46,47,48,49,50,51,52,53,54,55,56,57,58,59,60,61,62,63,64,65,66,67,68,69,70,71,72,73,74,75,76,77,78,79,80,81,82,83,84,85,86,87,88,89,90,91,92,93,94,95,96,97,98,99,100,101,102,103,104,105,106,107,108,109,110,111,112,113,114,115,116,117,118,119,120,121,122,123,124,125,126,127,128,129,130,131,132,133,134,135,136,137,138,139,140,141,142,143,144,145,146,147,148,149,150,151,152,153,154,155,156,157,158,159,160,161,162,163,164,165,166,167,168,169,170,171,172,173,174,175,176,177,178,179,180,181,182,183,184,185,186,187,188,189,190,191,192,193,194,195,196,197,198,199,200,201,202,203,204,205,206,207,208,209,210,211,212,213,214,215,216,217,218,219,220,221,222,223,224,225,226,227,228,229,230,231,232,233,234,235,236,237,238,239,240,241,242,243,244,245,246,247,248,249,250,251,252,253,254,255,256,257,258,259,260,261,262,263,264,265,266,267,268,269,270,271,272,273,274,275,276,277,278,279,280,281,282,283,284,285,286,287,288,289,290,291,292,293,294,295,296,297,298,299,300,301,302,303,304,305,306,307,308,309,310,311,312,313,314,315,316,317,318,319,320,321,322,323,324,325,326,327,328,329,330,331,332,333,334,335,336,337,338,339,340,341,342,343,344,345,346,347,348,349,350,351,352,353,354,355,356,357,358,359,360,361,362,363,364,365,366,367,368,369,370,371,372,373,374,375,376,377,378,379,380,381,382,383
  -0.01917535625398159,0.03762641176581383,0.08082503080368042,-0.006445235572755337,0.09987449645996094,-0.048941366374492645,0.019632229581475258,-0.005049446597695351,0.011202906258404255,0.006510874722152948,-0.008871159516274929,-0.08186625689268112,-0.05510532483458519,-0.004886805545538664,-0.010654522106051445,0.0245510246604681,-0.03359060734510422,0.027204107493162155,-0.057886309921741486,-0.03444621339440346,-0.005272398702800274,0.10900633037090302,-0.019220011308789253,-0.014998999424278736,-0.042865090072155,-0.014731235802173615,-0.038583528250455856,0.03804604336619377,0.023163972422480583,0.025926563888788223,-0.01157426554709673,-0.002047023270279169,0.031402189284563065,0.0393090695142746,0.012508892454206944,0.030752666294574738,0.0415177047252655,0.017793549224734306,-0.04591544717550278,-0.016055462881922722,-0.06206361576914787,-0.07738705724477768,-0.004704659804701805,-0.040508802980184555,-0.08304627984762192,-0.008401775732636452,0.0702459067106247,-0.006763249635696411,-0.035161420702934265,-0.040365252643823624,0.08774937689304352,-0.015701981261372566,-0.09285838156938553,-0.020177718251943588,0.04444269835948944,-0.08568161725997925,-0.0002571277436800301,-0.0381680428981781,7.301673031179234e-05,-0.06059733405709267,0.0020738968160003424,-0.08694423735141754,-0.05416589975357056,-0.0016550722066313028,0.05237356573343277,-0.014238249510526657,0.05035553500056267,0.03771017864346504,-0.056197576224803925,-0.018995581194758415,-0.014658120460808277,-0.07185768336057663,-0.07921553403139114,-0.13229544460773468,-0.06393279880285263,0.03456810861825943,-0.004865002818405628,0.008452427573502064,0.13999108970165253,0.012465591542422771,0.08352513611316681,0.036483559757471085,-0.03266032785177231,0.02457369863986969,0.03469444066286087,-0.016943521797657013,-0.023017946630716324,0.03469124063849449,-0.016133133322000504,0.013953489251434803,0.002774234628304839,-0.05012612044811249,0.14168500900268555,0.06467491388320923,-0.015430337749421597,0.05173344537615776,0.08087604492902756,0.0016084919916465878,0.07978644222021103,-0.0075988005846738815,-0.01597640849649906,0.06347788125276566,-0.06776265799999237,-0.026869235560297966,-0.06812155991792679,0.04162741079926491,-0.002185097662732005,0.07776490598917007,0.018154548481106758,-0.05111856758594513,-0.09838014841079712,0.006848416291177273,-0.011106010526418686,-0.03030169941484928,0.04540623724460602,-0.02358088828623295,0.11653062701225281,-0.052718617022037506,-0.05841445177793503,-0.03690360113978386,0.007835470139980316,-0.01167636550962925,0.03032558411359787,0.03553733229637146,-0.003817124990746379,-0.05299591273069382,0.008089796639978886,-7.0183808570806256e-34,-0.025822298601269722,-0.00153004948515445,0.0573422871530056,-0.11804628372192383,-0.012942900881171227,0.09495679289102554,-0.07567314058542252,0.007574371062219143,0.09796944260597229,0.03066309727728367,-0.004684556275606155,0.03445025160908699,-0.030154243111610413,0.058535706251859665,0.07216279953718185,0.04121635854244232,-0.07471705973148346,0.01793397217988968,-0.00766592426225543,-0.03519577905535698,-0.04152117297053337,-0.03460216894745827,0.026019180193543434,0.05664453282952309,0.06405708938837051,-0.0018784296698868275,0.11495159566402435,-0.005665566772222519,-0.023994754999876022,-0.008349206298589706,0.10363900661468506,0.02222919464111328,-0.038274530321359634,-0.04521092399954796,-0.0673905611038208,-0.005559613928198814,-0.029070010408759117,0.08874967694282532,-0.04984239861369133,0.02060447260737419,0.008440986275672913,0.03661983832716942,0.017991749569773674,-0.06658495217561722,0.001908903825096786,-0.018563108518719673,0.045563697814941406,-0.010553506202995777,0.03573984652757645,0.0306891817599535,-0.07217328995466232,0.04414766654372215,-0.08500189334154129,-0.03180054575204849,0.003274482674896717,0.03356652706861496,0.07672669738531113,-0.051314447075128555,-0.049040764570236206,-0.05097419023513794,-0.06499498337507248,0.09028523415327072,0.06891928613185883,0.027644680812954903,0.07527487725019455,0.038113828748464584,0.01256712805479765,0.016216574236750603,-0.0015321463579311967,0.04993969947099686,0.02191947214305401,-0.07815635949373245,0.03145876154303551,0.004724330268800259,-0.060958001762628555,-0.019036585465073586,-0.048976801335811615,-0.004534020554274321,-0.038485947996377945,0.041920363903045654,-0.12441776692867279,0.011166995391249657,-0.004141348414123058,-0.11899353563785553,-0.07833989709615707,-0.06862643361091614,-0.027048900723457336,0.025898059830069542,0.039760295301675797,0.04811631515622139,-0.023539038375020027,-0.03519512712955475,0.02512492798268795,0.004238687921315432,-0.07406037300825119,-1.212430220035047e-33,0.05443553999066353,0.08952543884515762,0.013643517158925533,-0.0680239349603653,0.029807912185788155,-0.03969395533204079,0.0024131431709975004,-0.016005326062440872,-0.015232079662382603,0.09692516177892685,-0.0003097843728028238,0.11974227428436279,0.035536836832761765,0.06053011864423752,0.06834504753351212,-0.02075531706213951,0.006367133930325508,-0.0007774978294037282,-0.03192537650465965,-0.03949065878987312,0.004850652534514666,-0.0813157856464386,0.060192059725522995,0.041177619248628616,-0.035830702632665634,0.005058139096945524,0.037042174488306046,-0.02710794098675251,0.09327886998653412,0.007119602989405394,-0.055733054876327515,0.14198951423168182,-0.05187011510133743,0.06145589053630829,0.011531710624694824,-0.0767592266201973,0.03150075674057007,0.02342638187110424,-0.0352843813598156,-0.05428307130932808,0.0213679987937212,-0.02394753508269787,0.029006190598011017,0.014964817091822624,-0.04342172294855118,0.02406124211847782,0.0035282543394714594,0.026574479416012764,0.052610043436288834,-0.05965303257107735,0.10961157083511353,0.0380316860973835,-0.11838922649621964,0.03997432067990303,0.05801251158118248,0.0546034537255764,0.07210266590118408,0.06407982856035233,-0.05901629850268364,-0.056686099618673325,0.03077184036374092,0.043438032269477844,0.02990582026541233,0.011828241869807243,-0.053634122014045715,-0.01735682412981987,0.0023656527046114206,-0.03696464002132416,0.02393130026757717,-0.006651461124420166,-0.0684460774064064,0.01045150775462389,-0.01515544205904007,-0.07501429319381714,-0.06834726780653,-0.09221767634153366,-0.03558100014925003,-0.055758871138095856,-0.005112028680741787,-0.015181063674390316,-0.009074822999536991,0.055002935230731964,0.02726728469133377,0.0039057780522853136,0.0871400460600853,-0.12196590006351471,-0.058979012072086334,-0.029008829966187477,0.04117206111550331,0.141067773103714,-0.10886764526367188,0.04310964047908783,-0.053423818200826645,0.048043977469205856,-0.03618095442652702,-1.527416593205544e-08,-0.062211859971284866,0.036062318831682205,0.07489178329706192,0.015596174634993076,-0.059476181864738464,-0.020027505233883858,0.008052247576415539,0.06387780606746674,0.007404359523206949,0.07621876150369644,0.07270611822605133,-0.006051329895853996,0.05458435043692589,0.07580617070198059,-0.05451047047972679,-0.05948145315051079,-0.027597809210419655,-0.05176982283592224,0.023258348926901817,-0.015258406288921833,0.016084423288702965,0.019987765699625015,-0.004555967636406422,0.027197066694498062,0.046368569135665894,-0.010617590509355068,-0.015201007947325706,0.03397439792752266,0.013127951882779598,0.028181595727801323,0.04948531463742256,0.07048165798187256,0.005171016789972782,-0.05913667753338814,-0.08364316076040268,-0.0901094377040863,0.013418849557638168,0.013366916216909885,-0.022751109674572945,-0.05335671454668045,0.006386714056134224,-0.021166866645216942,0.006624641828238964,-0.015422398224473,-0.02315804548561573,-0.05625680834054947,-0.06388529390096664,0.01649954356253147,0.0038750446401536465,0.07438377290964127,0.004215493332594633,-0.1179138720035553,0.02192850410938263,-0.012468965724110603,0.02367457188665867,-0.06597889959812164,-0.025519071146845818,0.04313265159726143,-0.0019951858557760715,-0.0010126720881089568,0.07417959719896317,-0.015374301001429558,0.005979588720947504,-0.023222777992486954
  -0.02857336588203907,-0.015501371584832668,0.0834624171257019,0.0227105300873518,0.11217735707759857,-0.10225922614336014,0.06474640965461731,-0.01728956587612629,-0.06032343581318855,0.05080799758434296,-0.00048385694390162826,-0.05989743396639824,-0.0312587134540081,0.009913229383528233,0.019692035391926765,0.040847714990377426,-0.05396176129579544,-0.032135650515556335,-0.09320627897977829,-0.014549451880156994,0.0004509896389208734,0.11720689386129379,-0.006763739977031946,0.008358823135495186,-0.08068594336509705,-0.0023051833268254995,0.00015644723316654563,0.04832398146390915,0.028562646359205246,-0.021491331979632378,0.04313918575644493,0.09871810674667358,0.0697450265288353,-0.05166171118617058,0.021766042336821556,0.014609932899475098,0.045441318303346634,-0.024834025651216507,-0.023522643372416496,0.022777045145630836,-0.04321640729904175,-0.035216838121414185,-0.014388234354555607,-0.02901877649128437,-0.07603061944246292,-0.009168392978608608,-0.011716105043888092,-0.02489960938692093,0.04873189702630043,-0.019341764971613884,0.018695589154958725,0.0841238722205162,-0.07369287312030792,-0.04347662627696991,0.0015884481836110353,-0.06353694945573807,-0.06791748106479645,-0.05516074597835541,-0.04827947914600372,-0.029561275616288185,0.04941597208380699,0.002837092150002718,-0.009563909843564034,0.029497701674699783,0.0732165277004242,0.001145387883298099,-0.05602061748504639,0.08114288747310638,0.01328709814697504,-0.05714353919029236,-0.07471315562725067,-0.03537498414516449,-0.051151975989341736,-0.03493760526180267,-0.025593889877200127,0.049368713051080704,-0.003132023150101304,-0.0746493861079216,0.08874891698360443,0.04352273792028427,0.11321347951889038,-0.034211523830890656,-0.05079422891139984,0.01385569665580988,-0.002685312647372484,-0.02515048161149025,0.05003252997994423,-0.028397997841238976,-0.06744799762964249,0.01177867129445076,-0.024242909625172615,-0.051985178142786026,0.0722164660692215,0.011725268326699734,0.0033680673222988844,0.08887645602226257,0.09446608275175095,0.00786648690700531,0.027485666796565056,0.054804880172014236,-0.04409432411193848,-0.012717698700726032,-0.050986241549253464,-0.01674433797597885,-0.03441648557782173,-0.014019392430782318,0.0555671863257885,-0.003873163368552923,0.01591896079480648,-0.0014882117975503206,-0.09294303506612778,-0.015820074826478958,-0.00281180115416646,-0.0657389834523201,0.08451303839683533,0.021495135501027107,0.09907551109790802,-0.034149419516325,-0.04231146350502968,-0.07856882363557816,-0.03339170292019844,-0.06523581594228745,0.006420633289963007,0.052858565002679825,0.06561101973056793,-0.049141041934490204,0.01818445883691311,-2.7566303126072455e-33,0.001667552161961794,-0.027669895440340042,0.045557159930467606,-0.06814552843570709,-0.0184213574975729,0.032903145998716354,-0.012718609534204006,-0.03152038902044296,0.07902055233716965,0.03316488116979599,-0.04152578487992287,0.03677348047494888,-0.07866721600294113,-0.008822071366012096,0.131262868642807,0.01091369241476059,-0.10128767043352127,0.01087157242000103,-0.05442323163151741,0.018514569848775864,-0.07531195878982544,-0.06139083951711655,-0.07609971612691879,0.034432414919137955,0.05275184288620949,-0.0440596304833889,0.12407416105270386,0.029606329277157784,-0.025800621137022972,-0.02143661305308342,0.15715524554252625,0.05204738676548004,-0.051207270473241806,-0.016473563387989998,-0.026497790589928627,0.004775070585310459,-0.03437379375100136,0.087788425385952,-0.03135187178850174,-0.020963316783308983,-0.009745229966938496,0.020316097885370255,0.021787071600556374,-0.016215067356824875,0.0024553141556680202,-0.04382377117872238,0.022976240143179893,0.0009138294844888151,0.02348417602479458,-0.05956164374947548,-0.08942434936761856,0.03697860613465309,-0.030423184856772423,0.005379104521125555,0.05605432018637657,0.033418234437704086,0.07701120525598526,-0.05894995853304863,0.00701519288122654,-0.003053445601835847,-0.03593699261546135,0.10807372629642487,0.014098464511334896,-0.02262793853878975,0.08987202495336533,-0.03961731493473053,0.08586172014474869,0.057701226323843,0.02112624980509281,0.011599903926253319,0.008416344411671162,-0.07796284556388855,-0.01935412362217903,0.025067800655961037,-0.07594595104455948,-0.05204765871167183,-0.06128133833408356,0.01670297607779503,-0.04634437710046768,0.03406796604394913,-0.05335814133286476,-0.012698114849627018,0.021386735141277313,-0.07780460268259048,-0.03908970579504967,-0.04068673029541969,0.00013268856855574995,0.024266226217150688,0.031022528186440468,0.03897193446755409,-0.025947079062461853,0.0457460917532444,0.06167526915669441,0.024439560249447823,-0.01330314390361309,1.0166509012216257e-33,0.018538417294621468,0.0511692613363266,-0.02984568476676941,-0.019747786223888397,-0.0400894396007061,-0.029468411579728127,-0.017176218330860138,0.04669833555817604,0.01921289600431919,0.08357347548007965,-0.031464170664548874,0.08839412778615952,0.12277599424123764,-0.017547128722071648,0.08658555895090103,-0.004872925113886595,-0.024408861994743347,0.030108677223324776,-0.004074098542332649,-0.026527725160121918,-0.0403023287653923,-0.05085127428174019,0.052704278379678726,0.01627148501574993,-0.10342864692211151,0.07388284057378769,0.007442036643624306,0.018106551840901375,0.043532438576221466,-0.023026898503303528,-0.03829815983772278,0.1062898263335228,0.025173628702759743,0.1290765255689621,-0.025341007858514786,-0.047600094228982925,0.04807591810822487,-0.06912705302238464,-0.053874704986810684,-0.0731479674577713,0.03433556482195854,-0.03218056634068489,0.04734695330262184,-0.03572533652186394,0.007724541239440441,0.06548579037189484,-0.016596714034676552,-0.06872844696044922,0.04060463234782219,-0.11830885708332062,0.0934092178940773,0.029575781896710396,-0.1359158307313919,0.043744564056396484,0.05702023580670357,0.0677502453327179,0.01833186112344265,0.007684509269893169,-0.026926405727863312,-0.008637741208076477,0.09158305078744888,0.021412057802081108,0.003798156278207898,-0.021717701107263565,-0.07755444198846817,0.02609853632748127,0.01936517469584942,0.03945795074105263,0.03865666687488556,-0.008152428083121777,-0.05096370354294777,-0.028231386095285416,-0.020913997665047646,-0.022145655006170273,-0.05343913286924362,-0.0685587003827095,-0.038980454206466675,0.06500482559204102,-0.018145795911550522,0.04750034213066101,-0.050035201013088226,0.026407938450574875,-0.044796571135520935,0.002629657043144107,0.02084832638502121,-0.0756448432803154,-0.03903182968497276,-0.07399752736091614,-0.004888194613158703,0.10074041038751602,-0.03913410007953644,0.05651870369911194,-0.09946928173303604,0.007210767362266779,-0.017273446545004845,-1.314804443097728e-08,-0.04198199138045311,-0.04195299744606018,0.07256268709897995,0.012683451175689697,-0.10917796194553375,-0.021518606692552567,0.034733325242996216,0.05297859013080597,0.0472983680665493,0.07689473778009415,-0.0020935724023729563,0.03243384137749672,0.022641392424702644,0.05263812467455864,0.051940031349658966,-0.06788738071918488,-0.06323632597923279,-0.020983299240469933,-0.00464964285492897,0.012446954846382141,0.014595692045986652,0.05479159951210022,-0.0012629404664039612,-0.007063953671604395,0.019054438918828964,-0.016721045598387718,0.039644721895456314,-0.007179700769484043,0.06295067816972733,0.0265580415725708,-0.017219331115484238,0.08216144144535065,-0.0079799210652709,-0.0523676760494709,-0.09990423172712326,-0.0419219434261322,0.07877583056688309,-0.03460081294178963,-0.06787659227848053,-0.010226137936115265,-0.04578622803092003,0.05325746536254883,-0.09597034007310867,-0.05818202719092369,0.0849364697933197,-0.05966246873140335,0.015687230974435806,0.03250580281019211,-0.007819976657629013,-0.012673198245465755,0.047059230506420135,-0.06963279843330383,0.07453055679798126,-0.05096230283379555,0.01397581584751606,-0.027069685980677605,-0.040294043719768524,0.02099398709833622,0.029112938791513443,0.008184378035366535,0.0032439930364489555,0.02097425051033497,-0.017900388687849045,0.07303957641124725
  -0.019056715071201324,0.10766447335481644,0.04177141934633255,0.06132807582616806,0.03902527689933777,-0.11401768028736115,0.046751853078603745,-0.03206375613808632,-0.08695784211158752,0.05822817236185074,-0.02353326790034771,-0.08308381587266922,-0.004611710086464882,-0.018536517396569252,0.035484764724969864,0.062298890203237534,-0.04873500019311905,0.014273999258875847,-0.019012080505490303,-0.06722332537174225,-0.016891999170184135,0.037048012018203735,0.03570573031902313,-0.005209751892834902,-0.01641124300658703,0.06673841178417206,0.0026498858351260424,0.11823845654726028,-0.00920274667441845,-0.03847317770123482,0.028378615155816078,-0.00972710456699133,0.037694185972213745,-0.006649230141192675,-0.002675792435184121,0.14339235424995422,-0.05444527789950371,-0.0001448294788133353,0.006819264497607946,0.00624543521553278,-0.06626863032579422,-0.04866281896829605,-0.0479997880756855,-0.07157012820243835,-0.10371749848127365,0.016005374491214752,-0.013798955827951431,-0.0241409782320261,0.01779887266457081,-0.05253811925649643,0.07232160121202469,-0.0348285548388958,-0.07428380101919174,-0.005996156949549913,-0.006776522379368544,-0.05409204959869385,0.05125172808766365,-0.047240760177373886,0.0008710548281669617,-0.05738275870680809,0.03494807332754135,-0.098704032599926,-0.056216537952423096,0.03460002318024635,0.0345543809235096,0.0035796095617115498,0.04084080085158348,0.10518303513526917,-0.0077643305994570255,-0.11209649592638016,0.0331500880420208,-0.10291086882352829,-0.016380032524466515,-0.1311529278755188,-0.10150150209665298,0.01199706643819809,-0.02834693156182766,0.03789114952087402,0.10300510376691818,-0.00159141281619668,0.04156821593642235,-0.018788795918226242,-0.08533789217472076,0.0014416371705010533,0.04152883589267731,0.044126417487859726,0.052256010472774506,0.016570985317230225,0.07630826532840729,0.06022981181740761,-0.008952596224844456,-0.06337757408618927,0.10776668041944504,0.029104549437761307,0.007960253395140171,0.029306674376130104,0.05427436903119087,-0.037751950323581696,-0.005611518397927284,0.029632093384861946,0.025017645210027695,0.02432609535753727,0.0009076675632968545,-0.015618566423654556,0.044177763164043427,-0.058108314871788025,-0.0015054575633257627,0.08539845049381256,0.09628061950206757,-0.04512149095535278,-0.025708366185426712,0.047085314989089966,0.022074664011597633,0.014015194959938526,0.020548371598124504,-0.002166549675166607,0.11998669058084488,-0.04890615493059158,0.05218440294265747,0.02213514968752861,0.03633025288581848,-0.07248571515083313,0.05088550224900246,-0.003142556408420205,0.017414920032024384,-0.008137231692671776,0.05559023469686508,-2.911297267513634e-33,-0.08035549521446228,-0.040668588131666183,0.01277986541390419,-0.041070785373449326,0.06121872365474701,0.09185994416475296,-0.030003396794199944,-0.0034512891434133053,0.046732041984796524,-0.05362327769398689,0.04270695149898529,0.0623161755502224,0.0545421801507473,0.05153661221265793,0.09498433023691177,-0.10473385453224182,-0.017536530271172523,0.08639926463365555,0.06254591792821884,-0.04019297659397125,-0.012895174324512482,-0.043696366250514984,0.015533596277236938,0.0021433187648653984,0.06326834112405777,-0.02994048036634922,0.11259950697422028,-0.013475011102855206,0.0069553847424685955,-0.014308931306004524,0.10780906677246094,0.030842440202832222,-0.0385577455163002,0.014132281765341759,-0.006566424388438463,0.018858136609196663,-0.029834607616066933,0.07387088239192963,-0.021090121939778328,-0.00012431057984940708,-0.028796963393688202,0.050642192363739014,0.010779344476759434,-0.015116611495614052,0.01735491305589676,-0.01693114824593067,0.15488329529762268,0.025601331144571304,-0.04834236577153206,0.0029029163997620344,-0.0719589814543724,0.0054809884168207645,-0.013100550509989262,-0.05033360421657562,0.053782787173986435,-0.022915368899703026,0.04956139624118805,-0.07792457193136215,0.014368252828717232,-0.05518116056919098,-0.02059764973819256,0.10891814529895782,-0.013597945682704449,-0.015658950433135033,0.10785427689552307,-0.04943518340587616,-0.016194872558116913,0.026189519092440605,-0.030779629945755005,0.009647270664572716,-0.005207291338592768,-0.057684317231178284,0.04968039318919182,0.046109508723020554,-0.000285762274870649,-0.00017403214587830007,-0.012040027417242527,0.02662450075149536,-0.18688806891441345,0.0076673501171171665,-0.07314196974039078,0.028736330568790436,0.06694348901510239,-0.04953337833285332,0.028672995045781136,-0.06292429566383362,-0.03336843475699425,-0.020229967311024666,0.014312004670500755,0.04705624282360077,-0.007333189714699984,0.03191157057881355,0.030039291828870773,0.05554875731468201,-0.06774522364139557,2.7021055581573306e-33,0.028686178848147392,0.0425223782658577,-0.04778924584388733,-0.05416633188724518,0.05149198696017265,-0.0379062220454216,-0.0798303633928299,-0.035248588770627975,-0.06885486841201782,0.0061381105333566666,-0.03261878713965416,0.011812502518296242,0.06030917540192604,0.01802213490009308,0.00022894523863215,-0.018021229654550552,0.04092297703027725,-0.02237560600042343,-0.05894684046506882,-0.02023346722126007,-0.056364621967077255,0.05687151849269867,-0.024116341024637222,0.011597663164138794,-0.0901726558804512,0.10122711956501007,0.020339980721473694,-0.030689051374793053,0.02815084718167782,0.008708599954843521,-0.07980068027973175,0.025606678798794746,-0.0010398466838523746,0.04056253656744957,-0.052519697695970535,0.00708163995295763,0.056927718222141266,0.012472838163375854,-0.0248408205807209,0.11766955256462097,0.0717197135090828,-0.07371674478054047,-0.010232030414044857,-0.02692182920873165,-0.05809265375137329,-0.00287452875636518,-0.03812886402010918,-0.0013621641555801034,-0.06254562735557556,-0.019692540168762207,0.026102423667907715,-0.041698966175317764,-0.11076757311820984,-0.03615378215909004,0.018866432830691338,-0.048829544335603714,0.06294610351324081,0.0989145040512085,-0.09304668009281158,-0.032575178891420364,0.09627429395914078,0.02618325501680374,0.10084803402423859,0.05591835454106331,-0.09069091826677322,0.032558683305978775,0.0010056544560939074,-0.0018326934659853578,-0.015226975083351135,-0.038454193621873856,-0.08604646474123001,0.01789875142276287,-0.04588354006409645,-0.030787836760282516,0.015043966472148895,-0.04536585137248039,-0.027465516701340675,-0.04487046226859093,-0.05769806355237961,-0.014543360099196434,-0.013305645436048508,0.030908476561307907,-0.053416021168231964,0.014988048933446407,0.015045282430946827,-0.07327552884817123,-0.025317925959825516,-0.0995241180062294,0.023916346952319145,0.06505659967660904,-0.02523929439485073,-0.04210859537124634,-0.027959490194916725,0.11365888267755508,-0.016796080395579338,-1.2535807059066428e-08,-0.034206487238407135,-0.025106212124228477,0.0851607471704483,-0.05355997756123543,-0.07296167314052582,-0.012879199348390102,0.040589332580566406,0.008425567299127579,0.049283627420663834,0.005127353128045797,0.07598942518234253,0.026249034330248833,0.030259929597377777,0.08310536295175552,0.005189710762351751,-0.04397378861904144,0.04852518066763878,0.02268839441239834,-0.030175143852829933,-0.034729573875665665,0.008186877705156803,-0.026329699903726578,-0.004123934078961611,0.041414715349674225,0.12135016918182373,-0.01502915471792221,0.04544568061828613,0.03982599452137947,0.04364270344376564,0.02940240688621998,-0.0009417628752999008,0.04365129768848419,0.03727971389889717,-0.05499344319105148,-0.05862143635749817,0.010666687041521072,0.009881986305117607,-0.04540878161787987,0.0068470691330730915,0.017328398302197456,-0.04177510738372803,0.009301404468715191,-0.026302160695195198,-0.001858507632277906,-0.045857757329940796,-0.02429911121726036,-0.05043027177453041,-0.0015794141218066216,0.047653403133153915,0.037122588604688644,-0.0018388916505500674,-0.031339820474386215,0.06736163794994354,0.0347161702811718,0.048315905034542084,-0.009986301884055138,-0.020691094920039177,-0.018081605434417725,0.020054377615451813,-0.008078652434051037,0.021746128797531128,0.009206190705299377,-0.042746271938085556,0.01739778183400631
  -0.06288312375545502,0.01323242299258709,0.012852651998400688,-0.030431315302848816,0.03712962567806244,-0.08463214337825775,0.06832344830036163,-0.0395355187356472,-0.05523558706045151,0.0356791727244854,-0.03769032657146454,-0.07323368638753891,0.013798416592180729,0.0625520870089531,-0.056308943778276443,-0.0033612677361816168,-0.05330666899681091,0.033746011555194855,0.03211904689669609,-0.0326569601893425,0.021368389949202538,0.007648589089512825,0.011999296955764294,-0.02336200699210167,-0.08274948596954346,0.0399036779999733,0.07903550565242767,-0.016109559684991837,-0.04764362797141075,-0.038804471492767334,0.09616325050592422,0.05361377075314522,0.11478281021118164,-0.09931299835443497,-0.009216302074491978,0.11765822023153305,0.0034278277307748795,-0.036753516644239426,0.04153236374258995,-0.02376413531601429,-0.05168239027261734,-0.03171739727258682,-0.02035481482744217,-0.03903580456972122,-0.09229633957147598,-0.01497539971023798,0.005510997027158737,-0.08323733508586884,0.0024651936255395412,-0.09074961394071579,0.10962696373462677,-0.0227375328540802,-0.054176654666662216,-0.030941108241677284,0.030618716031312943,-0.08741512894630432,0.009269806556403637,-0.048628874123096466,-0.09343894571065903,-0.09625224024057388,0.016047034412622452,-0.04758583754301071,-0.02366461418569088,0.04043848067522049,0.09805212169885635,0.009333310648798943,-0.01811317726969719,0.08078186213970184,-0.01619776524603367,-0.09574422985315323,-0.0690932497382164,-0.09249680489301682,-0.03007892705500126,-0.04837920516729355,-0.08880193531513214,0.03992069512605667,0.06363814324140549,0.030442455783486366,0.030468400567770004,0.02938602864742279,0.013686970807611942,-0.033420268446207047,-0.0252933818846941,0.0034831331577152014,0.02001839317381382,0.012174446135759354,-0.05193145573139191,-0.015963755548000336,0.017440827563405037,0.01630297116935253,0.035396791994571686,-0.0037960559129714966,0.0830845832824707,-0.03789696469902992,-0.01779537834227085,0.009252636693418026,0.025728292763233185,0.02035469189286232,0.04493250325322151,0.0218186154961586,-0.03519010916352272,0.04735461622476578,0.0259042177349329,-0.07246434688568115,0.049675386399030685,-0.0344189815223217,0.04882735013961792,0.03958545997738838,0.09621096402406693,-0.03831123188138008,-0.05299508944153786,-0.04056359827518463,0.0219096876680851,0.0821860209107399,0.07848116755485535,0.03235629200935364,0.08190928399562836,-0.06205489858984947,-0.014313066378235817,0.03066827729344368,-0.054523125290870667,-0.04180115461349487,-0.014055856503546238,-0.03774161636829376,-0.005569074302911758,0.031246967613697052,0.05103619396686554,-3.163627415493208e-33,-0.05220035836100578,-0.023065175861120224,0.01182149164378643,-0.06850764155387878,0.017026569694280624,-0.015826305374503136,0.050279222428798676,-0.03576131910085678,0.10429611057043076,-0.08801326155662537,0.005590265616774559,-0.017165111377835274,-0.009359804913401604,0.02949295938014984,0.04539186879992485,-0.044095322489738464,-0.006341014988720417,0.1182880625128746,0.031294070184230804,-0.04297260195016861,0.000145706842886284,0.02320883236825466,-0.038231853395700455,-0.028603609651327133,0.08779381215572357,-0.03977373614907265,0.06428288668394089,0.019679155200719833,0.03210924565792084,-0.02391629107296467,0.1354289948940277,0.06118858978152275,-0.05828355252742767,0.019039180129766464,-0.04817832633852959,0.007089908234775066,-0.10179878771305084,0.12372193485498428,-0.05538357049226761,-0.0441044420003891,-0.04983800649642944,0.012216438539326191,-0.006709489040076733,0.01643853634595871,0.03883129730820656,-0.05568551644682884,0.07562655210494995,0.03193138912320137,0.036302756518125534,0.03996838629245758,-0.05960560217499733,-0.018914569169282913,-0.04034578055143356,-0.0270414836704731,0.028239330276846886,-0.022303780540823936,0.05328626558184624,-0.09595374017953873,0.007204658817499876,-0.02352658472955227,-0.007626449689269066,0.11907665431499481,-0.07689319550991058,0.043903153389692307,0.1296013742685318,-0.030474087223410606,0.03979190066456795,0.04555584862828255,0.08893561363220215,0.04820135608315468,-0.04944581538438797,-0.02685285173356533,0.004819895140826702,0.07228603959083557,-0.04489685222506523,0.007293897680938244,-0.02521415986120701,-0.05003370717167854,-0.10469532757997513,0.03208665922284126,-0.0867113247513771,0.027890898287296295,-0.016967978328466415,-0.05587531998753548,0.041116826236248016,0.0039690653793513775,0.0062286886386573315,0.02133793942630291,0.051649972796440125,0.0030961567535996437,0.006345514208078384,0.02940620295703411,-0.03138846531510353,-0.004089038819074631,-0.019613971933722496,1.7119811563299484e-33,0.10615142434835434,0.026636486873030663,-0.03031032532453537,-0.030926413834095,0.010868349112570286,-0.039715927094221115,-0.038900844752788544,0.047078438103199005,0.012379193678498268,0.07000800222158432,-0.066532664000988,0.07658948749303818,0.06935011595487595,0.02214994467794895,0.025610489770770073,-0.0342886783182621,0.06568757444620132,-0.047578115016222,-0.07690203189849854,-0.06903917342424393,-0.00025758633273653686,0.0730978474020958,-0.006614538375288248,-0.03144296631217003,-0.09452252835035324,0.04414645954966545,0.02069583535194397,-0.04551931098103523,0.05444071814417839,-0.019354209303855896,-0.045039981603622437,0.025006456300616264,0.04996758699417114,0.06505422294139862,-0.023595355451107025,-0.05727631598711014,0.006550649646669626,0.05005732178688049,-0.015674181282520294,0.06579428911209106,0.015024368651211262,-0.07316599041223526,-0.0639657974243164,-0.001422707224264741,-0.06953834742307663,0.0035574929788708687,-0.030055753886699677,-0.02738599292933941,0.03904573991894722,-0.03876474127173424,0.030085047706961632,0.005792383104562759,-0.08438681811094284,-0.01864667795598507,0.028158854693174362,-0.0019190676975995302,0.06328439712524414,0.04596124216914177,-0.06898663938045502,-0.005941390059888363,0.08387784659862518,0.11460553109645844,0.055823422968387604,-0.006152780260890722,-0.054361432790756226,0.05028168112039566,0.025524593889713287,0.03946613892912865,-0.09528914839029312,0.005476693622767925,-0.02851056307554245,0.012280152179300785,-0.011750367470085621,-0.03487876430153847,-0.026583721861243248,-0.06188039109110832,-0.09321494400501251,0.030998125672340393,-0.02424360252916813,0.039306797087192535,0.024138471111655235,0.052886661142110825,-0.033807381987571716,0.04737577959895134,0.01660141348838806,-0.07997581362724304,-0.03831090033054352,-0.09107400476932526,-0.007977940142154694,0.05461079999804497,-0.011220033280551434,-0.03124307468533516,-0.00859494786709547,0.07656359672546387,0.048653680831193924,-1.4614876420182554e-08,-0.07459460943937302,-0.017335884273052216,0.05043403431773186,0.06025546044111252,-0.07228501886129379,-0.014803513884544373,0.04561373218894005,0.05505986139178276,0.040062230080366135,0.03963630646467209,0.008743083104491234,0.024996504187583923,-0.04241146147251129,0.06095355004072189,0.03401778265833855,-0.03300720080733299,-0.011500897817313671,-0.08682063966989517,-0.013764004223048687,-0.05673414468765259,-0.01023692637681961,-0.07416689395904541,-0.009347842074930668,-0.004024278372526169,0.07037177681922913,-0.019469337537884712,0.009361155331134796,0.09246131777763367,-0.006934056989848614,-0.014534330926835537,0.10284177213907242,0.06140653416514397,-0.045964088290929794,-0.013014099560678005,-0.04204154759645462,-0.05409352108836174,0.08239904046058655,-0.06754036247730255,-0.020328102633357048,0.03492281213402748,-0.05085601285099983,-0.021351991221308708,-0.0059574805200099945,-0.005653848871588707,0.052778370678424835,0.013025597669184208,0.001678975997492671,-0.01939799264073372,0.0002321455831406638,-0.06097634136676788,0.003477291902527213,-0.06510971486568451,0.05777424946427345,0.06900805234909058,0.07313325256109238,0.023395219817757607,0.037375759333372116,-0.017462801188230515,-0.004440264776349068,0.035801760852336884,0.11931009590625763,0.005863566417247057,0.08826552331447601,-0.035714197903871536
  -0.05828482285141945,0.013629013672471046,0.015572259202599525,0.012299232184886932,0.07604347914457321,-0.06413339823484421,0.08374002575874329,0.027903102338314056,-0.06460011750459671,0.0648173838853836,-0.011466903612017632,-0.05245063081383705,0.03793466091156006,0.0783899798989296,-0.04361022636294365,0.006572868674993515,-0.02139986678957939,0.002095553558319807,-0.0047754389233887196,0.033681720495224,0.0432676300406456,0.05927034467458725,0.045381274074316025,-0.0008705317741259933,-0.10215900838375092,0.06277309358119965,0.012762393802404404,0.0012741530081257224,0.03162352368235588,-0.05493311956524849,0.10175762325525284,0.04570144787430763,0.052192144095897675,-0.04381902143359184,0.0009711830061860383,0.0684724822640419,-0.0032192631624639034,-0.05628195405006409,0.042304348200559616,0.0140133798122406,-0.0662546381354332,-0.02097315900027752,-0.07337487488985062,-0.03459658473730087,-0.06926526874303818,-0.03776285797357559,0.023200400173664093,-0.1155552938580513,0.015564731322228909,-0.06114527955651283,0.14066945016384125,0.0007483881781809032,-0.06080492213368416,-0.017854275181889534,-0.0076185837388038635,-0.11134719103574753,0.044762469828128815,-0.05009812116622925,-0.09234683215618134,-0.055389028042554855,0.03368502855300903,-0.05701836943626404,-0.003732884069904685,0.007451356388628483,0.11203926056623459,0.03065880574285984,-0.031639277935028076,0.1054157093167305,-0.00939652044326067,-0.058010511100292206,-0.020621884614229202,-0.08760486543178558,-0.03203224763274193,0.014684386551380157,-0.05614637956023216,0.05907740816473961,0.0621507503092289,0.013386303558945656,0.0217299647629261,0.0054999045096337795,-0.015104152262210846,0.0020464248955249786,0.007777154911309481,0.007118519861251116,0.01300135999917984,0.03508844971656799,-0.08976884186267853,0.027556588873267174,0.0072489152662456036,-0.013414084911346436,0.02228437177836895,0.029035216197371483,0.10143829882144928,0.01079936046153307,-0.03553278371691704,0.00887100026011467,0.03094126284122467,0.03972310572862625,0.05603939667344093,0.008635496720671654,-0.0114541444927454,0.054087307304143906,-0.05799228698015213,-0.06351734697818756,-0.034295570105314255,-0.08830306679010391,-0.00027496411348693073,0.030815405771136284,0.04068101942539215,0.0031758153345435858,-0.029335441067814827,-0.01865888386964798,-0.020562604069709778,0.04088317230343819,0.0040957932360470295,0.049874864518642426,0.023360099643468857,-0.040969204157590866,-0.03730218484997749,-0.03417988866567612,-0.025398999452590942,-0.02771916426718235,0.050244417041540146,0.007329585496336222,-0.022102877497673035,-0.051150429993867874,0.06420844048261642,-2.171438000699217e-33,-0.06681030243635178,0.013460357673466206,0.03579961508512497,-0.03209381178021431,0.022558119148015976,-0.009437162429094315,0.04183315858244896,-0.03507385030388832,0.0782814770936966,-0.027118396013975143,0.006463949102908373,0.018350690603256226,-0.05221119523048401,-0.007481249514967203,0.04413731023669243,-0.04850003868341446,-0.0039833360351622105,0.10089651495218277,0.016804173588752747,-0.09116680920124054,-0.06578797101974487,-0.029021836817264557,0.010904104448854923,0.026877401396632195,0.09789551049470901,0.05057372525334358,0.03497008979320526,0.03904467448592186,-0.016194084659218788,-0.025055475533008575,0.12316691875457764,0.06318264454603195,-0.03448587656021118,-0.012377224862575531,-0.010942734777927399,0.03180951997637749,-0.16108042001724243,0.10773444175720215,-0.07797330617904663,-0.055054567754268646,-0.05241208150982857,-0.030610067769885063,0.057347387075424194,0.06945741176605225,0.047569263726472855,-0.042242277413606644,0.05795617401599884,0.038652826100587845,0.021213535219430923,-0.037992142140865326,-0.07173788547515869,0.0031478083692491055,-0.014631444588303566,-0.05030105262994766,0.010069306939840317,-0.0035145520232617855,0.08516848087310791,-0.13363447785377502,0.0028091808781027794,-0.011728741228580475,0.031480588018894196,0.12317575514316559,-0.07939399778842926,0.0588398352265358,0.08781064301729202,-0.07364000380039215,0.04449128359556198,0.012038388289511204,0.06872927397489548,-0.013773993588984013,0.0138858612626791,-0.004168754443526268,0.027475029230117798,0.06323535740375519,-0.03578578308224678,0.01826276071369648,-0.024909907951951027,-0.04320814460515976,-0.07080035656690598,-0.010165099054574966,-0.12354092299938202,0.02301948517560959,-0.03375272825360298,-0.06658554822206497,-0.01794889196753502,-0.03563830628991127,0.04713277146220207,0.02990579977631569,0.010403517633676529,0.05867128446698189,0.001410603174008429,-0.009006823413074017,0.0034670585300773382,0.0033675748854875565,-0.026133164763450623,1.605713160937752e-33,0.09752500802278519,0.011272843927145004,-0.023557035252451897,-0.010598115622997284,0.02519548498094082,-0.07611729949712753,-0.05715816468000412,-0.0008060919353738427,0.027141816914081573,0.07379799336194992,-0.03849133849143982,0.06782975047826767,0.07824424654245377,0.0053605507127940655,0.02257869392633438,-0.005877046845853329,0.060267962515354156,-0.01072350237518549,-0.08638205379247665,-0.10857696086168289,-0.03175016865134239,0.01241774670779705,-0.03211737051606178,-0.028016207739710808,-0.1514054834842682,0.04004727676510811,0.013670630753040314,-0.08693664520978928,0.046163152903318405,-0.005630211438983679,-0.01166899036616087,0.04395931586623192,0.01901797577738762,0.056728463619947433,-0.02374265156686306,-0.12089133262634277,0.04707903414964676,0.03514215350151062,-0.002912275493144989,-0.03991611301898956,0.010314754210412502,0.011506738141179085,-0.04442112520337105,0.016115978360176086,-0.09047848731279373,-0.020398441702127457,-0.046214256435632706,-0.05784893035888672,0.03987232968211174,-0.05025574937462807,0.08794716000556946,-0.004768420476466417,-0.06698717921972275,-0.07784212380647659,0.06148167699575424,0.04964173957705498,-0.02647550031542778,0.016951141878962517,-0.06176989898085594,0.027518685907125473,0.08993034809827805,0.11668965965509415,0.019942667335271835,0.024747289717197418,-0.053118009120225906,0.01954026147723198,-0.030497906729578972,0.008298888802528381,-0.0636637955904007,0.010136336088180542,-0.016382314264774323,0.056395575404167175,-0.018413569778203964,-0.05583581328392029,-0.02824455127120018,-0.1179114580154419,-0.06208115443587303,0.0357467383146286,-0.012667863629758358,-0.009840401820838451,0.05339189991354942,0.024815330281853676,-0.07192947715520859,0.07203087955713272,0.02028101682662964,-0.04875199496746063,-0.026429936289787292,-0.026590263471007347,-0.010111394338309765,0.034464817494153976,-0.04086175560951233,0.007363030221313238,0.001574440859258175,0.0977250263094902,-0.006071542855352163,-1.511493685768528e-08,-0.05849062651395798,0.021676739677786827,0.03182123973965645,0.019644437357783318,-0.058491192758083344,-0.01447165198624134,0.045696765184402466,0.053496986627578735,0.02156796306371689,0.04152076691389084,0.006964585743844509,-0.043097153306007385,-0.016759125515818596,0.05787913128733635,0.019813697785139084,-0.04121376574039459,0.009196043945848942,-0.04329928010702133,-0.011181546375155449,-0.04982038587331772,0.022276388481259346,-0.05629448965191841,0.05183219909667969,0.019387466832995415,0.07756748050451279,-0.023947594687342644,0.016198590397834778,0.09585431218147278,0.060037415474653244,0.061350006610155106,0.07354864478111267,0.04369046166539192,-0.05279187485575676,0.033311016857624054,-0.04223604127764702,-0.06621409952640533,0.05875932052731514,-0.04583568498492241,-0.01322883553802967,0.08419269323348999,-0.041699107736349106,-0.00963327381759882,-0.014079255983233452,0.05136467516422272,0.04887785390019417,-0.03314599767327309,-0.062149789184331894,0.04086419194936752,-0.01350708119571209,-0.043417204171419144,-0.007107865996658802,-0.10088438540697098,0.043869748711586,0.07401739805936813,0.05954447016119957,0.027406418696045876,0.052914608269929886,0.011181343346834183,0.027971498668193817,0.022362494841217995,0.07233516871929169,-0.03584390878677368,0.07441547513008118,-0.004335538484156132
  -0.08272594213485718,0.07086902856826782,0.09731858223676682,0.00912661012262106,0.10238689929246902,-0.013390637934207916,0.028012102469801903,0.004533860366791487,-0.024642322212457657,0.03203615918755531,-0.011677457951009274,-0.12173932790756226,-0.03708663210272789,0.043538015335798264,0.00308216642588377,0.0475054606795311,-0.05430859699845314,0.06195078417658806,-0.06328626722097397,0.028957584872841835,-0.021627869457006454,0.04025774076581001,0.01479995995759964,0.01981051079928875,-0.10410571098327637,0.00444421311840415,-0.04867129027843475,0.06482444703578949,0.0009992739651352167,-0.01582365669310093,0.026845423504710197,0.13961254060268402,0.07846446335315704,-0.018763134256005287,-0.03230993449687958,0.05812542140483856,0.06113862246274948,-0.014200376346707344,-0.015088687650859356,0.010330941528081894,-0.04689466580748558,-0.04658936709165573,0.00946715846657753,-0.02690011076629162,-0.041363026946783066,-0.09411250799894333,0.0159256923943758,-0.02394956350326538,-0.02050831913948059,-0.041048306971788406,0.038880761712789536,-0.008772535249590874,-0.05372949317097664,-0.062348660081624985,0.009296447969973087,-0.07234029471874237,-0.009541654027998447,-0.057182516902685165,0.0011738537577912211,-0.024552298709750175,0.0754641592502594,-0.02366073988378048,-0.04520784318447113,0.02878454513847828,0.08000487089157104,-0.010583462193608284,-0.08733232319355011,0.04346036911010742,-0.017376696690917015,-0.0199765432626009,0.009251918643712997,-0.033389464020729065,-0.0401361808180809,-0.12442619353532791,-0.03735394775867462,-0.003521593753248453,-0.0197380892932415,0.044604819267988205,0.09250613301992416,-0.009690269827842712,0.09173968434333801,-0.05159033462405205,-0.06351761519908905,-0.018589576706290245,0.03390180692076683,0.004102649167180061,0.04402884468436241,-0.02093101292848587,-0.01355244405567646,0.04901210218667984,0.06898931413888931,-0.10846323519945145,0.1147637739777565,0.026037627831101418,-0.10029251128435135,0.036509253084659576,-0.0055812387727200985,-0.11757615208625793,0.04424373432993889,0.044774532318115234,0.008682072162628174,0.013074226677417755,-0.05873454734683037,-0.05704425647854805,-0.0007607220904901624,-0.0011191923404112458,-0.011741610243916512,-0.008224175311625004,0.03563792631030083,0.03900674358010292,-0.05237499624490738,0.016507700085639954,0.018550587818026543,0.07009302824735641,0.020425738766789436,-0.026504071429371834,0.14389221370220184,-0.09567525237798691,0.014637953601777554,-0.03061225451529026,0.005920570809394121,-0.07721832394599915,0.0021878110710531473,0.019003309309482574,0.033728767186403275,-0.016596060246229172,-0.0463542677462101,-3.243452665463657e-33,-0.037097007036209106,-0.08655161410570145,-0.03735368326306343,-0.06115569919347763,0.05499035492539406,5.871892426512204e-05,-0.025263408198952675,-0.02609771303832531,0.016922149807214737,-0.057427722960710526,-0.018940633162856102,0.05380231514573097,0.03830655664205551,0.03746936842799187,0.09542589634656906,-0.011680183000862598,-0.05531495064496994,0.10160494595766068,0.027126416563987732,0.004302388988435268,-0.08320381492376328,-0.05034702643752098,-0.04504288360476494,0.1174880713224411,0.07828619331121445,-0.06382974982261658,0.0699644461274147,0.00501664774492383,-0.029166705906391144,-0.016980363056063652,0.12013687938451767,-0.05857367813587189,-0.03923081234097481,-0.03522074222564697,0.059228263795375824,0.02986670471727848,-0.02267291210591793,0.0725359320640564,-0.04663442075252533,0.03196154162287712,-0.06294973939657211,0.014153242111206055,0.0031211241148412228,-0.023552915081381798,0.03882281482219696,-0.0479544922709465,0.09960909932851791,0.054431237280368805,-0.032566145062446594,-0.012466170825064182,-0.06716421991586685,0.02246459387242794,-0.015656694769859314,-0.02836773544549942,-0.010320236906409264,-0.012253748252987862,0.06207315996289253,-0.07108174264431,-0.03104240633547306,-0.015294008888304234,-0.004163697827607393,0.031340572983026505,0.03202967718243599,-0.03539446368813515,0.21684888005256653,0.018848232924938202,0.09736170619726181,0.06953226774930954,-0.0596102736890316,0.04666640982031822,-0.01953848823904991,-0.04181550443172455,0.02660677768290043,-5.574913666350767e-05,-0.03947463259100914,-0.003233421826735139,-0.07022052258253098,-0.019494162872433662,-0.03900500014424324,0.10125468671321869,-0.042751289904117584,0.06729400902986526,0.022528037428855896,-0.07588116079568863,0.004016784485429525,0.006375791970640421,0.002726915990933776,-0.053588397800922394,0.057765912264585495,-0.015597334131598473,-0.004109798464924097,0.018828371539711952,0.02847215160727501,-0.027602970600128174,-0.0167581494897604,1.939708942230781e-33,-0.017886685207486153,0.0807010680437088,-0.009794892743229866,-0.07474393397569656,-0.034873634576797485,-0.08914472907781601,-0.00023293036792892963,0.032538507133722305,-0.000100234683486633,-0.07159025967121124,-0.0588851124048233,0.12388791143894196,0.07740195840597153,0.036555010825395584,0.04590724781155586,-0.06366074085235596,0.02362765558063984,0.01826670579612255,-0.022400561720132828,-0.033935703337192535,-0.031970005482435226,-0.05087790638208389,0.026256799697875977,0.031059369444847107,-0.08754201233386993,0.0540817491710186,-0.0084079559892416,-0.020108208060264587,0.04815763980150223,-0.02091878466308117,-0.014745851047337055,0.02709317021071911,0.0357789508998394,0.06505277752876282,-0.011837349273264408,0.03714023157954216,0.030588623136281967,-0.08623158186674118,-0.029018666595220566,0.0032878995407372713,0.07195915281772614,-0.04245094209909439,0.045011378824710846,-0.031564194709062576,0.013085420243442059,0.01844516023993492,-0.03215496987104416,0.04469021409749985,0.05569315329194069,-0.013757542707026005,0.10543744266033173,0.03456791862845421,-0.0800609141588211,0.0043115513399243355,0.07027731090784073,-0.026227520778775215,0.1362818032503128,0.003106163814663887,-0.017642566934227943,0.010402372106909752,-0.0038601988926529884,0.10173507779836655,-0.006051879841834307,0.021409932523965836,-0.06239532306790352,-0.017526302486658096,-0.038184065371751785,0.00010412168194307014,-0.041989363729953766,-0.03630723059177399,-0.03802692890167236,0.04685185104608536,-0.026285454630851746,-0.10064461082220078,-0.05544286593794823,-0.014351099729537964,-0.010577602311968803,0.042869482189416885,-0.038557764142751694,0.03759048879146576,-0.022530438378453255,0.03262224420905113,0.014291908591985703,-0.06121606379747391,-0.030382422730326653,-0.0399419330060482,-0.07718516141176224,-0.09466054290533066,0.003183386754244566,0.11246780306100845,-0.07059720158576965,0.042393192648887634,-0.08602102845907211,0.06092749163508415,-0.006304687820374966,-1.3487523986555061e-08,-0.0012427292531356215,0.003438831539824605,0.030816402286291122,0.052208516746759415,-0.041994791477918625,-0.06912332028150558,0.05884500592947006,0.042123422026634216,0.008912816643714905,0.061917491257190704,-0.01203908957540989,0.03460100665688515,0.08407264947891235,0.09331046044826508,0.028000619262456894,-0.04470134526491165,0.06420158594846725,-0.08478588610887527,-0.05989307165145874,0.0049390955828130245,0.018419604748487473,-0.01940060406923294,0.031239688396453857,0.02781321480870247,0.03098398447036743,-0.06470845639705658,-0.030831579118967056,0.03910047933459282,0.020146284252405167,0.006354781799018383,0.04143928736448288,0.07718150317668915,-0.019820643588900566,0.018112335354089737,-0.0009263157844543457,-0.08613768965005875,-0.06299775093793869,0.016372274607419968,0.024364201352000237,0.04481767490506172,-0.021179180592298508,0.03623434901237488,-0.031878549605607986,0.005992046091705561,0.004230240359902382,-0.038536254316568375,-0.03621834143996239,0.005846990738064051,0.012660804204642773,0.004956260789185762,-0.0022694654762744904,-0.06633993983268738,0.02353867143392563,0.02241262048482895,0.03786096349358559,-0.04195393994450569,0.029978854581713676,-3.0080786018515937e-05,0.013150706887245178,0.037489619106054306,0.03848513588309288,-0.05086594820022583,0.008694145828485489,-0.01010497659444809
  -0.02209211140871048,0.03129890561103821,-0.1095164567232132,0.054225124418735504,0.013291815295815468,0.09558975696563721,0.018526216968894005,-0.06434675306081772,-0.0568549744784832,0.01066596806049347,0.09107032418251038,-0.014175488613545895,-0.03601418435573578,0.006661336403340101,0.03884366527199745,0.009238526225090027,-0.013782212510704994,0.0075064715929329395,0.02537686377763748,0.02161589451134205,-0.0918947234749794,-0.05247070640325546,-0.02212345600128174,0.004599185660481453,0.006778054405003786,-0.009635941125452518,0.05211591720581055,-0.03917832672595978,0.045615267008543015,0.0224577859044075,0.05099235102534294,-0.08428492397069931,0.11090831458568573,0.019877158105373383,0.003904595272615552,0.02597089856863022,0.050779495388269424,0.0027876223903149366,0.01969333365559578,-0.033856350928545,0.0001517179043730721,-0.09596511721611023,-0.008116469718515873,-0.07299642264842987,0.014393605291843414,0.019401052966713905,0.080442875623703,-0.021551040932536125,-0.12018492072820663,-0.06842462718486786,-0.01390648540109396,-0.025034934282302856,-0.03405386582016945,0.05381402373313904,-0.03742528706789017,0.0035431578289717436,-0.011585675179958344,0.010897913947701454,-0.01590062864124775,-0.010372607037425041,-0.02495761774480343,-0.0524006225168705,-0.026582196354866028,0.027937470003962517,0.09866112470626831,-0.012722290121018887,-0.05255161598324776,0.07064368575811386,-0.008711203932762146,0.012050441466271877,0.021333642303943634,-0.006386433262377977,-0.01603887975215912,-0.03518562763929367,0.0010700344573706388,-0.04905490577220917,-0.008526148274540901,-0.05192074179649353,0.040852513164281845,-0.0507194809615612,0.08702057600021362,-0.02391209453344345,-0.06055445596575737,0.0737563744187355,-0.07662427425384521,0.06236260384321213,-0.01766028068959713,-0.03023196943104267,0.023148048669099808,0.030400125309824944,-0.018005870282649994,0.0865374207496643,0.03816547617316246,-0.07657833397388458,-0.0907440334558487,-0.015092529356479645,0.012768072076141834,0.03809008374810219,-0.06220608204603195,0.030591027811169624,-0.039200421422719955,-0.06305976212024689,0.00037205868284218013,-0.08956264704465866,0.09837744385004044,0.02137116529047489,-0.028530769050121307,0.003901759395375848,-0.011792866513133049,0.09147263318300247,-0.08286555856466293,-0.0008102324791252613,-0.12439921498298645,0.07777365297079086,0.10474634170532227,-0.058375582098960876,0.02822539210319519,0.06830008327960968,0.0600283145904541,-0.08182886242866516,-0.020685721188783646,0.01952018402516842,-0.025302931666374207,-0.02338387258350849,0.05034627392888069,-0.06903670728206635,-0.12283200025558472,-2.6191059224266844e-33,-0.021148163825273514,-0.0011221029562875628,-0.019564945250749588,0.031935546547174454,-0.006290511693805456,0.003981293644756079,-0.059106770902872086,-0.053809430450201035,-0.004912711214274168,0.046175822615623474,0.07174251973628998,-0.005433245096355677,0.08685363829135895,-0.041145406663417816,-0.0021180324256420135,-0.0035743589978665113,-0.03603092581033707,0.009766865521669388,0.015402519144117832,0.08835478127002716,0.08005158603191376,0.04641814902424812,-0.05027454346418381,0.054459258913993835,-0.026053309440612793,-0.02090458944439888,-0.006521233823150396,-0.06584842503070831,0.07148141413927078,0.005173161625862122,0.006428443361073732,0.14655348658561707,-0.001919707516208291,-0.0860276073217392,0.1478424072265625,0.01672009378671646,0.0053804609924554825,-0.008679674006998539,0.02238300070166588,-0.05848730355501175,-0.05871722474694252,0.019835665822029114,0.041786570101976395,-0.042084258049726486,0.0973714292049408,0.035802315920591354,0.03942335397005081,0.02038676291704178,0.012267276644706726,0.07149283587932587,-0.021616997197270393,0.020279310643672943,-0.07994439452886581,0.04907190427184105,-0.013725798577070236,-0.01532465498894453,-0.025367794558405876,0.1306910663843155,0.007581526879221201,-0.051351338624954224,0.036477480083703995,-0.04571624472737312,0.08873854577541351,-0.0006439793505705893,0.045714814215898514,0.036401744931936264,0.0262527484446764,-0.023337092250585556,0.044558074325323105,-0.05078009516000748,0.04248369112610817,0.05932982638478279,-0.057567525655031204,0.0309944786131382,-0.09091414511203766,0.048090603202581406,-0.05292178690433502,0.06315797567367554,-0.0232334416359663,0.020591476932168007,-0.06862717121839523,0.01876516453921795,0.003253358881920576,-0.03226378187537193,0.05396408587694168,-0.04027172550559044,-0.006567450240254402,-0.01139848679304123,0.07556119561195374,-0.03635049983859062,0.030554765835404396,-0.020978549495339394,-0.005423294380307198,0.0745745599269867,-0.07441159337759018,1.3308894693777129e-33,-0.01682478003203869,-0.1076975166797638,-0.016749538481235504,0.011123680509626865,0.062309425324201584,-0.02390965260565281,-0.02395790070295334,-0.00895014125853777,-0.0012941515306010842,0.07907003909349442,0.03939543664455414,-0.11428486555814743,0.010275198146700859,0.10128168761730194,0.03470247611403465,-0.0337316133081913,0.0756111890077591,-0.02403303235769272,0.022405732423067093,-0.0360775850713253,0.0034396143164485693,0.002524833893403411,0.016479192301630974,0.14245431125164032,0.0818784236907959,-0.008161664940416813,-0.07772629708051682,-0.06657981872558594,0.0024345514830201864,0.004443359095603228,-0.043775781989097595,0.047678783535957336,-0.01659855619072914,0.004188464023172855,-0.04635126143693924,-0.09058582037687302,0.008576901629567146,-0.047172799706459045,0.05376333370804787,-0.011418652720749378,0.07075559347867966,0.027240348979830742,-0.048131003975868225,0.03340289369225502,-0.016713330522179604,0.05064866319298744,0.03928302228450775,-0.03475255146622658,-0.03257147595286369,-0.041414909064769745,0.036994464695453644,-0.03342544659972191,0.007725773379206657,-0.005447194911539555,0.0071636163629591465,0.006695340387523174,0.07502022385597229,-0.037136901170015335,-0.01592501811683178,-0.02415044791996479,0.0779367983341217,0.0734383836388588,-0.11681386083364487,0.09053731709718704,-0.03263586014509201,-0.0373728983104229,0.012503731995821,-0.10271641612052917,-0.041164498776197433,-0.003913328982889652,0.04376095533370972,-0.03677661344408989,-0.06337503343820572,-0.05105080455541611,-0.04798024147748947,0.014563977718353271,0.07905354350805283,0.028526801615953445,0.011995133012533188,-0.09885860979557037,-0.049067120999097824,-0.03808891773223877,0.012899104505777359,-0.07282588630914688,0.036322932690382004,0.1201019361615181,-0.017547577619552612,-0.059214990586042404,-0.0031338147819042206,0.0005572087247855961,-0.06387366354465485,-0.036568522453308105,0.030838921666145325,0.05437715724110603,0.004247565753757954,-1.5811458808911993e-08,-0.0022898379247635603,0.015971843153238297,-0.04912876710295677,0.050342801958322525,-0.028346510604023933,0.07798482477664948,-0.057846155017614365,-0.03582041338086128,-0.030674226582050323,0.13392387330532074,-0.10113395750522614,0.02535298466682434,-0.03830454871058464,0.056904930621385574,-0.047109927982091904,-0.03671650588512421,-0.0016965462127700448,-0.034272994846105576,0.0077617475762963295,-0.010352152399718761,0.05145782604813576,-0.023416690528392792,-0.05224743112921715,-0.0040405308827757835,0.0413285531103611,0.002897311234846711,-0.07309788465499878,0.0012841536663472652,0.019799871370196342,-0.023467762395739555,0.02030017226934433,-0.0006680376245640218,-0.038494471460580826,-0.06384743005037308,0.05131087452173233,-0.008362864144146442,0.0015874292002990842,0.01844084821641445,0.055092815309762955,-0.0028392260428518057,0.013567538000643253,0.09666091948747635,0.05463973805308342,-0.04081028327345848,0.047315120697021484,0.04400193691253662,-0.0004778883885592222,0.02294897846877575,-0.02098652347922325,-0.06075551360845566,-0.051264822483062744,-0.053964365273714066,0.00020308476814534515,-0.0559130497276783,0.044112153351306915,0.013298289850354195,0.10400161892175674,0.10498740524053574,-0.011566231958568096,-0.0030874013900756836,0.020445777103304863,-0.012306394055485725,-0.010307421907782555,-0.03984616696834564
  --0.016724657267332077,-0.0010556643828749657,-0.045065660029649734,0.03833874315023422,0.03600552678108215,0.0442846454679966,0.08085238933563232,-0.022131530568003654,-0.01332064438611269,-0.04313197731971741,0.10878097265958786,0.05598461627960205,0.022356363013386726,-0.06442222744226456,0.02809787355363369,-0.053802404552698135,0.008244330994784832,-0.012641504406929016,-0.010822122916579247,0.021737681701779366,-0.13036078214645386,-0.058063726872205734,-0.04270398989319801,0.03416900336742401,0.05335996672511101,-0.0323074534535408,0.07054951041936874,0.010086259804666042,-0.016581518575549126,0.038874927908182144,0.058530282229185104,-0.012036208994686604,0.11546365916728973,-0.01398689765483141,-0.009287362918257713,-0.04343215376138687,-0.0460127554833889,0.023872211575508118,0.036713507026433945,0.01700887642800808,-0.01086374931037426,-0.11349844932556152,-0.061254702508449554,-0.010340751148760319,0.043857526034116745,-0.0014782653888687491,0.0386219285428524,0.03285510838031769,-0.07629963010549545,0.036603037267923355,-0.0896776020526886,-0.06653120368719101,-0.05317244306206703,0.03376074135303497,-0.05833250656723976,0.01943623088300228,-0.009311079978942871,-0.037939976900815964,-0.0725293904542923,0.0674392357468605,-0.02945800870656967,-0.11682524532079697,0.027553480118513107,0.05229262635111809,0.10566997528076172,0.08321835100650787,-0.07279188185930252,0.0541834682226181,-0.020293038338422775,-0.023124637082219124,0.07218027859926224,-0.0009238144266419113,-0.020441275089979172,0.0035920608788728714,-0.004254173021763563,-0.011412078514695168,-0.02579570561647415,0.005098208785057068,0.04114122316241264,0.002271609380841255,0.007376008201390505,-0.07107912749052048,-0.05894535407423973,0.056429166346788406,-0.0808139443397522,0.026527121663093567,0.003737594000995159,-0.059200435876846313,-0.01657046377658844,0.048745740205049515,-0.003972149454057217,0.06216716021299362,-0.023544393479824066,-0.06350847333669662,-0.13324889540672302,-0.04159754514694214,-0.03764604032039642,-0.025255125015974045,-0.014899661764502525,0.025744328275322914,-0.0625867173075676,0.04137420281767845,0.047795649617910385,0.007323540281504393,0.032621078193187714,0.07126595079898834,0.023150479421019554,0.0017963671125471592,0.08001142740249634,0.09629245847463608,-0.07271520793437958,-0.004926864989101887,-0.08925876021385193,-0.018793845549225807,0.05573449283838272,-0.03932084143161774,-0.016778673976659775,0.05070241168141365,0.08419016003608704,-9.748242882778868e-05,-0.029786143451929092,0.0878821462392807,0.011277261190116405,-0.022974630817770958,-0.055371206253767014,0.002384870545938611,-0.057840362191200256,-1.388313745947824e-33,-0.018122881650924683,0.11091721057891846,0.011279487051069736,0.03634457290172577,-0.0161502193659544,0.05745701119303703,-0.05126741901040077,-0.048679716885089874,-0.04243885353207588,0.06442372500896454,0.03938800096511841,0.02820158191025257,0.08552797138690948,-0.003950577229261398,0.025390107184648514,0.05086638778448105,-0.036869339644908905,0.018426239490509033,0.04887385666370392,0.020665697753429413,0.1073707863688469,-0.012537119910120964,-0.06951097398996353,0.030352702364325523,0.015078588388860226,-0.032979052513837814,0.08657806366682053,0.0030443337745964527,0.058586589992046356,0.029415830969810486,0.05034663900732994,0.1331779807806015,0.0007335944101214409,0.006866426207125187,0.15205766260623932,0.04557337984442711,-0.03819930925965309,-0.03484918922185898,0.038977909833192825,0.011635571718215942,0.0020889202132821083,0.01959347166121006,0.044287241995334625,-0.030631767585873604,-0.08106708526611328,0.13234643638134003,0.019888371229171753,0.023777812719345093,-0.0024480002466589212,0.01664596237242222,-0.008004529401659966,0.03796786814928055,-0.08490844070911407,0.11651664972305298,-0.04149538278579712,-0.013186662457883358,-0.012011312879621983,-0.016741592437028885,0.021339142695069313,-0.05700959637761116,0.0582965612411499,-0.05868753045797348,0.06354056298732758,-0.07640129327774048,-0.05832161381840706,0.07169024646282196,-0.006139647215604782,-0.06839743256568909,0.04711680859327316,-0.01282877940684557,0.04317191615700722,0.05695309489965439,-0.04479237645864487,-0.014571062289178371,-0.06696218252182007,-0.00643244618549943,-0.06443304568529129,0.09683902561664581,0.0047013117000460625,0.021310459822416306,-0.003245505504310131,-0.024448977783322334,0.011730811558663845,0.040001627057790756,0.010453669354319572,0.0026849510613828897,0.0640995055437088,0.012887858785688877,-0.009059987030923367,0.05587064474821091,0.04420969635248184,0.024764982983469963,-0.0013884486397728324,0.1467866599559784,-0.12176357954740524,1.3743137919005229e-33,-0.13879960775375366,-0.06804873049259186,-0.014113548211753368,-0.029876016080379486,-0.002461516298353672,-0.05243927240371704,-0.04181903600692749,0.004124377388507128,0.026928626000881195,0.09236736595630646,0.0019883746281266212,-0.04724700003862381,-0.05326736345887184,-0.018330613151192665,0.03525350242853165,0.06232498958706856,0.08946511149406433,-0.028122056275606155,-0.010205849073827267,-0.06889146566390991,0.012320741079747677,-0.04786725342273712,-0.007382245268672705,0.09965705126523972,0.10577111691236496,0.010428894311189651,-0.10564661771059036,-0.005318207200616598,0.03310815244913101,-0.024225439876317978,-0.04481993988156319,-0.003318025963380933,-0.0020692585967481136,-0.00842447392642498,-0.08756451308727264,-0.02099425159394741,-0.06116604059934616,0.012639772146940231,0.0871746614575386,0.011415239423513412,0.060231197625398636,-0.008424313738942146,-0.05228276178240776,0.043205421417951584,-0.00542800547555089,-0.009028483182191849,0.035994693636894226,-0.06787680834531784,-0.013631914742290974,0.014361067675054073,0.001052853767760098,-0.02258218266069889,0.055495381355285645,0.010468730702996254,-0.09686975181102753,0.03411047160625458,0.12483913451433182,0.011964775621891022,-0.03682522475719452,-0.054026976227760315,0.12759637832641602,0.09356190264225006,-0.08110883086919785,0.038474343717098236,-0.024502353742718697,-0.11698469519615173,0.015782995149493217,-0.056506868451833725,-0.011332157999277115,-0.048092056065797806,-0.02893419936299324,-0.07375296950340271,-0.05988252907991409,-0.013933354988694191,0.0053100502118468285,-0.02160373516380787,-0.004337549675256014,-0.030148399993777275,-0.041374415159225464,-0.034959036856889725,0.009719901718199253,0.030219197273254395,0.049489520490169525,-0.050712116062641144,0.06019752845168114,-0.03628072515130043,0.05102817341685295,-0.07380986958742142,-0.05488734319806099,-0.03703146055340767,0.002533599501475692,-0.012197999283671379,-0.07933764904737473,0.016942497342824936,-0.005593246780335903,-1.1695314050541583e-08,-0.0257737934589386,-0.042324673384428024,0.041734762489795685,0.05873734876513481,0.03694870322942734,-0.000268317962763831,0.02394787222146988,0.034068990498781204,-0.06377501785755157,0.05700911581516266,-0.05917445942759514,0.03286560997366905,-0.10043454170227051,0.07417057454586029,0.0002893482451327145,-0.03167140483856201,-0.047130826860666275,-0.06336812674999237,-0.016102241352200508,0.05083850771188736,-0.03375943750143051,0.041740454733371735,-0.07031703740358353,-0.04175408184528351,0.016618898138403893,0.010222310200333595,-0.01869386062026024,0.03518306836485863,0.03909609839320183,-0.003866974264383316,0.008300469256937504,-0.025892946869134903,0.03375910222530365,-0.055698294192552567,-0.020962780341506004,0.08611571788787842,-0.00749075086787343,-0.024200359359383583,-0.01327220257371664,0.03510845825076103,0.006127503234893084,0.0503663495182991,0.04871843382716179,0.01157828327268362,0.016560791060328484,0.005049511790275574,-0.017810624092817307,-0.05350968986749649,0.016258664429187775,-0.010788065381348133,0.007182144559919834,-0.048374202102422714,0.03354264795780182,0.024272371083498,-0.01510191336274147,-0.011203167028725147,0.052949484437704086,0.07922123372554779,-0.010385286062955856,-0.004375781863927841,0.0024972683750092983,0.013126226142048836,-0.026902876794338226,0.0033745253458619118
  -0.012823657132685184,0.021967003121972084,-0.10454592108726501,0.021084202453494072,0.019569789990782738,0.09196961671113968,0.040385160595178604,-0.00682862987741828,-0.023004334419965744,0.0003711482568178326,0.04030313715338707,0.03374234214425087,0.058616720139980316,-0.04415852203965187,-0.023327268660068512,0.0032085163984447718,0.016291918233036995,0.048378393054008484,0.04083617404103279,0.06098102405667305,-0.07126651704311371,-0.05267498269677162,-0.062152981758117676,-0.014337955974042416,0.1117125004529953,0.013220725581049919,0.04318017512559891,0.010225718840956688,-0.013524366542696953,0.029887396842241287,0.03804882615804672,-0.06857296079397202,0.09450889378786087,0.040976379066705704,-0.05082773417234421,-0.06299081444740295,0.028439292684197426,0.06461746990680695,-0.01234483439475298,0.019470997154712677,-0.022203126922249794,-0.040221963077783585,-0.02844580076634884,-0.01115291565656662,-0.04091227427124977,-0.03311804309487343,0.0028883779887109995,-0.019137516617774963,-0.06290097534656525,0.07684125006198883,-0.0680856704711914,-0.05733855441212654,0.010956893675029278,0.15279291570186615,-0.07607761025428772,0.018441181629896164,0.010531683452427387,0.0022282481659203768,-0.08773645758628845,0.057862840592861176,-0.029690401628613472,-0.07174535095691681,0.02677731402218342,0.027661165222525597,0.13081462681293488,0.036096520721912384,-0.0339500717818737,0.0520421527326107,-0.032658398151397705,-0.003516426309943199,0.019511105492711067,-0.056082576513290405,-0.10024524480104446,-0.007040323223918676,-0.056887365877628326,-0.07805691659450531,-0.08623778074979782,0.008347846567630768,0.0583861768245697,-0.010418434627354145,0.011789567768573761,-0.04148251935839653,-0.06541047245264053,0.10798908025026321,-0.03290015459060669,0.020563701167702675,-0.035200249403715134,-0.04842762276530266,-0.00869333278387785,0.05834285169839859,0.01941823959350586,0.07634076476097107,0.010015156120061874,0.0027955679688602686,-0.10935939848423004,-0.055447764694690704,-0.06870050728321075,0.024128379300236702,-0.02742644026875496,-0.0058226874098181725,-0.06317732483148575,0.020406238734722137,0.00512812240049243,-0.03549904003739357,0.01726124808192253,0.027454309165477753,0.02559455670416355,-0.05766841024160385,0.029611948877573013,0.015572498552501202,-0.014795845374464989,0.048371002078056335,-0.057502105832099915,0.006355969235301018,0.00030764559051021934,-0.007941891439259052,-0.07657447457313538,0.048080943524837494,0.006676936987787485,0.026155561208724976,0.08533690124750137,0.08866315335035324,-0.005763586610555649,0.003273432143032551,-0.07156376540660858,-0.062410447746515274,-0.08903142809867859,-4.838860047022559e-34,0.02809654176235199,0.059670016169548035,0.03686843439936638,0.010492839850485325,-0.030555864796042442,-0.009494134224951267,-0.025074463337659836,-0.07290362566709518,-0.0479036346077919,0.05344222113490105,-0.03916880115866661,0.037484537810087204,0.03620424494147301,-0.019760962575674057,0.07649163156747818,0.008427638560533524,-0.03236685320734978,0.03576644882559776,0.09419339150190353,0.0459766760468483,0.12651775777339935,-0.02888127602636814,-0.003806643420830369,-0.0018615905428305268,0.1035362035036087,0.007369389291852713,-0.02315296046435833,0.024124672636389732,0.03894362971186638,0.005086048971861601,0.01271755900233984,0.11708682030439377,0.018922720104455948,-0.043093711137771606,0.10026136785745621,-0.02631920389831066,0.03395915776491165,0.0425049252808094,0.0492950901389122,-0.004948943853378296,0.08100604265928268,0.06374317407608032,0.08870123326778412,-0.01913304254412651,-0.027548668906092644,0.044356945902109146,0.07843925803899765,0.11888674646615982,0.05186985805630684,0.03208481892943382,0.02317904680967331,-0.0361139215528965,-0.0828307494521141,0.07685481756925583,-0.03264165297150612,0.007300665136426687,-0.058900099247694016,-0.014348320662975311,-0.031217867508530617,-0.05093330517411232,-0.030540619045495987,-0.09960008412599564,0.06729254871606827,-0.03812248632311821,-0.03854740411043167,0.12750886380672455,-0.0019762334413826466,-0.023964898660779,0.04574976861476898,0.062007803469896317,-0.0015001699794083834,-0.022112440317869186,-0.027107318863272667,0.013088855892419815,0.01382733415812254,-0.0027964431792497635,-0.013903513550758362,0.1086173951625824,0.01570560596883297,0.005762514658272266,-0.026515280827879906,-0.06649000942707062,0.008223937824368477,0.045044295489788055,0.026784293353557587,0.09152856469154358,0.04957420378923416,0.027661576867103577,-0.05540952458977699,0.008035765960812569,0.06150281801819801,-0.008852888830006123,0.05551866069436073,0.09673570096492767,-0.10149864852428436,7.11073568296939e-34,-0.1357913613319397,-0.08593304455280304,-0.012541701085865498,-0.02223280631005764,-0.0010087206028401852,-0.030195629224181175,0.012133426032960415,-0.021014612168073654,-0.016275838017463684,0.08018889278173447,0.06431464105844498,-0.10277540236711502,0.024387074634432793,0.03644523397088051,-0.00144477270077914,0.019022028893232346,0.0067303054966032505,-0.05413750931620598,0.03519492223858833,-0.10953227430582047,0.028242358937859535,0.02457706443965435,0.013679628260433674,0.08941087871789932,0.08904441446065903,0.017124667763710022,-0.11672788858413696,-0.001955601153895259,0.049191806465387344,0.04910322651267052,-0.057246219366788864,-0.07276863604784012,0.001356422551907599,0.040269870311021805,-0.06262235343456268,-0.03516649454832077,0.034654587507247925,-0.0931641161441803,0.07438642531633377,-0.02895335853099823,0.017308715730905533,0.03966156020760536,-0.060762468725442886,0.04540436714887619,0.06576147675514221,-0.005174126476049423,0.013466199859976768,0.10524535179138184,-0.026976538822054863,-0.016184497624635696,0.024687062948942184,-0.017489025369286537,0.026623975485563278,0.005730147007852793,-0.05641084164381027,-0.019177334383130074,0.07800298184156418,-0.004225251264870167,-0.10566004365682602,-0.0658707246184349,0.018661443144083023,0.07348048686981201,-0.037594299763441086,0.09915012866258621,-0.04820253700017929,-0.0852351039648056,0.005204268265515566,-0.0264763031154871,-0.06271213293075562,-0.05947362259030342,0.04189938306808472,-0.09109131991863251,0.009975885041058064,-0.024684157222509384,0.03917308896780014,-0.0056539601646363735,0.04953533411026001,0.06964708864688873,-0.006662368308752775,0.05876941606402397,-0.05167741701006889,0.08127909153699875,0.0030116236303001642,-0.04014620929956436,0.05613110214471817,0.014491024427115917,-0.011135242879390717,-0.10009217262268066,-0.04596817493438721,0.019157467409968376,-0.0511319525539875,-0.015640906989574432,-0.029423316940665245,0.038132838904857635,-0.006501282565295696,-1.1834741187044528e-08,0.028526131063699722,0.005191237200051546,0.010554434731602669,-0.03415284678339958,0.010103153996169567,-0.05495188757777214,-0.016223371028900146,0.012949411757290363,-0.008621279150247574,-0.008971543982625008,0.014680694788694382,0.11192324012517929,-0.05925080552697182,-0.022504067048430443,-0.06960082799196243,-0.04785485565662384,-0.02300408110022545,-0.06420101225376129,0.018088944256305695,0.02822316624224186,0.0626167505979538,0.01710781268775463,-0.07508984953165054,-0.02719123847782612,0.0033014791551977396,0.035646434873342514,-0.008242913521826267,0.0811501145362854,-0.0257804524153471,-0.034662798047065735,-0.017003869637846947,-0.07458794116973877,0.04287728667259216,-0.03528136759996414,-0.005300623364746571,0.01692603901028633,0.07171212136745453,-0.010631230659782887,0.012984827160835266,0.008558294735848904,0.04479280486702919,0.03184475004673004,0.04748435318470001,-0.017150666564702988,-0.054892078042030334,-0.01291461382061243,-0.032264865934848785,-0.035787686705589294,0.043878719210624695,-0.031658295542001724,0.0231183934956789,-0.06796781718730927,0.0203723032027483,0.00790726114064455,-0.011549114249646664,-0.0033701276406645775,0.008879893459379673,0.073602095246315,-0.049421705305576324,-0.03138687089085579,0.006091513205319643,-0.08970606327056885,-0.003831345122307539,-0.013402095064520836
  -0.06799405813217163,-0.008837827481329441,-0.07127571105957031,0.08502763509750366,0.06296051293611526,0.07181517034769058,0.004085587337613106,0.01886036805808544,-0.061441339552402496,0.0005213252152316272,0.021958019584417343,0.0585305392742157,0.0012310213642194867,-0.06900452077388763,0.03409670293331146,-0.03657817095518112,0.03477635607123375,-0.03324691951274872,0.03952913358807564,0.026396222412586212,-0.07962149381637573,-0.04771808907389641,-0.00514646340161562,-1.3681581549462862e-05,0.12397606670856476,-0.009296005591750145,-0.04913052171468735,-0.021085770800709724,0.05957796797156334,0.043910592794418335,0.08328376710414886,-0.033328328281641006,0.08678911626338959,-0.026614785194396973,-0.014236566610634327,0.008860155008733273,0.02697872929275036,0.00629334757104516,0.005432712845504284,-0.005412398837506771,-0.02907910756766796,-0.05921648442745209,-0.011321804486215115,-0.06394048780202866,-0.023289799690246582,-0.032549187541007996,0.060625821352005005,-0.01670176163315773,-0.07211289554834366,0.03811059892177582,-0.04711214825510979,-0.03350650519132614,0.01735677756369114,0.029126843437552452,-0.04215427488088608,0.07124974578619003,0.008993862196803093,0.020730912685394287,-0.06480162590742111,-0.004137758631259203,-0.01210025418549776,-0.04230068251490593,0.047999925911426544,0.01586243323981762,0.17443497478961945,0.03866947442293167,-0.046327002346515656,0.05309415981173515,-0.07128138095140457,0.028822727501392365,0.03370541334152222,-0.04497604817152023,-0.08988694101572037,-0.038640569895505905,0.059501729905605316,-0.029283754527568817,-0.012184246443212032,0.005487195216119289,0.04815727844834328,0.03833671286702156,0.01645221933722496,-0.014292937703430653,-0.10173473507165909,0.05296534672379494,-0.09839735180139542,0.013988669030368328,-0.026503456756472588,-0.04563698545098305,0.05173323303461075,0.031644318252801895,0.06722651422023773,0.10578161478042603,-0.04669307544827461,-0.04148046672344208,-0.03374374657869339,-0.07133541256189346,-0.0026903715915977955,-0.011153959669172764,-0.07909522205591202,-0.013676979579031467,-0.05312870070338249,0.046105556190013885,0.06014071777462959,-0.03738769143819809,0.025725431740283966,0.021183738484978676,0.05058348923921585,0.023906979709863663,0.0714087039232254,0.04764134809374809,-0.048404861241579056,0.000893494114279747,-0.044744107872247696,0.010733798146247864,-0.004900448955595493,-0.04047068953514099,-0.05507605895400047,-0.025763144716620445,0.13468241691589355,0.0067173088900744915,0.06317343562841415,0.041836366057395935,-0.007647934835404158,-0.05002820864319801,-0.01634683832526207,-0.08089283108711243,-0.08814235776662827,-2.1700228157034224e-33,0.003360807429999113,0.0461411252617836,0.023540128022432327,0.015285734087228775,-0.01970265991985798,-0.022992199286818504,-0.030399641022086143,-0.07524321228265762,-0.07506552338600159,-0.004935208708047867,0.053597208112478256,0.08953193575143814,0.04360102862119675,-0.0017867563292384148,0.136072039604187,-0.002038204111158848,-0.023368891328573227,0.01650521159172058,0.0343804694712162,0.03497092053294182,0.07035234570503235,-0.0001935164036694914,-0.052595172077417374,-0.03969958797097206,0.022522712126374245,-0.058503493666648865,0.01814207434654236,0.004824261646717787,0.05685557797551155,0.0038696895353496075,0.07522181421518326,0.08186442404985428,-0.06781771779060364,-0.040572796016931534,0.04795338958501816,-0.035273030400276184,-0.052268076688051224,0.013161447830498219,0.03163614124059677,-0.06408362835645676,-0.07693501561880112,-0.0014490567846223712,0.06677112728357315,0.014588729478418827,0.03771618753671646,0.08202361315488815,0.062497034668922424,0.05918823182582855,-0.04114046320319176,0.04459314048290253,-0.0591002032160759,0.013088347390294075,-0.08253101259469986,0.0064738718792796135,-0.054303787648677826,-0.04157808795571327,-0.03655929118394852,7.082348020048812e-05,-0.024691317230463028,-0.08930618315935135,0.004199735354632139,-0.07819604873657227,0.056471288204193115,-0.05910179764032364,-0.05582324042916298,0.09822936356067657,-0.0237572081387043,-0.004966355860233307,0.04450363665819168,0.04342934116721153,0.0075780549086630344,0.02161901630461216,-0.08959130942821503,0.04640719294548035,-0.008884715847671032,0.05032646656036377,-0.08199039101600647,0.057258762419223785,0.02099483460187912,0.02567231096327305,-0.015052749775350094,-0.021376658231019974,0.005373992491513491,0.07570568472146988,0.08056759834289551,0.05812864750623703,0.020726164802908897,-0.016716066747903824,0.026290517300367355,-0.004703814629465342,0.08087243139743805,-0.028725963085889816,0.04280497506260872,0.02252550795674324,-0.09399089962244034,1.7017277231839086e-33,-0.03907293453812599,-0.09562715888023376,0.04970017448067665,-0.012804876081645489,-0.004620101302862167,-0.048940762877464294,-0.047332845628261566,-0.052715323865413666,0.02391260489821434,0.03564651310443878,-0.06392204016447067,-0.03353501483798027,0.027718499302864075,0.033546578139066696,0.01451882068067789,-0.024135176092386246,0.036069098860025406,-0.10154088586568832,0.029263930395245552,-0.0969441831111908,0.06690403819084167,0.04698417708277702,0.07140696793794632,0.09173653274774551,0.029138581827282906,0.02306656539440155,-0.1597379893064499,0.010312414728105068,-0.01154292281717062,-0.002095852978527546,-0.06049819663167,-0.008109559305012226,0.034723736345767975,0.0320291630923748,-0.039039671421051025,0.03237129747867584,-0.04413660988211632,-0.03561018779873848,0.01788027212023735,0.04606223106384277,0.05529839172959328,-0.031220894306898117,-0.007510086987167597,0.039960961788892746,0.07201661169528961,0.026668531820178032,-0.023206457495689392,-0.04785281419754028,-0.003065749304369092,0.019138278439641,0.10980287939310074,-0.009519089944660664,0.05598102882504463,0.010747956112027168,-0.055030450224876404,0.057994697242975235,0.1117180809378624,-0.06224347651004791,-0.016141856089234352,-0.058067306876182556,0.00630049267783761,0.09512531012296677,-0.06449177116155624,0.13307449221611023,-0.0363796129822731,-0.113199383020401,-0.010527289472520351,-0.09376583993434906,-0.03205060213804245,-0.01077430322766304,0.01251990720629692,-0.06834684312343597,0.004189758561551571,-0.049123115837574005,0.00852253194898367,0.12233380228281021,0.03894149884581566,0.11728193610906601,-0.026498792693018913,-0.008298692293465137,-0.03657868877053261,0.02000509575009346,0.06587077677249908,-0.095138780772686,-0.001023580669425428,0.03140117973089218,-0.00767933763563633,-0.09076353907585144,-0.08927721530199051,-0.017260808497667313,-0.040939439088106155,0.03126569464802742,-0.04914671927690506,0.08495855331420898,0.028174076229333878,-1.3131050913273157e-08,0.048463936895132065,-0.04511087387800217,-0.002915696706622839,0.01305858138948679,-0.018251392990350723,-0.031420204788446426,-0.006421797443181276,0.05057935044169426,-0.012113157659769058,0.0956442728638649,-0.06327171623706818,0.0770137831568718,-0.008009850978851318,0.032241541892290115,-0.0750306099653244,0.02150595933198929,-0.05355187878012657,-0.0480886735022068,-0.06431305408477783,0.01697651296854019,0.064700186252594,0.0067701321095228195,-0.05201192572712898,-0.011009123176336288,-0.03521312400698662,0.04481981322169304,-0.04267008602619171,0.037439897656440735,-0.03394577279686928,0.009973286651074886,0.05131225287914276,-0.008855154737830162,0.017144590616226196,-0.028607986867427826,-0.03523136302828789,0.02019387111067772,0.03291502967476845,0.02086373046040535,0.0036818080116063356,0.01054275780916214,0.03819247707724571,0.026771368458867073,0.029861897230148315,0.010508495382964611,0.0010878967586904764,-0.02308644913136959,-0.054779522120952606,0.01662159338593483,0.031352948397397995,-0.08700838685035706,0.00835756678134203,-0.029849279671907425,-0.009699293412268162,-0.05652680620551109,-0.012458995915949345,-0.0492427758872509,0.051520977169275284,0.10191599279642105,-0.0705135390162468,-0.01049446314573288,0.038419291377067566,-0.04775260016322136,0.006493782624602318,0.01977097988128662
  -0.02893541194498539,-0.03556693717837334,-0.05008237808942795,-0.026346495375037193,0.07478300482034683,0.08123783022165298,0.05186958238482475,0.048118650913238525,-0.06431937217712402,-0.004668164066970348,0.07628976553678513,0.041192445904016495,0.04608948901295662,-0.059142887592315674,0.010428066365420818,-0.0326911136507988,0.07333008944988251,0.029714366421103477,-0.03230171650648117,0.011908703483641148,-0.0685528963804245,-0.02594226598739624,0.005968768149614334,0.07624170929193497,0.006119112018495798,-0.032054927200078964,-0.0032647664193063974,-0.021869473159313202,0.03781132772564888,0.013282553292810917,0.02024107612669468,-0.05422200635075569,0.09011512249708176,-0.08885703235864639,0.009090522304177284,0.03424051031470299,-0.0022193549666553736,-0.03803584352135658,-0.0095067685469985,0.015593924559652805,-0.006258607376366854,-0.08319249749183655,-0.09947020560503006,-0.05398228019475937,-0.010699995793402195,-0.025270119309425354,0.06574925035238266,-0.04960525408387184,-0.05077000707387924,0.013324698433279991,-0.10858650505542755,-0.02245441824197769,-0.03227415308356285,0.04231161251664162,-0.02677527815103531,-0.02224658615887165,-0.02414885349571705,0.008524025790393353,-0.0940602570772171,0.08066189289093018,0.012720090337097645,-0.06527526676654816,0.01596478372812271,-0.0018792698392644525,0.16699175536632538,0.017634587362408638,-0.0992824137210846,0.03907078504562378,-0.0821007490158081,0.04997093603014946,0.03770881146192551,-0.06719803065061569,-0.03617914393544197,0.006933883763849735,-0.04590252786874771,0.01355688739567995,-0.011172103695571423,-0.0639842078089714,0.019523395225405693,0.04984740912914276,0.0011396147310733795,-0.04778045415878296,-0.05940573662519455,0.09281346201896667,-0.03061026893556118,-0.011896229349076748,0.017707109451293945,-0.05141550302505493,0.026011383160948753,0.053804341703653336,-0.0072204046882689,0.10203325748443604,0.01809415966272354,-0.029715152457356453,-0.06806808710098267,-0.009408463723957539,-0.018864830955863,-0.013455330394208431,0.002156432718038559,0.006795591674745083,-0.03125292435288429,0.0197108406573534,-0.005314672365784645,-0.06007397174835205,0.05054791271686554,0.03150050342082977,-0.00879123155027628,0.010939451865851879,0.07373439520597458,0.10306964814662933,-0.101005919277668,0.011730904690921307,-0.08674222975969315,0.004007789772003889,0.06076542288064957,0.00610033143311739,-0.032206133008003235,0.023474158719182014,0.09689783304929733,-0.06333418190479279,0.027787353843450546,0.042969655245542526,0.07311919331550598,-0.033218685537576675,-0.04858645424246788,-0.010103778913617134,-0.03261156007647514,-2.3935320462527414e-33,-0.05525264889001846,0.04909321665763855,0.009605789557099342,0.04833377152681351,-0.08174138516187668,0.03884907066822052,-0.031122565269470215,-0.05384533479809761,-0.026991399005055428,0.04875200614333153,0.02011187933385372,-0.01493660919368267,0.009021888487040997,0.03617876395583153,0.08670501410961151,-0.008479355834424496,-0.061042577028274536,-0.011597920209169388,-0.004527530167251825,-0.008909627795219421,0.052068691700696945,-0.05220062658190727,-0.04431038349866867,0.04039137437939644,0.005537098273634911,-0.007201180327683687,0.028498370200395584,0.03204162418842316,-0.024086203426122665,0.016967108473181725,0.02830294333398342,0.1176108717918396,-0.015458430163562298,-0.0849158987402916,0.04264003038406372,0.006010395009070635,-0.12535305321216583,0.0007498498889617622,-0.0054509337060153484,-0.019682034850120544,0.00940962415188551,-0.021139929071068764,0.09092164784669876,0.08375463634729385,0.04841633141040802,0.11291943490505219,0.03980634734034538,0.022477149963378906,-0.013351364992558956,-0.0113546596840024,-0.06863512843847275,-0.020678985863924026,0.008456103503704071,0.05158073082566261,-0.062261585146188736,-0.024759566411376,-0.018373241648077965,0.02813502587378025,-0.013516453094780445,-0.03800930827856064,0.00034699213574640453,-0.01958206295967102,0.030461585149168968,-0.04712335765361786,-0.026143046095967293,0.07864442467689514,0.0333276204764843,-0.06715834140777588,0.03551217168569565,-0.048086393624544144,0.039351969957351685,0.0687919557094574,-0.07083724439144135,0.006778570357710123,-0.035011906176805496,-0.01251436397433281,-0.07605121284723282,0.09329745918512344,0.02840208262205124,-0.030574055388569832,-0.009527572430670261,-0.000982313766144216,0.008914297446608543,-0.023473896086215973,0.033265963196754456,-0.026586949825286865,0.018760187551379204,0.013408111408352852,0.017976434901356697,0.09588445723056793,0.07088752835988998,-0.004978933837264776,0.057695597410202026,0.17647767066955566,-0.10269373655319214,1.9620822731467753e-33,-0.0404328890144825,-0.09082614630460739,0.026627350598573685,0.020126504823565483,-0.006593689788132906,-0.06876542419195175,-0.07630778849124908,0.023406825959682465,0.002592723583802581,0.07623722404241562,0.023294733837246895,-0.057211216539144516,-0.018389370292425156,0.022096283733844757,0.008849932812154293,0.01083240658044815,0.09962234646081924,-0.05099637433886528,0.04182416573166847,-0.13808071613311768,0.10303934663534164,0.03281352296471596,0.0139718446880579,0.15080201625823975,-0.001148419687524438,0.025648651644587517,-0.09894002974033356,-0.0559544563293457,0.01759711652994156,0.009102627635002136,0.02871868573129177,0.01699872687458992,0.011616447009146214,0.14188668131828308,-0.04355164244771004,-0.053120262920856476,0.0243030097335577,-0.08994005620479584,0.0888325423002243,-0.040797263383865356,0.08091572672128677,0.043893564492464066,-0.021460192278027534,0.039234708994627,0.019698448479175568,-0.031967293471097946,0.015039165504276752,-0.08699850738048553,-0.011479792185127735,0.0066490937024354935,0.017997367307543755,-0.052120499312877655,0.013610356487333775,0.004227975849062204,-0.03555268049240112,0.05343006178736687,0.06666652113199234,-0.03651103004813194,-0.07560499012470245,-0.05276058614253998,0.05297008156776428,0.12916655838489532,-0.07963716983795166,0.060462042689323425,-0.013040336780250072,-0.07645870745182037,0.0029535305220633745,-0.037204958498477936,0.05112375319004059,-0.029204266145825386,-0.002238428220152855,0.00028773676604032516,-0.045249976217746735,-0.04564705863595009,-0.06786724179983139,0.0008669771486893296,0.027872705832123756,0.029220176860690117,-0.023214416578412056,-0.05656515061855316,-0.008277307264506817,0.005458897911012173,0.052173398435115814,-0.02775827795267105,0.007065792568027973,0.035711102187633514,-0.014339277520775795,-0.05840415135025978,-0.049511779099702835,-0.010401259176433086,-0.04661959782242775,0.006263555958867073,-0.06111369654536247,0.07883559167385101,0.03954879194498062,-1.3968245227147236e-08,-0.00195945892482996,-0.00722405593842268,-0.02105909213423729,0.0643915981054306,-0.047689177095890045,-0.028284525498747826,-0.0486752949655056,-0.009066985920071602,-0.017424309626221657,0.07200384140014648,-0.10367615520954132,0.048901982605457306,-0.11784233152866364,0.05634007230401039,-0.07451224327087402,-0.04780736565589905,-0.059956762939691544,0.054634176194667816,0.0017456457717344165,0.03401319310069084,0.0685562714934349,0.06574605405330658,-0.019651709124445915,-0.04397231712937355,-0.037440478801727295,0.025959981605410576,0.05303152650594711,0.06890352070331573,0.01444545853883028,0.002732976106926799,0.05558609217405319,-0.009831393137574196,0.004901787731796503,-0.03578200563788414,-0.021628880873322487,0.01521155796945095,0.015988104045391083,0.03894314914941788,0.00989138800650835,0.0670202448964119,0.008964316919445992,0.08455848693847656,0.03133377060294151,-0.02085987851023674,0.02559111826121807,0.010018979199230671,-0.06725327670574188,0.025773800909519196,0.021682148799300194,-0.036734070628881454,0.04675469174981117,-0.03183424100279808,-0.02230992168188095,-0.014165421947836876,-0.028567779809236526,-0.043797578662633896,0.04189527779817581,0.059182535856962204,0.008696913719177246,-0.026189660653471947,-0.0021510517690330744,-0.0756368339061737,0.1046396866440773,0.035588160157203674
  --0.03331772983074188,-0.023702796548604965,-0.028029728680849075,0.01976120099425316,0.005858645774424076,0.10001201927661896,0.07507911324501038,0.009309548884630203,-0.1064387857913971,-0.02310991659760475,0.13576965034008026,0.02359631285071373,0.02445467747747898,-0.044563304632902145,0.06636025756597519,-0.02448992058634758,0.05637863278388977,-0.019268346950411797,0.014310349710285664,0.022823942825198174,-0.1386139690876007,-0.06268757581710815,-0.0738440677523613,0.028384702280163765,0.011880002915859222,-0.02681235782802105,-0.0016864205244928598,-0.0039257872849702835,0.008417285047471523,0.057273637503385544,0.0571475625038147,-0.014674987643957138,0.09846826642751694,-0.03036520816385746,0.0025378025602549314,0.029788482934236526,-0.003672963008284569,-0.0006391390925273299,0.02883375622332096,0.020511144772171974,-0.003045979654416442,-0.10132019221782684,-0.10850729793310165,-0.04878634959459305,0.06412769109010696,-0.04587899148464203,0.05432878062129021,0.032373834401369095,-0.039559751749038696,-0.02273223176598549,-0.04076762869954109,-0.025315938517451286,0.010787298902869225,0.03541792929172516,-0.00883000623434782,0.03315691277384758,0.040463488548994064,0.02360614389181137,-0.054644763469696045,0.05499531328678131,-0.04018581658601761,-0.08858530223369598,0.017218858003616333,0.0359979085624218,0.16169330477714539,0.011231348849833012,-0.11699160188436508,0.04281534254550934,-0.09519123286008835,-0.005623629316687584,0.020187510177493095,-0.029524264857172966,0.0020919102244079113,-0.0057930960319936275,0.007574360817670822,-0.00448922673240304,-0.014416192658245564,-0.006108419504016638,0.06264057755470276,-0.01129491813480854,0.0093041667714715,-0.05210186541080475,-0.08795007318258286,0.06906041502952576,-0.06194627657532692,-0.007535499986261129,-0.002545956987887621,-0.06989926844835281,-0.004130254033952951,0.052275560796260834,0.033968016505241394,0.07852596044540405,-0.022844137623906136,-0.07402685284614563,-0.11241254955530167,-0.03927701711654663,-0.016191516071558,-0.002620035782456398,-0.06331299245357513,0.05622410401701927,-0.051245637238025665,0.02378656156361103,0.07667820900678635,-0.02688385546207428,0.03151334077119827,-0.014655660837888718,-0.01647799275815487,0.060982681810855865,0.038169968873262405,0.02998095192015171,-0.0701376274228096,-0.00707525759935379,-0.0743619054555893,-0.020173469558358192,0.007044706493616104,-0.0748743861913681,0.03951091319322586,0.014717437326908112,0.07179247587919235,-0.023259522393345833,0.02692466787993908,0.06244746223092079,-0.04807066172361374,-0.012478848919272423,-0.029320472851395607,0.012536701746284962,-0.058632705360651016,-1.0256842079657103e-33,-0.03852072358131409,0.08317545801401138,0.008351922035217285,-0.00025374474353156984,-0.010525587946176529,0.010782552883028984,-0.014840551652014256,-0.007596601732075214,-0.029861880466341972,0.06338085234165192,-0.0037427772767841816,-0.009431040845811367,0.045944694429636,0.008748505264520645,0.009158683009445667,-0.006266962271183729,-0.10201458632946014,-0.008137106895446777,-0.0016315950779244304,0.04282407835125923,0.038771480321884155,0.02341887541115284,-0.046448346227407455,-0.004329188726842403,-0.01866145059466362,-0.030009232461452484,0.04292847216129303,-0.007366335950791836,0.07058711349964142,0.007297051604837179,0.10500691086053848,0.12556259334087372,-0.0106233861297369,-0.037897348403930664,0.06691990792751312,-0.031775955110788345,-0.04762325808405876,-0.03234536945819855,0.009475577622652054,-0.06807146966457367,-0.04218481108546257,0.015243389643728733,0.08010495454072952,-0.0026008544955402613,-0.012644855305552483,0.08717072010040283,0.07565446197986603,0.005854091141372919,-0.014495431445538998,0.049005039036273956,-0.013868811540305614,0.01866152323782444,-0.08429014682769775,0.10282869637012482,-0.054841943085193634,-0.0234286580234766,0.006407290697097778,-0.010420498438179493,-0.009294389747083187,-0.07689599692821503,0.06408075988292694,-0.13914328813552856,0.0457535944879055,-0.057504914700984955,-0.01574195921421051,0.09003683924674988,0.01945912279188633,-0.04789961501955986,0.06900780647993088,-0.013523345813155174,0.04331476241350174,0.1028093695640564,-0.02504279464483261,0.02970586158335209,-0.06308988481760025,0.037564728409051895,-0.0625910609960556,0.0736188292503357,-0.007702280301600695,-0.019009768962860107,-0.024879399687051773,-0.025500943884253502,0.015451585873961449,-0.01068245992064476,0.11404506117105484,0.05783121660351753,0.022424520924687386,-0.020897889509797096,0.029811516404151917,-0.006925689987838268,0.022976640611886978,0.03245558589696884,-0.004394862800836563,0.11239100247621536,-0.05148009583353996,1.0767024995013208e-33,-0.06208154931664467,-0.04903551936149597,-0.057730782777071,-0.0215775016695261,-0.001949824159964919,-0.02979547157883644,-0.051236532628536224,-0.039510905742645264,-0.0470685213804245,0.12402546405792236,0.0003388913464732468,-0.02512838877737522,-0.009736516512930393,0.01863384246826172,0.007277314085513353,-0.0010358666768297553,0.06767473369836807,-0.02636457420885563,0.06037771329283714,-0.07059010118246078,0.02441599778831005,0.025269528850913048,0.027974868193268776,0.1429724097251892,0.06367402523756027,0.04180892929434776,-0.12615595757961273,-0.006575820501893759,-0.0034706005826592445,-0.022169487550854683,-0.02617921493947506,-0.0198510829359293,0.04474727064371109,0.029791561886668205,-0.08015600591897964,0.006933777127414942,-0.052672792226076126,-0.007798744365572929,0.03964605554938316,0.0568547286093235,0.10103499889373779,-0.050933800637722015,-0.017518701031804085,0.06728909909725189,0.03859278932213783,-0.009053637273609638,0.016063807532191277,-0.07129891216754913,-0.04338134825229645,0.012682275846600533,-0.009727596305310726,-0.027455715462565422,0.03394952043890953,0.0391024611890316,-0.05135120823979378,0.017351370304822922,0.08340656012296677,-0.05580222234129906,-0.07740253210067749,-0.06446138769388199,0.12164626270532608,0.058298323303461075,-0.05774514377117157,0.05748903006315231,-0.007443176116794348,-0.15521474182605743,0.037732116878032684,-0.07429870218038559,0.025788230821490288,-0.06374020129442215,-0.0009425756870768964,-0.007205947767943144,-0.019701829180121422,-0.03823137283325195,-0.05018370598554611,0.02813737839460373,-0.0002739304327405989,0.01963014155626297,-0.006460406351834536,-0.036566298454999924,-0.04634236916899681,-0.024078592658042908,0.08978598564863205,-0.04393891990184784,-0.017697853967547417,-0.0009968564845621586,0.07062631845474243,-0.024455824866890907,-0.056338489055633545,-0.0486513189971447,-0.09712424874305725,0.058468516916036606,-0.016457952558994293,0.04245825111865997,0.030972827225923538,-1.2933166537720808e-08,0.0070127504877746105,-0.0319998525083065,-0.01748601533472538,0.04516789689660072,0.0017236167332157493,-0.042148370295763016,-0.053949251770973206,0.0231411661952734,-0.03532026335597038,0.06974595785140991,-0.115101657807827,0.06438404321670532,-0.08194950968027115,0.060888487845659256,-0.007673951797187328,-0.007790134288370609,-0.0317717045545578,-0.017964819446206093,-0.05288493260741234,0.043055132031440735,0.03407824784517288,0.06931351125240326,-0.05747264623641968,-0.0279295202344656,0.017915287986397743,0.05667915195226669,-0.006704088766127825,0.06419610232114792,0.03944217786192894,-0.08682753890752792,0.03851117566227913,-0.01739153079688549,0.01254812628030777,-0.09423841536045074,0.04445416480302811,0.09026004374027252,-0.015072274021804333,0.012464792467653751,0.015001450665295124,0.012048034928739071,0.013346336781978607,0.07201239466667175,0.027286795899271965,-0.0027830100152641535,0.0832071453332901,0.027952754870057106,-0.07322986423969269,0.03646700084209442,0.013626967556774616,-0.04070379585027695,0.02059219218790531,-0.005134650971740484,-0.012632401660084724,-0.014207937754690647,-0.022773489356040955,-0.09393616765737534,0.06137250363826752,0.04973466321825981,-0.031349219381809235,0.034474339336156845,0.003691930789500475,-0.010523238219320774,0.028452100232243538,0.0034557608887553215
  -0.053283389657735825,-0.009298542514443398,-0.10536438971757889,-0.024681828916072845,0.04439229145646095,0.11097224056720734,0.053696129471063614,0.05126136541366577,-0.047967180609703064,-0.06405597180128098,0.09447377175092697,0.05022649094462395,0.028056375682353973,-0.019854312762618065,0.059639960527420044,0.014551762491464615,0.007489271927624941,0.042129527777433395,0.04634828492999077,-0.02804308570921421,-0.057516008615493774,-0.027143068611621857,-3.3024960544025816e-07,0.07125160843133926,0.026701688766479492,0.010132799856364727,-0.012701399624347687,0.0016751623479649425,0.07116072624921799,0.012478722259402275,0.013825803063809872,0.010879531502723694,0.06660658121109009,-0.03686656802892685,0.022562775760889053,0.002410433255136013,-0.021989896893501282,0.018141040578484535,0.04397216811776161,-0.015452948398888111,0.053475942462682724,-0.11681421846151352,-0.10202473402023315,-0.05277630686759949,0.02914217673242092,0.05751775950193405,0.04591929167509079,0.01998666673898697,-0.06705575436353683,0.053670722991228104,-0.09461569041013718,-0.032086100429296494,-0.06333905458450317,0.05359693616628647,-0.059175606817007065,0.0034254100173711777,0.03575051203370094,-0.05457198619842529,-0.019564015790820122,0.06836650520563126,0.023535240441560745,-0.06977900862693787,-0.040077630430459976,0.037594664841890335,0.0878683477640152,0.030182087793946266,-0.07303378731012344,0.038057707250118256,-0.15471531450748444,0.042740631848573685,0.08393204212188721,0.023088809102773666,0.020673908293247223,0.019214613363146782,-0.08232036978006363,-0.02982296608388424,-0.03198084235191345,-0.043190211057662964,0.00445512356236577,0.004409713204950094,0.001205535139888525,0.006675411015748978,-0.09557688236236572,0.04965803772211075,-0.04371489956974983,0.018010970205068588,0.009378235787153244,-0.02247275598347187,0.049847688525915146,0.05025302991271019,-0.027580438181757927,0.035673126578330994,-0.02538733184337616,-0.03857986629009247,-0.1138787791132927,-0.015946989879012108,-0.03869487717747688,0.040108006447553635,0.03968167304992676,0.014473769813776016,-0.041083309799432755,-0.006244601681828499,0.005585829261690378,-0.11218713223934174,-0.004172696266323328,-0.0011628567008301616,-0.030427414923906326,-0.007653072476387024,0.0862712636590004,0.03507791459560394,-0.11217395961284637,0.03086119517683983,-0.12326052784919739,0.04786929860711098,0.03172212839126587,-0.027369128540158272,0.03461143746972084,0.0058098179288208485,0.08472758531570435,-0.05801675468683243,-0.044941551983356476,0.05258879065513611,0.04962453991174698,-0.07514582574367523,-0.04152456298470497,0.029004093259572983,-0.09347997605800629,-1.5960098224136985e-33,-0.042876679450273514,0.018270600587129593,-0.005675365682691336,0.06577890366315842,-0.031309474259614944,0.05175735801458359,-0.0703837126493454,-0.04821007326245308,-0.016220539808273315,0.06643622368574142,0.06007145717740059,-0.002165620680898428,0.03762451931834221,0.05720840394496918,0.08558855205774307,-0.062133967876434326,-0.014685635454952717,0.02245323546230793,0.008838641457259655,-0.02284880541265011,0.006362279877066612,0.0022991206496953964,-0.06024510785937309,0.023999052122235298,-0.011672095395624638,-0.009500475600361824,-0.04628678038716316,0.014762415550649166,0.04909864440560341,-0.0005832811584696174,0.10571242868900299,0.032141394913196564,0.026204142719507217,-0.04682086035609245,0.02949943020939827,0.01867511309683323,-0.0438225083053112,-0.017046868801116943,0.08964681625366211,0.0015770898899063468,-0.03415420278906822,0.03171082213521004,0.052061375230550766,-0.005184603855013847,0.022668924182653427,0.13779334723949432,-0.005779277067631483,-0.01273601595312357,0.028766054660081863,-0.007371080573648214,-0.007760551292449236,-0.029032526537775993,0.007178121246397495,0.009144071489572525,-0.017934635281562805,-0.06495120376348495,-0.04099234193563461,-0.0405028760433197,-0.07589468359947205,-0.04928315430879593,0.02535327710211277,0.012568066827952862,0.08088444918394089,-0.013603751547634602,-0.03950478881597519,0.13211646676063538,0.03955516964197159,-0.03565977141261101,0.03439629077911377,-0.05882137268781662,0.062326036393642426,0.06059418246150017,-0.09801334142684937,0.005400243680924177,0.0340166799724102,-0.026352666318416595,-0.07670795917510986,0.07763267308473587,0.02159539796411991,-0.0017388577107340097,-0.045703936368227005,-0.026648569852113724,0.03249906748533249,0.06534658372402191,-0.007190540432929993,-0.005735926330089569,0.04573038965463638,-0.05766008049249649,0.06510329246520996,0.07687173783779144,0.03219712898135185,0.02453811652958393,-0.07213425636291504,0.09848896414041519,-0.1136074811220169,7.413928277647594e-34,-0.10054144263267517,-0.09412913024425507,0.061796706169843674,0.04924776405096054,-0.0018302288372069597,-0.04576253145933151,-0.05628437176346779,0.00740662869066,0.03581137955188751,0.0481334812939167,0.011664895340800285,-0.04778873175382614,-0.06426607817411423,0.046280182898044586,-0.02105155773460865,-0.023081764578819275,0.06847746670246124,0.028885098174214363,0.0911286398768425,-0.09525518119335175,0.050333209335803986,0.042639803141355515,0.011516403406858444,0.0921868234872818,0.022563805803656578,0.008654647506773472,-0.05198168754577637,-0.021245844662189484,0.06152636185288429,-0.034161895513534546,-0.03421340510249138,-0.06729110330343246,0.07584809511899948,0.0396658256649971,-0.06990218907594681,0.004839647561311722,0.005761242937296629,-0.0697992667555809,0.07872963696718216,-0.05035243555903435,0.03124386817216873,0.030424460768699646,-0.033911917358636856,0.06975623965263367,-0.05352567136287689,-0.059143438935279846,0.02023371309041977,-0.07797089219093323,-0.00020453571050893515,0.009336411952972412,0.0005258958553895354,-0.0003965467622037977,-0.05596485361456871,-0.06767644733190536,-0.09805777668952942,0.021330390125513077,0.02354109287261963,-0.013270340859889984,-0.11022015661001205,-0.01911279745399952,0.04339324310421944,0.15742577612400055,-0.05300429090857506,-0.027394047006964684,-0.003907694481313229,-0.133058100938797,0.04601515457034111,-0.033052533864974976,-0.021998779848217964,-0.013706546276807785,0.05091291293501854,0.05846366658806801,-0.0900832936167717,-0.003945707343518734,-0.08998013287782669,-0.003988123964518309,0.03241536766290665,0.02502783015370369,-0.008780728094279766,-0.038965221494436264,-0.01591743715107441,0.026923855766654015,0.028872890397906303,0.05010576546192169,-0.017583822831511497,0.036669809371232986,0.00583790335804224,-0.03737485036253929,-0.044324666261672974,-0.03316521272063255,-0.011178922839462757,0.0030781098175793886,-0.032237708568573,0.13588127493858337,0.02606360800564289,-1.4098602285628203e-08,-0.04833562672138214,-0.02028132788836956,0.018032213672995567,0.08239386975765228,-0.0204964280128479,0.04245147854089737,0.04090043157339096,-0.016371071338653564,-0.0616573840379715,0.08330895751714706,-0.05928182974457741,0.02803894132375717,-0.1153234913945198,0.05778615549206734,-0.059845320880413055,-0.04410571977496147,-0.005135332699865103,0.009291551075875759,-0.01635728031396866,0.04951763525605202,0.0051749455742537975,0.04979771375656128,0.03408787399530411,-0.04811770096421242,0.01879950612783432,-0.025934692472219467,0.0676322877407074,0.02553628571331501,0.027750452980399132,-0.028291577473282814,0.008672704920172691,0.043534018099308014,-0.028955310583114624,0.025899237021803856,0.03366623818874359,-0.031106963753700256,-0.017759673297405243,0.04401053488254547,0.03718055784702301,0.10339662432670593,-0.04417925328016281,0.024920662865042686,0.020055774599313736,-0.01380634680390358,0.0526215136051178,0.07174034416675568,-0.0627271980047226,0.033177450299263,0.01399996317923069,-0.05782328173518181,0.014836601912975311,-0.025714488700032234,0.019254028797149658,-0.04636835306882858,-0.0024784263223409653,-0.02712837979197502,0.013161549344658852,0.042138684540987015,0.00601820508018136,-0.0016370267840102315,-0.02443886175751686,-0.04390845447778702,-0.0034622412640601397,0.02086191624403
  -0.0374445877969265,-0.005793590098619461,-0.04883870482444763,0.003785960143432021,0.026910027489066124,0.04245198518037796,0.021455569192767143,-0.10850679129362106,-0.12493551522493362,0.07427486777305603,0.07069503515958786,-0.0012493378017097712,-0.08781976252794266,-0.0368473120033741,0.0054855793714523315,-0.0386243611574173,0.0015950012020766735,0.01443127915263176,0.060619987547397614,0.0018406894523650408,-0.018672091886401176,-0.06598331779241562,-0.024851102381944656,-0.03681828826665878,0.013688841834664345,-0.001229246612638235,0.007420914713293314,0.038218483328819275,0.02276393584907055,-0.017008384689688683,0.04825270548462868,-0.07505244016647339,0.11660072207450867,-0.06196293607354164,0.013454901054501534,0.03174368292093277,0.05036930739879608,0.009658434428274632,-0.010196111164987087,0.04613668844103813,0.018197596073150635,-0.06861100345849991,-0.02369750663638115,-0.05606543645262718,-0.0018765986897051334,0.01900416612625122,0.010169601999223232,-0.07944528013467789,-0.08434027433395386,0.03899924084544182,0.034593235701322556,-0.022862961515784264,0.003139708423987031,0.07291138172149658,-0.03463548421859741,-0.060258883982896805,0.00220882217399776,-0.0005420942907221615,-0.020705480128526688,-0.0268678180873394,-0.004690834321081638,-0.047009941190481186,0.0006590579869225621,-0.014394785277545452,0.12384845316410065,-0.05864666774868965,-0.039824020117521286,-0.022313950583338737,-0.08566553890705109,0.0597708486020565,-0.0008021541289053857,-0.10661222785711288,-0.08869411796331406,-0.028939256444573402,-0.02988363429903984,-0.04619362950325012,-0.006407519802451134,-0.01367343682795763,0.06143666058778763,-0.049603790044784546,-0.0003360390546731651,-0.029488949105143547,0.010058783926069736,0.07536550611257553,-0.06611359864473343,0.03354872018098831,-0.010669559240341187,-0.008054888807237148,0.08473552018404007,0.0049843983724713326,0.020712681114673615,-0.02078292705118656,-0.045434776693582535,-0.03812938928604126,-0.05262977257370949,-0.022003894671797752,-0.018875982612371445,0.15957364439964294,0.015167723409831524,0.034729618579149246,0.009914187714457512,-0.0020779906772077084,-0.028228912502527237,-0.06676974892616272,0.03815961629152298,0.047362007200717926,-0.02380024455487728,-0.03967409208416939,0.016948772594332695,-0.017568722367286682,-0.11551269888877869,0.09992735087871552,-0.13287660479545593,0.03365110978484154,0.07024794816970825,-0.028963886201381683,0.01825117878615856,0.008802316151559353,-0.03828869387507439,-0.021221809089183807,0.05424485728144646,0.08714549243450165,-0.05164347216486931,-0.031545400619506836,0.018459592014551163,-0.1157526895403862,-0.08517975360155106,-2.3833210411059267e-33,0.017701825127005577,-0.03600529953837395,-0.0022520965430885553,0.09310895949602127,-0.012044575065374374,-0.01093111839145422,-0.036784783005714417,-0.0017992403591051698,0.09915461391210556,0.027963289991021156,0.02552812732756138,-0.04391837120056152,0.00985350739210844,-0.032297439873218536,0.01489927712827921,-0.022165311500430107,-0.014282330870628357,0.017022505402565002,-0.021025637164711952,0.07617513835430145,0.025013873353600502,-0.01670137234032154,-0.04255560040473938,-0.005785775370895863,0.013634570874273777,0.057728204876184464,-0.039845794439315796,0.01425958052277565,0.0630035251379013,0.018546458333730698,0.06360415369272232,0.07452598959207535,-0.00013235516962595284,-0.01322241872549057,-0.057112663984298706,0.08909275382757187,-0.09599439799785614,0.06907663494348526,0.044419851154088974,-0.0069373962469398975,-0.042402371764183044,0.002312090015038848,0.08376681059598923,-0.03683090582489967,0.019309556111693382,0.07714452594518661,0.08103811740875244,0.03953777626156807,0.036831147968769073,0.08838397264480591,0.0014205995248630643,-0.040195200592279434,0.035729553550481796,-0.007736802101135254,0.047898706048727036,0.01807829737663269,-0.02374115027487278,0.08334803581237793,-0.05017341300845146,0.002276587998494506,0.041570600122213364,-0.03702112287282944,-0.00944339670240879,0.09696020931005478,-0.011902512982487679,0.05347880721092224,0.05252878740429878,0.026031723245978355,0.05376998335123062,0.005199444945901632,0.0005241558537818491,0.10232767462730408,-0.08197402954101562,0.03467715159058571,-0.047284651547670364,0.04393118619918823,0.03855667635798454,0.0493549108505249,-0.015981463715434074,-0.07469034940004349,-0.001088882563635707,0.0006317471852526069,0.034736890345811844,-0.09076658636331558,0.081441730260849,0.035242900252342224,0.060660094022750854,0.016567522659897804,0.059468112885951996,0.052830882370471954,0.04169037193059921,-0.04300358146429062,0.03252209722995758,0.05199413374066353,-0.03360503166913986,4.266748783187275e-34,-0.03668024390935898,-0.04109968990087509,-0.06632030755281448,0.0031092255376279354,0.02564568817615509,0.05413563922047615,-0.008089534938335419,-0.02905755490064621,-0.031877655535936356,0.033064406365156174,-0.010840795002877712,-0.09236709028482437,-0.03382507339119911,0.06860840320587158,-0.019411863759160042,-0.04881734028458595,0.038912881165742874,-0.03141085058450699,-0.001061505638062954,-0.04521048069000244,-0.0011792397126555443,-0.00849114079028368,0.021978994831442833,0.02184765227138996,0.03717327117919922,0.017970314249396324,-0.13088789582252502,-0.022055847570300102,-0.02581700123846531,-0.01848931796848774,-0.07451102137565613,0.004299880471080542,0.010855767875909805,0.06787411868572235,-0.0160843338817358,-0.0428583100438118,-0.04382139444351196,0.023347698152065277,0.07864256948232651,0.026277629658579826,0.020863614976406097,-0.027391478419303894,-0.03580082952976227,0.04916497319936752,0.003251595888286829,-0.008151614107191563,-0.027381105348467827,-0.0922044888138771,-0.06281057000160217,-0.010852151550352573,0.03077513352036476,-0.07897621393203735,-0.07803270220756531,-0.040665894746780396,-0.06460405141115189,0.06516949087381363,0.02710765413939953,-0.10653015971183777,-0.03604095056653023,-0.01453996542841196,0.030668092891573906,0.0800408273935318,-0.03946572542190552,0.11338968575000763,-0.09112904965877533,-0.061394043266773224,0.059335555881261826,-0.09968720376491547,-0.019514167681336403,0.025776831433176994,0.0007873127469792962,0.01496419869363308,-0.017115509137511253,-0.013520949520170689,0.022526739165186882,0.04331916198134422,0.0837760865688324,-0.009809611365199089,-0.0006388655165210366,-0.0703083947300911,-0.023434236645698547,-0.017810458317399025,0.05959031730890274,0.013817382045090199,0.007334141060709953,0.10329070687294006,-0.0020092567428946495,-0.027365747839212418,-0.06582706421613693,-0.03809859976172447,-0.04022584855556488,-0.015029964037239552,0.0074918316677212715,0.07376659661531448,0.0036902595311403275,-1.3711653146231129e-08,-0.049970485270023346,0.02629810757935047,0.014948882162570953,-0.02302255667746067,-0.0044768378138542175,-0.01840737648308277,-0.023360829800367355,-0.05461307615041733,0.002626312430948019,0.12293848395347595,-0.06280653923749924,0.06644345074892044,0.043084654957056046,0.02210518717765808,-0.03130055218935013,0.014801193960011005,-0.00921747274696827,0.038064662367105484,-0.06228477880358696,-0.019284741953015327,0.02049826644361019,0.0786154493689537,-0.0403803251683712,-0.03278304263949394,0.02828649803996086,0.0489596351981163,0.022390440106391907,0.17306841909885406,0.027542106807231903,0.04179548844695091,0.024708548560738564,0.08432270586490631,-0.009775481186807156,-0.1462368369102478,0.0022048840764909983,-0.01694495417177677,0.09073349088430405,-0.011919869109988213,0.0267323050647974,-0.033490169793367386,-0.009713600389659405,0.06237278878688812,0.021345924586057663,-0.04900377243757248,0.06820543110370636,-0.054045144468545914,-0.12142547219991684,0.05221978947520256,-0.005573153030127287,-0.11261022835969925,0.01413698960095644,-0.04941248521208763,0.011593513190746307,0.0013087610714137554,0.032557904720306396,-0.030479177832603455,0.0625840350985527,-0.02214655466377735,-0.07909242063760757,-0.030784519389271736,-0.011232402175664902,-0.007748148404061794,0.10307089984416962,0.017685063183307648
  -0.03307611122727394,0.028275521472096443,-0.04667571559548378,-0.008853213861584663,0.0521661750972271,0.07165120542049408,0.0811292827129364,-0.003321699798107147,-0.10758256167173386,0.05373753234744072,0.03753562271595001,-0.03924299776554108,-0.07247395813465118,-0.09175039082765579,-0.03289490193128586,-0.06961876153945923,0.022342244163155556,0.03649581968784332,0.004403877072036266,-0.012153567746281624,-0.05303493142127991,-0.004130191169679165,0.005786062218248844,-0.0034501724876463413,-0.0718902200460434,-0.009068002924323082,0.020777679979801178,0.0271629448980093,-0.01980866864323616,-0.00592773174867034,0.041465092450380325,-0.16425171494483948,0.11184373497962952,-0.05823006480932236,-0.009309660643339157,0.01978367008268833,0.053732678294181824,0.009660580195486546,-0.01753942295908928,0.04796919226646423,-0.048178888857364655,-0.09589184075593948,-0.032019954174757004,-0.010962764732539654,0.0033083499874919653,-0.024568332359194756,-0.010181008838117123,-0.08242712914943695,-0.04053572937846184,0.02482372336089611,0.00827540922909975,-0.014762799255549908,0.03366515412926674,0.058702945709228516,-0.009089513681828976,-0.09596262127161026,-0.013874762691557407,-0.039566248655319214,-0.10064636170864105,0.03625379502773285,-0.03185315057635307,-0.06980355829000473,0.062392693012952805,-0.0006906280177645385,0.1126394048333168,-0.03487306833267212,-0.04624626040458679,-0.02208508923649788,0.005733033642172813,0.010523378849029541,-0.0057981014251708984,-0.1335228979587555,-0.0643627792596817,-0.037123389542102814,0.010893749073147774,0.022966107353568077,-0.03123803250491619,-0.024918783456087112,0.09224911034107208,-0.009983997792005539,0.08340150117874146,0.006858928594738245,0.052501071244478226,0.1282254308462143,-0.02950451523065567,0.0716947615146637,-0.01603858172893524,0.01825195923447609,-0.007870194502174854,0.010555382817983627,-0.0296307522803545,0.029337266460061073,0.040981341153383255,-0.0006129890098236501,-0.03188809007406235,0.007707756944000721,-0.07261408865451813,0.09502460062503815,-0.013590929098427296,-0.014939505606889725,0.01584351249039173,-0.011005272157490253,-0.023660937324166298,0.013446144759654999,0.026795607060194016,0.008486256003379822,0.012287219054996967,-0.051510002464056015,0.0035441822838038206,-0.003431259887292981,-0.0398787297308445,0.10636547952890396,-0.10496385395526886,-0.04483502730727196,0.020227545872330666,0.006413079332560301,-0.04071301966905594,-0.03299714997410774,-0.008712993003427982,-0.002197457477450371,0.03191206604242325,0.007707413285970688,0.0025179143995046616,-0.010167459025979042,0.031666096299886703,-0.10304591059684753,-0.05025586485862732,-2.8790707225438565e-33,0.017579875886440277,-0.0002447878068778664,0.04897033050656319,0.03972846642136574,-0.03555566444993019,-0.011588911525905132,-0.04227769747376442,-0.06107011064887047,0.10080542415380478,0.01743294857442379,-0.007552854251116514,-0.043485142290592194,0.025841357186436653,-0.05618958920240402,-0.01763588935136795,0.008444707840681076,-0.02776245027780533,0.08572999387979507,-0.07329591363668442,0.039151404052972794,0.01757192797958851,-0.06783366203308105,-0.05500934645533562,0.04308479279279709,-0.0068920208141207695,0.11516450345516205,-0.03888550028204918,0.018957538530230522,0.03669722005724907,0.013898363336920738,0.0005763766821473837,0.09478513896465302,-0.0248512364923954,-0.06576516479253769,-0.005273049231618643,-0.003254127921536565,-0.14750798046588898,0.03866557031869888,-0.011612929403781891,-0.030215954408049583,-0.025724567472934723,-0.011265907436609268,0.14664506912231445,0.005840318277478218,0.0681120976805687,0.04208236187696457,-0.011783897876739502,0.06280428916215897,-0.01419078093022108,0.03389149531722069,-0.05659988150000572,-0.03679262101650238,0.043413903564214706,0.01088391337543726,0.012114940211176872,0.029180753976106644,-0.018325956538319588,0.08876282721757889,-0.023950470611453056,0.03686127811670303,-0.01253331545740366,0.056150197982788086,-0.04425020515918732,0.02227972447872162,0.0006460380391217768,0.006322410423308611,0.041122496128082275,-0.03426903858780861,0.08700841665267944,0.037165455520153046,0.026698872447013855,0.08537893742322922,-0.02889581210911274,0.04022011160850525,-0.09894413501024246,0.03936297819018364,0.0024441576097160578,0.03158031404018402,-0.008494831621646881,-0.01766727678477764,0.005084587261080742,0.01250369381159544,0.038249094039201736,-0.051528606563806534,0.0829937681555748,0.011592856608331203,0.06925343722105026,0.04599754884839058,-0.0029467616695910692,0.06384652107954025,0.03736892715096474,-0.017271993681788445,0.081302210688591,0.09541527181863785,-0.08880218863487244,6.672282718597408e-34,0.01661321520805359,-0.030228517949581146,-0.09867799282073975,-0.07061861455440521,0.046222832053899765,0.0351652130484581,0.02437947876751423,0.033372677862644196,-0.04499814659357071,0.0281203743070364,0.04678041487932205,-0.08749295771121979,-0.0361860990524292,0.021922128275036812,0.04285646229982376,0.00517339538782835,0.018867896869778633,-0.031192712485790253,-0.03717093914747238,-0.007006675470620394,0.006591013167053461,-0.012280347757041454,-0.057115498930215836,0.13753753900527954,-0.026320043951272964,0.0315120629966259,-0.1113666370511055,-0.026362942531704903,-0.007768547162413597,0.006599450018256903,-0.06390467286109924,0.05560757964849472,0.010736319236457348,0.11964382976293564,-0.01727815717458725,-0.10912458598613739,-0.00732922600582242,-0.08429116755723953,0.09761640429496765,0.035549014806747437,0.03755410388112068,0.031445953994989395,-0.0034404362086206675,0.012980657629668713,-0.007527441717684269,0.043333977460861206,-0.02089792676270008,-0.06701008230447769,-0.10378720611333847,-0.015700144693255424,0.027484124526381493,-0.10404001921415329,-0.05662243440747261,0.005544410087168217,-0.0036552660167217255,0.06351608037948608,0.021517682820558548,-0.10395102947950363,-0.03581712394952774,-0.02328440546989441,0.046374596655368805,0.04147973656654358,-0.05100226774811745,0.13837699592113495,-0.09578964114189148,-0.01056873518973589,0.02500302344560623,-0.13562598824501038,-0.014339584857225418,-0.0270176213234663,-0.013291705399751663,-0.009152517654001713,-0.013085199519991875,-0.032009828835725784,-0.021231630817055702,-0.06397712230682373,0.02402455545961857,-0.04250561073422432,-0.035603903234004974,-0.04625524953007698,-0.07468748837709427,-0.003661427414044738,-0.0012496882118284702,0.05671380087733269,0.02623232826590538,0.09336979687213898,0.0049215382896363735,-0.0652584582567215,-0.08011535555124283,-0.03859134763479233,-0.08208479732275009,0.029823550954461098,-0.08768875896930695,0.06922799348831177,-0.011598853394389153,-1.443643782295112e-08,-0.009236541576683521,0.04129447042942047,-0.004684685729444027,-0.0304718017578125,-0.0231737419962883,-0.02288697473704815,-0.04090877249836922,-0.05270281806588173,0.03283930569887161,0.10331179201602936,-0.0223781019449234,0.05270346626639366,-0.009209934622049332,0.006815104279667139,-0.02496596798300743,-0.01616482622921467,-0.010674191638827324,0.08854914456605911,-0.012788445688784122,-0.021956976503133774,0.027068810537457466,0.07600749284029007,-0.021406255662441254,-0.00296502816490829,-0.016020245850086212,0.07041247934103012,0.011585990898311138,0.09456216543912888,0.03661636635661125,0.02744707465171814,0.03380819782614708,0.037170782685279846,-0.014116080477833748,-0.03214887157082558,-0.008997667580842972,0.00940773170441389,0.08988799154758453,-0.0251841451972723,0.0016861538169905543,-0.012291043065488338,0.0075624724850058556,0.08342458307743073,0.04763933643698692,0.033528249710798264,0.043623924255371094,-0.05868019908666611,-0.043172918260097504,0.03523751348257065,0.007421724498271942,-0.06701554358005524,0.06821400672197342,-0.04866474121809006,0.036130838096141815,0.00295834569260478,0.0021071541123092175,0.006021502893418074,0.03199492394924164,-0.02329479716718197,-0.0570099763572216,-0.014165177941322327,0.012012002058327198,-0.055142298340797424,0.11263851076364517,0.03999331593513489
  -0.060024578124284744,0.027741752564907074,-0.018309717997908592,-0.011907801032066345,0.012768011540174484,0.03809243440628052,0.0768984779715538,-0.0375029630959034,-0.03595421090722084,0.010892713442444801,0.045022398233413696,-0.01919989474117756,-0.05921248346567154,-0.02567366138100624,0.023971863090991974,0.00393679179251194,-0.047667283564805984,-0.0025675136130303144,-0.003270043060183525,0.004008616786450148,-0.05884800851345062,-0.07837279886007309,-0.024836871773004532,-0.01735147461295128,-0.011847896501421928,-0.04452561214566231,0.06900651752948761,0.05017552152276039,-0.028766846284270287,-0.017746195197105408,0.06244184449315071,-0.047768231481313705,0.09681165218353271,-0.02989111840724945,-0.03118353709578514,0.019220424816012383,0.05614427104592323,0.05095268785953522,0.002610319759696722,0.029723642393946648,-0.035095591098070145,-0.08718165010213852,0.03843913972377777,-0.037687577307224274,0.04152145981788635,-0.07504086196422577,0.05199426785111427,-0.029020490124821663,-0.11390900611877441,0.07349272072315216,-0.015344618819653988,-0.05843343585729599,-0.01335875503718853,0.040861375629901886,-0.022323304787278175,-0.03749987855553627,0.018861783668398857,-0.01424284465610981,-0.0040326896123588085,-0.010576607659459114,-0.0741112232208252,-0.07242799550294876,0.015220887027680874,0.018554268404841423,0.059822551906108856,-0.06434202194213867,8.224030898418278e-05,-0.052958618849515915,-0.06637083739042282,-0.0188213549554348,0.09188119322061539,-0.14287321269512177,-0.027493292465806007,-0.08316272497177124,-0.012415200471878052,-0.04798510670661926,-0.02903306484222412,0.021808426827192307,0.11878344416618347,0.005823791492730379,0.1056668758392334,-0.02528330124914646,-0.009148582816123962,0.07840263098478317,-0.05659598857164383,0.019926127046346664,-0.03191392496228218,-0.004022052977234125,0.016112715005874634,0.06457380950450897,-0.07677290588617325,0.032657332718372345,-0.020223870873451233,-0.07392119616270065,-0.14251501858234406,-0.02865922823548317,-0.05994692072272301,0.06438356637954712,-0.07075364142656326,0.04822329804301262,-0.035766322165727615,0.03491491079330444,-0.03941904008388519,-0.07444535195827484,0.00590862613171339,0.014007498510181904,-0.033239446580410004,-0.030954258516430855,0.0032399690244346857,0.0029842981602996588,-0.1098727434873581,0.057647254317998886,-0.07024992257356644,-0.0078016724437475204,0.08452489972114563,0.013676147907972336,-0.041937440633773804,0.012213695794343948,0.03948036581277847,-0.05217278003692627,0.0547330267727375,0.043236926198005676,0.004848666954785585,0.025689592584967613,-0.0005821658996865153,-0.06408338248729706,-0.07089199870824814,-1.5152665848236541e-33,0.0024769515730440617,0.006001768168061972,0.0319652184844017,0.1163015067577362,-0.030454182997345924,-0.07395327836275101,-0.014661023393273354,-0.02955094911158085,0.04749155044555664,0.009956072084605694,-0.027736349031329155,0.07214779406785965,0.09564153850078583,-0.02023637853562832,-0.060652218759059906,-0.014977742917835712,-0.028026903048157692,0.10159426927566528,-0.057024698704481125,0.0539756678044796,0.02010693959891796,-0.033900875598192215,-0.0729389414191246,-0.009039956144988537,0.04248450696468353,0.0857594907283783,-0.034554727375507355,0.02639005519449711,-0.005724846851080656,0.017208730801939964,0.03668630123138428,0.08503478020429611,-0.0340714231133461,-0.08636477589607239,0.022312171757221222,-0.01750984415411949,-0.08100056648254395,0.003247050568461418,0.04030902311205864,-0.02179621532559395,-0.06351884454488754,0.00926265399903059,0.09625677019357681,-0.015948327258229256,0.004624346736818552,0.07739029079675674,0.08053576946258545,0.04128504544496536,0.023883720859885216,0.09054861962795258,0.012044280767440796,-0.011728782206773758,0.08437225967645645,0.06791064888238907,0.05395568907260895,-0.03074892982840538,0.002107713371515274,0.04521401599049568,0.010446034371852875,-0.02753636986017227,0.010678681544959545,-0.016014549881219864,-0.07245682179927826,0.030853096395730972,0.021724406629800797,0.0583011656999588,0.029494648799300194,-0.015813885256648064,0.09317325055599213,0.04450932890176773,0.062339965254068375,0.06721705198287964,-0.030875008553266525,-0.05848604068160057,-0.07457844167947769,0.044348422437906265,0.02613718993961811,0.0497652031481266,0.026762910187244415,0.009092302992939949,2.298253275512252e-05,-0.07212341576814651,0.04250636696815491,-0.08996736258268356,0.10786451399326324,0.015393935143947601,0.11825063079595566,-0.024005288258194923,-0.008493341505527496,0.08884347230195999,0.03190911188721657,0.014167246408760548,-0.009016035124659538,0.11282642185688019,-0.01540981326252222,4.611910199609681e-34,0.0011949539184570312,-0.013044608756899834,-0.11994071304798126,-0.014169049449265003,0.0856311023235321,0.04974257946014404,0.015711549669504166,-0.008271381258964539,0.016836555674672127,0.002614061115309596,0.05977650731801987,-0.11638476699590683,-0.029767340049147606,0.06781738996505737,0.051901925355196,-0.09516063332557678,0.016535911709070206,-0.02001113072037697,0.030286680907011032,0.015074260532855988,0.03505333885550499,-0.03635036200284958,-0.07519643753767014,0.05988326668739319,0.03402335196733475,0.01417335495352745,-0.10163863748311996,-0.06483564525842667,-0.07278435677289963,0.012427655048668385,-0.054428379982709885,-0.03899654000997543,-0.0134736942127347,0.048596058040857315,0.016345476731657982,-0.03616498410701752,-0.03747512400150299,-0.06342602521181107,0.07611148059368134,0.07007671892642975,-0.004374245181679726,0.015207144431769848,-0.018722806125879288,0.07108821719884872,-0.01690804772078991,0.043938811868429184,0.030333328992128372,-0.08185776323080063,-0.08796736598014832,-0.007891583256423473,-0.032728660851716995,-0.057053908705711365,-0.07609941065311432,-0.02211388386785984,-0.036335237324237823,0.020952288061380386,0.04931456223130226,-0.09589135646820068,-0.00981091521680355,-0.030602550134062767,0.02338089980185032,0.046614870429039,-0.02722936123609543,0.11322292685508728,-0.04417581483721733,-0.04805782809853554,0.061901770532131195,-0.05698837712407112,-0.09607791900634766,0.04312880337238312,0.002868145704269409,0.02233186736702919,0.013166094198822975,-0.0010663780849426985,-0.01230704691261053,0.0353449285030365,0.041889749467372894,-0.08928777277469635,-0.014135266654193401,-0.03309232369065285,-0.05772992596030235,0.00842520222067833,0.02995467744767666,-0.05504157394170761,-0.010360737331211567,0.14160025119781494,-0.02053188718855381,-0.019751643761992455,-0.08511801809072495,-0.05788244679570198,-0.04308899864554405,-0.0332929752767086,-0.004231447819620371,0.050049323588609695,0.0145796537399292,-1.4289612160212073e-08,-0.0686868205666542,0.0695757195353508,-0.04555961489677429,-0.01555800624191761,0.04721507802605629,0.017687110230326653,-0.016945475712418556,-0.0637456551194191,0.027366355061531067,0.051013510674238205,-0.001977129839360714,0.02080310322344303,0.002412674715742469,0.02701619826257229,0.037828367203474045,-0.023131128400564194,0.04438905045390129,0.03723745793104172,-0.06111425161361694,-0.014793909154832363,0.04811195656657219,0.0844457671046257,-0.0513172522187233,-0.06717759370803833,-0.01612076908349991,0.121304452419281,0.008926797658205032,0.10540655255317688,0.013573703356087208,0.02972579561173916,0.02436005137860775,0.037083446979522705,0.007287840824574232,-0.08456425368785858,0.028919054195284843,0.001869912724941969,0.021891018375754356,0.00011977973190369084,-0.0014954026555642486,0.020718781277537346,-0.026990581303834915,0.09543213993310928,-0.01923719234764576,-0.026147734373807907,0.006800326518714428,0.008882987312972546,-0.032947953790426254,0.01852506399154663,-0.056215040385723114,-0.016260089352726936,0.08029921352863312,-0.057935234159231186,-0.010716289281845093,-0.038546398282051086,0.04920672997832298,-0.01924176886677742,0.030662696808576584,-0.013890289701521397,-0.05247567221522331,0.008741714060306549,0.02092583477497101,-0.04178012162446976,0.06083325669169426,0.01049613393843174
  -0.06351675093173981,-0.006780444178730249,-0.029508214443922043,0.024606836959719658,0.03288496285676956,0.09007444232702255,0.061217743903398514,-0.0726584866642952,-0.0033024863805621862,-0.019652361050248146,0.030097613111138344,-0.07424882799386978,0.011093857698142529,-0.009829684160649776,0.02175953984260559,0.04804803803563118,0.01096554845571518,-0.017120784148573875,-0.08997521549463272,-0.10268916934728622,-0.04373021423816681,-0.024324364960193634,-0.018700357526540756,0.013473272323608398,-0.0587942898273468,-0.030717844143509865,0.01704854890704155,0.027602987363934517,0.06976848095655441,-0.02431836910545826,0.02747455984354019,0.002977770520374179,-0.024267204105854034,0.007226880174130201,-0.04141519218683243,0.05803143233060837,0.030060146003961563,0.020560001954436302,0.05405080318450928,0.013590446673333645,-0.08888163417577744,-0.006471710279583931,-0.015536976046860218,-0.007773864082992077,0.023946253582835197,-0.02124760113656521,-0.036615218967199326,-0.05867798998951912,-0.01986306719481945,-0.08136209100484848,0.11743622273206711,-0.024566972628235817,-0.039141178131103516,-0.062211692333221436,0.02843375690281391,-0.035616885870695114,-0.03126950189471245,-0.03879023715853691,-0.02632196806371212,-0.03284729644656181,0.018396763131022453,-0.052355896681547165,-0.01585962623357773,0.0541587769985199,0.11225299537181854,-0.061322636902332306,-0.015958962962031364,0.13850341737270355,-0.0022146645933389664,-0.06148115172982216,-0.0045583732426166534,0.047853123396635056,0.0667143315076828,0.025538811460137367,0.07415973395109177,0.024629587307572365,0.009016015566885471,-0.012080368585884571,0.021560031920671463,0.008810610510408878,0.03879052773118019,0.020005013793706894,-0.03272496536374092,0.008519399911165237,0.028710538521409035,-0.0187543798238039,-0.03107040748000145,-0.03406072035431862,-0.08704902231693268,0.034447118639945984,-0.09462641179561615,0.024998517706990242,0.13026151061058044,-0.008698239922523499,0.013040633872151375,-0.03693303093314171,0.044347263872623444,-0.05464095622301102,0.09829750657081604,0.12724873423576355,0.008052834309637547,0.029514459893107414,0.010420456528663635,-0.002991259563714266,-0.09736596792936325,-0.11913637816905975,-0.027742817997932434,0.012976841069757938,-0.02288033626973629,-0.02595849335193634,-0.026916757225990295,-0.01754576526582241,-0.052927955985069275,0.028465069830417633,0.009263508953154087,0.00582503667101264,0.10536698251962662,-0.015482679009437561,0.09167829155921936,0.04843159765005112,-0.06893887370824814,0.0019675956573337317,-0.004367281217128038,-0.008722259663045406,0.012226071208715439,-0.014691468328237534,-0.06371372938156128,-5.464660545963713e-33,-0.010581118054687977,-0.11215126514434814,-0.007941614836454391,0.08552640676498413,0.01817537099123001,-0.014337331056594849,-0.026729602366685867,-0.020451204851269722,-0.10892321169376373,-0.009776494465768337,-0.015493866056203842,0.060014307498931885,0.020188692957162857,0.00668351212516427,0.0706983357667923,-0.012843267060816288,-0.03341108188033104,0.03811232000589371,-0.043781038373708725,0.008253363892436028,0.023477816954255104,0.07574550062417984,-0.02324559912085533,0.04626563563942909,-0.03364767134189606,-0.0033106848131865263,0.006318891420960426,-0.044904205948114395,0.04976138472557068,0.015912529081106186,-0.04124559462070465,0.07056941092014313,-0.058169297873973846,0.00251318933442235,0.06450045853853226,0.048281699419021606,-0.022138403728604317,-0.028489975258708,0.052339933812618256,-0.04057323560118675,-0.021593738347291946,-0.02532806061208248,-0.011824478395283222,-0.023958060890436172,0.1133505180478096,0.11710896342992783,0.10037682950496674,-0.03044181503355503,-0.06368676573038101,0.09328058362007141,-0.06636928766965866,0.01806005649268627,-0.02559431828558445,-0.013952269218862057,0.08002372831106186,-0.06321673095226288,-0.033641062676906586,0.08901534974575043,0.0832311362028122,-0.06577605754137039,-0.013741283677518368,0.053229920566082,-0.0607251413166523,-0.00615872535854578,0.10233190655708313,0.02030140347778797,0.012768843211233616,-0.024619363248348236,0.034530285745859146,0.039101243019104004,0.009055983275175095,-0.03703644126653671,-0.025072984397411346,0.07053615152835846,-0.07522767037153244,0.007418675348162651,-0.010059230960905552,0.06880369037389755,0.037347521632909775,-0.08149368315935135,-0.05707086622714996,0.035710569471120834,-0.023043857887387276,-0.0412684828042984,-0.008486027829349041,0.01431562565267086,0.06568994373083115,-0.048837970942258835,0.08294599503278732,-0.03159342333674431,-0.012156382203102112,-0.008507940918207169,0.01852327212691307,-0.06139592081308365,-0.049690861254930496,2.7398437022645263e-33,-0.007257965859025717,0.013996593654155731,-0.055465590208768845,-0.0892629623413086,0.022486666217446327,-0.0070554474368691444,0.04837719723582268,-0.04297054186463356,0.03619431331753731,0.07066387683153152,-0.06598018854856491,-0.004393822513520718,0.15341323614120483,0.04170244559645653,-0.1251670867204666,-0.049717579036951065,-0.012832186184823513,0.07711713761091232,-0.003268627682700753,0.05539610981941223,0.03655731678009033,0.007294223643839359,0.06476370245218277,0.017674069851636887,0.014727706089615822,0.08374867588281631,-0.031376712024211884,-0.018916359171271324,-0.06437134742736816,-0.09887466579675674,0.007501133251935244,-0.05867951363325119,-0.051649853587150574,0.003980889916419983,-0.010618926957249641,-0.06548549234867096,0.04010624438524246,0.051556218415498734,0.006752928718924522,0.027012266218662262,-0.06544696539640427,-0.04203731566667557,-0.048501212149858475,0.08161360770463943,0.0061189644038677216,0.0682077631354332,-0.07325463742017746,-0.04834330081939697,0.014263386838138103,-0.05080099776387215,-0.0654989629983902,-0.06122732162475586,0.048938944935798645,-0.06042809784412384,0.040465161204338074,-0.05970877408981323,0.09795146435499191,-0.015219278633594513,-0.032934486865997314,0.0450553335249424,-0.01740376278758049,0.01731186732649803,-0.06419416517019272,0.06913850456476212,0.022153690457344055,-0.07477755099534988,-0.03809179738163948,-0.05877832695841789,-0.015891747549176216,0.0030171319376677275,0.005045895930379629,-0.07895874977111816,-0.057032931596040726,-0.08123479038476944,-0.008541535586118698,0.028175020590424538,0.021906761452555656,-0.016856418922543526,-0.044225405901670456,0.07083957642316818,-0.09421312808990479,-0.06525767594575882,0.04895675182342529,0.03272025287151337,0.03915257379412651,0.08587753027677536,0.0045172651298344135,-0.00531372707337141,0.014361155219376087,-0.06018614023923874,-0.04998847097158432,0.00156409852206707,-0.08714941143989563,-0.025961831212043762,0.021314462646842003,-1.3613260740896749e-08,0.08166714757680893,0.06488858908414841,-0.019288502633571625,0.05516218766570091,-0.0571313239634037,0.03416029363870621,-0.09125171601772308,-0.027270250022411346,-0.004442857578396797,0.1477425992488861,-0.03831946477293968,0.004885171074420214,-0.014191802591085434,0.1082175225019455,0.10425945371389389,0.02708842232823372,-0.002605052897706628,-0.014367083087563515,-0.010759903118014336,0.017340876162052155,0.010928510688245296,0.019323207437992096,0.02461688406765461,-0.05129658430814743,0.018910225480794907,0.03118237853050232,-0.062277328222990036,-0.0409005731344223,-0.04448652267456055,-0.014382909052073956,0.040519606322050095,0.05202746018767357,-0.0910569578409195,-0.024266324937343597,-0.06614823639392853,0.05619116872549057,-0.0355101078748703,0.060386862605810165,0.007821735925972462,-0.02244100719690323,-0.021756568923592567,-0.03132403641939163,0.045211803168058395,0.03388261795043945,0.00530150905251503,-0.008211459964513779,-0.017636924982070923,0.03703407198190689,-0.042668770998716354,0.01567205600440502,-0.0065430812537670135,-0.04549067094922066,0.0337601862847805,0.02917208895087242,0.10993703454732895,-0.03760271891951561,0.008709561079740524,0.030372049659490585,0.010394890792667866,0.03782319277524948,0.11941586434841156,-0.020463284105062485,0.009421860799193382,0.0015982574550434947
  -0.015686795115470886,-0.06560511887073517,-0.026113545522093773,-0.06125735118985176,0.00855605024844408,0.024299385026097298,-0.029780127108097076,0.048484962433576584,-0.002716935472562909,-0.05128015950322151,0.0263071171939373,0.09612218290567398,0.09056372195482254,-0.006938332691788673,0.043864309787750244,0.03142818808555603,-0.027819551527500153,-0.043303102254867554,0.03849369287490845,-0.039860937744379044,0.035213325172662735,-0.0016213569324463606,-0.015848925337195396,0.025993429124355316,-0.14403356611728668,-0.0048029362224042416,0.045576002448797226,0.024860648438334465,0.018922431394457817,-0.07337682694196701,0.031078539788722992,0.06102152168750763,0.03627263009548187,-0.03256530687212944,-0.013907389715313911,-0.023761773481965065,0.04459192603826523,-0.017435671761631966,0.03614548221230507,0.014661287888884544,0.00344040896743536,-0.06523089110851288,-0.09136256575584412,-0.044282156974077225,0.10072162747383118,-0.035332437604665756,-0.006106684450060129,-0.01512571144849062,0.0068801636807620525,0.09034843742847443,-0.07811468839645386,-0.07734190672636032,-0.026051262393593788,-0.09536570310592651,0.027442168444395065,0.0011497274972498417,-0.005610902328044176,-0.025755224749445915,-0.00540078105404973,-0.07121694087982178,0.03343510627746582,0.009563324972987175,-0.021616430953145027,0.012652712874114513,-0.047337908297777176,0.01816600188612938,-0.06358212232589722,0.08328349143266678,-0.01043285895138979,-0.038918644189834595,0.03565887734293938,-0.09570403397083282,-0.10359788686037064,-0.06007486209273338,-0.007602051831781864,-0.0022195896599441767,0.07592014968395233,0.03608975559473038,0.02225089818239212,-0.011003795079886913,-0.052744876593351364,0.037363652139902115,-0.058364201337099075,0.0207576435059309,-0.07794729620218277,-0.03364187479019165,-0.052573736757040024,0.0012874301755800843,0.10988780856132507,0.011927174404263496,-0.016967788338661194,0.03865472227334976,-0.03153528273105621,-0.050818540155887604,-0.08120499551296234,0.07155977189540863,-0.01665285788476467,0.030546996742486954,0.03466230258345604,0.014667510986328125,-0.01606425642967224,0.03816070407629013,0.024400724098086357,-0.005189552437514067,-0.05591672286391258,-0.02529020421206951,0.0014487748267129064,0.06783697009086609,0.07362391799688339,0.06786134093999863,0.03436390683054924,-0.04310200363397598,0.00657995231449604,-0.04437069222331047,0.06371834129095078,-0.0444546714425087,-0.025695640593767166,-0.005444237031042576,0.05574565380811691,0.029020214453339577,0.013711883686482906,0.1002415344119072,0.08187934011220932,-0.05474337935447693,-0.12952110171318054,0.01897186040878296,-0.049641288816928864,-2.6340365373920506e-33,-0.04584573954343796,0.014136925339698792,0.011275460943579674,0.15420763194561005,0.023240670561790466,0.0026953788474202156,0.026317330077290535,0.007545627187937498,-0.002112440764904022,-0.04322529584169388,-0.037957679480314255,0.014847615733742714,-0.029884133487939835,-0.006039290223270655,0.11258833110332489,-0.03417561948299408,-0.09138552099466324,0.00967324897646904,0.04623923450708389,-0.03563864901661873,0.011454557999968529,-0.06313984841108322,0.04740271717309952,0.02629353664815426,0.07877087593078613,0.029293928295373917,0.06683890521526337,0.0667915791273117,-0.04012931510806084,0.008884560316801071,0.11871033161878586,0.07589952647686005,-0.011519890278577805,0.0150544298812747,-0.09229138493537903,0.030280647799372673,-0.0677764043211937,-0.04005594179034233,0.023572556674480438,-0.033822037279605865,-0.0551704540848732,-0.046688634902238846,-0.015081229619681835,0.0915469154715538,-0.0477139912545681,0.028601573780179024,0.06351151317358017,0.01109947171062231,0.035988375544548035,-0.055173974484205246,-0.021101653575897217,-0.016725042834877968,0.04137839749455452,-0.03750687092542648,0.014913123100996017,-0.020235281437635422,-0.04724790155887604,-0.09094107151031494,0.024549253284931183,0.06453152000904083,-0.0066467514261603355,0.08793555200099945,0.04914310947060585,0.0727335661649704,0.03966744616627693,0.04460833966732025,0.05410342663526535,-0.04527414217591286,0.007967017590999603,0.013130088336765766,0.015196461230516434,-0.028770115226507187,0.04048098251223564,-0.018438151106238365,-0.05938992649316788,-0.026954693719744682,-0.05119747668504715,0.009002464823424816,-0.015432823449373245,0.042961325496435165,0.003510357579216361,0.0008230778621509671,0.009438819251954556,0.017289716750383377,0.024751530960202217,-0.026679424569010735,0.04838483780622482,-0.0228953305631876,-0.009581281803548336,0.044075120240449905,-0.012715629301965237,0.05345261096954346,0.011693519540131092,0.07608865946531296,0.0403604730963707,9.336552144173142e-34,0.061125997453927994,-0.034393440932035446,0.0492328442633152,-0.008920570835471153,0.09166884422302246,-0.09376297891139984,-0.054731354117393494,0.025260455906391144,-0.10543400049209595,-0.010181120596826077,0.043241601437330246,-0.0652996376156807,-0.008611314930021763,0.09400038421154022,-0.002260389504954219,0.00331110879778862,0.08707959949970245,-0.14023219048976898,0.011506414972245693,-0.025216735899448395,0.002763566095381975,0.06805335730314255,-0.10837947577238083,0.011655610054731369,-0.029414772987365723,0.059529393911361694,-0.0973438173532486,0.006781319156289101,0.07779686897993088,0.008371650241315365,0.0215928815305233,-0.017053894698619843,0.07240133732557297,0.045579537749290466,0.026653356850147247,0.02146182768046856,-0.00923063512891531,-0.08868647366762161,0.1324019432067871,-0.03367689996957779,-0.03589347004890442,-0.03866356238722801,0.00030464367591775954,0.049116350710392,0.07309610396623611,-0.008679427206516266,0.034536320716142654,-0.04477349668741226,0.06526627391576767,-0.10841331630945206,0.03648703545331955,0.022327076643705368,0.01283384207636118,-0.08181274682283401,-0.04752691462635994,0.07113255560398102,0.05968637391924858,-0.05989348888397217,0.020015899091959,0.0008502097916789353,0.038518548011779785,0.03717873618006706,0.013524355366826057,-0.02555583044886589,-0.013074163347482681,0.05979212746024132,0.03219572454690933,0.009001451544463634,-0.028139924630522728,-0.07160943001508713,-0.0266283992677927,0.06769829988479614,-0.06175477057695389,-0.02285340428352356,-0.03557262569665909,-0.029075726866722107,-0.04583561047911644,-0.022987568750977516,-0.036404430866241455,-0.02240826189517975,-0.09905210882425308,-0.009937236085534096,-0.024537717923521996,0.09556946903467178,-0.04982602596282959,-0.04668986424803734,-0.07051067799329758,-0.03458823636174202,-0.015253100544214249,-0.035179734230041504,-0.12055869400501251,0.02689884416759014,-0.0652114599943161,0.1500396579504013,0.07040432095527649,-1.7674510743859173e-08,-0.04935542494058609,0.03375943377614021,0.1102970764040947,0.00869580265134573,-0.01894841529428959,-0.07043921947479248,-0.0008810015860944986,-0.0695701465010643,0.04182334989309311,0.0023286615032702684,-0.06818676739931107,-0.0014001376694068313,-0.049095310270786285,0.1132955253124237,0.012895150110125542,-0.021463006734848022,-0.013657541945576668,0.029371341690421104,-0.0037239049561321735,-0.00956573523581028,0.060464046895504,0.03251435607671738,0.060076113790273666,-0.042003385722637177,0.04848027229309082,-0.05925704538822174,0.016638796776533127,-0.030401283875107765,0.004746831022202969,-0.00956794898957014,0.007207950111478567,-0.02188982255756855,-0.0028530461713671684,0.0723583921790123,0.006754739210009575,-0.10571897029876709,0.019481418654322624,-0.002810861449688673,-0.028876231983304024,-0.004934793803840876,-0.02789093554019928,-0.03483758121728897,-0.04948665201663971,0.0721881240606308,-0.03501534461975098,-0.008774148300290108,-0.015053906477987766,-0.07808851450681686,-0.06721393764019012,0.04117855802178383,-0.007843846455216408,0.062092285603284836,0.01431479025632143,-0.03265916183590889,-0.026375986635684967,0.029536735266447067,0.08065114915370941,-0.0429617203772068,-0.019148649647831917,-0.008962045423686504,-0.006565473973751068,-0.07269851118326187,0.09809844195842743,0.028774462640285492
  -0.056760381907224655,-0.06018740311264992,-0.03468771278858185,-0.03370263800024986,0.0048890495672822,0.07636993378400803,-0.025203578174114227,0.0834130048751831,0.0038184092845767736,-0.08284024149179459,0.014044568873941898,0.11618928611278534,0.11949263513088226,-0.05739740654826164,-0.007708017714321613,-0.0047587864100933075,-0.012783344835042953,-0.010617977939546108,-0.11550305038690567,-0.036302294582128525,-0.007945923134684563,-0.02164953015744686,-0.1159500926733017,0.013990752398967743,-0.057078659534454346,-0.05555031821131706,0.02113090455532074,0.01820279285311699,0.025093523785471916,-0.08260791748762131,0.006567079108208418,-0.018939737230539322,0.009600197896361351,-0.0067883627489209175,0.043709948658943176,0.04157093167304993,0.07884154468774796,-0.00476763816550374,0.09063263237476349,0.004732182249426842,-0.03848337382078171,-0.047490160912275314,-0.06368928402662277,-0.08382809907197952,0.08082187175750732,-0.08971948176622391,0.013883852399885654,0.01384914293885231,0.009660400450229645,0.014260012656450272,-0.017833301797509193,-0.07177253812551498,0.0037507321685552597,-0.041330598294734955,0.02796071767807007,-0.013185350224375725,-0.006154333706945181,-0.05092489346861839,-0.0005135454703122377,-0.0030441645067185163,0.09075392782688141,0.013169420883059502,0.016812611371278763,0.01807439886033535,0.001420467859134078,0.049602314829826355,-0.10496430844068527,0.05405889078974724,-0.02203250862658024,-0.018073400482535362,0.020061099901795387,-0.08581805974245071,-0.10155937820672989,-0.07887589931488037,0.017905863001942635,-0.042902667075395584,0.05772198364138603,0.06846081465482712,0.06405399739742279,0.036126695573329926,0.028656387701630592,-0.0035722884349524975,-0.06914631277322769,-0.00949619710445404,-0.11730660498142242,-0.022285474464297295,-0.003520059399306774,-0.023925745859742165,0.15483762323856354,-0.0010816092835739255,-0.030275803059339523,0.094164177775383,0.00898312870413065,0.0008574316161684692,-0.008903510868549347,0.05083099380135536,-0.021623993292450905,-0.0016320314025506377,-0.044899679720401764,0.06095999851822853,0.012031370773911476,0.06743175536394119,0.08471502363681793,0.007242114748805761,-0.05228615179657936,-0.05322739854454994,0.027942458167672157,0.03195561096072197,0.02557498775422573,0.052000466734170914,0.01688007079064846,-0.00029491420718841255,0.04748249799013138,-0.013980820775032043,0.054141540080308914,-0.04471559077501297,-0.07796964049339294,-0.02457829937338829,0.043500032275915146,-0.013970562256872654,0.04064461961388588,0.09018954634666443,0.0226368959993124,-0.09378194808959961,-0.05169367790222168,-0.019435569643974304,-0.06673958152532578,-1.691394025814227e-33,-0.009568593464791775,0.07667563855648041,0.040392838418483734,0.11153878271579742,0.07090069353580475,-0.006847592536360025,-0.03423716127872467,-0.0244874507188797,-0.0679120123386383,-0.04345840588212013,-0.030776238068938255,0.023399977013468742,-0.0009895691182464361,-0.05389215424656868,0.05544182285666466,0.0163556057959795,-0.05955887958407402,-0.007072811480611563,0.03414994478225708,-0.07365529984235764,0.04539623484015465,-0.039481669664382935,0.014529689215123653,-0.02890731580555439,0.04465604946017265,0.03969266638159752,0.10135634243488312,0.07218823581933975,-0.045815177261829376,0.04394962638616562,0.06691743433475494,0.050234828144311905,-0.05468982458114624,0.02623148076236248,-0.06714219599962234,0.027979804202914238,-0.05275074392557144,-0.002365239430218935,0.00457665603607893,-0.08092445135116577,-0.10031906515359879,0.05013639107346535,-0.017339644953608513,0.04702434688806534,0.04964694753289223,0.031553152948617935,0.04044701159000397,-0.019050607457756996,0.012710739858448505,-0.05639200285077095,-0.0010429361136630177,0.019331563264131546,-0.0011672822292894125,-0.07519803941249847,-0.05812156945466995,-0.049565255641937256,-0.010771039873361588,-0.04476311430335045,0.0028287710156291723,0.006070675794035196,0.04422977566719055,0.007844054140150547,0.018836621195077896,0.062469273805618286,0.14787153899669647,0.06135381758213043,0.06020793691277504,-0.0016354264225810766,-0.00038177124224603176,0.04031679034233093,0.007714253384619951,-0.04598969221115112,-0.027815071865916252,-0.043709468096494675,-0.07757027447223663,-0.0745108425617218,-0.05372060090303421,0.021950053051114082,0.01615544594824314,0.00047252021613530815,-0.06286317110061646,-0.028158029541373253,-0.03326432406902313,0.027750015258789062,-0.012926462106406689,0.009294400922954082,0.051259517669677734,-0.023335296660661697,0.021914754062891006,0.0017033044714480639,0.01706654205918312,0.04982790723443031,0.04234551638364792,0.019687535241246223,0.009012408554553986,2.324500819076466e-34,0.024895675480365753,-0.026731811463832855,0.013894380070269108,0.03011414222419262,0.06491298973560333,-0.07451432198286057,0.008892274461686611,0.03798653557896614,-0.12305717170238495,-0.014997134916484356,0.012866252101957798,-0.05240548774600029,-0.012407196685671806,0.10258345305919647,0.026554498821496964,-0.05267442390322685,0.10024747997522354,-0.10663282871246338,0.017077086493372917,-0.027586154639720917,0.05590979754924774,0.011160817928612232,-0.05725320428609848,0.05496522784233093,0.01485151331871748,0.03191370517015457,-0.11709326505661011,-0.007092209532856941,0.04454667121171951,-0.042983949184417725,0.012953239493072033,0.06535665690898895,0.0462702214717865,0.0750010535120964,-0.03600051626563072,0.05562710762023926,-0.03437405452132225,-0.13775718212127686,0.08299467712640762,-0.03925932198762894,-0.0482461117208004,0.018558278679847717,-0.02088097482919693,0.021265147253870964,0.06655917316675186,0.025167567655444145,0.09215231239795685,-0.07307641953229904,0.06623870134353638,-0.0972006618976593,0.07707702368497849,-0.034150656312704086,-0.03406422585248947,-0.011307386681437492,0.00344473822042346,0.08300009369850159,0.09682165086269379,-0.043660543859004974,-0.03726864978671074,0.03301049396395683,-0.03903147578239441,0.002041078405454755,-0.0035593456123024225,0.07687811553478241,-0.009232933633029461,0.04132329672574997,-0.029272666200995445,0.024696044623851776,0.00808709766715765,-0.07505066692829132,0.01596834324300289,0.08063139766454697,-0.01721278391778469,-0.007861895486712456,-0.06915244460105896,-0.028302282094955444,-0.06196741387248039,-0.00023360409250017256,-0.09718918800354004,0.009648745879530907,-0.05357281491160393,-0.017780663445591927,-0.024864308536052704,0.022008016705513,0.0029026209376752377,-0.04094981029629707,0.023117883130908012,0.0014433028409257531,-0.01987404003739357,-0.01806284300982952,-0.1519239991903305,0.026994993910193443,-0.07096479833126068,0.11295603960752487,0.01065864134579897,-1.6210535136451654e-08,-0.020444290712475777,0.09628854691982269,0.008986500091850758,0.004861339461058378,-0.027959784492850304,-0.058648210018873215,-0.012914675287902355,-0.06636647880077362,-0.012018734589219093,0.039429452270269394,-0.13680854439735413,-0.050548993051052094,-0.014785976149141788,0.12576889991760254,-0.018996095284819603,0.04202468693256378,0.016848905012011528,-0.007678054738789797,-0.005045101046562195,0.020639847964048386,0.11390958726406097,0.0501297302544117,0.04797706380486488,-0.026435045525431633,0.08380236476659775,0.0015062231104820967,-0.023468345403671265,-0.05205274745821953,-0.0091641154140234,0.023262320086359978,0.03883444517850876,-0.012412148527801037,-0.022366764023900032,0.013558109290897846,-0.056762684136629105,-0.008338567800819874,0.011853471398353577,-0.007895930670201778,-0.03288544714450836,-0.04049673303961754,0.011742214672267437,0.03762945160269737,-0.015757227316498756,0.026737380772829056,-0.022307323291897774,-0.003694783663377166,-0.0037587936967611313,-0.04429143667221069,-0.02169567160308361,0.0037614142056554556,-0.005026498343795538,0.02032451517879963,0.01586485281586647,-0.04908759519457817,-0.006742862053215504,-0.030457332730293274,0.04256395250558853,0.02112681232392788,-0.04604825749993324,0.004965175874531269,0.03691059350967407,-0.06541154533624649,0.09328964352607727,0.0017697821604087949
  -0.033839039504528046,-0.08193240314722061,0.008639641106128693,-0.018062785267829895,0.0009016642579808831,0.002582990098744631,-0.07383878529071808,-0.00047313072718679905,0.003599124727770686,-0.0460621602833271,0.03819148242473602,0.06182410567998886,0.07492171227931976,-0.02881111204624176,0.04000461474061012,0.015295331366360188,0.011878054589033127,-0.04489881917834282,0.029337462037801743,-0.11714930087327957,-0.062214985489845276,0.008135021664202213,-0.05738268047571182,0.026812521740794182,-0.11818461120128632,-0.05486290156841278,0.031287722289562225,0.03953877463936806,-0.03488674387335777,-0.10285470634698868,-0.002399054355919361,0.0015009226044639945,0.09154348075389862,0.014125177636742592,-0.04916161671280861,-0.02095692977309227,0.03263362497091293,-0.032420814037323,0.07193686068058014,0.023723499849438667,0.032393548637628555,-0.02975158765912056,-0.06270725280046463,-0.02350914105772972,0.07607011497020721,-0.0521082729101181,0.01678619161248207,-0.052891407161951065,0.015938665717840195,0.060622069984674454,-0.028427673503756523,-0.05612475052475929,-0.046242937445640564,-0.058145493268966675,0.03537837415933609,-0.002308432012796402,0.016324561089277267,-0.12416410446166992,-0.02474110946059227,-0.09329169988632202,0.009662715718150139,0.023112332448363304,-0.006601608823984861,0.007994171231985092,0.0007351184030994773,0.03227229043841362,-0.06985317170619965,0.08586247265338898,-0.0523083321750164,-0.032030150294303894,0.028382373973727226,-0.07564100623130798,-0.06995343416929245,-0.05840737745165825,0.033263757824897766,-0.03834642469882965,0.003874971065670252,0.028414392843842506,0.0634210929274559,0.04513175040483475,0.0008006642456166446,0.06734234094619751,-0.05155031383037567,-0.02596130780875683,-0.12626343965530396,0.006277664098888636,0.006583001464605331,0.02894417941570282,0.05822346732020378,-0.001063366886228323,-0.016994977369904518,-0.0033097201958298683,-0.02517169900238514,-0.01620836742222309,-0.006480316165834665,0.05884897708892822,-0.027761055156588554,0.04088088497519493,0.029397865757346153,-0.012040771543979645,0.06731075048446655,0.09299628436565399,0.01985313557088375,-0.05394637584686279,-0.05156679078936577,-0.04222676903009415,0.0002004482230404392,0.06941443681716919,0.057737596333026886,0.026992158964276314,0.11967205256223679,-0.015280596911907196,-0.015495111234486103,-0.07439165562391281,0.03865034878253937,-0.002390666399151087,0.0289918165653944,0.0011664986377581954,0.008584816940128803,-0.0003674380131997168,0.010297670029103756,0.09978200495243073,0.06832291930913925,-0.024457966908812523,-0.05917910858988762,-0.000745353871025145,-0.08165452629327774,-2.560029617116187e-33,-0.06798354536294937,0.01651865802705288,0.009936155751347542,0.08835641294717789,0.07629740238189697,0.04520178586244583,0.05499165877699852,-0.019732540473341942,-0.011085917241871357,-0.030050354078412056,-0.10330240428447723,-0.0174032524228096,-0.003735520411282778,-0.025810647755861282,0.05305291339755058,-0.0774814561009407,-0.0340927392244339,-0.005635409615933895,0.0472743883728981,-0.03175875172019005,0.05105670168995857,-0.04330304637551308,0.02338939532637596,-0.033854566514492035,0.08653572201728821,0.0405820868909359,0.06875604391098022,0.11030330508947372,0.0319015271961689,0.005007303785532713,0.11349136382341385,0.04710474982857704,-0.016930576413869858,0.08748020976781845,-0.07093830406665802,-0.008366401307284832,-0.0598740316927433,-0.030329078435897827,0.0366704948246479,-0.07427994906902313,-0.05212630704045296,-0.008531471714377403,-0.04184601083397865,0.06181604415178299,-0.0688273012638092,0.049292128533124924,0.027978982776403427,-0.04209372028708458,-0.004143363330513239,-0.047502338886260986,-0.018765674903988838,0.03842172026634216,0.04125804454088211,-0.05132869631052017,0.03534562885761261,-0.013421064242720604,-0.009033364243805408,-0.07787314802408218,0.018912335857748985,0.05203592777252197,0.006606328766793013,0.09168691188097,0.031067349016666412,0.1338045746088028,0.055739618837833405,0.03876494988799095,0.02403513342142105,-0.050789665430784225,0.01977766864001751,0.02060799114406109,0.03969023376703262,-0.042998913675546646,-0.015390584245324135,0.020585576072335243,-0.06460146605968475,-0.055729083716869354,-0.09014073014259338,0.0650208368897438,-0.0366503931581974,-0.008228199556469917,-0.06437800824642181,-0.024694899097085,-0.020451417192816734,0.0973198190331459,-0.02507295086979866,-0.03976228088140488,0.06488976627588272,0.03272886574268341,0.06626104563474655,0.03975239396095276,-0.017422154545783997,0.08823943883180618,-0.02322915755212307,0.05786062777042389,0.04576911777257919,6.4585617744060885e-34,0.09812269359827042,0.03007030114531517,0.030867990106344223,-0.00989010464400053,0.021003592759370804,-0.1001700758934021,-0.009501717053353786,0.01819033734500408,-0.0715004950761795,0.011259300634264946,0.03598449379205704,0.012684393674135208,-0.02999984286725521,0.07721859961748123,0.05491120368242264,0.021659960970282555,0.08124863356351852,-0.09299913048744202,0.000632396899163723,0.006757086142897606,0.016510160639882088,0.03364305943250656,-0.04908201843500137,0.0010916035389527678,0.002091709990054369,0.07616794854402542,-0.04041888192296028,-0.023274889215826988,-0.0017512344056740403,-0.018359389156103134,0.017607957124710083,0.012554438784718513,0.0567435659468174,-0.008059983141720295,-0.055480506271123886,0.01756480522453785,-0.02772439271211624,-0.01942673698067665,0.13231682777404785,-0.011315741576254368,-0.07092231512069702,-0.021377386525273323,-0.007500452920794487,0.010571200400590897,0.01952328532934189,-0.02415880374610424,0.12916427850723267,-0.0618852898478508,0.09298446774482727,-0.09324204176664352,-0.05797474831342697,0.007903418503701687,0.02573206089437008,-0.06948893517255783,0.0058403899893164635,0.06892260909080505,0.006229371298104525,0.00919267162680626,0.023334871977567673,-0.0367729589343071,-0.04421839490532875,0.05129149183630943,0.03480057418346405,-0.022999554872512817,0.008608542382717133,0.06960166990756989,-0.013312902301549911,-0.012361119501292706,0.01698572002351284,-0.04809960350394249,-0.01223884429782629,0.07201862335205078,0.010940298438072205,0.03925909101963043,-0.024495288729667664,-0.04367949068546295,-0.08153973519802094,0.0009829566115513444,-0.05451110377907753,0.0362064391374588,-0.028084706515073776,-0.014920998364686966,0.01056944951415062,0.13446658849716187,-0.03567769005894661,-0.023382030427455902,0.03443650156259537,-0.02970670722424984,-0.01407270971685648,-0.0983634889125824,-0.13812653720378876,0.057086098939180374,-0.05013084411621094,0.03898843005299568,0.05777716636657715,-1.4936739844984004e-08,-0.11179479956626892,0.02480543591082096,0.05802405998110771,0.0028456037398427725,-0.03202375769615173,-0.08208836615085602,0.029344119131565094,-0.03352995961904526,0.019285885617136955,0.032493844628334045,-0.07970927655696869,0.012381767854094505,-0.07855025678873062,0.12220460176467896,-0.03401046246290207,0.014396877028048038,0.011172003112733364,0.03805691748857498,0.01129786018282175,-0.049665894359350204,0.04441629722714424,0.09184946119785309,0.0669422298669815,-0.0032073836773633957,0.0550767183303833,-0.008641136810183525,0.02736091800034046,-0.09409733861684799,0.0330822579562664,0.017610330134630203,0.07032062113285065,-0.018963679671287537,-0.04227665066719055,0.02463778667151928,0.010950557887554169,-0.0664190724492073,-0.024032240733504295,-0.005332770757377148,-0.015286199748516083,-0.06087959557771683,-0.05883631855249405,-0.03928179293870926,-0.005108496639877558,0.033890098333358765,-0.09753885865211487,-0.06289495527744293,-0.07717806100845337,-0.03697497025132179,-0.019862288609147072,-0.01019239891320467,0.023840952664613724,0.07001008838415146,0.02569032460451126,-0.029821811243891716,0.024356836453080177,-0.05465749278664589,0.025812162086367607,-0.025577455759048462,-0.025420069694519043,-0.01132369413971901,0.0032000443898141384,-0.1097349002957344,0.09041262418031693,-0.0269858930259943
  --0.02065720595419407,-0.03974952921271324,-0.042527709156274796,-0.020552484318614006,0.018617896363139153,0.06069481000304222,-0.0022529715206474066,0.0714545026421547,0.008747903630137444,-0.05226460099220276,-0.0384504497051239,0.09868727624416351,0.08569717407226562,0.02133697271347046,0.05368606001138687,-0.011416341178119183,0.007918662391602993,0.022126249969005585,-0.0044646780006587505,-0.05357067659497261,-0.008429479785263538,-0.03135441243648529,-0.028330981731414795,-0.014989316463470459,0.020239338278770447,-0.02534109726548195,0.0024610888212919235,-0.006883259862661362,0.06037617847323418,-0.08327746391296387,-0.00021646740788128227,0.050951410084962845,0.03699834644794464,-0.009936814196407795,0.02472095564007759,-0.002149199601262808,0.018504245206713676,-0.0026875219773501158,0.05458156019449234,0.08122377842664719,-0.007624231278896332,-0.06998823583126068,-0.06334158033132553,-0.07117638736963272,0.0702223926782608,-0.06633428484201431,0.03224492445588112,-0.055269189178943634,-0.040654100477695465,0.0036975261755287647,-0.017533445730805397,-0.04404837638139725,0.009824348613619804,-0.06460985541343689,0.033722151070833206,-0.02787509374320507,-0.02330510877072811,-0.08609422296285629,0.018811754882335663,-0.024188248440623283,0.07467953115701675,-0.02386770024895668,0.006657791323959827,-0.029818085953593254,0.08333708345890045,0.0531470812857151,-0.06051868945360184,0.11488917469978333,-0.03433676436543465,-0.07047893851995468,-0.02397371456027031,-0.07473630458116531,-0.03646856173872948,-0.05762489140033722,0.07104983180761337,-0.03751850873231888,0.1147705465555191,0.07056036591529846,0.012414360418915749,-0.05634915456175804,-0.03851419314742088,0.07765946537256241,-0.07788076251745224,-0.03704725205898285,-0.09114174544811249,-0.035522472113370895,0.01299019530415535,-0.01288729626685381,0.06309793889522552,-0.023248348385095596,-0.03426234424114227,0.07568008452653885,-0.04654189571738243,-0.0491601899266243,0.023697394877672195,0.06321040540933609,-0.03012516349554062,0.019708098843693733,0.017742842435836792,0.029095040634274483,0.036528460681438446,0.09826600551605225,-0.009947998449206352,-0.026161501184105873,-0.08083973079919815,-0.054558832198381424,0.01470271311700344,0.08424413949251175,0.06308688223361969,0.037782225757837296,-0.012793892994523048,-0.01699567213654518,-0.07643670588731766,0.004189810249954462,0.04638966917991638,-0.016994213685393333,-0.0026309455279260874,-0.021662117913365364,0.022589409723877907,-0.019201502203941345,0.017160963267087936,0.07005079835653305,0.07631983608007431,-0.02821454219520092,-0.11380834132432938,-0.05549813434481621,-0.10414686799049377,-3.414030854763387e-33,-0.0657307431101799,0.13277000188827515,0.033730730414390564,0.07344627380371094,0.026284437626600266,-0.020636016502976418,0.01387420017272234,-0.012498000636696815,0.010908945463597775,-0.028735080733895302,-0.10322235524654388,0.09143286943435669,-0.02710585854947567,0.05354340374469757,0.0915897861123085,-0.022254183888435364,0.013174299150705338,0.041441239416599274,0.048753928393125534,0.0038940117228776217,0.05367780849337578,-0.025327347218990326,0.031545694917440414,0.02183970995247364,0.09505651891231537,0.008067324757575989,0.03829438239336014,0.08698175102472305,-0.07164567708969116,0.009779548272490501,0.10852512717247009,0.028594864532351494,0.029755378141999245,0.03892044350504875,-0.08688098937273026,0.004478388465940952,-0.09575776755809784,-0.003525209380313754,0.03432481735944748,-0.021632639691233635,-0.09367828071117401,0.017376858741044998,0.07099629193544388,0.04871324077248573,-0.04898771271109581,0.07425139099359512,0.014646515250205994,-0.024945050477981567,0.07435207813978195,-0.07015805691480637,0.027480022981762886,0.03259514644742012,0.03453889116644859,-0.07242982089519501,0.011449532583355904,-0.014419443905353546,-0.01579369604587555,-0.08327304571866989,0.05041447654366493,0.048973448574543,-0.009073397144675255,0.0870860293507576,0.02251235581934452,0.07128144800662994,-0.0005542312283068895,0.0009426483302377164,0.03051806055009365,-0.014652187936007977,0.00036628826637752354,-0.038574669510126114,0.014783528633415699,-0.033818308264017105,-0.014923762530088425,-0.05936669930815697,-0.025115489959716797,-0.02047870121896267,-0.04695260152220726,0.0201261043548584,0.0415874719619751,0.0048318845219910145,-0.13343584537506104,0.04426667466759682,-0.042505305260419846,-0.041946567595005035,-0.018563510850071907,-0.015067489817738533,0.06052521988749504,-0.07687059789896011,0.08001966029405594,0.04076214134693146,-0.00887410156428814,0.06918863952159882,-0.05900626257061958,-0.028775615617632866,0.06517628580331802,1.3879222512277025e-33,0.10850478708744049,0.008142760954797268,0.0042180572636425495,0.004130979534238577,0.036808617413043976,-0.0710420086979866,0.006754799745976925,0.027229778468608856,-0.06253838539123535,0.02997671440243721,0.03081965632736683,-0.005952660460025072,0.00856512226164341,0.03060176968574524,-0.0038054438773542643,0.004168777726590633,0.08465912938117981,-0.11278966069221497,0.04858861491084099,-0.038323692977428436,0.017756368964910507,0.06437011063098907,-0.047512851655483246,-0.051429033279418945,-0.034048307687044144,0.027989521622657776,-0.10093627870082855,-0.04601993411779404,-0.027918722480535507,0.009967892430722713,-0.03473030403256416,0.03265419229865074,-0.019454220309853554,0.0011624281760305166,-0.042846184223890305,-0.004603432957082987,-0.025388045236468315,-0.03505874052643776,0.10330719500780106,-0.11447111517190933,-0.05082844942808151,0.00538143515586853,-0.0018691318109631538,0.03007318265736103,0.007460567634552717,-0.02118806354701519,0.06641121208667755,-0.06494470685720444,0.08305000513792038,-0.023125896230340004,0.15095871686935425,0.0047112684696912766,0.010855639353394508,-0.0891202762722969,-0.051997341215610504,0.054070599377155304,0.00036010914482176304,-0.02031824365258217,0.02399393543601036,0.045367687940597534,0.019587352871894836,0.09079313278198242,0.00633263448253274,-0.009286533109843731,-0.0012314970372244716,-0.004064119886606932,0.018239634111523628,-0.010978685691952705,0.022061003372073174,-0.0955037921667099,0.0023931628093123436,0.041544459760189056,-0.0488104522228241,0.05424362048506737,-0.05912105366587639,0.006347006652504206,-0.03039245866239071,-0.028353819623589516,-0.06771685928106308,-0.005063347984105349,-0.08378930389881134,0.015965642407536507,-0.015368352644145489,0.02818921208381653,-0.029332919046282768,-0.04545348137617111,0.028490526601672173,-0.026313427835702896,-0.007263731677085161,-0.03408592939376831,-0.12399010360240936,-0.01646505668759346,0.025165555998682976,0.16284845769405365,0.0071256812661886215,-1.7753121639429992e-08,-0.06671719253063202,0.04235468804836273,0.06572530418634415,-0.00616532051935792,-0.10705911368131638,-0.07915152609348297,-0.0029551833868026733,0.06025699898600578,-0.011886268854141235,-0.018448906019330025,-0.08437005430459976,-0.03835790604352951,-0.02774636633694172,0.09581964462995529,-0.007633240893483162,0.05601516738533974,-0.006316538900136948,0.042298026382923126,-0.041422273963689804,-0.07848796993494034,0.09011054039001465,0.05428653210401535,0.026064788922667503,-0.0036134221591055393,0.07712362706661224,-0.011562678031623363,0.00024328914878424257,-0.0016368536744266748,-0.05542455613613129,-0.040946681052446365,0.06397797167301178,0.004878468811511993,-0.013571769930422306,0.050006505101919174,-0.00934884324669838,-0.03484676405787468,0.029231637716293335,-0.03676623851060867,-0.026688102632761,-0.016150377690792084,-0.020079441368579865,0.006487030070275068,-0.045205313712358475,0.040755655616521835,-0.056038834154605865,-0.048212748020887375,-0.10901559889316559,-0.016235316172242165,-0.005325585603713989,0.019260242581367493,0.017325082793831825,-0.02117166481912136,0.03154020756483078,-0.040565453469753265,0.0320354662835598,-0.006923727225512266,0.02599768340587616,-0.014220848679542542,-0.025453761219978333,-0.016017192974686623,0.0003690934681799263,-0.04905791953206062,0.1444520801305771,-0.045829031616449356
  -0.03963840380311012,-0.005339931696653366,0.051851265132427216,0.03407709673047066,0.018260549753904343,0.030086837708950043,-0.06946603953838348,0.022062083706259727,0.04806026443839073,-0.009411200881004333,-0.01007315143942833,0.002632267540320754,0.054409969598054886,0.012116220779716969,0.07261332869529724,-0.028494393453001976,-0.05863025784492493,-0.0016374851111322641,-0.04559893161058426,-0.07930328696966171,-0.026441723108291626,0.0003334203502163291,-0.10434433072805405,0.03276984393596649,-0.06616469472646713,-0.03768644854426384,-0.01007075421512127,0.08379127085208893,-0.06352843344211578,0.0016773606184870005,-0.05808855593204498,0.07096301019191742,-3.0170249374350533e-05,0.023298408836126328,0.045341234654188156,0.017045075073838234,0.0677938461303711,0.02209923230111599,-0.0007886781822890043,0.0111704021692276,0.00902955699712038,-0.08015406876802444,-0.0010161827085539699,-0.036698803305625916,0.0648614913225174,-0.06037383899092674,0.03939039260149002,-0.005503046326339245,-0.07271455228328705,0.02917134389281273,0.011039629578590393,-0.04672687500715256,-0.002335979603230953,-0.0493115670979023,-0.017511868849396706,-0.0534958615899086,0.015488346107304096,-0.05087361857295036,0.0010444296058267355,-0.04356657713651657,0.06747421622276306,-0.016134178265929222,-0.022643959149718285,0.019571805372834206,0.07294775545597076,0.04635509103536606,-0.08085523545742035,0.07756616175174713,-0.04152709245681763,-0.07126442342996597,0.02740504778921604,-0.009390203282237053,-0.10834359377622604,-0.13326439261436462,-0.004961317405104637,-0.08903740346431732,0.008841225877404213,0.12613530457019806,0.1307375431060791,0.017176799476146698,0.0808057188987732,-0.02752544917166233,-0.03884517028927803,-0.010083746165037155,-0.09702005237340927,0.012280547060072422,0.05399144068360329,-0.0014657685533165932,0.09225526452064514,-0.01992865279316902,-0.019592823460698128,-0.008897694759070873,0.002117458265274763,0.02499297447502613,-0.09638480097055435,0.1270163208246231,-0.050663068890571594,-0.040014199912548065,0.026148797944188118,0.01578747294843197,0.060210131108760834,0.03354669362306595,0.029683666303753853,0.03875716030597687,-0.011020179837942123,-0.021376630291342735,0.0009723814437165856,-0.02023540809750557,-0.0036761141382157803,0.01782119646668434,-0.042249031364917755,-0.010062627494335175,-0.036000195890665054,-0.03477679565548897,0.055135682225227356,-0.04671444371342659,0.0133155332878232,-0.0510195828974247,-0.013546234928071499,-0.06334953755140305,-0.02292437106370926,0.05139187350869179,-0.010427078232169151,0.006999758072197437,-0.06396570056676865,0.0067062219604849815,-0.04140839725732803,-3.415506100173669e-33,-0.011020395904779434,0.06102408841252327,0.030757423490285873,0.07070012390613556,0.07924741506576538,0.026638397946953773,-0.021559610962867737,-0.023586135357618332,0.020562859252095222,-0.08558434247970581,-0.02884099632501602,0.0887894406914711,0.0033016479574143887,0.029773719608783722,0.10858898609876633,-0.0205623097717762,-0.09738215804100037,0.0449555441737175,0.05257808417081833,0.014276287518441677,-0.028241509571671486,0.007302534766495228,0.015867792069911957,0.07947410643100739,0.060832954943180084,0.03208857774734497,0.08235305547714233,0.06034694239497185,-0.055858492851257324,0.007583064492791891,0.12103011459112167,0.011076447553932667,-0.04547316953539848,0.02277781441807747,-0.03202890232205391,0.0033776634372770786,-0.03410409763455391,-0.01791795901954174,0.008954176679253578,-0.0334559790790081,-0.04991715028882027,-0.006737124174833298,-0.04450619965791702,0.045200545340776443,-0.01713843271136284,-0.007910248823463917,0.08946090936660767,0.01728184148669243,-0.02502351626753807,-0.05719749629497528,-0.025395633652806282,0.075318843126297,0.009243961423635483,-0.0902431532740593,0.019668418914079666,-0.0316842757165432,0.021049778908491135,-0.07496955245733261,0.0013443047646433115,-0.044738464057445526,-0.041331835091114044,0.015515481121838093,0.06910769641399384,0.06763306260108948,0.0871613547205925,0.07808027416467667,0.06461019814014435,0.016421446576714516,-0.04584577679634094,0.0033758298959583044,0.03644959256052971,-0.025814354419708252,-0.004435522481799126,-0.004589390940964222,-0.0617346353828907,-0.01344503927975893,-0.08591417223215103,-0.025657769292593002,-0.017058491706848145,0.05575573071837425,-0.06549698859453201,-0.020466957241296768,0.05139327049255371,-0.03592414781451225,-0.001643060939386487,-0.05306168273091316,0.07302671670913696,0.020360443741083145,0.048763345927000046,-0.012802700512111187,-0.0339040644466877,0.03025614097714424,0.060997966676950455,0.08839276432991028,0.06201707199215889,1.4510665016760141e-33,0.0018333845073357224,-0.01025397889316082,0.028481949120759964,0.0033424985595047474,0.016956664621829987,-0.07136009633541107,0.02179303951561451,-0.008585155941545963,-0.025546148419380188,-0.034362055361270905,0.012619497254490852,0.017071831971406937,-0.044386133551597595,0.053182803094387054,0.057018253952264786,-0.02619163505733013,0.07993414252996445,-0.03929170221090317,-0.01659463718533516,-0.017461532726883888,0.014529069885611534,-0.03247873857617378,-0.03779078647494316,0.05160275101661682,-0.09809928387403488,0.018365653231739998,-0.022990331053733826,-0.05993539094924927,0.04348713532090187,-0.01743311807513237,-0.06195475161075592,0.1359991431236267,0.010405364446341991,0.1052599549293518,-0.0283358097076416,0.03571387007832527,0.0032684477046132088,-0.11589772254228592,0.0911068320274353,-0.046788085252046585,-0.0075617278926074505,-0.08731745183467865,0.008340619504451752,0.0010008817771449685,0.06715434789657593,-0.010670255869626999,0.02418905682861805,-0.03887360170483589,0.07698902487754822,-0.08901500701904297,0.09315909445285797,-0.0003494968404993415,-0.04869868978857994,0.007739600259810686,-0.01016344502568245,0.026656895875930786,0.06765830516815186,-0.07158245146274567,-0.021287640556693077,0.03474001586437225,-0.04636272415518761,0.010580788366496563,0.06369777023792267,0.01764572784304619,-0.03226368874311447,0.01131809875369072,-0.07767439633607864,-0.041170209646224976,0.05453948304057121,-0.021417828276753426,0.01577034220099449,0.053248330950737,-0.07479064911603928,-0.039959561079740524,-0.06015639379620552,-0.029153482988476753,-0.004765065852552652,0.015141568146646023,-0.07198932021856308,0.07299615442752838,-0.09700373560190201,0.04546165466308594,0.02153485082089901,0.00802801176905632,0.03628198429942131,-0.05947604775428772,-0.02186717465519905,-0.0858415886759758,-0.06418783962726593,0.035418253391981125,-0.14164841175079346,0.03153155371546745,-0.07586157321929932,0.10982329398393631,-0.013882430270314217,-1.6647899059307747e-08,-0.0418001264333725,0.026206975802779198,0.09661617875099182,0.06958974897861481,-0.018793713301420212,-0.027043940499424934,0.004849594086408615,0.004711888264864683,0.01753917708992958,0.02502916380763054,-0.07442165911197662,0.06403214484453201,0.0837082639336586,0.16256318986415863,-0.04553702101111412,-0.00751681812107563,0.010459945537149906,-0.026659641414880753,-0.014529944397509098,-0.010075533762574196,0.06947708874940872,0.05409206822514534,0.011723718605935574,-0.021658025681972504,0.10114528238773346,0.0019968259148299694,-0.024767450988292694,0.022370798513293266,0.022697027772665024,0.014333667233586311,0.01693573407828808,-0.04514971002936363,-0.0019543408416211605,-0.0038167834281921387,-0.00619930773973465,-0.06095678731799126,0.01789029687643051,0.06098691374063492,-0.026470186188817024,0.029161537066102028,0.013586028479039669,0.1018466129899025,-0.07733168452978134,0.06296553462743759,-0.028267202898859978,-0.0921616405248642,-0.08634169399738312,-0.0346544049680233,-0.04765244200825691,0.08954155445098877,0.0247785821557045,0.01619216613471508,-0.04092508554458618,-0.016040701419115067,-0.017927680164575577,-0.013256757520139217,0.007503228262066841,-0.018357718363404274,-0.019679779186844826,0.025702785700559616,-0.010156085714697838,-0.13843511044979095,-0.004686614964157343,0.035778190940618515
  -0.0052622961811721325,0.036926351487636566,-0.05527561902999878,-0.03414301946759224,-0.021191943436861038,0.012664779089391232,-0.04955081641674042,-0.07524263113737106,0.065233513712883,0.011405021883547306,-0.04901393875479698,0.062292467802762985,-0.010115662589669228,-0.004827931523323059,-0.01649247296154499,-0.03261524811387062,-0.06312772631645203,0.05831960216164589,-0.05191934108734131,-0.012855715118348598,-0.02264612540602684,-0.014273131266236305,-0.08804302662611008,-0.02574704773724079,-0.06506896018981934,-0.07219254225492477,0.019178183749318123,-0.03751659393310547,0.011713840998709202,-0.09572646021842957,-0.009847461245954037,-0.03697620704770088,0.09166264533996582,-0.02079915441572666,-0.007126966025680304,0.038754913955926895,0.011438126675784588,-0.01602053828537464,0.05077490955591202,-0.0423402264714241,0.0022013518027961254,0.022775709629058838,-0.07172989845275879,-0.04506118223071098,-0.02677891030907631,-0.015820827335119247,0.03970465809106827,-0.09136077761650085,-0.03640570864081383,-0.061084844172000885,-0.03316625952720642,-0.04095466434955597,-0.049657050520181656,0.030392132699489594,0.017917215824127197,-0.019530244171619415,-0.03399280458688736,-0.039355747401714325,0.034759365022182465,0.015495352447032928,0.010028199292719364,0.006635756231844425,-0.024629715830087662,0.033678002655506134,0.009793085977435112,0.08020195364952087,-0.04113525524735451,0.009992287494242191,-0.08935975283384323,-0.032885678112506866,0.07930361479520798,-0.09063782542943954,-0.015417064540088177,-0.0493696928024292,-0.024103064090013504,0.010639378800988197,0.010282141156494617,0.020635927096009254,0.01368399616330862,0.006571700796484947,0.04049476608633995,-0.00852111168205738,0.006329652387648821,0.1499568074941635,-0.0035642727743834257,-0.03885839879512787,0.009510904550552368,-0.02088584005832672,0.07590989023447037,0.14373832941055298,0.027468690648674965,0.023421069607138634,0.0324539951980114,-0.00737795140594244,-0.0999797061085701,0.061596229672431946,-0.0955422893166542,0.0010618779342621565,-0.045772578567266464,0.022165484726428986,-0.06442278623580933,0.023414449766278267,-0.057999856770038605,-0.015553382225334644,-0.002473358064889908,0.013912173919379711,0.07320842891931534,-0.04930465295910835,0.005418950226157904,-0.01964610069990158,0.01429337915033102,0.056785449385643005,-0.06786452233791351,-0.019210156053304672,0.11150369048118591,-0.061280470341444016,-0.02063620649278164,-0.0057290359400212765,0.04227534681558609,-0.09311844408512115,0.07847031205892563,0.01716911979019642,0.07853405177593231,-0.008462860248982906,-0.041317351162433624,-0.057786725461483,0.003117543878033757,-5.192909761940616e-33,-0.05607122927904129,-0.017352603375911713,0.013721851631999016,0.03735223039984703,0.03033684380352497,0.03789522871375084,0.023422719910740852,-0.039103034883737564,-0.0059080570936203,0.08014334738254547,0.03611191734671593,-0.0233126450330019,0.03207480162382126,-0.08149721473455429,-0.0735468864440918,-0.008560780435800552,-0.008645771071314812,-0.04445577412843704,-0.02081560529768467,-0.01379407849162817,0.05722709745168686,0.03943688049912453,0.04918106645345688,-0.07373984158039093,0.05648600682616234,-0.06786562502384186,0.001838065218180418,-0.051167942583560944,0.07681068032979965,0.04233452305197716,0.06647015362977982,-0.04781385138630867,-0.025968274101614952,0.03790261596441269,0.03060486540198326,0.1244683638215065,-0.07658396661281586,0.04799389839172363,0.041749563068151474,-0.011347640305757523,-0.06652027368545532,-0.038917362689971924,-0.03350313380360603,-0.013439935632050037,0.0009890416404232383,0.029504630714654922,0.026362832635641098,-0.049959030002355576,0.013899880461394787,0.031877197325229645,-0.043346378952264786,-0.008787430822849274,0.14517489075660706,0.0005997699918225408,0.058001212775707245,-0.03591446951031685,0.11624395847320557,0.01184738427400589,-0.04633121192455292,0.008163218386471272,0.0999920666217804,0.0029780047480016947,-0.0594656802713871,0.0886116474866867,0.027776138857007027,0.044943563640117645,-0.054187364876270294,-0.015102880075573921,0.012511208653450012,-0.08343208581209183,0.07901961356401443,-0.00034547163522802293,0.02388957142829895,0.010800223797559738,-0.13590313494205475,0.06474806368350983,-0.09455836564302444,0.035330630838871,0.025556273758411407,0.014873750507831573,-0.0482296384871006,0.0054540978744626045,0.06300628930330276,-0.0028231267351657152,0.04622913897037506,-0.0017211424419656396,0.012948042713105679,0.0053558009676635265,0.08593864738941193,0.12921680510044098,-0.05956808850169182,0.02687208540737629,0.07717457413673401,0.07297263294458389,-0.09616811573505402,2.0499477208058566e-33,0.045752763748168945,-0.045219436287879944,0.05842877924442291,-0.052826590836048126,0.044251929968595505,0.03742135688662529,-0.020990459248423576,0.024557476863265038,0.038887981325387955,0.019004913046956062,0.010916697792708874,-0.02345907688140869,-0.03276725485920906,0.06275249272584915,0.10792226344347,-0.002594005549326539,0.06141766533255577,-0.08208223432302475,-0.018422488123178482,-0.07568289339542389,-0.008697775192558765,0.17160286009311676,-0.024177446961402893,0.11422623693943024,-0.05938586965203285,0.02630215883255005,-0.010033972561359406,0.025737129151821136,0.02772361971437931,0.022773502394557,0.00478848721832037,0.06345494091510773,0.019421616569161415,0.011989951133728027,-0.06294534355401993,-0.029102519154548645,0.04935517907142639,-0.05141086131334305,0.025873342528939247,0.0020923386327922344,-0.03649843856692314,0.010712590999901295,0.04319921135902405,-0.01765744388103485,0.01940263994038105,-0.08571507036685944,-0.03889738768339157,-0.04837597906589508,0.015961168333888054,-0.04261510446667671,-0.05848614126443863,0.00982226524502039,-0.05156316980719566,0.05173337832093239,-0.0009363704011775553,0.053884007036685944,0.011650191619992256,0.00919322483241558,0.104301318526268,0.03908049687743187,0.04593342915177345,0.03252377733588219,-0.026327956467866898,-0.00688876723870635,-0.04591582342982292,0.07932762801647186,-0.005445134360343218,-0.06853248924016953,-0.013723726384341717,0.016680579632520676,-0.030949654057621956,-0.06215825304389,-0.09761304408311844,0.005630597472190857,-0.0390687920153141,0.07579199224710464,-0.061030562967061996,-0.05222379043698311,-0.05014112591743469,-0.016649872064590454,0.061723750084638596,-0.07853595167398453,0.00928518921136856,0.03464678302407265,-0.036829523742198944,-0.016720343381166458,0.0885554626584053,-0.05312894657254219,-0.013920765370130539,-0.014242758974432945,-0.04821090027689934,-0.09198208898305893,0.03532647714018822,0.010410553775727749,0.04221530258655548,-1.4130559833347434e-08,-0.035087261348962784,0.0037202148232609034,-0.008496871218085289,-0.04118223115801811,-0.05520416051149368,-0.05668122321367264,0.007892079651355743,-0.08225541561841965,-0.04382481053471565,0.031154964119195938,0.01988718844950199,-0.06031746789813042,-0.08504008501768112,0.10827717930078506,-0.03554801270365715,-0.006154199130833149,-0.03975852578878403,0.05961526185274124,0.04452372342348099,0.018160438165068626,0.04527537524700165,0.03654337301850319,-0.02684623748064041,-0.07577361911535263,0.08043579757213593,-0.009129309095442295,-0.10485848784446716,0.01621834561228752,0.06717230379581451,0.030317826196551323,0.05144793540239334,0.06939671188592911,0.0335954986512661,0.011845956556499004,-0.06451968103647232,-0.05674624443054199,-0.06887724250555038,0.012653478421270847,-0.008766165003180504,-0.032044418156147,-0.00034420302836224437,0.07647117972373962,0.047268591821193695,-0.01260452065616846,0.0021388973109424114,0.043424446135759354,0.017321765422821045,0.11832991987466812,0.02155078575015068,0.017582183703780174,0.006215345114469528,0.025714192539453506,-0.00858004204928875,-0.055711809545755386,0.03886418417096138,-0.043380532413721085,0.031202467158436775,0.021018538624048233,-0.07690802216529846,-0.05356227979063988,0.04375263303518295,-0.04025198891758919,0.052503570914268494,-0.08655773848295212
  -0.029919320717453957,-0.07480834424495697,-0.032060105353593826,-0.015415569767355919,0.021127160638570786,0.0006591517012566328,-0.05072833225131035,-0.04575711861252785,0.02266417257487774,0.03326616808772087,0.004928319714963436,-0.011783067137002945,0.04259635880589485,0.03267693147063255,0.04927225038409233,-0.11106311529874802,-0.07569986581802368,0.019646387547254562,-0.016322147101163864,-0.07669129222631454,-0.04486715793609619,-0.08491353690624237,-0.08006346970796585,-0.00858849473297596,-0.055855460464954376,-0.026603614911437035,-0.03733103722333908,0.025733640417456627,-0.0015904258470982313,-0.08627676218748093,-0.002631246345117688,-0.12386751174926758,0.05604880303144455,0.02923419512808323,-0.0682315081357956,0.06754527986049652,0.0028856315184384584,-0.023443911224603653,0.0062896511517465115,-0.036581557244062424,0.019532660022377968,-0.0015283768298104405,-0.0692673847079277,-0.05247468128800392,0.03807627037167549,0.06116079166531563,0.029232829809188843,-0.05784628167748451,-0.07702091336250305,-0.08556132763624191,-0.07685345411300659,-0.05681329220533371,0.02829970046877861,-0.03956231847405434,0.0717092975974083,0.012184607796370983,-0.03404238075017929,-0.0526651106774807,0.020228909328579903,-0.03769311681389809,0.015299553982913494,0.030766647309064865,-0.059512365609407425,0.06240347772836685,0.09017999470233917,0.029141360893845558,-0.042606040835380554,0.0471440814435482,-0.040800321847200394,0.008993768133223057,0.053365759551525116,-0.10731413960456848,0.01059800200164318,0.004326394759118557,0.04038547724485397,-0.055819448083639145,-0.007377273868769407,0.09986613690853119,0.07501693069934845,0.013338484801352024,0.023704655468463898,-0.05177038162946701,-0.08112457394599915,0.11723007261753082,-0.009362725540995598,-0.0708138719201088,-0.01080899965018034,-0.019924532622098923,0.00841989740729332,-0.0062211970798671246,0.067695751786232,0.07951466739177704,0.014125102199614048,0.03416471928358078,-0.13975520431995392,0.05129731819033623,-0.016909746453166008,0.03893451765179634,0.044270556420087814,0.0723726823925972,0.01171400398015976,0.012817621231079102,-0.03700346127152443,-0.039272893220186234,-0.05227202922105789,-0.004074325785040855,0.07731036841869354,0.008934658952057362,0.005425556097179651,0.012029709294438362,-0.04745278134942055,0.03383510559797287,-0.09393036365509033,0.0006998545723035932,0.05415863171219826,-0.04215560108423233,-0.03976381942629814,0.05423586443066597,-0.031400926411151886,-0.012082204222679138,0.031857509166002274,-0.014413422904908657,0.050863347947597504,-0.010757146403193474,-0.004809074103832245,0.019325096160173416,-0.030049851164221764,-5.477162663068677e-33,-0.04724420607089996,-0.05545654892921448,-0.007448122370988131,0.06871747970581055,-0.019475726410746574,0.010050124488770962,0.036996979266405106,-0.04203977435827255,-0.03827454894781113,0.015515345148742199,-0.005594531074166298,0.001348755438812077,0.01667153835296631,-0.04634951800107956,0.03287448361515999,-0.02277739718556404,-0.05255080386996269,-0.02199382521212101,-0.034755170345306396,0.020142650231719017,-0.019743632525205612,0.031336136162281036,0.045650891959667206,-0.04829390347003937,0.1462555229663849,-0.061713505536317825,-0.02689467929303646,-0.0680040568113327,0.03323454409837723,0.043470315635204315,0.06461201608181,-0.05419867858290672,-0.08448309451341629,0.018188251182436943,0.018838347867131233,0.08414962142705917,-0.008754018694162369,-0.02028408832848072,0.08862608671188354,-0.03399164229631424,-0.09631366282701492,-0.07640648633241653,-0.057133160531520844,0.04209015518426895,-0.02969527617096901,0.01582658477127552,0.009211701340973377,0.027432523667812347,-0.04791972041130066,0.010381675325334072,-0.03601311892271042,0.0065796817652881145,0.17394603788852692,-0.018841693177819252,0.07910969108343124,-0.0019241021946072578,0.0365045964717865,0.03162039816379547,-0.007456290535628796,0.05001867190003395,0.04399234056472778,0.03484757989645004,-0.04029582068324089,0.07648896425962448,0.03786024823784828,0.019181324169039726,-0.04140354320406914,-0.03142315149307251,0.046540867537260056,-0.04352711886167526,0.10417100042104721,0.02042841538786888,-0.11873040348291397,-0.016108836978673935,-0.07803234457969666,-0.023321915417909622,-0.045003365725278854,0.02556433714926243,0.013192404061555862,0.022686569020152092,-0.083882175385952,-0.025050602853298187,0.038027074187994,-0.016459545120596886,0.038399118930101395,-0.02685452625155449,0.08070505410432816,-0.06516219675540924,0.056329865008592606,0.09808023273944855,-0.051339663565158844,-0.06200966611504555,0.0632077232003212,0.12806542217731476,0.0270809568464756,2.7155519278337914e-33,0.039794690907001495,-0.00045969130587764084,0.09319901466369629,-0.0562739297747612,0.017552878707647324,0.07757185399532318,-0.05575450882315636,-0.05690937116742134,-0.02034660615026951,-0.01579289510846138,0.0396638959646225,-0.006267002783715725,0.0032790270633995533,0.07868402451276779,0.019232166931033134,-0.00944783166050911,0.10392756760120392,0.0067529743537306786,0.038628678768873215,-0.051032718271017075,0.03581925854086876,0.13729950785636902,-0.06433400511741638,0.10990013927221298,-0.07279539108276367,-0.00856740865856409,-0.05387423560023308,-0.039180923253297806,-0.017120782285928726,-0.006270062178373337,0.02093449980020523,-0.045064255595207214,-0.015830447897315025,0.05493777617812157,-0.08522018790245056,-0.017832066863775253,0.07167588919401169,-0.07666028290987015,-0.014675125479698181,0.06354057788848877,-0.0487787127494812,-0.06206393986940384,0.061987873166799545,-0.006763963028788567,0.012461930513381958,0.020505601540207863,0.0060553341172635555,-0.05094124749302864,-0.06290484219789505,0.013303311541676521,0.008428582921624184,0.0038937381468713284,-0.04203148931264877,0.0173332542181015,-0.008133518509566784,0.07044565677642822,0.053204264491796494,0.0565497912466526,-0.017225004732608795,-0.006271256133913994,0.0541398860514164,0.05246637016534805,-0.08249670267105103,0.03788766637444496,-0.0027665013913065195,-0.014935147017240524,0.007432304788380861,-0.046218033879995346,0.10153093934059143,0.011562253348529339,-0.036582086235284805,-0.06649735569953918,-0.060575202107429504,-0.015793228521943092,-0.02250606380403042,0.048370882868766785,-0.08182080835103989,0.010234257206320763,0.002992517314851284,0.0063919429667294025,0.036765798926353455,0.039421457797288895,0.056604236364364624,-0.02318240888416767,-0.05421978607773781,0.06347211450338364,0.14094942808151245,-0.06353049725294113,0.011575589887797832,-0.020831957459449768,0.008887712843716145,-0.09847254306077957,0.0487564317882061,-0.02063087746500969,0.03717191144824028,-1.5002312281353625e-08,-0.00967156421393156,0.006453732494264841,0.034283120185136795,-0.015302183106541634,-0.03402441740036011,0.028274649754166603,0.03410744667053223,-0.09060272574424744,-0.029236307367682457,0.0542001836001873,0.03274857625365257,-0.03843286633491516,-0.03421027213335037,-0.0017447596183046699,-0.027996651828289032,0.0001885009405668825,-0.03717246279120445,0.0737244263291359,-0.012124383822083473,-0.03621869161725044,0.030348164960741997,0.08484626561403275,-0.060366708785295486,0.005946371704339981,0.036986079066991806,0.016991840675473213,-0.057166412472724915,0.012975799851119518,0.023089708760380745,0.037486154586076736,0.014338902197778225,0.07448264211416245,-0.0134164709597826,-0.05639804154634476,-0.009300759993493557,0.0056356405839324,-0.017039993777871132,0.025747457519173622,-0.000488299410790205,-0.07449647039175034,-0.05646118149161339,0.07601887732744217,0.04777557775378227,0.03429736942052841,-0.001892497413791716,0.060477375984191895,-0.020040979608893394,0.09808318316936493,0.08067943900823593,-0.07625028491020203,0.07922273129224777,-0.009547836147248745,-0.009667329490184784,-0.03325605392456055,-0.02012968808412552,-0.041573647409677505,0.008240025490522385,0.032880473881959915,-0.07118767499923706,-0.05700858682394028,0.08107894659042358,-0.06198200583457947,0.06864570826292038,0.014221441932022572
  -0.0742851197719574,0.0068990192376077175,-0.04921208694577217,-0.015187831595540047,0.009900338016450405,0.028782276436686516,-0.021525302901864052,-0.024448635056614876,0.04019426181912422,0.1158396527171135,-0.026963574811816216,-0.0001378330634906888,-0.05675898492336273,0.029395507648587227,0.06693156063556671,-0.0050363256596028805,-0.06637296825647354,0.06765501201152802,-0.03986216336488724,-0.054452378302812576,-0.02815534733235836,0.0036246334202587605,-0.06961242854595184,-0.021946193650364876,-0.10656319558620453,-0.04353737458586693,-0.04339011758565903,0.023892106488347054,0.02043844945728779,-0.11629772931337357,0.04725058004260063,-0.06931229680776596,0.08407481759786606,0.04205106198787689,-0.036235708743333817,-0.023075031116604805,-0.00694393552839756,-0.06754326075315475,0.005865747109055519,-0.002900022082030773,0.03514324128627777,0.054730840027332306,-0.11925570666790009,-0.019258897751569748,-0.03601612523198128,0.018560243770480156,0.05537683516740799,-0.025894062593579292,-0.061622753739356995,-0.04181633144617081,-0.03172232583165169,-0.05861874669790268,-0.010204155929386616,0.00781272817403078,-0.0068441699258983135,-0.0998377650976181,0.023971080780029297,-0.02761767990887165,0.01472532283514738,-0.06910080462694168,0.013564000837504864,0.0758339911699295,-0.051676295697689056,0.014368152245879173,-0.010014566592872143,-0.002308495808392763,-0.042860373854637146,0.05185197293758392,0.014260997995734215,-0.05587821453809738,0.00749299256131053,-0.13897065818309784,0.00624085171148181,-0.045198116451501846,-0.02524123154580593,-0.017747238278388977,-0.03485874831676483,0.09218839555978775,0.10385042428970337,-0.003654495347291231,0.06022685393691063,-0.01290592085570097,-0.06439775228500366,0.13070864975452423,-0.06715602427721024,-0.03356451168656349,-0.011312507092952728,0.019378524273633957,-0.014296500943601131,0.038055770099163055,0.05343523994088173,0.007459254004061222,0.13618654012680054,-0.03654753789305687,-0.05501895025372505,0.04218531772494316,0.006117172073572874,-0.006456826347857714,0.06405393034219742,0.007208726834505796,0.012480397708714008,0.02709078975021839,-0.06587134301662445,-0.025266360491514206,-0.014208671636879444,0.040006350725889206,0.0950133427977562,-0.0007701540016569197,0.027908116579055786,-0.03102942369878292,0.05147264525294304,0.04566990211606026,-0.0710744559764862,-0.013160007074475288,0.06913971900939941,0.03942253068089485,-0.003109568264335394,0.11002540588378906,0.03671126812696457,-0.04075233265757561,-0.04441288113594055,-0.00122807954903692,0.010457235388457775,-0.0551869235932827,0.020590342581272125,0.03677842766046524,-0.049539174884557724,-5.887185010869076e-33,-0.1033783033490181,-0.03154589235782623,-0.08465665578842163,0.028422463685274124,0.07578126341104507,0.010355575010180473,0.05157661437988281,-0.021769147366285324,-0.059322334825992584,0.05011944845318794,0.028324231505393982,-0.07838118076324463,-0.05670337378978729,-0.0848684012889862,-0.003870971966534853,-0.0788097232580185,-0.05402139946818352,-0.025890039280056953,-0.07180631905794144,-0.010746447369456291,-0.036186039447784424,-0.061476148664951324,0.015476367436349392,-0.021331381052732468,0.04773404076695442,-0.02013161964714527,-0.025456195697188377,-0.015323440544307232,0.060940150171518326,0.016220366582274437,0.04034518823027611,0.04450128600001335,0.031314581632614136,0.05649144947528839,0.07208709418773651,0.11796914041042328,-0.038956549018621445,0.016894498839974403,0.07119586318731308,0.018522435799241066,-0.08979608863592148,-0.03663032501935959,-0.0020845416001975536,-0.015326827764511108,0.0020715014543384314,0.019978761672973633,-0.02676442079246044,-0.01153395976871252,0.06258004903793335,-0.012802926823496819,-0.027846336364746094,-0.04670669138431549,0.0944250300526619,-0.030360648408532143,0.07572416216135025,0.009571169503033161,-0.00510195828974247,0.060988664627075195,-0.05986225605010986,0.047778934240341187,0.01727413572371006,0.09014739096164703,-0.04757164791226387,0.08951634168624878,0.04368538036942482,-0.03726020082831383,-0.05702536553144455,-0.02331669256091118,0.05180980637669563,-0.07347000390291214,0.022173060104250908,0.04576978459954262,0.02504437230527401,0.03760046139359474,-0.11541274935007095,-0.013126484118402004,-0.030647078529000282,0.03365146741271019,-0.0364321731030941,0.013558863662183285,-0.04559287801384926,0.06479024142026901,0.06600604206323624,0.035613175481557846,0.06673982739448547,-0.05690116807818413,0.043701495975255966,0.019722672179341316,0.09734845906496048,0.09515497088432312,-0.0869329422712326,-0.030749576166272163,0.07461687177419662,0.06721530854701996,-0.02735781855881214,3.623794882931747e-33,0.013586856424808502,-0.07725704461336136,0.05126582086086273,-0.059210680425167084,-0.012789917178452015,0.029521742835640907,-0.07222361862659454,0.014631269499659538,-0.021069563925266266,-0.02996183931827545,0.008351066149771214,-0.04251297935843468,0.0046311598271131516,0.06752273440361023,0.009299482218921185,-0.008904323913156986,-0.002111749490723014,-0.10766767710447311,0.0028628038708120584,-0.023311922326683998,0.02267732471227646,0.05119391158223152,0.0036388167645782232,0.13193286955356598,-0.045710187405347824,0.0025670372415333986,-0.0026425314135849476,0.0371636226773262,0.06828518956899643,0.03805043548345566,-0.003645723219960928,0.020479148253798485,-0.017132077366113663,0.013943415135145187,-0.11844521015882492,-0.06441137939691544,0.11007771641016006,-0.044268228113651276,-0.02897658571600914,0.03541274741292,-0.045966509729623795,-0.017360789701342583,0.06740835309028625,-0.03834711015224457,0.04894265905022621,0.009457559324800968,0.007284121587872505,-0.0038353672716766596,0.007341072428971529,-0.03612997755408287,0.03318552300333977,-0.01355780754238367,-0.01928369142115116,0.018096832558512688,0.02134786732494831,0.04580270126461983,0.04378962516784668,0.0455499067902565,-0.012410265393555164,0.018215900287032127,0.030116071924567223,0.06816823780536652,-0.027591213583946228,0.010198231786489487,-0.02520780637860298,0.02294200286269188,-0.02284819260239601,-0.0318169929087162,-0.005220523104071617,-0.02188616245985031,-0.057266660034656525,-0.1367338001728058,-0.10118717700242996,-0.013912321999669075,-0.01855279505252838,0.07109586894512177,-0.08401158452033997,-0.04719812422990799,-0.06469637155532837,-0.02551543153822422,0.03511239215731621,0.037687547504901886,-0.01957601122558117,0.07178648561239243,0.04392106458544731,0.07438935339450836,0.026958730071783066,-0.04517561197280884,0.030670763924717903,-0.0006172761204652488,-0.025722000747919083,-0.0708375945687294,-0.015985975041985512,-0.004452476743608713,0.04868592694401741,-1.8373651045067163e-08,-0.023835765197873116,-0.01783544011414051,0.0019695409573614597,-0.06117674335837364,-0.061466895043849945,0.02461397647857666,0.03627067059278488,-0.10210946202278137,0.01583482325077057,0.02409506030380726,0.037636224180459976,-0.03279399871826172,-0.07775931060314178,0.03178129717707634,0.012191151268780231,0.02490660548210144,-0.02599206380546093,0.08268225938081741,0.04991856589913368,0.030482541769742966,0.00321195344440639,0.014842739328742027,0.0009913076646625996,-0.007289281114935875,0.02854493260383606,-0.018803099170327187,-0.026357106864452362,0.0370318777859211,0.050272468477487564,0.08395659178495407,0.029697401449084282,0.1158694177865982,-0.03184155002236366,0.032653167843818665,-0.07782202214002609,-0.07102102786302567,-0.0574563592672348,0.00657479465007782,-0.00178335583768785,-0.043112099170684814,-0.027705509215593338,0.052141256630420685,0.004600999876856804,0.0038059414364397526,0.008336452767252922,0.04554559290409088,0.022332793101668358,0.10598229616880417,0.08664418756961823,-0.05969277769327164,-0.011433345265686512,-0.04572262614965439,0.09566438943147659,-0.07809284329414368,0.01287127286195755,0.006290063727647066,0.024845832958817482,0.030907977372407913,-0.09291785210371017,-0.0954149141907692,0.07546485215425491,-0.013108935207128525,0.10540108382701874,-0.021312128752470016
  -0.01764674298465252,-0.0019918852485716343,-0.022401992231607437,0.012845735996961594,0.11023231595754623,0.06449957191944122,0.010737206786870956,0.025266768410801888,0.00018542370526120067,0.11343053728342056,0.05673031136393547,-0.019065633416175842,0.047201793640851974,0.021565765142440796,0.02607070282101631,-0.09448625892400742,-0.06884641200304031,-0.009083463810384274,-0.03433845192193985,-0.050945643335580826,-0.04559870436787605,-3.9446153095923364e-05,-0.10102198272943497,-0.024189461022615433,-0.13919566571712494,-0.030792944133281708,0.004006261471658945,0.10760128498077393,-0.028736930340528488,-0.04148275777697563,0.0342211090028286,-0.042372915893793106,0.010061947628855705,-0.04293879494071007,-0.03716472163796425,0.06560220569372177,0.005495311226695776,-0.035451050847768784,0.02809208258986473,-0.0430888757109642,0.029918821528553963,0.042663704603910446,-0.021212294697761536,-0.011099139228463173,-0.03933851793408394,0.005951480939984322,0.03698655962944031,-0.06896684318780899,-0.04085573926568031,-0.05114421993494034,-0.04160495474934578,-0.03209777548909187,0.03269144147634506,-0.01190975122153759,0.030950667336583138,-0.023215249180793762,0.0102895088493824,-0.06640704721212387,-0.043302398175001144,-0.04678460210561752,-0.049190063029527664,0.027688201516866684,-0.0033235917799174786,0.004531828220933676,0.03279692679643631,-0.00962558388710022,0.00886077806353569,0.0728575810790062,0.03795166313648224,0.06265616416931152,0.06513270735740662,-0.12535656988620758,-0.033431921154260635,-0.06921336054801941,-0.0097816726192832,0.03676949068903923,-0.0008514446672052145,-0.005339319817721844,0.02628977596759796,0.026497311890125275,0.017347050830721855,-0.043878767639398575,0.04196223244071007,0.11039064824581146,0.003524538828060031,-0.013324095867574215,-0.033266305923461914,-0.010303898714482784,-0.01241869293153286,0.030400119721889496,0.03618554398417473,0.008370932191610336,0.1423184871673584,0.05550307780504227,0.008805985562503338,0.06368911266326904,-0.051505256444215775,0.004485765006393194,-0.04142732918262482,0.004496644716709852,-0.0017516320804134011,-0.019309531897306442,-0.06411122530698776,-0.07671413570642471,-0.007036768831312656,-0.044626519083976746,0.05763550475239754,-0.05230516195297241,0.028033467009663582,-0.009432156570255756,0.04263060912489891,0.03857915848493576,-0.031428661197423935,-0.09333397448062897,0.08193317800760269,0.018069209530949593,-0.07515965402126312,0.0022387879434973,-0.03286479786038399,-0.03880621865391731,0.01802881993353367,0.03132414445281029,0.006422929000109434,0.01975169964134693,-0.06725814938545227,0.008648412302136421,0.027251658961176872,-3.134897598875142e-33,-0.0037627823185175657,-0.03134992718696594,-0.03458297625184059,-0.007253390271216631,0.039265476167201996,0.000523418711964041,0.015754152089357376,-0.04285009205341339,0.02147866226732731,-0.016909152269363403,0.0347902774810791,-0.09262184053659439,0.013359859585762024,-0.1102820634841919,-0.06046386808156967,0.014472871087491512,0.004823567811399698,0.016913432627916336,-0.09681001305580139,-0.021954918280243874,-0.04882325604557991,-0.014682948589324951,0.0732545405626297,-0.05373474955558777,0.09561385959386826,0.02729162573814392,0.009529313072562218,-0.01082234550267458,0.08832750469446182,0.016780901700258255,0.015590449795126915,0.07521981000900269,-0.02439909800887108,0.023075979202985764,0.016761459410190582,0.08799165487289429,-0.11782299727201462,0.005902406759560108,-0.014548996463418007,-0.03014727309346199,-0.028438933193683624,-0.050940416753292084,0.007337707560509443,0.030600691214203835,0.033962756395339966,-0.01265610009431839,0.013487214222550392,-0.020697372034192085,-0.015542608685791492,-0.06599397957324982,-0.08237059414386749,-0.014270680956542492,0.09210120886564255,0.03492017462849617,-0.015926789492368698,0.039718423038721085,0.0525217205286026,0.062301356345415115,0.04648793116211891,0.02843531407415867,0.02420576848089695,0.057423174381256104,-0.09247689694166183,0.10095696896314621,0.08081978559494019,-0.019917933270335197,0.012873365543782711,-0.06745733320713043,0.07009517401456833,-0.05711258947849274,-0.006894354242831469,0.05147315561771393,0.05514414608478546,0.0038542260881513357,-0.13721874356269836,-0.008789760991930962,-0.02037636935710907,-0.011043067090213299,0.007551149465143681,0.048282183706760406,-0.07410793006420135,-0.004966010805219412,0.15061120688915253,-0.0027893383521586657,0.05955798178911209,-0.02313578501343727,0.00106988032348454,0.01758476346731186,-0.02183721959590912,0.064976267516613,-0.02260366827249527,-0.03965055197477341,0.09068024158477783,0.07488338649272919,-0.05838845297694206,7.86013766802508e-34,-0.019129285588860512,-0.053522076457738876,-0.014392215758562088,-0.03330528736114502,0.021696405485272408,-0.03215806186199188,-0.0631692111492157,-0.08144288510084152,0.027988512068986893,-0.016476662829518318,-0.03892021253705025,-0.026077717542648315,-0.01715388149023056,0.055627498775720596,0.04036841168999672,0.016185337677598,0.05005772039294243,-0.07115503400564194,-0.01908022165298462,-0.09425263106822968,0.09492432326078415,0.03343671187758446,-0.027720164507627487,0.12016228586435318,-0.07212618738412857,0.06330452114343643,0.0479687824845314,-0.004352474585175514,-0.030239954590797424,0.039380356669425964,-0.00171614286955446,-0.03477366268634796,0.0346861369907856,0.10365691781044006,-0.05068318545818329,-0.019330522045493126,0.06405001878738403,-0.09828214347362518,-0.022167550399899483,0.10070749372243881,-0.0293734073638916,0.05734720453619957,0.03169633820652962,-0.04230840131640434,0.031935155391693115,-0.02041344717144966,0.021013975143432617,-0.014549373649060726,-0.04049782082438469,-0.03419236093759537,-0.07801194489002228,-0.016603345051407814,-0.07283711433410645,0.06737343221902847,0.010716160759329796,0.012162180617451668,0.03091508336365223,-0.03752962127327919,0.003909817431122065,0.022107461467385292,0.019931452348828316,0.06902248412370682,-0.036533087491989136,0.006149436347186565,-0.009127154015004635,0.05681470409035683,-0.06510693579912186,-0.1648987978696823,0.002109240973368287,-0.006477185059338808,-0.028252054005861282,0.00606003450229764,-0.06587294489145279,-0.06170916184782982,-0.003456745995208621,-0.008369720540940762,-0.08346906304359436,0.02626783214509487,-0.07454158365726471,-0.022694768384099007,0.1096234917640686,-0.015638034790754318,-0.0006333068013191223,0.04721728339791298,0.048343099653720856,0.062303874641656876,0.09562470018863678,-0.035488761961460114,0.04541298374533653,-0.053659938275814056,-0.06742191314697266,-0.04983816668391228,0.0854889452457428,-0.00982675701379776,0.02556823380291462,-1.544014516241532e-08,-0.015771811828017235,0.07116163522005081,0.010032146237790585,-0.044711317867040634,0.04690410941839218,-0.04916388913989067,-0.043135080486536026,-0.052170634269714355,0.024894073605537415,0.07076948881149292,-0.01600993424654007,-0.05201692134141922,-0.0479084737598896,-0.018167458474636078,-0.042540330439805984,-0.03984738886356354,-0.040255364030599594,0.10079848766326904,-0.005677470937371254,-0.008538354188203812,0.06221891567111015,0.009612326510250568,-0.06965310871601105,-0.005538996309041977,0.07722555845975876,0.03018193505704403,-0.03954042121767998,0.04404478147625923,0.0074612353928387165,0.044655002653598785,-0.08290956914424896,-0.0066315471194684505,0.042387500405311584,0.05442633479833603,0.0012891397345811129,0.05080919340252876,0.08061028271913528,-0.005412389058619738,-0.023845849558711052,-0.12181107699871063,0.02379937283694744,0.01400858536362648,0.07937818765640259,0.03551309555768967,0.0008287817472591996,0.02177300862967968,-0.086799256503582,0.04972904920578003,0.09856104105710983,-0.0896136462688446,0.021893754601478577,0.01707186922430992,0.036090899258852005,0.11671197414398193,0.048092786222696304,-0.005321960896253586,0.03023534081876278,0.005351022817194462,-0.061602264642715454,-0.04205479845404625,0.05259237065911293,-0.050155602395534515,-0.002621927298605442,-0.008328848518431187
  -0.04635509476065636,-0.02264689840376377,-0.07476847618818283,0.0350298210978508,0.06512606889009476,0.013933470472693443,-0.02203473076224327,-0.009576558135449886,0.01547494437545538,0.044681377708911896,-0.03166670352220535,-0.007017452269792557,0.023393115028738976,0.02768644504249096,-0.016371803358197212,-0.058898624032735825,-0.07832653075456619,0.053099919110536575,0.008532905019819736,-0.002156632486730814,-0.051262445747852325,-0.01840164326131344,-0.11881774663925171,-0.046120785176754,-0.03793404996395111,-0.06230493262410164,-0.003905631136149168,0.05415555462241173,0.003009666223078966,-0.07885625213384628,0.05152638256549835,-0.0680035948753357,0.04527837410569191,-0.018673796206712723,-0.032051652669906616,0.08422243595123291,-0.036686524748802185,0.019834576174616814,0.016233116388320923,-0.07107309997081757,0.041619136929512024,0.03856045752763748,-0.01307635847479105,-0.020772723481059074,-0.03652862459421158,0.009949768893420696,0.044969651848077774,-0.10432424396276474,-0.053273580968379974,-0.07386594265699387,-0.06959382444620132,-0.09223497658967972,0.0009847761830314994,-0.0035241905134171247,0.020230822265148163,0.006380574777722359,-0.020014209672808647,-0.12589552998542786,-0.04978177323937416,-0.06813766062259674,-0.010784076526761055,-0.012767200358211994,-0.06883693486452103,0.030453627929091454,0.043976202607154846,-0.0057133701629936695,0.01330866664648056,0.11245781928300858,-0.020358115434646606,0.006160364020615816,0.0845683217048645,-0.12319555878639221,-0.0550992488861084,-0.03977396339178085,0.007114720530807972,0.030526552349328995,-0.01817193441092968,0.02021743729710579,0.07168330252170563,0.03207676485180855,0.05329886078834534,0.01367990206927061,0.0531693659722805,0.09003273397684097,-0.014922264963388443,0.028067773208022118,0.0072861844673752785,-0.05217970162630081,-0.005120697431266308,0.03896843269467354,0.058683332055807114,-0.010486146435141563,0.08380505442619324,0.0706557184457779,-0.04397149011492729,0.029047077521681786,-0.041153859347105026,-0.011748244054615498,-0.04289472848176956,0.032442789524793625,-0.007833244279026985,-0.053982920944690704,-0.06086857244372368,-0.004908907227218151,-0.011450598947703838,-0.05136929452419281,0.04644032195210457,-0.036605775356292725,0.042672865092754364,-0.03556777536869049,0.016322966665029526,0.050994858145713806,-0.03733714669942856,-0.08147656172513962,0.004506188910454512,-0.017014045268297195,-0.059261489659547806,-0.01741740107536316,0.0241408608853817,0.021993450820446014,0.03225677087903023,0.04071177542209625,0.03842400759458542,-0.005987175740301609,-0.007033201400190592,0.05404903367161751,0.034095920622348785,-3.678710305582318e-33,-0.001074942760169506,-0.0432836078107357,0.008032819256186485,0.017842238768935204,0.06983625888824463,0.01573249325156212,0.08408702164888382,-0.08171123266220093,-0.016398457810282707,0.007620852440595627,0.06828299164772034,-0.017709195613861084,-0.03776543587446213,-0.08401831239461899,-0.020831653848290443,-0.02457980252802372,-0.01450301893055439,0.02590496838092804,-0.03364460542798042,-0.04905000329017639,-0.04036422446370125,0.019521145150065422,0.055355969816446304,-0.06693346053361893,0.08386112004518509,-0.03574519231915474,0.006112285424023867,-0.022511955350637436,0.06901533156633377,0.04923081770539284,-0.002810226520523429,0.08055292814970016,-0.08237344771623611,0.013065753504633904,-0.0023038892541080713,0.09160477668046951,-0.10234136134386063,-0.02841753512620926,0.024484336376190186,-0.02885158732533455,-0.010999344289302826,-0.04935899376869202,-0.027944931760430336,0.02533760294318199,0.025947261601686478,-0.01671026274561882,-0.010379007086157799,-0.0037185789551585913,-0.03260622173547745,-0.038820721209049225,-0.07164271920919418,-0.01969774439930916,0.06710232049226761,0.015218142420053482,0.05272340774536133,0.012679962441325188,0.04206974804401398,0.04604421555995941,-0.049180977046489716,0.00631743436679244,-0.023513684049248695,0.024034271016716957,-0.052909474819898605,0.11769794672727585,0.035786934196949005,0.027480561286211014,-0.004699362441897392,-0.05581575259566307,0.05514086037874222,-0.021252619102597237,-0.004822776187211275,0.00047319321311078966,0.014406618662178516,0.02338353358209133,-0.10992366820573807,-0.04034731537103653,-0.01676367223262787,0.027677593752741814,0.008426516316831112,0.015080696903169155,-0.09727884829044342,0.04032287001609802,0.10198114812374115,0.07727187126874924,0.09953111410140991,0.0039809453301131725,0.005024798214435577,0.007049228064715862,0.024722272530198097,0.0741378664970398,-0.04730064794421196,-0.052931565791368484,0.14256858825683594,0.11288309097290039,-0.08117015659809113,7.479532341860498e-34,-0.07006259262561798,-0.03112698905169964,0.030591733753681183,-0.05250692740082741,0.007579688914120197,-0.007678645197302103,-0.07642743736505508,-0.04736882820725441,0.04026824235916138,0.008833617903292179,-0.006989617832005024,0.006557624787092209,-0.0034157505724579096,0.06558779627084732,0.04325701668858528,0.01570284552872181,0.05907319113612175,-0.0815986916422844,-0.027310172095894814,-0.11673714220523834,0.03426522761583328,0.07285574078559875,-0.04547826200723648,0.16306796669960022,-0.04043150693178177,0.008397790603339672,0.01194261759519577,0.028400728479027748,-0.005425099283456802,0.033621542155742645,-0.022716794162988663,0.0382961742579937,0.049113281071186066,0.07660626620054245,-0.09430468827486038,-0.03890402987599373,0.07146322727203369,-0.08474188297986984,0.018375372514128685,0.13116639852523804,-0.03955960273742676,0.0055617052130401134,0.03565879166126251,-0.0907498300075531,0.0468575693666935,0.010669300332665443,0.039879895746707916,-0.07017523795366287,-0.001943411072716117,-0.005952636711299419,-0.0246292632073164,0.01454880926758051,-0.049709007143974304,0.0353025384247303,-0.047846049070358276,-0.03603780269622803,0.04675375297665596,-0.007877442054450512,0.06134980171918869,0.053445424884557724,0.038988545536994934,0.10053706169128418,0.007473418954759836,0.005715503357350826,-0.0062793861143291,0.049476224929094315,-0.08068334311246872,-0.15201550722122192,-0.03194032981991768,0.014496766962110996,0.0006530200480483472,-0.0508454255759716,-0.07591374218463898,-0.025930244475603104,0.0359424464404583,0.007246196269989014,-0.07908717542886734,0.016153277829289436,-0.07394542545080185,-0.03362852707505226,0.023357689380645752,0.016066119074821472,-0.012242740951478481,0.02074904926121235,0.043069448322057724,0.0727643221616745,0.11072749644517899,-0.07565786689519882,0.0027258237823843956,0.006652924232184887,-0.07277526706457138,-0.065017931163311,0.06066541746258736,-0.027295773848891258,0.0077928220853209496,-1.4417494753615756e-08,0.020743392407894135,0.04325059428811073,-0.002890047151595354,-0.06275399774312973,-0.0025770848151296377,0.009348329156637192,-0.017034685239195824,-0.04766920953989029,0.03716631233692169,0.08222009241580963,0.05549943074584007,0.0157824344933033,-0.019111139699816704,-0.026779230684041977,-0.011664007790386677,-0.014461011625826359,-0.10167770087718964,0.07250150293111801,-0.009985624812543392,-0.02365090698003769,0.1040862649679184,0.042156368494033813,-0.04999012127518654,-0.04488697275519371,0.038757480680942535,-0.023638173937797546,-0.005962822120636702,0.05901116877794266,0.02486754208803177,0.04879490286111832,-0.036872461438179016,0.04330816492438316,0.054234180599451065,0.06563844531774521,-0.049047138541936874,0.048068080097436905,0.11082841455936432,-0.04315299168229103,0.024769213050603867,-0.039023563265800476,0.03677712008357048,0.026253677904605865,0.04920732602477074,0.0018418191466480494,-0.07403020560741425,0.06671237200498581,-0.03723742812871933,0.053843170404434204,0.11533164978027344,-0.08626412600278854,0.006220589857548475,0.014397872611880302,0.005920929368585348,0.06248053163290024,0.024733753874897957,-0.07229059189558029,-0.001663810107856989,0.026357144117355347,-0.04782595485448837,-0.08622808754444122,-0.00645409757271409,-0.08461570739746094,0.02028818614780903,-0.006736875046044588
  +0.01917538233101368,0.037626370787620544,0.08082503080368042,-0.0064452351070940495,0.09987444430589676,-0.048941392451524734,0.019632278010249138,-0.00504944147542119,0.01120291743427515,0.006510899402201176,-0.008871166035532951,-0.08186624199151993,-0.05510532855987549,-0.004886833485215902,-0.010654534213244915,0.024550989270210266,-0.033590588718652725,0.027204159647226334,-0.05788630619645119,-0.03444620966911316,-0.0052724252454936504,0.1090063601732254,-0.019219987094402313,-0.014998970553278923,-0.0428650863468647,-0.014731273055076599,-0.03858347237110138,0.038046061992645264,0.023163996636867523,0.025926562026143074,-0.011574259959161282,-0.0020470444578677416,0.03140220418572426,0.039309076964855194,0.012508888728916645,0.030752602964639664,0.04151768237352371,0.017793528735637665,-0.045915454626083374,-0.01605544425547123,-0.06206359341740608,-0.07738699018955231,-0.004704618360847235,-0.04050881415605545,-0.08304625749588013,-0.008401809260249138,0.07024591416120529,-0.00676325848326087,-0.035161443054676056,-0.04036523401737213,0.0877494066953659,-0.015701984986662865,-0.09285840392112732,-0.020177721977233887,0.04444271698594093,-0.08568161725997925,-0.00025708513567224145,-0.03816802054643631,7.300292054424062e-05,-0.060597315430641174,0.002073867479339242,-0.08694418519735336,-0.05416584759950638,-0.001655054627917707,0.052373576909303665,-0.014238239265978336,0.05035551264882088,0.03771016001701355,-0.056197598576545715,-0.01899559050798416,-0.014658158645033836,-0.07185769826173782,-0.07921553403139114,-0.13229545950889587,-0.06393280625343323,0.03456815704703331,-0.0048649851232767105,0.008452409878373146,0.13999104499816895,0.012465627864003181,0.08352512866258621,0.036483585834503174,-0.0326603427529335,0.02457372471690178,0.03469449281692505,-0.016943521797657013,-0.023017944768071175,0.034691281616687775,-0.01613313890993595,0.013953489251434803,0.0027742604725062847,-0.050126127898693085,0.14168499410152435,0.06467495858669281,-0.015430326573550701,0.05173343047499657,0.08087603002786636,0.0016084688249975443,0.07978644967079163,-0.0075988443568348885,-0.01597640849649906,0.06347792595624924,-0.06776263564825058,-0.02686920203268528,-0.06812150031328201,0.04162744805216789,-0.0021851002238690853,0.07776491343975067,0.01815454475581646,-0.05111857131123543,-0.09838014096021652,0.006848376244306564,-0.0111060356721282,-0.030301693826913834,0.04540624842047691,-0.023580918088555336,0.11653058975934982,-0.05271859094500542,-0.05841445177793503,-0.03690360113978386,0.007835489697754383,-0.011676388792693615,0.030325621366500854,0.03553731366991997,-0.003817161777988076,-0.052995916455984116,0.008089753799140453,-7.0183744285958945e-34,-0.025822345167398453,-0.0015300314407795668,0.05734231695532799,-0.11804630607366562,-0.012942866422235966,0.09495674818754196,-0.07567311078310013,0.007574411574751139,0.09796945005655289,0.030663123354315758,-0.004684580955654383,0.03445025533437729,-0.030154192820191383,0.05853571742773056,0.07216280698776245,0.04121638089418411,-0.07471705228090286,0.017933974042534828,-0.0076659489423036575,-0.0351957269012928,-0.04152114689350128,-0.03460215404629707,0.026019196957349777,0.0566444993019104,0.06405709683895111,-0.0018784193089231849,0.11495155096054077,-0.005665509030222893,-0.023994754999876022,-0.0083492211997509,0.10363899916410446,0.022229215130209923,-0.038274504244327545,-0.04521096870303154,-0.0673905611038208,-0.005559653043746948,-0.02906995266675949,0.08874969184398651,-0.04984239116311073,0.020604461431503296,0.008440950885415077,0.03661983832716942,0.017991766333580017,-0.06658492982387543,0.001908853999339044,-0.018563099205493927,0.0455637201666832,-0.010553502477705479,0.03573985397815704,0.030689189210534096,-0.07217327505350113,0.04414764791727066,-0.08500193059444427,-0.031800560653209686,0.0032745006028562784,0.033566538244485855,0.07672668248414993,-0.05131441354751587,-0.04904075339436531,-0.050974197685718536,-0.06499499827623367,0.09028518199920654,0.06891930103302002,0.027644706889986992,0.07527479529380798,0.038113780319690704,0.012567177414894104,0.0162165779620409,-0.0015321405371651053,0.04993973672389984,0.02191947214305401,-0.07815634459257126,0.03145874664187431,0.0047242892906069756,-0.06095799058675766,-0.019036559388041496,-0.04897679388523102,-0.004534002393484116,-0.03848595172166824,0.041920360177755356,-0.1244177296757698,0.011167015880346298,-0.0041413274593651295,-0.11899353563785553,-0.07833988219499588,-0.06862641125917435,-0.027048883959650993,0.025898076593875885,0.039760321378707886,0.04811635613441467,-0.023539002984762192,-0.03519511967897415,0.02512495033442974,0.004238670226186514,-0.07406041026115417,-1.2124297608575662e-33,0.05443546921014786,0.08952543139457703,0.013643525540828705,-0.06802395731210709,0.029807938262820244,-0.03969396650791168,0.0024131457321345806,-0.016005346551537514,-0.015232077799737453,0.09692516922950745,-0.0003097527951467782,0.11974227428436279,0.03553684428334236,0.0605301633477211,0.06834504008293152,-0.02075534127652645,0.006367087829858065,-0.0007774950354360044,-0.03192538022994995,-0.03949064388871193,0.004850676748901606,-0.0813157856464386,0.06019206345081329,0.04117754474282265,-0.03583068028092384,0.0050581227988004684,0.03704214468598366,-0.027107959613204002,0.09327885508537292,0.007119609508663416,-0.055733032524585724,0.14198951423168182,-0.05187010392546654,0.0614558570086956,0.011531680822372437,-0.07675924897193909,0.03150077536702156,0.02342633530497551,-0.03528434410691261,-0.05428304895758629,0.021367989480495453,-0.023947549983859062,0.02900615707039833,0.014964785426855087,-0.043421752750873566,0.024061230942606926,0.003528269473463297,0.026574496179819107,0.052610039710998535,-0.05965298041701317,0.10961155593395233,0.038031674921512604,-0.11838920414447784,0.03997429832816124,0.05801248550415039,0.054603464901447296,0.0721026137471199,0.06407979875802994,-0.05901627615094185,-0.05668611079454422,0.030771847814321518,0.04343800991773605,0.029905829578638077,0.0118282875046134,-0.05363408848643303,-0.017356814816594124,0.002365692285820842,-0.03696465119719505,0.023931272327899933,-0.006651449482887983,-0.06844610720872879,0.010451496578752995,-0.015155429020524025,-0.07501427829265594,-0.06834724545478821,-0.09221767634153366,-0.03558099642395973,-0.05575888976454735,-0.005111965816468,-0.015181109309196472,-0.009074781090021133,0.05500289425253868,0.02726730890572071,0.0039057715330272913,0.08714000880718231,-0.12196590006351471,-0.05897904932498932,-0.02900882624089718,0.04117205739021301,0.1410677433013916,-0.10886763036251068,0.04310961067676544,-0.05342379957437515,0.04804399982094765,-0.036180950701236725,-1.52741641556986e-08,-0.062211912125349045,0.03606230393052101,0.07489179074764252,0.015596194192767143,-0.05947619676589966,-0.02002752013504505,0.008052268996834755,0.06387781351804733,0.007404341362416744,0.07621875405311584,0.07270611077547073,-0.006051401607692242,0.05458434298634529,0.07580622285604477,-0.054510507732629776,-0.05948146805167198,-0.027597811073064804,-0.05176983401179314,0.023258360102772713,-0.01525840163230896,0.016084428876638412,0.019987814128398895,-0.004555891267955303,0.027197040617465973,0.0463685542345047,-0.010617631487548351,-0.015201004222035408,0.03397440165281296,0.013127898797392845,0.028181537985801697,0.04948529228568077,0.07048162817955017,0.0051710340194404125,-0.05913666635751724,-0.08364318311214447,-0.0901094451546669,0.013418846763670444,0.01336686685681343,-0.02275112271308899,-0.05335668474435806,0.006386712193489075,-0.021166956052184105,0.006624704226851463,-0.015422415919601917,-0.02315804548561573,-0.05625686049461365,-0.06388530880212784,0.01649957336485386,0.003875008085742593,0.07438375800848007,0.004215477965772152,-0.1179138645529747,0.021928535774350166,-0.012468989007174969,0.02367463707923889,-0.06597890704870224,-0.02551903761923313,0.04313267022371292,-0.001995157916098833,-0.0010126876877620816,0.07417957484722137,-0.015374281443655491,0.005979605484753847,-0.02322276681661606
  +0.02857336588203907,-0.015501349233090878,0.08346237987279892,0.022710533812642097,0.11217743158340454,-0.10225921124219894,0.06474636495113373,-0.01728958636522293,-0.06032344326376915,0.050807978957891464,-0.00048381861415691674,-0.05989743024110794,-0.031258732080459595,0.009913276880979538,0.019691970199346542,0.04084770381450653,-0.05396178737282753,-0.03213565796613693,-0.0932062491774559,-0.014549434185028076,0.00045094298548065126,0.11720690876245499,-0.006763729732483625,0.008358774706721306,-0.08068594336509705,-0.002305201254785061,0.00015648802218493074,0.048323944211006165,0.028562653809785843,-0.021491359919309616,0.04313928261399269,0.09871810674667358,0.0697450041770935,-0.05166167765855789,0.021766046062111855,0.014610004611313343,0.04544134810566902,-0.02483401820063591,-0.023522600531578064,0.022777050733566284,-0.043216392397880554,-0.03521684929728508,-0.01438828557729721,-0.02901878021657467,-0.07603061944246292,-0.009168392978608608,-0.011716085486114025,-0.024899598211050034,0.048731885850429535,-0.019341830164194107,0.018695631995797157,0.0841238871216774,-0.07369290292263031,-0.04347660765051842,0.0015884420135989785,-0.06353698670864105,-0.06791748106479645,-0.055160824209451675,-0.04827949404716492,-0.02956133335828781,0.04941599816083908,0.002837079344317317,-0.009563934989273548,0.029497720301151276,0.0732165053486824,0.001145405462011695,-0.05602063611149788,0.08114291727542877,0.013287159614264965,-0.05714354291558266,-0.07471312582492828,-0.03537498787045479,-0.051152005791664124,-0.0349375382065773,-0.02559385634958744,0.049368780106306076,-0.0031320122070610523,-0.07464941591024399,0.08874893188476562,0.043522730469703674,0.1132134422659874,-0.034211527556180954,-0.050794195383787155,0.013855715282261372,-0.0026852809824049473,-0.02515045553445816,0.05003247782588005,-0.028397951275110245,-0.06744801253080368,0.011778691783547401,-0.024242863059043884,-0.05198514461517334,0.07221648842096329,0.011725292541086674,0.0033681103959679604,0.08887645602226257,0.09446607530117035,0.00786651112139225,0.027485685423016548,0.05480488762259483,-0.04409437254071236,-0.01271773036569357,-0.050986237823963165,-0.01674431934952736,-0.03441651910543442,-0.014019465073943138,0.05556719750165939,-0.003873227396979928,0.01591894030570984,-0.0014882133109495044,-0.09294303506612778,-0.01582004874944687,-0.0028117988258600235,-0.0657389909029007,0.08451303839683533,0.021495122462511063,0.099075548350811,-0.034149352461099625,-0.042311497032642365,-0.07856881618499756,-0.03339166194200516,-0.06523580104112625,0.006420641206204891,0.05285857990384102,0.06561103463172913,-0.04914102330803871,0.01818442903459072,-2.756631781975184e-33,0.0016675869701430202,-0.027669917792081833,0.045557137578725815,-0.06814548373222351,-0.018421338871121407,0.03290310874581337,-0.01271859835833311,-0.03152036294341087,0.07902055233716965,0.03316491097211838,-0.041525762528181076,0.03677351400256157,-0.07866726070642471,-0.008822078816592693,0.1312629133462906,0.010913731530308723,-0.10128767043352127,0.010871578939259052,-0.0544232614338398,0.01851453259587288,-0.07531201839447021,-0.061390843242406845,-0.07609972357749939,0.03443239629268646,0.05275183916091919,-0.0440596379339695,0.12407412379980087,0.029606368392705917,-0.025800611823797226,-0.021436616778373718,0.15715524554252625,0.052047427743673325,-0.05120726674795151,-0.016473492607474327,-0.02649778127670288,0.00477508082985878,-0.034373775124549866,0.0877884104847908,-0.03135189041495323,-0.020963339135050774,-0.00974525511264801,0.020316077396273613,0.021787051111459732,-0.016215084120631218,0.002455333946272731,-0.04382380470633507,0.022976195439696312,0.0009137928136624396,0.023484185338020325,-0.059561651200056076,-0.08942434191703796,0.03697856143116951,-0.03042319044470787,0.00537908636033535,0.056054312735795975,0.03341827169060707,0.07701116800308228,-0.05894996598362923,0.007015231531113386,-0.0030534155666828156,-0.03593696653842926,0.10807375609874725,0.014098471961915493,-0.02262791059911251,0.08987203240394592,-0.039617326110601425,0.08586172759532928,0.05770120769739151,0.02112635225057602,0.011599874123930931,0.00841632578521967,-0.07796280831098557,-0.019354157149791718,0.025067832320928574,-0.07594592869281769,-0.05204770714044571,-0.06128130108118057,0.01670297235250473,-0.04634438082575798,0.034067973494529724,-0.05335811525583267,-0.012698132544755936,0.02138674072921276,-0.07780452817678452,-0.03908970206975937,-0.04068669676780701,0.00013270103954710066,0.024266283959150314,0.03102252632379532,0.03897188976407051,-0.025947052985429764,0.04574603959918022,0.0616752952337265,0.024439534172415733,-0.013303112238645554,1.0166520032475796e-33,0.01853843592107296,0.051169220358133316,-0.02984570898115635,-0.019747799262404442,-0.0400894396007061,-0.02946842648088932,-0.017176231369376183,0.046698324382305145,0.019212866201996803,0.08357347548007965,-0.031464140862226486,0.08839409053325653,0.12277598679065704,-0.017547136172652245,0.08658561110496521,-0.004872933495789766,-0.024408841505646706,0.030108686536550522,-0.004074144177138805,-0.02652774378657341,-0.04030232131481171,-0.050851304084062576,0.05270429328083992,0.016271455213427544,-0.10342863202095032,0.07388284057378769,0.007442061323672533,0.018106546252965927,0.04353242740035057,-0.023026926442980766,-0.038298171013593674,0.10628985613584518,0.025173669680953026,0.1290764957666397,-0.02534100040793419,-0.047600120306015015,0.048075903207063675,-0.06912703067064285,-0.05387468263506889,-0.07314801216125488,0.03433562442660332,-0.032180529087781906,0.04734696447849274,-0.035725321620702744,0.007724537048488855,0.06548578292131424,-0.016596704721450806,-0.06872846931219101,0.040604665875434875,-0.11830895394086838,0.09340919554233551,0.029575807973742485,-0.1359158456325531,0.04374458268284798,0.05702022463083267,0.0677502453327179,0.018331848084926605,0.007684517186135054,-0.02692638896405697,-0.008637680672109127,0.0915830060839653,0.02141207829117775,0.003798173973336816,-0.021717723459005356,-0.07755448669195175,0.026098519563674927,0.019365154206752777,0.03945791721343994,0.03865663707256317,-0.00815244484692812,-0.05096367746591568,-0.028231384232640266,-0.020914025604724884,-0.022145666182041168,-0.05343913286924362,-0.06855875253677368,-0.038980480283498764,0.065004862844944,-0.01814575120806694,0.047500353306531906,-0.05003519356250763,0.026407934725284576,-0.04479657858610153,0.002629614435136318,0.020848361775279045,-0.07564485818147659,-0.03903184086084366,-0.07399756461381912,-0.0048882123082876205,0.10074034333229065,-0.03913410007953644,0.05651874467730522,-0.09946928173303604,0.007210765033960342,-0.0172734335064888,-1.314804176644202e-08,-0.04198197275400162,-0.041953012347221375,0.07256273180246353,0.012683464214205742,-0.10917794704437256,-0.021518591791391373,0.034733280539512634,0.05297856405377388,0.04729834944009781,0.07689474523067474,-0.002093577291816473,0.03243384137749672,0.02264137752354145,0.052638109773397446,0.05194000527262688,-0.06788735836744308,-0.06323634088039398,-0.02098327875137329,-0.004649659153074026,0.012446933425962925,0.01459567155689001,0.054791633039712906,-0.001262938603758812,-0.007063932251185179,0.019054433330893517,-0.01672106236219406,0.03964471444487572,-0.007179675158113241,0.06295067816972733,0.026558035984635353,-0.01721934974193573,0.08216147124767303,-0.007979919202625751,-0.0523676797747612,-0.09990427643060684,-0.04192191734910011,0.07877591252326965,-0.03460085019469261,-0.06787653267383575,-0.010226196609437466,-0.045786190778017044,0.05325751379132271,-0.09597030282020569,-0.058182016015052795,0.0849364772439003,-0.05966248735785484,0.01568724401295185,0.0325058251619339,-0.007819938473403454,-0.01267321314662695,0.047059230506420135,-0.06963285803794861,0.07453051954507828,-0.05096234753727913,0.013975773006677628,-0.027069684118032455,-0.040294066071510315,0.020993975922465324,0.029112963005900383,0.008184407837688923,0.003244010964408517,0.020974237471818924,-0.01790040172636509,0.07303955405950546
  +0.01905670389533043,0.10766445845365524,0.04177144542336464,0.061328064650297165,0.039025258272886276,-0.11401771754026413,0.04675188288092613,-0.03206375613808632,-0.08695779740810394,0.05822816863656044,-0.023533260449767113,-0.08308379352092743,-0.0046117305755615234,-0.018536502495408058,0.035484787076711655,0.06229887902736664,-0.04873495176434517,0.014273932203650475,-0.019012073054909706,-0.06722333282232285,-0.016891980543732643,0.03704801946878433,0.035705696791410446,-0.0052097574807703495,-0.01641126349568367,0.06673838198184967,0.0026498876977711916,0.1182384192943573,-0.009202740155160427,-0.03847319632768631,0.02837861329317093,-0.009727118536829948,0.03769416734576225,-0.006649254821240902,-0.0026758175808936357,0.14339230954647064,-0.0544452928006649,-0.0001448603143217042,0.006819257978349924,0.006245423574000597,-0.06626859307289124,-0.048662811517715454,-0.04799983650445938,-0.07157013565301895,-0.10371749848127365,0.016005368903279305,-0.01379896979779005,-0.02414095401763916,0.01779887266457081,-0.05253807455301285,0.07232164591550827,-0.0348285436630249,-0.07428380846977234,-0.005996144842356443,-0.006776510272175074,-0.05409201607108116,0.051251720637083054,-0.04724070429801941,0.000871015596203506,-0.05738270655274391,0.034948088228702545,-0.0987040251493454,-0.056216515600681305,0.03460000455379486,0.034554384648799896,0.003579626325517893,0.04084077849984169,0.10518299043178558,-0.007764305919408798,-0.11209644377231598,0.03315011411905289,-0.10291086882352829,-0.016380006447434425,-0.1311529576778412,-0.10150153189897537,0.011997087858617306,-0.028346916660666466,0.03789108991622925,0.10300513356924057,-0.0015914302784949541,0.04156821221113205,-0.018788767978549004,-0.08533787727355957,0.0014416108606383204,0.04152878746390343,0.044126443564891815,0.05225605517625809,0.01657094992697239,0.07630826532840729,0.060229819267988205,-0.008952582255005836,-0.06337757408618927,0.10776666551828384,0.02910456247627735,0.007960283197462559,0.029306665062904358,0.05427434295415878,-0.03775196522474289,-0.005611516535282135,0.02963205985724926,0.025017637759447098,0.024326089769601822,0.0009077261784113944,-0.015618528239428997,0.044177744537591934,-0.05810835212469101,-0.0015054347459226847,0.08539848029613495,0.09628055989742279,-0.04512150585651398,-0.0257083922624588,0.047085344791412354,0.022074636071920395,0.01401518564671278,0.02054840885102749,-0.002166546881198883,0.11998669058084488,-0.048906195908784866,0.05218440294265747,0.02213512547314167,0.03633030131459236,-0.07248567044734955,0.05088549107313156,-0.0031425426714122295,0.017414914444088936,-0.008137189783155918,0.055590227246284485,-2.911297818526611e-33,-0.08035547286272049,-0.0406685546040535,0.012779858894646168,-0.041070785373449326,0.0612187422811985,0.09185991436243057,-0.030003385618329048,-0.0034512828569859266,0.046732086688280106,-0.05362328514456749,0.04270688816905022,0.06231614202260971,0.0545421801507473,0.05153655260801315,0.09498429298400879,-0.10473387688398361,-0.017536543309688568,0.08639926463365555,0.06254591047763824,-0.04019290581345558,-0.012895173393189907,-0.04369635507464409,0.015533553436398506,0.002143370220437646,0.06326831877231598,-0.02994045801460743,0.11259949207305908,-0.013475030660629272,0.006955403834581375,-0.014308943413197994,0.10780913382768631,0.030842473730444908,-0.03855779767036438,0.014132224954664707,-0.006566391326487064,0.01885812170803547,-0.029834583401679993,0.07387088239192963,-0.02109014429152012,-0.00012435400276444852,-0.028796937316656113,0.050642214715480804,0.01077932771295309,-0.015116548165678978,0.017354903742671013,-0.01693117432296276,0.1548832505941391,0.02560131810605526,-0.04834240302443504,0.0029029424767941236,-0.07195897400379181,0.005481024272739887,-0.013100534677505493,-0.050333622843027115,0.05378282815217972,-0.02291536144912243,0.04956137016415596,-0.07792457193136215,0.014368219301104546,-0.0551811121404171,-0.020597659051418304,0.10891810804605484,-0.01359795592725277,-0.015658918768167496,0.10785429924726486,-0.04943515732884407,-0.016194850206375122,0.026189519092440605,-0.030779672786593437,0.009647265076637268,-0.005207268986850977,-0.05768429487943649,0.04968039318919182,0.04610949382185936,-0.00028575165197253227,-0.0001740472362143919,-0.01204004231840372,0.026624448597431183,-0.18688808381557465,0.007667364552617073,-0.07314196974039078,0.028736324980854988,0.06694347411394119,-0.04953339695930481,0.028672991320490837,-0.06292427331209183,-0.03336838632822037,-0.0202300064265728,0.01431200560182333,0.04705631732940674,-0.007333131041377783,0.03191160038113594,0.03003934770822525,0.0555487684905529,-0.06774523109197617,2.7021053744863383e-33,0.028686154633760452,0.0425223633646965,-0.04778919368982315,-0.05416632071137428,0.051491983234882355,-0.03790618106722832,-0.0798303633928299,-0.0352485291659832,-0.06885483115911484,0.006138162221759558,-0.03261882811784744,0.01181253045797348,0.06030915677547455,0.01802215538918972,0.0002289598050992936,-0.018021225929260254,0.04092293977737427,-0.02237558178603649,-0.05894680693745613,-0.02023346535861492,-0.05636461824178696,0.05687153711915016,-0.024116380140185356,0.011597624979913235,-0.09017258137464523,0.10122714191675186,0.020339900627732277,-0.03068908303976059,0.028150832280516624,0.008708550594747066,-0.07980071008205414,0.025606676936149597,-0.0010398558806627989,0.04056258127093315,-0.052519675344228745,0.007081591058522463,0.05692771449685097,0.012472865171730518,-0.024840783327817917,0.11766953766345978,0.07171972841024399,-0.07371675223112106,-0.010231981985270977,-0.026921860873699188,-0.05809267237782478,-0.0028745473828166723,-0.03812885284423828,-0.00136217859108001,-0.06254567950963974,-0.01969252899289131,0.026102406904101372,-0.04169894754886627,-0.11076763272285461,-0.03615375608205795,0.018866468220949173,-0.048829518258571625,0.06294611841440201,0.09891444444656372,-0.0930466502904892,-0.03257520869374275,0.09627426415681839,0.026183264330029488,0.10084801912307739,0.055918313562870026,-0.09069092571735382,0.032558638602495193,0.0010056740138679743,-0.0018327375873923302,-0.015226947143673897,-0.03845420479774475,-0.08604643493890762,0.017898762598633766,-0.045883502811193466,-0.03078785538673401,0.015043999999761581,-0.04536588117480278,-0.027465561404824257,-0.04487046226859093,-0.05769811570644379,-0.014543332159519196,-0.013305632397532463,0.030908510088920593,-0.05341600999236107,0.014988046139478683,0.01504524890333414,-0.07327558100223541,-0.025317944586277008,-0.09952409565448761,0.023916341364383698,0.06505663692951202,-0.025239352136850357,-0.04210866615176201,-0.027959462255239487,0.1136588528752327,-0.01679607294499874,-1.253580439453117e-08,-0.03420647978782654,-0.025106238201260567,0.08516073226928711,-0.05355999991297722,-0.07296168804168701,-0.01287916861474514,0.0405893549323082,0.008425584062933922,0.04928360506892204,0.005127384327352047,0.07598937302827835,0.026249047368764877,0.030259940773248672,0.08310530334711075,0.005189725663512945,-0.04397378861904144,0.04852523282170296,0.02268834412097931,-0.03017512895166874,-0.034729547798633575,0.00818680226802826,-0.026329709216952324,-0.004123961087316275,0.04141470417380333,0.12135017663240433,-0.015029151923954487,0.04544571042060852,0.039826031774282455,0.04364272579550743,0.02940240688621998,-0.0009417585679329932,0.043651312589645386,0.03727976232767105,-0.05499344319105148,-0.05862138047814369,0.010666714049875736,0.009881972335278988,-0.04540874436497688,0.006847053300589323,0.017328452318906784,-0.04177512601017952,0.009301407262682915,-0.026302175596356392,-0.0018584755016490817,-0.04585773125290871,-0.024299124255776405,-0.050430264323949814,-0.0015794323990121484,0.047653406858444214,0.037122584879398346,-0.0018388718599453568,-0.03133981302380562,0.06736167520284653,0.03471618890762329,0.04831589013338089,-0.00998631864786148,-0.020691120997071266,-0.01808163896203041,0.020054353401064873,-0.00807869527488947,0.021746093407273293,0.009206238202750683,-0.042746298015117645,0.01739778369665146
  +0.06288303434848785,0.013232424855232239,0.012852655723690987,-0.030431289225816727,0.03712962195277214,-0.08463219553232193,0.06832348555326462,-0.03953554108738899,-0.055235642939805984,0.0356791615486145,-0.03769032284617424,-0.07323373854160309,0.013798435218632221,0.0625520646572113,-0.056308962404727936,-0.0033612996339797974,-0.053306661546230316,0.033746007829904556,0.03211905062198639,-0.0326569601893425,0.02136836014688015,0.007648628670722246,0.01199925784021616,-0.023362066596746445,-0.08274947106838226,0.039903707802295685,0.07903551310300827,-0.016109541058540344,-0.047643646597862244,-0.03880450874567032,0.09616327285766602,0.05361376330256462,0.11478283256292343,-0.09931299090385437,-0.009216316044330597,0.11765823513269424,0.0034278053790330887,-0.03675355017185211,0.041532378643751144,-0.02376418188214302,-0.051682401448488235,-0.03171737864613533,-0.020354818552732468,-0.03903578594326973,-0.09229635447263718,-0.014975417405366898,0.00551103800535202,-0.08323737978935242,0.002465159399434924,-0.09074961394071579,0.10962692648172379,-0.022737514227628708,-0.05417667329311371,-0.03094106912612915,0.030618742108345032,-0.08741514384746552,0.009269855916500092,-0.048628851771354675,-0.0934389978647232,-0.09625225514173508,0.016047045588493347,-0.04758578911423683,-0.023664601147174835,0.04043847694993019,0.09805207699537277,0.009333307854831219,-0.018113136291503906,0.08078189194202423,-0.016197768971323967,-0.09574428200721741,-0.0690932646393776,-0.09249676764011383,-0.030078915879130363,-0.04837915673851967,-0.08880188316106796,0.039920706301927567,0.0636381283402443,0.03044242598116398,0.030468419194221497,0.02938605658710003,0.013686942867934704,-0.033420320600271225,-0.025293385609984398,0.003483117325231433,0.02001842111349106,0.012174422852694988,-0.051931433379650116,-0.015963751822710037,0.017440881580114365,0.01630295440554619,0.03539685159921646,-0.0037961157504469156,0.0830846056342125,-0.03789695352315903,-0.017795393243432045,0.009252605959773064,0.025728248059749603,0.020354680716991425,0.044932495802640915,0.02181866206228733,-0.03519013896584511,0.04735460504889488,0.025904187932610512,-0.07246428728103638,0.04967539757490158,-0.034419018775224686,0.04882735386490822,0.03958545997738838,0.09621097892522812,-0.038311250507831573,-0.052995070815086365,-0.04056360200047493,0.021909678354859352,0.08218599855899811,0.07848116755485535,0.03235630691051483,0.08190926909446716,-0.06205488368868828,-0.014313018880784512,0.030668282881379128,-0.05452309921383858,-0.04180115461349487,-0.01405585091561079,-0.03774164244532585,-0.005569104105234146,0.031246952712535858,0.051036201417446136,-3.163627048151223e-33,-0.05220036208629608,-0.023065177723765373,0.011821497231721878,-0.06850764900445938,0.017026612535119057,-0.015826324000954628,0.05027921125292778,-0.03576132655143738,0.10429610311985016,-0.08801322430372238,0.005590274930000305,-0.01716509833931923,-0.009359803982079029,0.029492931440472603,0.04539189860224724,-0.04409531131386757,-0.006341081578284502,0.11828809231519699,0.031294114887714386,-0.04297260195016861,0.00014570947678294033,0.02320885844528675,-0.038231831043958664,-0.028603611513972282,0.08779381960630417,-0.03977373242378235,0.0642828494310379,0.019679183140397072,0.03210926055908203,-0.023916278034448624,0.13542895019054413,0.06118858605623245,-0.05828360468149185,0.019039195030927658,-0.04817831516265869,0.007089861668646336,-0.10179878026247025,0.12372191250324249,-0.05538354441523552,-0.04410447180271149,-0.049838028848171234,0.012216465547680855,-0.006709476932883263,0.016438545659184456,0.038831308484077454,-0.05568550154566765,0.07562654465436935,0.03193140774965286,0.03630271553993225,0.039968423545360565,-0.059605587273836136,-0.018914567306637764,-0.040345802903175354,-0.02704145573079586,0.02823932096362114,-0.02230377122759819,0.05328623577952385,-0.09595370292663574,0.007204665802419186,-0.023526599630713463,-0.007626395206898451,0.11907664686441422,-0.07689321041107178,0.04390318691730499,0.1296013742685318,-0.03047412633895874,0.03979187458753586,0.04555581510066986,0.08893566578626633,0.048201385885477066,-0.04944581910967827,-0.026852870360016823,0.004819916095584631,0.07228602468967438,-0.04489690437912941,0.0072938911616802216,-0.02521410770714283,-0.050033699721097946,-0.10469534248113632,0.032086633145809174,-0.08671131730079651,0.02789093740284443,-0.01696794293820858,-0.05587530508637428,0.04111681506037712,0.003969053737819195,0.006228645332157612,0.021337926387786865,0.05164995416998863,0.003096103435382247,0.006345510948449373,0.029406238347291946,-0.031388476490974426,-0.004089063033461571,-0.01961401104927063,1.7119811563299484e-33,0.10615143179893494,0.026636477559804916,-0.03031035326421261,-0.030926387757062912,0.010868347249925137,-0.03971593827009201,-0.038900889456272125,0.04707840830087662,0.012379173189401627,0.07000797241926193,-0.06653262674808502,0.07658952474594116,0.06935018301010132,0.02214997261762619,0.02561051957309246,-0.034288715571165085,0.06568753719329834,-0.0475781075656414,-0.07690203934907913,-0.06903909891843796,-0.0002575680846348405,0.07309781759977341,-0.006614562589675188,-0.03144296258687973,-0.09452256560325623,0.04414647817611694,0.020695891231298447,-0.04551933333277702,0.054440729320049286,-0.019354265183210373,-0.04503997042775154,0.025006446987390518,0.04996758699417114,0.06505413353443146,-0.023595359176397324,-0.057276323437690735,0.006550660356879234,0.05005728453397751,-0.015674222260713577,0.06579435616731644,0.015024426393210888,-0.07316598296165466,-0.06396583467721939,-0.0014227196807041764,-0.06953839212656021,0.0035575430374592543,-0.030055727809667587,-0.027385981753468513,0.03904575854539871,-0.03876478597521782,0.030084984377026558,0.005792352370917797,-0.08438680320978165,-0.01864672638475895,0.028158871456980705,-0.001919073285534978,0.06328438222408295,0.04596123471856117,-0.06898662447929382,-0.005941337440162897,0.08387783914804459,0.11460551619529724,0.055823493748903275,-0.006152748595923185,-0.05436147376894951,0.050281692296266556,0.025524605065584183,0.03946610912680626,-0.0952891930937767,0.005476726684719324,-0.028510548174381256,0.012280100956559181,-0.011750375851988792,-0.03487878665328026,-0.026583682745695114,-0.06188039854168892,-0.09321499615907669,0.030998095870018005,-0.024243585765361786,0.03930678218603134,0.024138493463397026,0.05288666859269142,-0.03380738943815231,0.04737583547830582,0.016601374372839928,-0.07997579872608185,-0.03831089287996292,-0.09107398986816406,-0.00797791127115488,0.054610710591077805,-0.011220070533454418,-0.03124304674565792,-0.008594910614192486,0.07656364142894745,0.048653677105903625,-1.4614879084717813e-08,-0.07459460198879242,-0.017335940152406693,0.05043405294418335,0.06025541573762894,-0.0722849890589714,-0.014803493395447731,0.045613717287778854,0.055059853941202164,0.040062300860881805,0.03963630646467209,0.00874311849474907,0.024996474385261536,-0.042411454021930695,0.060953538864851,0.03401782736182213,-0.03300722315907478,-0.01150087546557188,-0.08682065457105637,-0.013763988390564919,-0.056734178215265274,-0.010236884467303753,-0.07416694611310959,-0.009347823448479176,-0.004024313297122717,0.07037179917097092,-0.019469374790787697,0.00936113391071558,0.09246132522821426,-0.00693407142534852,-0.014534316956996918,0.10284177958965302,0.06140654534101486,-0.04596405476331711,-0.013014108873903751,-0.04204154759645462,-0.05409349873661995,0.08239906281232834,-0.06754038482904434,-0.020328089594841003,0.03492283076047897,-0.05085604265332222,-0.02135198749601841,-0.005957489833235741,-0.005653830710798502,0.052778374403715134,0.013025615364313126,0.0016790194204077125,-0.01939796470105648,0.00023210575454868376,-0.060976359993219376,0.0034772984217852354,-0.06510965526103973,0.057774290442466736,0.06900806725025177,0.07313326746225357,0.0233952384442091,0.0373757965862751,-0.017462806776165962,-0.0044401888735592365,0.03580179437994957,0.11931010335683823,0.00586355896666646,0.08826542645692825,-0.03571418672800064
  +0.05828481540083885,0.01362904254347086,0.0155722601339221,0.01229929644614458,0.0760434940457344,-0.06413338333368301,0.08374001085758209,0.027903098613023758,-0.06460012495517731,0.0648173838853836,-0.011466946452856064,-0.052450574934482574,0.037934694439172745,0.0783899798989296,-0.04361023008823395,0.006572864018380642,-0.02139984630048275,0.002095579169690609,-0.004775447770953178,0.03368179500102997,0.043267641216516495,0.059270311146974564,0.045381251722574234,-0.0008705484797246754,-0.10215897858142853,0.06277311593294144,0.012762377969920635,0.0012741751270368695,0.031623538583517075,-0.054933156818151474,0.10175766050815582,0.045701440423727036,0.052192118018865585,-0.04381899908185005,0.0009711860911920667,0.06847245246171951,-0.0032192973885685205,-0.056281886994838715,0.04230435565114021,0.014013362117111683,-0.0662546306848526,-0.020973077043890953,-0.07337486743927002,-0.03459658473730087,-0.06926523894071579,-0.0377628430724144,0.023200375959277153,-0.1155553013086319,0.01556471548974514,-0.06114527955651283,0.14066947996616364,0.0007483601220883429,-0.06080494448542595,-0.017854217439889908,-0.007618591655045748,-0.11134717613458633,0.04476252198219299,-0.05009814351797104,-0.09234682470560074,-0.05538901686668396,0.03368499130010605,-0.05701834335923195,-0.003732850309461355,0.0074513498693704605,0.11203926801681519,0.030658800154924393,-0.03163928911089897,0.1054157167673111,-0.009396488778293133,-0.058010563254356384,-0.020621908828616142,-0.0876048356294632,-0.032032277435064316,0.014684434048831463,-0.05614635720849037,0.0590774230659008,0.0621507503092289,0.013386300764977932,0.021729929372668266,0.005499904975295067,-0.01510416716337204,0.002046435372903943,0.0077772061340510845,0.007118464447557926,0.01300134975463152,0.03508846461772919,-0.08976878225803375,0.02755654975771904,0.00724894180893898,-0.013414066284894943,0.0222843699157238,0.029035186395049095,0.10143835842609406,0.01079929806292057,-0.035532817244529724,0.008871003985404968,0.030941270291805267,0.039723120629787445,0.05603943020105362,0.008635428734123707,-0.011454116553068161,0.054087281227111816,-0.057992275804281235,-0.06351734697818756,-0.03429560735821724,-0.08830303698778152,-0.0002749777922872454,0.030815377831459045,0.040681034326553345,0.003175790887326002,-0.029335444793105125,-0.01865886151790619,-0.02056264877319336,0.04088316857814789,0.004095757845789194,0.04987487941980362,0.02336004376411438,-0.040969181805849075,-0.037302155047655106,-0.03417988866567612,-0.025398986414074898,-0.027719173580408096,0.05024441331624985,0.007329571060836315,-0.02210286818444729,-0.051150429993867874,0.06420846283435822,-2.1714392863961632e-33,-0.06681034713983536,0.013460352085530758,0.03579958528280258,-0.03209378570318222,0.02255813404917717,-0.009437218308448792,0.04183318465948105,-0.035073891282081604,0.0782814547419548,-0.02711840346455574,0.006463930476456881,0.018350733444094658,-0.0522112138569355,-0.00748128117993474,0.04413726180791855,-0.048500075936317444,-0.003983320668339729,0.10089651495218277,0.016804149374365807,-0.09116683155298233,-0.06578803062438965,-0.029021859169006348,0.010904131457209587,0.02687740884721279,0.09789557754993439,0.0505736880004406,0.03497008979320526,0.03904470428824425,-0.01619410142302513,-0.02505549043416977,0.12316689640283585,0.06318264454603195,-0.034485846757888794,-0.012377179227769375,-0.010942723602056503,0.0318094827234745,-0.16108040511608124,0.10773441940546036,-0.07797329127788544,-0.05505465716123581,-0.052412040531635284,-0.030610034242272377,0.0573473796248436,0.06945743411779404,0.04756927117705345,-0.04224225878715515,0.057956136763095856,0.03865283727645874,0.02121349424123764,-0.037992142140865326,-0.07173789292573929,0.003147873794659972,-0.014631434343755245,-0.050301019102334976,0.01006925106048584,-0.0035145969595760107,0.0851685032248497,-0.13363446295261383,0.002809193916618824,-0.011728744953870773,0.03148059919476509,0.12317581474781036,-0.07939400523900986,0.0588398203253746,0.0878107100725174,-0.07363998889923096,0.0444912388920784,0.01203843392431736,0.06872923672199249,-0.01377401128411293,0.01388583891093731,-0.004168746527284384,0.027475005015730858,0.06323537230491638,-0.03578580915927887,0.018262729048728943,-0.02490978315472603,-0.04320819675922394,-0.07080034911632538,-0.010165084153413773,-0.12354093044996262,0.023019520565867424,-0.03375273570418358,-0.06658556312322617,-0.017948925495147705,-0.03563835099339485,0.04713283106684685,0.029905792325735092,0.010403485968708992,0.0586712509393692,0.0014106436865404248,-0.009006844833493233,0.0034670750610530376,0.003367555793374777,-0.026133159175515175,1.6057133446087442e-33,0.09752503782510757,0.011272811330854893,-0.023556992411613464,-0.010598092339932919,0.025195514783263206,-0.07611732184886932,-0.05715816840529442,-0.0008060911786742508,0.027141794562339783,0.07379795610904694,-0.038491323590278625,0.06782972812652588,0.07824424654245377,0.005360519513487816,0.022578680887818336,-0.005877047777175903,0.06026792898774147,-0.010723511688411236,-0.08638204634189606,-0.1085769459605217,-0.0317501537501812,0.012417804449796677,-0.03211739659309387,-0.028016194701194763,-0.15140549838542938,0.04004727303981781,0.013670611195266247,-0.08693664520978928,0.0461631640791893,-0.00563019746914506,-0.011668985709547997,0.04395930841565132,0.019017988815903664,0.05672850087285042,-0.023742616176605225,-0.12089135497808456,0.047079045325517654,0.03514215722680092,-0.00291228829883039,-0.03991609066724777,0.010314752347767353,0.011506706476211548,-0.04442111775279045,0.016115928068757057,-0.09047847986221313,-0.020398462191224098,-0.046214230358600616,-0.057848937809467316,0.039872292429208755,-0.05025571957230568,0.08794717490673065,-0.0047684344463050365,-0.06698717176914215,-0.0778421014547348,0.06148167699575424,0.04964170232415199,-0.026475492864847183,0.01695113070309162,-0.06176990270614624,0.02751866541802883,0.08993032574653625,0.11668971180915833,0.01994270831346512,0.024747265502810478,-0.0531180314719677,0.019540265202522278,-0.030497953295707703,0.008298853412270546,-0.06366388499736786,0.010136369615793228,-0.016382278874516487,0.05639558658003807,-0.018413541838526726,-0.055835820734500885,-0.02824450470507145,-0.11791148781776428,-0.062081124633550644,0.035746753215789795,-0.01266785804182291,-0.009840412065386772,0.05339191481471062,0.024815427139401436,-0.07192941755056381,0.07203090935945511,0.02028103917837143,-0.04875197261571884,-0.026429954916238785,-0.026590250432491302,-0.010111412033438683,0.03446480259299278,-0.04086172580718994,0.007363026961684227,0.0015744807897135615,0.0977250263094902,-0.006071528419852257,-1.5114940410398958e-08,-0.05849062278866768,0.021676737815141678,0.03182124346494675,0.01964440941810608,-0.05849113315343857,-0.014471647329628468,0.04569678381085396,0.053497008979320526,0.02156791463494301,0.041520725935697556,0.006964528001844883,-0.043097127228975296,-0.016759108752012253,0.05787912383675575,0.019813712686300278,-0.04121376574039459,0.00919599924236536,-0.043299272656440735,-0.011181537993252277,-0.049820419400930405,0.02227639965713024,-0.056294530630111694,0.051832228899002075,0.019387438893318176,0.07756746560335159,-0.023947570472955704,0.016198573634028435,0.09585430473089218,0.06003739684820175,0.061350010335445404,0.07354868948459625,0.04369043558835983,-0.05279189720749855,0.033311013132333755,-0.04223599284887314,-0.06621406972408295,0.05875933915376663,-0.0458357110619545,-0.013228874653577805,0.084192655980587,-0.04169904813170433,-0.009633232839405537,-0.01407924946397543,0.051364682614803314,0.04887785762548447,-0.03314599767327309,-0.062149807810783386,0.04086418077349663,-0.013507101684808731,-0.04341719299554825,-0.007107849232852459,-0.10088440030813217,0.0438697412610054,0.07401740550994873,0.059544458985328674,0.02740642987191677,0.0529145672917366,0.011181323789060116,0.027971532195806503,0.02236248180270195,0.07233517616987228,-0.03584393486380577,0.07441550493240356,-0.00433553708717227
  +0.08272597938776016,0.07086901366710663,0.09731854498386383,0.009126599878072739,0.10238684713840485,-0.013390605337917805,0.028012121096253395,0.0045339204370975494,-0.024642299860715866,0.0320361964404583,-0.011677462607622147,-0.12173934280872345,-0.03708668053150177,0.04353802651166916,0.003082113340497017,0.0475054569542408,-0.05430864542722702,0.061950817704200745,-0.06328625231981277,0.028957590460777283,-0.02162788063287735,0.0402577742934227,0.01479997020214796,0.01981048472225666,-0.10410570353269577,0.004444227088242769,-0.04867119342088699,0.06482444703578949,0.0009992679115384817,-0.015823664143681526,0.026845430955290794,0.13961251080036163,0.07846447080373764,-0.01876313053071499,-0.032309964299201965,0.05812542140483856,0.06113862991333008,-0.014200374484062195,-0.015088710933923721,0.010330897755920887,-0.046894658356904984,-0.04658937454223633,0.009467204101383686,-0.026900125667452812,-0.04136307165026665,-0.09411252290010452,0.015925729647278786,-0.023949582129716873,-0.020508352667093277,-0.0410483255982399,0.03888075798749924,-0.008772549219429493,-0.053729455918073654,-0.06234867125749588,0.009296472184360027,-0.07234036922454834,-0.009541644714772701,-0.057182542979717255,0.0011738924076780677,-0.02455230988562107,0.0754641443490982,-0.02366071753203869,-0.04520783573389053,0.02878451533615589,0.08000481128692627,-0.010583399794995785,-0.08733227103948593,0.04346036911010742,-0.017376689240336418,-0.0199765432626009,0.009251897223293781,-0.03338944911956787,-0.04013623669743538,-0.12442617863416672,-0.03735395893454552,-0.0035215788520872593,-0.019738053902983665,0.04460478946566582,0.09250612556934357,-0.009690268896520138,0.09173965454101562,-0.05159036070108414,-0.06351757794618607,-0.018589558079838753,0.03390182927250862,0.004102671053260565,0.044028833508491516,-0.02093098685145378,-0.013552436605095863,0.04901214689016342,0.06898929178714752,-0.10846321284770966,0.11476381868124008,0.02603764459490776,-0.10029253363609314,0.03650927171111107,-0.005581241566687822,-0.11757615208625793,0.04424375668168068,0.04477454721927643,0.008682085201144218,0.013074221089482307,-0.05873456969857216,-0.057044193148612976,-0.0007607481093145907,-0.0011191845405846834,-0.011741617694497108,-0.008224197663366795,0.03563786670565605,0.0390067994594574,-0.05237504839897156,0.0165077093988657,0.018550565466284752,0.07009302824735641,0.020425742492079735,-0.026504123583436012,0.14389218389987946,-0.0956752821803093,0.014637966640293598,-0.0306122787296772,0.005920596420764923,-0.07721835374832153,0.0021877947729080915,0.019003307446837425,0.033728789538145065,-0.016596073284745216,-0.04635424166917801,-3.243453400147626e-33,-0.0370970144867897,-0.08655159175395966,-0.03735370188951492,-0.06115575134754181,0.05499036982655525,5.8729328884510323e-05,-0.025263400748372078,-0.02609771117568016,0.01692217029631138,-0.057427722960710526,-0.01894061453640461,0.05380230396986008,0.03830656409263611,0.03746936470270157,0.09542594850063324,-0.011680206283926964,-0.05531494319438934,0.10160495340824127,0.027126427739858627,0.0043024299666285515,-0.08320380747318268,-0.050347018986940384,-0.04504285752773285,0.11748809367418289,0.07828620821237564,-0.06382977217435837,0.06996447592973709,0.005016621667891741,-0.029166623950004578,-0.0169803649187088,0.12013690918684006,-0.05857367813587189,-0.03923073410987854,-0.03522074222564697,0.05922824144363403,0.029866743832826614,-0.02267294190824032,0.07253590226173401,-0.04663443565368652,0.03196153789758682,-0.06294970959424973,0.014153232797980309,0.0031211168970912695,-0.02355288155376911,0.03882276266813278,-0.0479545034468174,0.09960909187793732,0.054431237280368805,-0.03256620839238167,-0.01246615033596754,-0.06716423481702805,0.022464636713266373,-0.015656698495149612,-0.02836775779724121,-0.010320207104086876,-0.012253730557858944,0.06207314878702164,-0.0710817277431488,-0.03104242868721485,-0.01529396791011095,-0.004163718316704035,0.031340617686510086,0.032029733061790466,-0.03539445996284485,0.21684888005256653,0.018848247826099396,0.09736170619726181,0.06953227519989014,-0.05961029976606369,0.046666406095027924,-0.019538426771759987,-0.04181544855237007,0.026606764644384384,-5.5781205446692184e-05,-0.039474595338106155,-0.003233447205275297,-0.07022053003311157,-0.019494151696562767,-0.03900499269366264,0.10125467926263809,-0.042751312255859375,0.06729396432638168,0.02252800203859806,-0.07588113099336624,0.004016799386590719,0.006375796627253294,0.0027268806006759405,-0.0535883754491806,0.0577658973634243,-0.015597311779856682,-0.0041098021902143955,0.01882842183113098,0.028472168371081352,-0.027602944523096085,-0.016758166253566742,1.939710778940704e-33,-0.01788669265806675,0.0807010754942894,-0.009794839657843113,-0.07474394887685776,-0.03487362340092659,-0.089144766330719,-0.00023293904087040573,0.03253850340843201,-0.00010022515198215842,-0.07159023731946945,-0.05888509377837181,0.12388785928487778,0.07740194350481033,0.03655499219894409,0.04590725153684616,-0.06366075575351715,0.023627659305930138,0.018266653642058372,-0.02240057848393917,-0.03393576294183731,-0.03196997940540314,-0.05087794363498688,0.02625683881342411,0.03105936013162136,-0.08754204213619232,0.05408173426985741,-0.008407972753047943,-0.020108215510845184,0.04815761744976044,-0.020918749272823334,-0.01474580354988575,0.027093177661299706,0.035778917372226715,0.06505272537469864,-0.01183735765516758,0.037140220403671265,0.03058861754834652,-0.08623149991035461,-0.029018666595220566,0.003287883009761572,0.07195913046598434,-0.04245088994503021,0.04501136392354965,-0.0315641351044178,0.013085375539958477,0.018445178866386414,-0.03215496987104416,0.04469022899866104,0.05569316819310188,-0.013757560402154922,0.10543739050626755,0.034567929804325104,-0.08006087690591812,0.004311541561037302,0.07027730345726013,-0.026227543130517006,0.1362818032503128,0.003106092568486929,-0.017642535269260406,0.010402361862361431,-0.003860177705064416,0.10173511505126953,-0.0060518654063344,0.021409956738352776,-0.062395304441452026,-0.0175262913107872,-0.03818404674530029,0.00010411301627755165,-0.04198942333459854,-0.036307208240032196,-0.03802695497870445,0.046851832419633865,-0.026285409927368164,-0.10064463317394257,-0.055442843586206436,-0.0143511351197958,-0.010577620938420296,0.04286949709057808,-0.03855772316455841,0.03759050369262695,-0.022530369460582733,0.03262227773666382,0.014291916973888874,-0.06121605634689331,-0.03038245439529419,-0.0399419330060482,-0.07718516886234283,-0.09466047585010529,0.0031834023538976908,0.11246786266565323,-0.07059723883867264,0.04239321127533913,-0.08602102845907211,0.060927506536245346,-0.006304698530584574,-1.3487523986555061e-08,-0.0012427335605025291,0.0034388115163892508,0.03081640787422657,0.052208513021469116,-0.041994813829660416,-0.0691232904791832,0.05884501710534096,0.04212351515889168,0.008912768214941025,0.061917487531900406,-0.012039114721119404,0.034601032733917236,0.08407261967658997,0.09331049770116806,0.028000572696328163,-0.044701363891363144,0.06420160084962845,-0.08478588610887527,-0.05989305302500725,0.004939158912748098,0.018419591709971428,-0.019400641322135925,0.031239738687872887,0.027813198044896126,0.030984023585915565,-0.06470848619937897,-0.030831608921289444,0.03910045698285103,0.020146271213889122,0.006354744080454111,0.041439276188611984,0.07718155533075333,-0.019820651039481163,0.018112285062670708,-0.0009263278916478157,-0.08613774180412292,-0.06299777328968048,0.01637224853038788,0.024364201352000237,0.0448177196085453,-0.021179191768169403,0.03623434528708458,-0.0318785160779953,0.0059920488856732845,0.004230228718370199,-0.038536299020051956,-0.036218393594026566,0.00584700983017683,0.012660782784223557,0.004956298973411322,-0.0022694976069033146,-0.06633997708559036,0.02353869564831257,0.022412685677409172,0.03786097466945648,-0.041953958570957184,0.029978839680552483,-3.010050204466097e-05,0.013150707818567753,0.03748958557844162,0.03848516196012497,-0.050865910947322845,0.008694164454936981,-0.010104945860803127
  +0.022092115134000778,0.03129889443516731,-0.1095164567232132,0.05422515794634819,0.013291803188621998,0.09558980911970139,0.018526211380958557,-0.06434676051139832,-0.05685492604970932,0.01066598854959011,0.09107032418251038,-0.014175483025610447,-0.036014191806316376,0.006661310326308012,0.038843635469675064,0.009238503873348236,-0.013782201334834099,0.0075064608827233315,0.025376923382282257,0.021615872159600258,-0.09189473092556,-0.05247066542506218,-0.022123470902442932,0.004599152598530054,0.006778026930987835,-0.009635962545871735,0.052115947008132935,-0.03917834535241127,0.04561528563499451,0.022457795217633247,0.05099240317940712,-0.08428492397069931,0.11090836673974991,0.019877178594470024,0.0039045563898980618,0.025970881804823875,0.050779540091753006,0.0027876095846295357,0.019693341106176376,-0.033856332302093506,0.00015169673133641481,-0.09596508741378784,-0.008116480894386768,-0.07299641519784927,0.01439360249787569,0.0194010678678751,0.080442875623703,-0.021551093086600304,-0.12018494307994843,-0.06842461228370667,-0.013906475156545639,-0.02503494918346405,-0.03405389562249184,0.05381397530436516,-0.03742530569434166,0.003543166909366846,-0.011585698463022709,0.010897932574152946,-0.015900611877441406,-0.010372559539973736,-0.024957630783319473,-0.052400633692741394,-0.02658218890428543,0.027937501668930054,0.09866118431091309,-0.012722321785986423,-0.052551623433828354,0.07064376771450043,-0.00871118251234293,0.012050393968820572,0.02133362554013729,-0.006386397872120142,-0.016038892790675163,-0.03518566116690636,0.001070035039447248,-0.04905493184924126,-0.008526204153895378,-0.051920756697654724,0.04085256904363632,-0.05071945860981941,0.08702057600021362,-0.02391207590699196,-0.06055451184511185,0.07375641167163849,-0.07662425190210342,0.062362562865018845,-0.017660323530435562,-0.030231961980462074,0.023147976025938988,0.030400125309824944,-0.01800588332116604,0.08653746545314789,0.03816546872258186,-0.076578289270401,-0.09074405580759048,-0.015092517249286175,0.012768006883561611,0.03809010982513428,-0.06220606714487076,0.030590996146202087,-0.03920045867562294,-0.0630597323179245,0.00037204090040177107,-0.08956265449523926,0.09837742894887924,0.0213711429387331,-0.028530776500701904,0.0039017172530293465,-0.01179285254329443,0.09147260338068008,-0.08286552131175995,-0.0008102442952804267,-0.12439921498298645,0.07777368277311325,0.10474636405706406,-0.058375582098960876,0.02822537161409855,0.06830008327960968,0.0600283183157444,-0.08182883262634277,-0.020685721188783646,0.01952017843723297,-0.025302952155470848,-0.023383906111121178,0.05034630745649338,-0.06903669983148575,-0.12283198535442352,-2.619104636729738e-33,-0.021148178726434708,-0.0011221456807106733,-0.019564928486943245,0.03193551301956177,-0.006290514022111893,0.003981249872595072,-0.0591067373752594,-0.053809475153684616,-0.004912679083645344,0.04617578163743019,0.0717424675822258,-0.005433226469904184,0.08685370534658432,-0.041145455092191696,-0.0021180952899158,-0.003574382048100233,-0.03603096306324005,0.009766919538378716,0.015402441844344139,0.08835484832525253,0.08005160838365555,0.04641818255186081,-0.050274547189474106,0.05445928871631622,-0.026053233072161674,-0.020904604345560074,-0.0065212552435696125,-0.06584841012954712,0.07148145139217377,0.005173157900571823,0.006428432650864124,0.14655354619026184,-0.0019197744550183415,-0.08602762967348099,0.1478424072265625,0.016720086336135864,0.0053804656490683556,-0.008679687045514584,0.022382933646440506,-0.05848730728030205,-0.05871719494462013,0.019835669547319412,0.041786570101976395,-0.0420842245221138,0.09737144410610199,0.035802341997623444,0.03942333906888962,0.02038677968084812,0.012267275713384151,0.07149282842874527,-0.021617047488689423,0.0202792938798666,-0.0799444168806076,0.04907196760177612,-0.013725807890295982,-0.01532464288175106,-0.02536781132221222,0.13069108128547668,0.007581532467156649,-0.05135129392147064,0.03647745028138161,-0.04571625217795372,0.08873859792947769,-0.0006440312135964632,0.045714832842350006,0.03640178218483925,0.02625267766416073,-0.0233371090143919,0.0445580892264843,-0.05078012868762016,0.04248371347784996,0.059329818934202194,-0.057567499577999115,0.03099449910223484,-0.09091414511203766,0.0480906181037426,-0.05292177200317383,0.06315798312425613,-0.023233406245708466,0.020591488108038902,-0.06862719357013702,0.018765171989798546,0.00325341010466218,-0.03226379677653313,0.05396413430571556,-0.04027169942855835,-0.0065674250945448875,-0.011398433707654476,0.07556124031543732,-0.03635050728917122,0.030554749071598053,-0.020978601649403572,-0.0054232291877269745,0.0745745599269867,-0.07441160827875137,1.3308875408322936e-33,-0.016824763268232346,-0.10769747197628021,-0.016749555245041847,0.011123678646981716,0.06230941787362099,-0.023909591138362885,-0.023957885801792145,-0.008950083516538143,-0.001294141635298729,0.07906997948884964,0.039395444095134735,-0.11428485810756683,0.010275176726281643,0.10128173977136612,0.03470250591635704,-0.033731650561094284,0.07561121135950089,-0.02403302863240242,0.022405730560421944,-0.036077581346035004,0.0034396767150610685,0.002524814335629344,0.01647915132343769,0.14245428144931793,0.08187843859195709,-0.008161662146449089,-0.07772627472877502,-0.06657981127500534,0.002434551017358899,0.004443417303264141,-0.043775785714387894,0.04767874255776405,-0.01659855619072914,0.004188439343124628,-0.04635132476687431,-0.09058580547571182,0.00857691653072834,-0.047172822058200836,0.05376334860920906,-0.011418625712394714,0.07075557112693787,0.027240298688411713,-0.04813103750348091,0.033402856439352036,-0.016713345423340797,0.050648681819438934,0.03928309679031372,-0.03475254401564598,-0.032571498304605484,-0.04141491651535034,0.036994464695453644,-0.033425431698560715,0.007725751027464867,-0.005447231698781252,0.007163621485233307,0.006695336662232876,0.07502017915248871,-0.037136923521757126,-0.015925021842122078,-0.024150464683771133,0.07793684303760529,0.0734383761882782,-0.11681388318538666,0.09053730219602585,-0.032635901123285294,-0.03737292066216469,0.01250371802598238,-0.10271641612052917,-0.041164498776197433,-0.003913368098437786,0.04376095533370972,-0.0367765910923481,-0.06337498873472214,-0.051050782203674316,-0.0479801669716835,0.014563954435288906,0.07905350625514984,0.02852681279182434,0.011995116248726845,-0.09885857254266739,-0.04906715080142021,-0.03808889538049698,0.012899096123874187,-0.0728258490562439,0.03632289916276932,0.1201019436120987,-0.017547616735100746,-0.059215039014816284,-0.003133774269372225,0.0005572109948843718,-0.06387372314929962,-0.036568533629179,0.030838914215564728,0.05437712371349335,0.004247573669999838,-1.5811458808911993e-08,-0.002289834665134549,0.01597181148827076,-0.04912871867418289,0.05034276470541954,-0.028346462175250053,0.07798489183187485,-0.057846177369356155,-0.03582039102911949,-0.030674206092953682,0.13392387330532074,-0.10113394260406494,0.02535303309559822,-0.038304559886455536,0.056904878467321396,-0.0471099428832531,-0.036716487258672714,-0.00169655482750386,-0.03427301347255707,0.007761767134070396,-0.010352184064686298,0.051457811146974564,-0.023416679352521896,-0.05224743112921715,-0.004040481988340616,0.04132852330803871,0.002897352445870638,-0.07309789955615997,0.0012841002317145467,0.019799867644906044,-0.023467794060707092,0.020300159230828285,-0.000668035470880568,-0.03849449008703232,-0.06384744495153427,0.051310908049345016,-0.008362860418856144,0.0015874201199039817,0.01844085194170475,0.055092837661504745,-0.00283923652023077,0.013567508198320866,0.09666089713573456,0.054639775305986404,-0.040810298174619675,0.047315165400505066,0.04400194436311722,-0.0004778913571499288,0.022948959842324257,-0.0209865290671587,-0.06075550243258476,-0.051264841109514236,-0.053964365273714066,0.0002030750474659726,-0.0559130534529686,0.04411221668124199,0.013298289850354195,0.10400164127349854,0.10498736798763275,-0.011566294357180595,-0.003087372286245227,0.02044576033949852,-0.012306402437388897,-0.010307347401976585,-0.03984614089131355
  +-0.016724668443202972,-0.0010556800989434123,-0.04506568983197212,0.038338739424943924,0.03600549325346947,0.044284697622060776,0.08085236698389053,-0.022131534293293953,-0.01332067046314478,-0.04313201084733009,0.10878090560436249,0.055984675884246826,0.022356366738677025,-0.06442224234342575,0.02809791825711727,-0.053802378475666046,0.008244330994784832,-0.012641503475606441,-0.010822097770869732,0.021737689152359962,-0.13036079704761505,-0.05806375667452812,-0.042704083025455475,0.03416900709271431,0.05336000770330429,-0.03230744227766991,0.07054949551820755,0.010086295194923878,-0.016581565141677856,0.03887495398521423,0.0585302859544754,-0.012036193162202835,0.11546366661787033,-0.01398684736341238,-0.009287327527999878,-0.04343218356370926,-0.046012721955776215,0.023872260004281998,0.03671351075172424,0.017008811235427856,-0.010863671079277992,-0.11349842697381973,-0.061254702508449554,-0.01034074742347002,0.04385749250650406,-0.0014782448997721076,0.0386219248175621,0.03285511955618858,-0.07629961520433426,0.03660299628973007,-0.08967763930559158,-0.06653116643428802,-0.053172413259744644,0.03376081958413124,-0.05833248794078827,0.01943625696003437,-0.009311008267104626,-0.037939950823783875,-0.07252941280603409,0.0674392580986023,-0.029457956552505493,-0.11682525277137756,0.027553483843803406,0.052292630076408386,0.10566996783018112,0.08321832120418549,-0.07279190421104431,0.054183490574359894,-0.020293083041906357,-0.023124655708670616,0.07218024134635925,-0.0009238705970346928,-0.020441295579075813,0.003592053661122918,-0.0042541660368442535,-0.011412084102630615,-0.025795741006731987,0.005098183173686266,0.04114122688770294,0.0022716086823493242,0.007376003544777632,-0.07107911258935928,-0.058945368975400925,0.05642923340201378,-0.08081398159265518,0.026527106761932373,0.0037375877145677805,-0.0592004768550396,-0.01657046191394329,0.04874574765563011,-0.003972152713686228,0.062167152762413025,-0.023544365540146828,-0.0635085180401802,-0.13324883580207825,-0.041597556322813034,-0.03764604777097702,-0.025255123153328896,-0.014899631962180138,0.025744298473000526,-0.06258676946163177,0.04137417674064636,0.047795671969652176,0.007323503028601408,0.03262103721499443,0.07126596570014954,0.023150481283664703,0.0017964212456718087,0.08001146465539932,0.09629250317811966,-0.07271524518728256,-0.004926846828311682,-0.08925872296094894,-0.018793851137161255,0.05573451519012451,-0.03932082653045654,-0.016778692603111267,0.05070245638489723,0.08419013768434525,-9.746030991664156e-05,-0.029786143451929092,0.0878821387887001,0.011277271434664726,-0.022974614053964615,-0.055371228605508804,0.002384846331551671,-0.057840388268232346,-1.3883147561382818e-33,-0.018122872337698936,0.11091725528240204,0.011279522441327572,0.03634464740753174,-0.01615019701421261,0.05745707079768181,-0.051267459988594055,-0.04867975786328316,-0.04243878647685051,0.06442372500896454,0.03938795253634453,0.028201621025800705,0.08552798628807068,-0.0039505246095359325,0.025390103459358215,0.050866350531578064,-0.03686932101845741,0.01842625066637993,0.048873819410800934,0.020665662363171577,0.1073707789182663,-0.012537085451185703,-0.06951100379228592,0.03035271354019642,0.015078567899763584,-0.03297905623912811,0.08657804876565933,0.0030443528667092323,0.05858656018972397,0.029415812343358994,0.050346631556749344,0.13317790627479553,0.0007336006965488195,0.006866455078125,0.15205761790275574,0.045573364943265915,-0.03819932043552399,-0.03484918177127838,0.03897792845964432,0.011635534465312958,0.0020889195147901773,0.019593505188822746,0.044287264347076416,-0.030631761997938156,-0.08106707036495209,0.13234639167785645,0.019888408482074738,0.02377786673605442,-0.002447993727400899,0.01664596237242222,-0.008004498668015003,0.037967901676893234,-0.08490845561027527,0.11651670932769775,-0.04149531200528145,-0.013186642900109291,-0.012011285871267319,-0.016741598024964333,0.021339163184165955,-0.057009629905223846,0.058296624571084976,-0.05868752300739288,0.06354054808616638,-0.0764012485742569,-0.058321576565504074,0.07169024646282196,-0.006139653269201517,-0.0683973878622055,0.047116778790950775,-0.01282877940684557,0.04317194223403931,0.056953057646751404,-0.04479241371154785,-0.014571089297533035,-0.06696218252182007,-0.006432443391531706,-0.0644330307841301,0.0968390554189682,0.0047012753784656525,0.021310510113835335,-0.0032455455511808395,-0.02444894053041935,0.011730811558663845,0.04000158980488777,0.010453671216964722,0.0026849450077861547,0.0640995055437088,0.012887812219560146,-0.009059963747859001,0.0558706670999527,0.04420964792370796,0.02476496249437332,-0.0013883999781683087,0.146786630153656,-0.12176357209682465,1.3743142510780037e-33,-0.13879960775375366,-0.06804877519607544,-0.01411350816488266,-0.029876025393605232,-0.002461514202877879,-0.052439332008361816,-0.041819069534540176,0.004124341532588005,0.0269286148250103,0.09236735850572586,0.0019883797504007816,-0.0472470298409462,-0.053267352283000946,-0.018330592662096024,0.03525349870324135,0.062324974685907364,0.08946514874696732,-0.0281220655888319,-0.01020581554621458,-0.0688914805650711,0.01232080813497305,-0.0478673055768013,-0.007382225710898638,0.09965705126523972,0.10577108711004257,0.010428898967802525,-0.10564656555652618,-0.005318222567439079,0.03310816362500191,-0.02422546036541462,-0.044819992035627365,-0.0033180397003889084,-0.002069259760901332,-0.008424416184425354,-0.08756452053785324,-0.020994240418076515,-0.06116607412695885,0.012639731168746948,0.08717463165521622,0.011415207758545876,0.06023121625185013,-0.008424309082329273,-0.052282772958278656,0.04320541396737099,-0.005428018514066935,-0.009028524160385132,0.03599468618631363,-0.06787683069705963,-0.013631944544613361,0.01436108723282814,0.0010529065039008856,-0.02258218266069889,0.055495355278253555,0.010468699969351292,-0.0968698188662529,0.034110430628061295,0.12483910471200943,0.011964811012148857,-0.036825187504291534,-0.05402696505188942,0.12759634852409363,0.09356192499399185,-0.08110882341861725,0.03847433999180794,-0.024502359330654144,-0.11698468774557114,0.015783021226525307,-0.05650685727596283,-0.011332196183502674,-0.048092070966959,-0.028934160247445107,-0.0737529769539833,-0.059882573783397675,-0.013933352194726467,0.005310089327394962,-0.021603737026453018,-0.004337535705417395,-0.030148407444357872,-0.04137442260980606,-0.034959033131599426,0.009719893336296082,0.030219219624996185,0.04948950558900833,-0.05071212723851204,0.060197554528713226,-0.036280713975429535,0.05102816969156265,-0.07380980998277664,-0.054887302219867706,-0.03703150898218155,0.0025336132384836674,-0.012198005802929401,-0.07933761179447174,0.016942456364631653,-0.0055932397954165936,-1.1695313162363163e-08,-0.02577383816242218,-0.04232468083500862,0.04173476621508598,0.05873729661107063,0.036948684602975845,-0.0002683530910871923,0.02394784428179264,0.034068986773490906,-0.06377498805522919,0.05700909346342087,-0.059174489229917526,0.032865557819604874,-0.10043454170227051,0.0741705596446991,0.00028942414792254567,-0.0316714309155941,-0.047130879014730453,-0.06336814910173416,-0.01610223390161991,0.05083850026130676,-0.03375938534736633,0.04174044355750084,-0.07031702995300293,-0.04175402224063873,0.016618873924016953,0.01022228505462408,-0.018693890422582626,0.03518301621079445,0.039096128195524216,-0.003866978920996189,0.008300477638840675,-0.02589290775358677,0.03375909477472305,-0.05569830909371376,-0.020962778478860855,0.0861157551407814,-0.007490694522857666,-0.024200383573770523,-0.013272213749587536,0.03510848805308342,0.006127456668764353,0.05036637559533119,0.04871843010187149,0.011578267440199852,0.01656082272529602,0.005049522966146469,-0.017810624092817307,-0.053509682416915894,0.016258608549833298,-0.010788082145154476,0.007182166911661625,-0.04837421327829361,0.03354264050722122,0.024272305890917778,-0.015101923607289791,-0.011203194037079811,0.05294948071241379,0.07922123372554779,-0.010385261848568916,-0.0043758200481534,0.002497246954590082,0.01312620285898447,-0.026902886107563972,0.0033745469991117716
  +0.012823588214814663,0.021966978907585144,-0.1045459434390068,0.02108420617878437,0.0195697583258152,0.09196959435939789,0.040385160595178604,-0.0068286750465631485,-0.02300427481532097,0.0003711673489306122,0.04030315950512886,0.033742353320121765,0.05861680954694748,-0.04415849223732948,-0.023327216506004333,0.0032085245475172997,0.016291895881295204,0.04837844520807266,0.040836162865161896,0.06098105013370514,-0.07126651704311371,-0.05267491564154625,-0.062153011560440063,-0.014337955042719841,0.11171247065067291,0.013220706954598427,0.043180231004953384,0.010225745849311352,-0.013524344190955162,0.029887394979596138,0.03804886341094971,-0.0685729831457138,0.09450894594192505,0.040976330637931824,-0.050827737897634506,-0.06299087405204773,0.028439363464713097,0.06461744010448456,-0.01234483439475298,0.019471021369099617,-0.022203147411346436,-0.0402219295501709,-0.0284457765519619,-0.011152849532663822,-0.040912237018346786,-0.033117976039648056,0.002888341201469302,-0.019137512892484665,-0.06290095299482346,0.07684120535850525,-0.06808564066886902,-0.05733852460980415,0.010956920683383942,0.15279296040534973,-0.07607759535312653,0.01844116859138012,0.010531668551266193,0.0022282367572188377,-0.08773647248744965,0.05786275863647461,-0.029690399765968323,-0.07174531370401382,0.026777293533086777,0.027661142870783806,0.13081464171409607,0.036096539348363876,-0.033950041979551315,0.05204218998551369,-0.0326584093272686,-0.003516474273055792,0.019511066377162933,-0.056082580238580704,-0.10024519264698029,-0.007040318101644516,-0.05688740313053131,-0.07805697619915009,-0.08623778074979782,0.008347850292921066,0.058386124670505524,-0.01041850820183754,0.011789555661380291,-0.04148250073194504,-0.06541045755147934,0.10798907279968262,-0.03290009871125221,0.02056373842060566,-0.03520026057958603,-0.048427682369947433,-0.008693347685039043,0.05834288150072098,0.019418206065893173,0.07634076476097107,0.010015216656029224,0.0027955377008765936,-0.10935940593481064,-0.0554477833211422,-0.06870044767856598,0.024128340184688568,-0.027426471933722496,-0.005822669714689255,-0.06317736208438873,0.02040622942149639,0.00512818293645978,-0.03549906983971596,0.017261261120438576,0.02745431661605835,0.025594469159841537,-0.05766837298870087,0.02961200289428234,0.01557254046201706,-0.014795828610658646,0.04837089776992798,-0.0575021356344223,0.0063559915870428085,0.00030759276705794036,-0.007941899821162224,-0.07657444477081299,0.0480809323489666,0.006676925346255302,0.026155512779951096,0.08533690124750137,0.08866315335035324,-0.00576360709965229,0.0032734402921050787,-0.07156377285718918,-0.06241043657064438,-0.08903136849403381,-4.838858669490117e-34,0.028096554800868034,0.059670042246580124,0.036868397146463394,0.010492851957678795,-0.030555929988622665,-0.009494067169725895,-0.025074508041143417,-0.07290361076593399,-0.04790366813540459,0.05344222113490105,-0.03916878625750542,0.0374845415353775,0.036204252392053604,-0.019760938361287117,0.0764915943145752,0.008427625522017479,-0.03236686810851097,0.03576643392443657,0.09419335424900055,0.045976702123880386,0.12651781737804413,-0.02888122946023941,-0.0038066336419433355,-0.0018615965964272618,0.10353624075651169,0.007369400002062321,-0.023152953013777733,0.02412463165819645,0.0389435812830925,0.005086022894829512,0.012717592529952526,0.11708687245845795,0.01892271637916565,-0.043093740940093994,0.1002613827586174,-0.026319211348891258,0.03395921736955643,0.04250498488545418,0.04929510876536369,-0.004949034191668034,0.0810060054063797,0.06374320387840271,0.08870120346546173,-0.019133027642965317,-0.027548646554350853,0.044356901198625565,0.0784393846988678,0.11888670921325684,0.05186990648508072,0.03208479657769203,0.02317909523844719,-0.036113888025283813,-0.08283078670501709,0.07685483992099762,-0.0326417051255703,0.007300644647330046,-0.05890004336833954,-0.014348264783620834,-0.031217914074659348,-0.05093338340520859,-0.030540622770786285,-0.09960012882947922,0.06729256361722946,-0.038122452795505524,-0.038547370582818985,0.12750889360904694,-0.001976270927116275,-0.02396490052342415,0.045749731361866,0.0620078481733799,-0.0015001414576545358,-0.022112468257546425,-0.02710733376443386,0.013088795356452465,0.013827274553477764,-0.0027964513283222914,-0.013903521932661533,0.10861741751432419,0.015705570578575134,0.0057624937035143375,-0.026515351608395576,-0.06649000942707062,0.008223941549658775,0.04504432901740074,0.026784362271428108,0.09152857214212418,0.04957420006394386,0.02766161970794201,-0.05540953949093819,0.008035711944103241,0.061502836644649506,-0.008852856233716011,0.05551866814494133,0.09673570841550827,-0.10149862617254257,7.110737519679313e-34,-0.13579140603542328,-0.08593306690454483,-0.01254171971231699,-0.022232817485928535,-0.0010087464470416307,-0.030195660889148712,0.012133396230638027,-0.02101459726691246,-0.01627584919333458,0.08018893748521805,0.06431472301483154,-0.1027754619717598,0.02438712865114212,0.03644527122378349,-0.0014447631547227502,0.019022032618522644,0.006730276625603437,-0.05413748696446419,0.03519495949149132,-0.1095321998000145,0.0282423235476017,0.02457706816494465,0.013679616153240204,0.08941084891557693,0.08904435485601425,0.017124688252806664,-0.11672789603471756,-0.001955594401806593,0.04919186234474182,0.04910319298505783,-0.05724624916911125,-0.07276863604784012,0.0013564220862463117,0.04026982560753822,-0.06262233108282089,-0.03516649827361107,0.034654587507247925,-0.09316416084766388,0.07438641041517258,-0.02895338460803032,0.01730869524180889,0.03966151922941208,-0.060762494802474976,0.04540440812706947,0.0657615214586258,-0.005174100399017334,0.013466162607073784,0.10524541884660721,-0.02697659470140934,-0.0161844901740551,0.024687092751264572,-0.017489027231931686,0.026623982936143875,0.005730169825255871,-0.05641081556677818,-0.019177379086613655,0.07800295948982239,-0.004225213546305895,-0.10566003620624542,-0.06587076187133789,0.018661445006728172,0.0734805315732956,-0.03759430721402168,0.09915010631084442,-0.04820247367024422,-0.085235096514225,0.005204253830015659,-0.026476295664906502,-0.06271211802959442,-0.05947359651327133,0.04189934581518173,-0.0910913422703743,0.009975922293961048,-0.024684159085154533,0.03917314112186432,-0.005653975997120142,0.04953531175851822,0.06964707374572754,-0.006662305910140276,0.05876942351460457,-0.0516774021089077,0.08127912133932114,0.003011568682268262,-0.04014619067311287,0.05613109469413757,0.014491011388599873,-0.011135281063616276,-0.10009216517210007,-0.045968152582645416,0.019157545641064644,-0.051131926476955414,-0.015640879049897194,-0.029423285275697708,0.038132794201374054,-0.006501298397779465,-1.1834741187044528e-08,0.028526131063699722,0.00519124511629343,0.010554410517215729,-0.034152768552303314,0.01010317262262106,-0.05495192110538483,-0.016223251819610596,0.012949401512742043,-0.008621301501989365,-0.00897153839468956,0.01468068826943636,0.1119232028722763,-0.059250786900520325,-0.022504106163978577,-0.06960079073905945,-0.047854918986558914,-0.02300409786403179,-0.06420105695724487,0.018088942393660545,0.028223169967532158,0.06261678040027618,0.017107771709561348,-0.07508981972932816,-0.027191253378987312,0.0033015001099556684,0.03564636409282684,-0.008242923766374588,0.0811500996351242,-0.02578052133321762,-0.03466283902525902,-0.017003897577524185,-0.07458791881799698,0.042877230793237686,-0.03528132662177086,-0.005300615448504686,0.01692604087293148,0.07171210646629333,-0.010631228797137737,0.012984820641577244,0.008558306843042374,0.04479279741644859,0.03184478357434273,0.047484319657087326,-0.01715068332850933,-0.05489208549261093,-0.012914611026644707,-0.032264865934848785,-0.03578772768378258,0.0438787117600441,-0.031658343970775604,0.023118356242775917,-0.06796785444021225,0.02037232555449009,0.00790729932487011,-0.011549144983291626,-0.0033701120410114527,0.008879919536411762,0.07360213249921799,-0.04942166060209274,-0.03138682618737221,0.006091539282351732,-0.08970610052347183,-0.0038313614204525948,-0.013402095064520836
  +0.06799399107694626,-0.008837821893393993,-0.07127570360898972,0.08502762764692307,0.06296050548553467,0.0718151330947876,0.004085605964064598,0.01886036805808544,-0.0614413283765316,0.0005212966352701187,0.021957967430353165,0.058530520647764206,0.0012310156598687172,-0.06900454312562943,0.034096669405698776,-0.036578189581632614,0.03477635979652405,-0.033246882259845734,0.03952917084097862,0.0263962484896183,-0.07962148636579514,-0.04771805182099342,-0.00514649786055088,-1.3683417819265742e-05,0.12397611886262894,-0.009296015836298466,-0.04913049936294556,-0.021085739135742188,0.05957796424627304,0.04391064867377281,0.08328378945589066,-0.033328376710414886,0.08678910881280899,-0.026614781469106674,-0.014236497692763805,0.008860176429152489,0.026978749781847,0.006293410900980234,0.005432737525552511,-0.005412377417087555,-0.02907908707857132,-0.05921649560332298,-0.011321799829602242,-0.06394046545028687,-0.023289771750569344,-0.03254915773868561,0.06062576174736023,-0.016701746731996536,-0.07211296260356903,0.03811062499880791,-0.04711216315627098,-0.03350652754306793,0.017356809228658676,0.029126901179552078,-0.04215425252914429,0.07124974578619003,0.008993834257125854,0.02073087729513645,-0.0648016706109047,-0.004137752577662468,-0.01210030261427164,-0.042300641536712646,0.04799992963671684,0.01586240902543068,0.17443494498729706,0.038669463247060776,-0.046326953917741776,0.05309411883354187,-0.0712813138961792,0.02882271818816662,0.03370540589094162,-0.04497605934739113,-0.08988694101572037,-0.03864060714840889,0.059501636773347855,-0.029283782467246056,-0.012184235267341137,0.0054872301407158375,0.04815727472305298,0.03833671659231186,0.016452210023999214,-0.014292953535914421,-0.10173472762107849,0.05296532064676285,-0.09839735180139542,0.01398864109069109,-0.026503458619117737,-0.045637018978595734,0.05173327401280403,0.031644321978092194,0.06722652912139893,0.10578162223100662,-0.04669306427240372,-0.041480518877506256,-0.033743731677532196,-0.07133544981479645,-0.0026903809048235416,-0.011153957806527615,-0.07909516245126724,-0.01367697212845087,-0.0531286895275116,0.04610554501414299,0.060140710324048996,-0.037387698888778687,0.025725439190864563,0.02118372544646263,0.050583478063344955,0.023906944319605827,0.07140867412090302,0.047641344368457794,-0.04840482026338577,0.0008934808429330587,-0.04474406689405441,0.01073380559682846,-0.004900448489934206,-0.040470726788043976,-0.05507608875632286,-0.025763124227523804,0.1346822828054428,0.00671732984483242,0.06317336112260818,0.04183637723326683,-0.007647948805242777,-0.05002818629145622,-0.016346845775842667,-0.08089285343885422,-0.08814234286546707,-2.1700246524133455e-33,0.003360819537192583,0.046141110360622406,0.023540114983916283,0.015285704284906387,-0.019702646881341934,-0.02299216389656067,-0.030399644747376442,-0.07524324208498001,-0.07506555318832397,-0.004935197066515684,0.05359724536538124,0.08953197300434113,0.04360099881887436,-0.0017867847345769405,0.13607197999954224,-0.0020382206421345472,-0.023368850350379944,0.016505204141139984,0.03438045457005501,0.034970905631780624,0.07035233825445175,-0.00019352392700966448,-0.0525951161980629,-0.03969966620206833,0.022522766143083572,-0.058503493666648865,0.018142104148864746,0.004824262112379074,0.056855540722608566,0.003869664389640093,0.07522177696228027,0.08186443150043488,-0.06781769543886185,-0.04057278484106064,0.047953344881534576,-0.03527301922440529,-0.05226809158921242,0.013161453418433666,0.03163617476820946,-0.06408359855413437,-0.07693495601415634,-0.001449040719307959,0.06677112728357315,0.014588708057999611,0.03771624714136124,0.08202362805604935,0.06249702349305153,0.059188295155763626,-0.04114044830203056,0.044593118131160736,-0.059100136160850525,0.01308827567845583,-0.08253105729818344,0.00647387420758605,-0.054303787648677826,-0.04157809168100357,-0.03655935078859329,7.081427611410618e-05,-0.024691332131624222,-0.08930613845586777,0.004199715331196785,-0.07819605618715286,0.05647124722599983,-0.059101805090904236,-0.05582324042916298,0.09822938591241837,-0.023757221177220345,-0.004966321866959333,0.0445035882294178,0.043429359793663025,0.007578053046017885,0.02161901816725731,-0.08959126472473145,0.04640721157193184,-0.008884712122380733,0.05032644793391228,-0.08199038356542587,0.057258736342191696,0.02099483087658882,0.02567235380411148,-0.015052811242640018,-0.02137668803334236,0.005373949185013771,0.07570569217205048,0.08056763559579849,0.05812864378094673,0.02072618156671524,-0.01671603135764599,0.02629050612449646,-0.004703831858932972,0.08087245374917984,-0.028725983574986458,0.04280494898557663,0.02252546139061451,-0.09399088472127914,1.7017293762228395e-33,-0.03907293453812599,-0.09562719613313675,0.04970019310712814,-0.012804863974452019,-0.004620052408427,-0.04894077777862549,-0.047332845628261566,-0.05271529778838158,0.023912563920021057,0.03564649075269699,-0.06392201036214828,-0.033535052090883255,0.02771846391260624,0.03354663401842117,0.014518795534968376,-0.024135127663612366,0.036069050431251526,-0.10154091566801071,0.029263924807310104,-0.09694419801235199,0.0669039636850357,0.046984199434518814,0.07140699028968811,0.09173651039600372,0.029138533398509026,0.023066556081175804,-0.15973792970180511,0.010312451049685478,-0.011542892083525658,-0.002095860196277499,-0.0604982003569603,-0.008109536953270435,0.034723713994026184,0.03202919289469719,-0.039039693772792816,0.03237127885222435,-0.044136565178632736,-0.03561021015048027,0.01788029633462429,0.04606219753623009,0.055298395454883575,-0.031220925971865654,-0.0075101242400705814,0.03996100649237633,0.07201656699180603,0.026668548583984375,-0.023206515237689018,-0.0478527694940567,-0.0030657609459012747,0.019138198345899582,0.10980287939310074,-0.009519106708467007,0.05598101392388344,0.010747984983026981,-0.055030468851327896,0.05799470469355583,0.1117180809378624,-0.06224348768591881,-0.016141824424266815,-0.05806731805205345,0.006300462409853935,0.09512530267238617,-0.06449175626039505,0.13307449221611023,-0.03637958690524101,-0.11319936066865921,-0.010527306236326694,-0.09376585483551025,-0.03205054998397827,-0.010774323716759682,0.012519905343651772,-0.06834682077169418,0.004189753904938698,-0.04912316054105759,0.008522589690983295,0.12233384698629379,0.038941457867622375,0.1172819584608078,-0.02649872936308384,-0.008298689499497414,-0.03657866269350052,0.02000507153570652,0.06587067991495132,-0.09513871371746063,-0.0010235668160021305,0.031401172280311584,-0.00767933763563633,-0.09076350182294846,-0.08927717804908752,-0.017260771244764328,-0.040939394384622574,0.031265705823898315,-0.049146704375743866,0.08495857566595078,0.02817407064139843,-1.3131049136916317e-08,0.04846392199397087,-0.045110855251550674,-0.0029157374519854784,0.013058568350970745,-0.01825137808918953,-0.03142020106315613,-0.006421756464987993,0.05057939141988754,-0.012113168835639954,0.09564428776502609,-0.06327173113822937,0.07701384276151657,-0.008009892888367176,0.03224153071641922,-0.07503063231706619,0.021505899727344513,-0.053551845252513885,-0.0480886846780777,-0.06431300193071365,0.016976526007056236,0.06470021605491638,0.0067701502703130245,-0.05201191082596779,-0.011009116657078266,-0.035213109105825424,0.044819775968790054,-0.04267005994915962,0.0374399870634079,-0.03394581004977226,0.009973278269171715,0.05131230130791664,-0.008855165913701057,0.017144566401839256,-0.028607921674847603,-0.035231344401836395,0.020193859934806824,0.03291504830121994,0.020863724872469902,0.0036818194203078747,0.010542738251388073,0.0381925106048584,0.02677135355770588,0.02986186370253563,0.010508493520319462,0.0010878493776544929,-0.023086458444595337,-0.05477949604392052,0.016621557995676994,0.03135298565030098,-0.08700840920209885,0.008357519283890724,-0.029849285259842873,-0.009699259884655476,-0.0565267875790596,-0.012459013611078262,-0.04924279823899269,0.0515209324657917,0.10191599279642105,-0.0705135390162468,-0.010494472458958626,0.03841931372880936,-0.04775255545973778,0.006493792869150639,0.019770950078964233
  +0.028935382142663002,-0.03556695580482483,-0.05008245259523392,-0.02634645253419876,0.07478300482034683,0.08123783022165298,0.05186958238482475,0.04811863601207733,-0.06431933492422104,-0.004668120760470629,0.07628975063562393,0.04119245707988739,0.04608951508998871,-0.059142909944057465,0.010428090579807758,-0.0326911136507988,0.07333013415336609,0.029714316129684448,-0.03230169415473938,0.011908717453479767,-0.0685528814792633,-0.025942271575331688,0.005968771409243345,0.07624170184135437,0.006119134835898876,-0.03205491974949837,-0.003264757338911295,-0.021869491785764694,0.03781130537390709,0.013282588683068752,0.020241091027855873,-0.05422201752662659,0.09011512249708176,-0.08885706961154938,0.009090502746403217,0.03424057364463806,-0.0022193603217601776,-0.03803582116961479,-0.009506802074611187,0.015593881718814373,-0.0062586041167378426,-0.08319248259067535,-0.09947013854980469,-0.05398225039243698,-0.010699916630983353,-0.02527010627090931,0.06574918329715729,-0.049605242908000946,-0.050770048052072525,0.013324703089892864,-0.10858652740716934,-0.022454477846622467,-0.03227418661117554,0.0423116609454155,-0.026775268837809563,-0.022246580570936203,-0.02414884604513645,0.008524022996425629,-0.09406030178070068,0.0806618258357048,0.012720114551484585,-0.06527522951364517,0.015964817255735397,-0.001879258663393557,0.16699178516864777,0.0176345594227314,-0.09928244352340698,0.039070747792720795,-0.08210072666406631,0.04997093230485916,0.037708830088377,-0.06719797849655151,-0.036179158836603165,0.006933922413736582,-0.04590258374810219,0.0135568892583251,-0.011172117665410042,-0.06398414820432663,0.01952342502772808,0.04984749108552933,0.0011396101908758283,-0.04778043180704117,-0.05940573662519455,0.09281350672245026,-0.03061032108962536,-0.011896169744431973,0.017707133665680885,-0.05141550302505493,0.026011357083916664,0.05380434915423393,-0.007220438215881586,0.10203330218791962,0.018094200640916824,-0.029715174809098244,-0.06806814670562744,-0.009408487007021904,-0.01886480674147606,-0.013455294072628021,0.0021563968621194363,0.006795527413487434,-0.03125287964940071,0.019710807129740715,-0.005314672365784645,-0.06007402390241623,0.05054793134331703,0.03150055930018425,-0.008791224099695683,0.010939344763755798,0.07373439520597458,0.10306960344314575,-0.1010059267282486,0.01173093169927597,-0.08674223721027374,0.004007798619568348,0.06076543405652046,0.006100341212004423,-0.03220609575510025,0.023474136367440224,0.09689782559871674,-0.063334159553051,0.027787402272224426,0.04296962916851044,0.07311923056840897,-0.03321867808699608,-0.04858647286891937,-0.01010383665561676,-0.03261160850524902,-2.393531311568772e-33,-0.055252641439437866,0.04909327253699303,0.009605801664292812,0.04833374172449112,-0.0817413404583931,0.03884904831647873,-0.0311225987970829,-0.05384538322687149,-0.02699142135679722,0.04875202476978302,0.020111922174692154,-0.014936613850295544,0.009021889418363571,0.03617873415350914,0.08670496940612793,-0.008479400537908077,-0.06104255095124245,-0.011597924865782261,-0.0045275152660906315,-0.008909665048122406,0.05206874758005142,-0.052200641483068466,-0.04431037977337837,0.04039137810468674,0.005537127610296011,-0.007201142609119415,0.028498360887169838,0.03204161673784256,-0.024086184799671173,0.016967102885246277,0.028302989900112152,0.117610864341259,-0.015458421781659126,-0.08491584658622742,0.0426400788128376,0.006010389421135187,-0.12535303831100464,0.0007498667109757662,-0.005450956989079714,-0.019682075828313828,0.009409695863723755,-0.02113988623023033,0.09092162549495697,0.08375462144613266,0.048416342586278915,0.1129193902015686,0.03980634734034538,0.022477159276604652,-0.013351332396268845,-0.011354704387485981,-0.06863509863615036,-0.020679064095020294,0.0084560327231884,0.05158074572682381,-0.06226162984967232,-0.02475951984524727,-0.01837330497801304,0.028135068714618683,-0.013516481965780258,-0.038009289652109146,0.00034702662378549576,-0.019582118839025497,0.030461592599749565,-0.047123368829488754,-0.026143060997128487,0.07864446192979813,0.03332766890525818,-0.06715834140777588,0.03551211953163147,-0.04808634892106056,0.03935198858380318,0.06879191100597382,-0.07083726674318314,0.006778609938919544,-0.035011932253837585,-0.012514344416558743,-0.07605121284723282,0.09329740703105927,0.02840203419327736,-0.030574053525924683,-0.009527553804218769,-0.0009822873398661613,0.008914247155189514,-0.02347385510802269,0.03326592594385147,-0.026586977764964104,0.018760208040475845,0.013408130034804344,0.017976365983486176,0.09588443487882614,0.07088755071163177,-0.004978888668119907,0.05769559368491173,0.17647764086723328,-0.10269376635551453,1.9620806201078445e-33,-0.04043284058570862,-0.09082621335983276,0.02662738226354122,0.020126452669501305,-0.006593669764697552,-0.06876541674137115,-0.07630777359008789,0.023406852036714554,0.0025926963426172733,0.07623718678951263,0.02329479344189167,-0.05721120163798332,-0.01838943548500538,0.02209632843732834,0.008849961683154106,0.010832455940544605,0.09962234646081924,-0.05099637061357498,0.0418241024017334,-0.13808073103427887,0.10303935408592224,0.032813504338264465,0.013971829786896706,0.15080200135707855,-0.0011483856942504644,0.025648636743426323,-0.09894007444381714,-0.0559544712305069,0.0175971407443285,0.009102716110646725,0.028718670830130577,0.01699872501194477,0.011616433970630169,0.14188671112060547,-0.043551720678806305,-0.053120195865631104,0.024303089827299118,-0.08994006365537643,0.08883253484964371,-0.04079727828502655,0.08091571927070618,0.043893590569496155,-0.021460192278027534,0.039234694093465805,0.019698461517691612,-0.03196731582283974,0.015039142221212387,-0.08699847757816315,-0.011479831300675869,0.006649045739322901,0.017997344955801964,-0.05212056636810303,0.013610338792204857,0.00422800425440073,-0.035552654415369034,0.05343007668852806,0.06666655093431473,-0.03651103004813194,-0.07560490816831589,-0.05276067554950714,0.052970025688409805,0.1291665881872177,-0.07963723689317703,0.060462016612291336,-0.013040335848927498,-0.07645870745182037,0.0029535237699747086,-0.03720494732260704,0.05112367123365402,-0.0292042288929224,-0.0022384030744433403,0.000287748989649117,-0.045250024646520615,-0.04564700648188591,-0.0678672045469284,0.0008669824455864727,0.02787272073328495,0.029220174998044968,-0.0232144333422184,-0.05656515434384346,-0.008277340792119503,0.005458936095237732,0.052173443138599396,-0.02775830402970314,0.007065839599817991,0.035711128264665604,-0.014339267276227474,-0.05840412899851799,-0.04951176047325134,-0.010401257313787937,-0.04661955684423447,0.006263561546802521,-0.06111368164420128,0.07883560657501221,0.03954879567027092,-1.3968245227147236e-08,-0.0019594572950154543,-0.00722408527508378,-0.021059134975075722,0.06439156830310822,-0.04768923670053482,-0.028284525498747826,-0.048675283789634705,-0.009066988714039326,-0.01742432825267315,0.07200386375188828,-0.1036762222647667,0.048902031034231186,-0.11784237623214722,0.05634006857872009,-0.07451225072145462,-0.047807373106479645,-0.05995675176382065,0.05463412031531334,0.0017457070061936975,0.034013181924819946,0.06855624914169312,0.06574609130620956,-0.019651787355542183,-0.043972328305244446,-0.037440426647663116,0.025959979742765427,0.05303152650594711,0.06890352815389633,0.014445403590798378,0.0027329756412655115,0.055586084723472595,-0.00983135960996151,0.004901787266135216,-0.035781968384981155,-0.021628888323903084,0.015211546793580055,0.015988102182745934,0.03894313424825668,0.009891408495604992,0.0670202448964119,0.00896431040018797,0.08455850183963776,0.0313338004052639,-0.020859887823462486,0.025591084733605385,0.010019039735198021,-0.06725329160690308,0.025773797184228897,0.0216821376234293,-0.036734096705913544,0.04675467312335968,-0.03183425962924957,-0.022309908643364906,-0.014165439642965794,-0.02856779657304287,-0.04379753768444061,0.04189528524875641,0.05918256565928459,0.008696936070919037,-0.02618969976902008,-0.002151061315089464,-0.07563678175210953,0.10463970899581909,0.035588156431913376
  +-0.03331780061125755,-0.023702848702669144,-0.028029758483171463,0.01976127363741398,0.005858607590198517,0.10001202672719955,0.075079046189785,0.009309533052146435,-0.10643882304430008,-0.02310994453728199,0.13576965034008026,0.023596327751874924,0.024454662576317787,-0.04456333443522453,0.06636026501655579,-0.02448992431163788,0.056378595530986786,-0.019268352538347244,0.014310387894511223,0.02282397821545601,-0.13861395418643951,-0.06268755346536636,-0.07384409755468369,0.0283847376704216,0.011879983358085155,-0.02681230939924717,-0.0016864360077306628,-0.003925803583115339,0.008417283184826374,0.05727367475628853,0.057147566229104996,-0.014674965292215347,0.09846826642751694,-0.030365200713276863,0.0025378107093274593,0.029788456857204437,-0.0036730002611875534,-0.0006391460192389786,0.028833763673901558,0.02051115781068802,-0.003046033438295126,-0.10132018476724625,-0.10850727558135986,-0.048786360770463943,0.06412771344184875,-0.045878950506448746,0.05432874336838722,0.0323738232254982,-0.039559755474328995,-0.022732237353920937,-0.0407676175236702,-0.02531590312719345,0.010787301696836948,0.035417940467596054,-0.008830062113702297,0.03315694257616997,0.04046349599957466,0.023606130853295326,-0.05464480444788933,0.05499531701207161,-0.0401858426630497,-0.08858523517847061,0.01721888780593872,0.035997893661260605,0.16169331967830658,0.011231344193220139,-0.11699164658784866,0.04281533136963844,-0.09519121050834656,-0.005623668432235718,0.020187510177493095,-0.02952427789568901,0.0020919176749885082,-0.005793018266558647,0.007574364542961121,-0.0044892458245158195,-0.014416209422051907,-0.0061084311455488205,0.06264053285121918,-0.011294862255454063,0.009304141625761986,-0.05210188776254654,-0.08795011788606644,0.06906039267778397,-0.06194626912474632,-0.007535465527325869,-0.0025459856260567904,-0.06989924609661102,-0.004130261484533548,0.05227559432387352,0.03396807238459587,0.07852598279714584,-0.022844094783067703,-0.07402687519788742,-0.11241257935762405,-0.03927703946828842,-0.016191545873880386,-0.002620062092319131,-0.06331295520067215,0.056224167346954346,-0.051245734095573425,0.02378660999238491,0.07667823880910873,-0.02688382938504219,0.03151334449648857,-0.014655733481049538,-0.016477953642606735,0.06098266318440437,0.0381699837744236,0.029980972409248352,-0.07013759762048721,-0.007075310684740543,-0.07436193525791168,-0.020173504948616028,0.007044658530503511,-0.0748744085431099,0.03951093554496765,0.014717372134327888,0.07179252803325653,-0.023259544745087624,0.026924651116132736,0.06244751811027527,-0.04807070270180702,-0.012478824704885483,-0.02932048961520195,0.012536711059510708,-0.05863265320658684,-1.0256850344851758e-33,-0.038520704954862595,0.08317546546459198,0.008351955562829971,-0.00025369992363266647,-0.010525585152208805,0.010782594792544842,-0.014840539544820786,-0.007596551440656185,-0.029861822724342346,0.0633808895945549,-0.0037428096402436495,-0.00943109393119812,0.045944709330797195,0.008748503401875496,0.009158679284155369,-0.00626693619415164,-0.10201457142829895,-0.00813711155205965,-0.0016316445544362068,0.04282404109835625,0.03877148777246475,0.023418892174959183,-0.04644830897450447,-0.004329201765358448,-0.018661491572856903,-0.03000921569764614,0.04292849078774452,-0.007366268429905176,0.07058710604906082,0.007297053467482328,0.10500690340995789,0.12556257843971252,-0.010623397305607796,-0.03789740428328514,0.06691990047693253,-0.03177599608898163,-0.04762324318289757,-0.03234538063406944,0.009475579485297203,-0.06807152926921844,-0.04218481853604317,0.015243425965309143,0.08010499179363251,-0.0026008489076048136,-0.01264486275613308,0.08717076480388641,0.07565449923276901,0.005854025948792696,-0.014495418407022953,0.049005042761564255,-0.013868791982531548,0.018661536276340485,-0.08429014682769775,0.10282870382070541,-0.05484190955758095,-0.023428618907928467,0.00640730420127511,-0.010420531965792179,-0.009294392541050911,-0.07689602673053741,0.06408077478408813,-0.13914331793785095,0.045753542333841324,-0.057504937052726746,-0.0157419815659523,0.09003687649965286,0.01945912279188633,-0.04789965599775314,0.0690077617764473,-0.013523357920348644,0.043314769864082336,0.10280929505825043,-0.025042753666639328,0.029705852270126343,-0.06308988481760025,0.03756476566195488,-0.0625910758972168,0.0736188143491745,-0.007702323608100414,-0.019009757786989212,-0.024879425764083862,-0.025500893592834473,0.015451623126864433,-0.010682488791644573,0.11404510587453842,0.05783126875758171,0.02242450788617134,-0.020897909998893738,0.02981151081621647,-0.006925684865564108,0.022976592183113098,0.03245553374290466,-0.004394868388772011,0.11239105463027954,-0.05148011073470116,1.0767015811463592e-33,-0.06208157539367676,-0.04903554171323776,-0.057730782777071,-0.02157750353217125,-0.0019498165929690003,-0.029795493930578232,-0.05123654380440712,-0.039510875940322876,-0.04706848785281181,0.12402547895908356,0.00033892272040247917,-0.02512841485440731,-0.009736494161188602,0.018633829429745674,0.007277321070432663,-0.0010358240688219666,0.06767471879720688,-0.026364590972661972,0.06037769839167595,-0.070590078830719,0.024415981024503708,0.025269528850913048,0.027974892407655716,0.1429724097251892,0.06367405503988266,0.041808873414993286,-0.12615591287612915,-0.006575855426490307,-0.0034705866128206253,-0.022169500589370728,-0.026179205626249313,-0.019851142540574074,0.04474726319313049,0.02979157492518425,-0.08015599101781845,0.006933781784027815,-0.052672840654850006,-0.00779875461012125,0.03964605554938316,0.05685471370816231,0.10103505104780197,-0.050933837890625,-0.017518678680062294,0.06728913635015488,0.03859280049800873,-0.009053664281964302,0.01606377214193344,-0.07129886001348495,-0.043381329625844955,0.012682276777923107,-0.009727607481181622,-0.02745569311082363,0.03394952788949013,0.0391024611890316,-0.051351118832826614,0.017351362854242325,0.08340656757354736,-0.05580219253897667,-0.07740259915590286,-0.06446146219968796,0.12164627015590668,0.05829828605055809,-0.05774516984820366,0.05748904123902321,-0.0074431411921978,-0.15521468222141266,0.037732113152742386,-0.0742986872792244,0.025788234546780586,-0.06374014914035797,-0.0009426330798305571,-0.007205934729427099,-0.019701818004250526,-0.03823138028383255,-0.050183698534965515,0.028137335553765297,-0.0002739587507676333,0.019630128517746925,-0.006460363045334816,-0.03656633198261261,-0.046342335641384125,-0.024078641086816788,0.08978599309921265,-0.04393891245126724,-0.01769787073135376,-0.000996871734969318,0.07062629610300064,-0.02445581927895546,-0.05633847787976265,-0.04865130037069321,-0.09712427109479904,0.058468494564294815,-0.016457922756671906,0.04245828464627266,0.030972883105278015,-1.2933170090434487e-08,0.007012749090790749,-0.0319998525083065,-0.017486002296209335,0.04516787454485893,0.0017236495623365045,-0.042148422449827194,-0.05394924432039261,0.0231411661952734,-0.03532026708126068,0.06974596530199051,-0.11510170251131058,0.06438403576612473,-0.08194949477910995,0.06088849529623985,-0.007673986256122589,-0.007790193427354097,-0.031771738082170486,-0.017964834347367287,-0.05288490653038025,0.04305515065789223,0.034078262746334076,0.06931347399950027,-0.05747266486287117,-0.027929482981562614,0.017915287986397743,0.056679148226976395,-0.006704049650579691,0.06419609487056732,0.03944217041134834,-0.08682754635810852,0.03851122781634331,-0.017391471192240715,0.012548098340630531,-0.09423838555812836,0.044454146176576614,0.0902600809931755,-0.015072310343384743,0.012464744970202446,0.01500143762677908,0.012048011645674706,0.013346333056688309,0.07201236486434937,0.027286816388368607,-0.0027830114122480154,0.0832071527838707,0.027952799573540688,-0.0732298344373703,0.036467019468545914,0.013626997359097004,-0.04070379585027695,0.02059217356145382,-0.005134657956659794,-0.012632433325052261,-0.014207970350980759,-0.022773530334234238,-0.09393616765737534,0.06137249991297722,0.04973462224006653,-0.03134920448064804,0.034474313259124756,0.0036919687408953905,-0.010523267090320587,0.028452124446630478,0.003455785568803549
  +0.05328337103128433,-0.00929854903370142,-0.10536444932222366,-0.02468181401491165,0.04439229890704155,0.11097226291894913,0.05369613692164421,0.05126137286424637,-0.04796717315912247,-0.06405598670244217,0.0944737121462822,0.05022646486759186,0.028056396171450615,-0.019854320213198662,0.05963994190096855,0.014551812782883644,0.007489256095141172,0.04212956503033638,0.04634835943579674,-0.028043100610375404,-0.05751603841781616,-0.0271430853754282,-3.376213157935126e-07,0.07125159353017807,0.0267016664147377,0.01013281848281622,-0.012701379135251045,0.001675171428360045,0.07116077840328217,0.012478748336434364,0.013825776986777782,0.010879567824304104,0.0666065663099289,-0.03686659410595894,0.022562814876437187,0.0024104013573378325,-0.021989909932017326,0.018141042441129684,0.04397217184305191,-0.015452949330210686,0.05347597599029541,-0.11681421846151352,-0.10202471911907196,-0.05277630314230919,0.029142212122678757,0.057517845183610916,0.0459192730486393,0.019986672326922417,-0.06705579161643982,0.05367078259587288,-0.0946156233549118,-0.032086096704006195,-0.06333904713392258,0.05359693244099617,-0.059175532311201096,0.003425438655540347,0.03575054928660393,-0.05457198619842529,-0.01956401951611042,0.06836655735969543,0.023535236716270447,-0.06977900862693787,-0.04007763788104057,0.03759465739130974,0.08786828070878983,0.030182112008333206,-0.07303376495838165,0.03805766627192497,-0.15471534430980682,0.0427406020462513,0.0839320570230484,0.023088807240128517,0.020673878490924835,0.019214626401662827,-0.08232037723064423,-0.029823007062077522,-0.03198084980249405,-0.04319016635417938,0.004455122631043196,0.004409735556691885,0.0012055817060172558,0.0066753835417330265,-0.09557689726352692,0.049658067524433136,-0.04371490329504013,0.018011003732681274,0.009378211572766304,-0.02247277833521366,0.04984766244888306,0.05025303363800049,-0.027580445632338524,0.0356731116771698,-0.025387296453118324,-0.03857987001538277,-0.11387884616851807,-0.01594703644514084,-0.038694895803928375,0.04010802134871483,0.03968169912695885,0.01447378285229206,-0.041083402931690216,-0.006244631018489599,0.005585907958447933,-0.11218710243701935,-0.004172743763774633,-0.0011628544889390469,-0.030427338555455208,-0.007653054315596819,0.08627129346132278,0.03507791459560394,-0.11217391490936279,0.030861161649227142,-0.12326052039861679,0.04786931350827217,0.03172207251191139,-0.0273691825568676,0.03461143746972084,0.005809802561998367,0.08472759276628494,-0.05801672488451004,-0.04494159296154976,0.05258883535861969,0.04962454363703728,-0.07514581084251404,-0.041524600237607956,0.029004095122218132,-0.09347996860742569,-1.5960096387427062e-33,-0.04287663474678993,0.01827063411474228,-0.005675413180142641,0.06577885150909424,-0.03130941092967987,0.05175740271806717,-0.0703837051987648,-0.04821009561419487,-0.016220519319176674,0.06643619388341904,0.0600714348256588,-0.0021656788885593414,0.03762448579072952,0.05720840394496918,0.08558857440948486,-0.062134042382240295,-0.014685636386275291,0.022453192621469498,0.008838564157485962,-0.022848842665553093,0.006362284533679485,0.002299122978001833,-0.0602450855076313,0.023999061435461044,-0.011672096326947212,-0.00950048491358757,-0.046286795288324356,0.014762378297746181,0.0490986667573452,-0.0005832954193465412,0.1057124063372612,0.03214140608906746,0.026204200461506844,-0.046820856630802155,0.029499491676688194,0.018675126135349274,-0.04382246360182762,-0.0170468557626009,0.08964677155017853,0.0015771236503496766,-0.034154195338487625,0.031710825860500336,0.05206143483519554,-0.005184608045965433,0.022668961435556412,0.13779333233833313,-0.005779288709163666,-0.01273599173873663,0.02876604162156582,-0.007371123414486647,-0.00776052987203002,-0.029032552614808083,0.007178083527833223,0.009144086390733719,-0.017934568226337433,-0.06495119631290436,-0.04099235311150551,-0.04050280898809433,-0.07589466869831085,-0.04928314685821533,0.025353286415338516,0.012568054720759392,0.08088446408510208,-0.013603734783828259,-0.03950478881597519,0.13211651146411896,0.03955517336726189,-0.0356597974896431,0.03439631685614586,-0.05882144719362259,0.06232602521777153,0.06059419736266136,-0.09801337122917175,0.005400217138230801,0.034016672521829605,-0.026352688670158386,-0.07670799642801285,0.07763271033763885,0.021595386788249016,-0.0017388213891535997,-0.04570399597287178,-0.02664858289062977,0.03249906748533249,0.0653466135263443,-0.007190474774688482,-0.005735908634960651,0.04573038965463638,-0.05766008421778679,0.06510326266288757,0.07687175273895264,0.03219715505838394,0.024538123980164528,-0.07213425636291504,0.09848900139331818,-0.11360746622085571,7.413931032712479e-34,-0.10054144263267517,-0.09412913769483566,0.061796724796295166,0.04924778267741203,-0.0018302469979971647,-0.045762576162815094,-0.05628432333469391,0.007406685035675764,0.035811375826597214,0.0481334812939167,0.011664928868412971,-0.047788672149181366,-0.06426611542701721,0.04628017172217369,-0.021051594987511635,-0.023081788793206215,0.06847748160362244,0.028885139152407646,0.09112866967916489,-0.09525515884160995,0.05033319443464279,0.042639799416065216,0.011516389437019825,0.09218680113554001,0.022563811391592026,0.008654659613966942,-0.051981616765260696,-0.021245848387479782,0.061526376754045486,-0.03416186943650246,-0.03421343117952347,-0.06729115545749664,0.07584809511899948,0.0396658293902874,-0.06990216672420502,0.004839672707021236,0.005761194042861462,-0.06979920715093613,0.07872965931892395,-0.05035249888896942,0.03124384395778179,0.030424481257796288,-0.03391198068857193,0.06975626200437546,-0.05352568253874779,-0.05914345383644104,0.02023369073867798,-0.07797084003686905,-0.00020457243954297155,0.00933640543371439,0.0005258408491499722,-0.00039656125591136515,-0.05596484616398811,-0.06767643243074417,-0.09805774688720703,0.021330349147319794,0.023541055619716644,-0.01327031571418047,-0.11022020876407623,-0.01911281980574131,0.04339327663183212,0.15742574632167816,-0.05300431698560715,-0.027394035831093788,-0.003907704725861549,-0.1330581158399582,0.04601513594388962,-0.0330524705350399,-0.021998772397637367,-0.013706532306969166,0.05091290920972824,0.058463674038648605,-0.09008330851793289,-0.0039456747472286224,-0.08998014032840729,-0.0039881570264697075,0.03241536766290665,0.02502787671983242,-0.00878071878105402,-0.03896523267030716,-0.015917468816041946,0.026923861354589462,0.02887285314500332,0.05010581761598587,-0.017583850771188736,0.03666979447007179,0.00583792245015502,-0.0373748317360878,-0.04432462900876999,-0.033165231347084045,-0.01117892935872078,0.0030781293753534555,-0.03223772719502449,0.13588131964206696,0.026063628494739532,-1.4098604061985043e-08,-0.048335589468479156,-0.020281312987208366,0.018032168969511986,0.0823938176035881,-0.0204964280128479,0.04245144873857498,0.04090036824345589,-0.016371121630072594,-0.06165739521384239,0.08330897986888885,-0.0592818520963192,0.028038956224918365,-0.1153234988451004,0.05778612568974495,-0.059845324605703354,-0.04410570114850998,-0.005135302431881428,0.009291577152907848,-0.01635728031396866,0.04951765760779381,0.005174913909286261,0.04979764670133591,0.034087929874658585,-0.048117686063051224,0.018799513578414917,-0.025934677571058273,0.06763225048780441,0.02553624100983143,0.02775045856833458,-0.02829161286354065,0.008672730065882206,0.0435340441763401,-0.02895532175898552,0.025899264961481094,0.0336662158370018,-0.031106937676668167,-0.01775970123708248,0.04401050880551338,0.037180591374635696,0.10339657962322235,-0.044179268181324005,0.02492060884833336,0.020055772736668587,-0.01380638312548399,0.052621494978666306,0.07174035161733627,-0.06272710859775543,0.033177413046360016,0.014000010676681995,-0.05782325193285942,0.014836560934782028,-0.025714466348290443,0.019254034385085106,-0.04636841267347336,-0.0024784295819699764,-0.02712840400636196,0.013161532580852509,0.04213865473866463,0.0060181994922459126,-0.0016370395896956325,-0.024438858032226562,-0.04390841722488403,-0.0034622030798345804,0.020861908793449402
  +0.037444595247507095,-0.005793547723442316,-0.04883866384625435,0.003786023473367095,0.026910001412034035,0.04245198890566826,0.021455541253089905,-0.10850678384304047,-0.12493553757667542,0.07427489757537842,0.07069505751132965,-0.0012493164977058768,-0.08781974017620087,-0.036847323179244995,0.005485551431775093,-0.038624368607997894,0.0015949816443026066,0.014431254006922245,0.060620009899139404,0.0018406586023047566,-0.01867210492491722,-0.06598328799009323,-0.02485102042555809,-0.03681831434369087,0.013688887469470501,-0.001229276298545301,0.0074208942241966724,0.038218505680561066,0.022763948887586594,-0.01700838841497898,0.04825274273753166,-0.075052410364151,0.11660067737102509,-0.06196298450231552,0.01345493458211422,0.03174358606338501,0.050369326025247574,0.009658454917371273,-0.010196124203503132,0.046136680990457535,0.01819753274321556,-0.06861100345849991,-0.023697510361671448,-0.05606544762849808,-0.001876614522188902,0.019004149362444878,0.010169598273932934,-0.07944527268409729,-0.08434022217988968,0.038999292999506,0.03459325060248375,-0.02286296710371971,0.0031397135462611914,0.07291140407323837,-0.03463546559214592,-0.06025891378521919,0.0022088047116994858,-0.0005421064561232924,-0.02070549875497818,-0.026867782697081566,-0.004690893460065126,-0.04700996354222298,0.0006590741686522961,-0.014394789934158325,0.12384840101003647,-0.05864662304520607,-0.0398239865899086,-0.022313984110951424,-0.0856654942035675,0.059770870953798294,-0.000802149239461869,-0.1066121980547905,-0.08869408071041107,-0.028939232230186462,-0.0298836138099432,-0.046193577349185944,-0.006407503969967365,-0.013673420995473862,0.06143663078546524,-0.049603819847106934,-0.0003360011614859104,-0.029488934203982353,0.010058797895908356,0.07536553591489792,-0.06611356884241104,0.0335487462580204,-0.010669573210179806,-0.008054825477302074,0.08473549783229828,0.004984420258551836,0.020712660625576973,-0.02078293450176716,-0.04543469473719597,-0.038129400461912155,-0.052629731595516205,-0.022003941237926483,-0.018875975161790848,0.1595737338066101,0.015167688019573689,0.03472957760095596,0.009914173744618893,-0.0020779946353286505,-0.028228867799043655,-0.06676974147558212,0.038159631192684174,0.04736201465129852,-0.0238001998513937,-0.03967413306236267,0.016948793083429337,-0.01756874844431877,-0.1155126690864563,0.0999273732304573,-0.13287660479545593,0.033651143312454224,0.07024796307086945,-0.028963889926671982,0.018251188099384308,0.008802280761301517,-0.038288675248622894,-0.021221838891506195,0.054244816303253174,0.08714552223682404,-0.0516434982419014,-0.03154541552066803,0.018459640443325043,-0.1157527044415474,-0.08517971634864807,-2.3833215921189036e-33,0.017701825127005577,-0.03600529208779335,-0.0022520744241774082,0.09310895204544067,-0.012044588103890419,-0.010931156575679779,-0.03678474575281143,-0.001799261081032455,0.09915459901094437,0.027963291853666306,0.02552812360227108,-0.04391840845346451,0.009853437542915344,-0.032297443598508835,0.0148992408066988,-0.02216532453894615,-0.014282342977821827,0.01702253706753254,-0.021025680005550385,0.07617513835430145,0.025013789534568787,-0.016701387241482735,-0.04255562648177147,-0.005785781890153885,0.01363452710211277,0.05772823095321655,-0.0398457795381546,0.014259609393775463,0.06300349533557892,0.018546443432569504,0.06360415369272232,0.07452590763568878,-0.0001323321193922311,-0.01322240848094225,-0.05711266025900841,0.08909273892641068,-0.09599436074495316,0.06907668709754944,0.044419772922992706,-0.006937346421182156,-0.042402345687150955,0.002312141004949808,0.08376681059598923,-0.03683089464902878,0.019309597089886665,0.07714448124170303,0.08103812485933304,0.03953777998685837,0.03683118894696236,0.0883839800953865,0.0014205813640728593,-0.040195170789957047,0.03572951257228851,-0.00773682352155447,0.047898706048727036,0.018078263849020004,-0.023741120472550392,0.0833481177687645,-0.05017337203025818,0.0022766233887523413,0.04157060384750366,-0.03702116757631302,-0.009443364106118679,0.09696024656295776,-0.011902479454874992,0.05347880348563194,0.05252879112958908,0.026031779125332832,0.05376995727419853,0.005199470091611147,0.0005241315811872482,0.10232765227556229,-0.08197403699159622,0.03467710316181183,-0.047284625470638275,0.04393119364976883,0.038556672632694244,0.049354858696460724,-0.015981417149305344,-0.07469035685062408,-0.0010888933902606368,0.0006316910730674863,0.03473684564232826,-0.09076657891273499,0.08144177496433258,0.03524286672472954,0.060660116374492645,0.01656751148402691,0.059468068182468414,0.052830856293439865,0.041690342128276825,-0.04300355538725853,0.03252210095524788,0.05199415236711502,-0.033605024218559265,4.266755670849487e-34,-0.036680225282907486,-0.0410996675491333,-0.06632029265165329,0.0031092287972569466,0.025645630434155464,0.054135698825120926,-0.008089473471045494,-0.029057495296001434,-0.03187766298651695,0.0330643504858017,-0.01084077451378107,-0.09236706793308258,-0.0338251031935215,0.06860839575529099,-0.019411830231547356,-0.04881731793284416,0.03891286626458168,-0.03141085058450699,-0.0010615314822643995,-0.04521046206355095,-0.001179282320663333,-0.008491148240864277,0.021978996694087982,0.021847615018486977,0.03717328608036041,0.017970329150557518,-0.13088785111904144,-0.02205580845475197,-0.02581702545285225,-0.018489280715584755,-0.07451097667217255,0.004299945663660765,0.010855798609554768,0.06787410378456116,-0.016084283590316772,-0.042858369648456573,-0.04382143169641495,0.02334771119058132,0.0786425769329071,0.026277609169483185,0.020863628014922142,-0.027391454204916954,-0.03580082952976227,0.049164995551109314,0.0032516259234398603,-0.00815160945057869,-0.027381157502532005,-0.0922045111656189,-0.06281058490276337,-0.010852141305804253,0.030775144696235657,-0.07897628843784332,-0.07803269475698471,-0.04066593199968338,-0.06460403650999069,0.06516950577497482,0.02710762433707714,-0.10653016716241837,-0.03604098781943321,-0.014539939351379871,0.030668094754219055,0.0800408348441124,-0.03946569189429283,0.11338970065116882,-0.0911291241645813,-0.06139402464032173,0.05933551862835884,-0.09968717396259308,-0.019514210522174835,0.02577686309814453,0.0007873027352616191,0.01496417447924614,-0.01711553893983364,-0.013520943932235241,0.02252674475312233,0.04331911355257034,0.08377604931592941,-0.009809624403715134,-0.0006389099871739745,-0.07030840963125229,-0.023434344679117203,-0.017810458317399025,0.05959029868245125,0.01381736621260643,0.007334103807806969,0.10329072922468185,-0.0020092809572815895,-0.02736576832830906,-0.06582706421613693,-0.03809856250882149,-0.040225800126791,-0.01502995565533638,0.007491789758205414,0.07376664131879807,0.0036902667488902807,-1.3711654034409548e-08,-0.049970466643571854,0.026298172771930695,0.014948888681828976,-0.02302253246307373,-0.004476819187402725,-0.018407374620437622,-0.023360833525657654,-0.05461306869983673,0.0026263431645929813,0.12293851375579834,-0.06280650943517685,0.06644342094659805,0.043084703385829926,0.022105194628238678,-0.031300585716962814,0.014801147393882275,-0.009217476472258568,0.0380646213889122,-0.062284812331199646,-0.019284764304757118,0.020498216152191162,0.07861542701721191,-0.040380291640758514,-0.03278305381536484,0.028286468237638474,0.0489596463739872,0.02239038422703743,0.17306843400001526,0.02754209004342556,0.041795507073402405,0.024708567187190056,0.0843227282166481,-0.009775507263839245,-0.146236851811409,0.0022048521786928177,-0.016945019364356995,0.09073347598314285,-0.011919846758246422,0.026732293888926506,-0.033490221947431564,-0.00971358921378851,0.06237282603979111,0.021345920860767365,-0.04900379478931427,0.06820541620254517,-0.05404515564441681,-0.12142545729875565,0.052219800651073456,-0.005573166534304619,-0.11261019855737686,0.014137045480310917,-0.049412522464990616,0.011593508534133434,0.0013087866827845573,0.03255791589617729,-0.030479149892926216,0.0625840574502945,-0.022146550938487053,-0.07909245789051056,-0.03078451380133629,-0.011232360266149044,-0.0077481321059167385,0.10307091474533081,0.017685092985630035
  +0.03307609632611275,0.02827548421919346,-0.04667569324374199,-0.008853231556713581,0.05216619744896889,0.07165118306875229,0.0811292827129364,-0.0033216383308172226,-0.10758252441883087,0.05373750999569893,0.037535615265369415,-0.03924299776554108,-0.07247395813465118,-0.09175039082765579,-0.03289492055773735,-0.06961876153945923,0.02234223112463951,0.03649580851197243,0.004403857514262199,-0.012153593823313713,-0.053034961223602295,-0.004130225162953138,0.005786022171378136,-0.0034501664340496063,-0.07189022749662399,-0.00906796008348465,0.020777694880962372,0.027162937447428703,-0.01980866864323616,-0.005927754566073418,0.04146508872509003,-0.16425171494483948,0.11184372752904892,-0.05823006480932236,-0.009309627115726471,0.01978365331888199,0.05373269319534302,0.00966053269803524,-0.01753944344818592,0.04796914383769035,-0.048178840428590775,-0.09589184820652008,-0.032019950449466705,-0.01096272561699152,0.0033083870075643063,-0.024568354710936546,-0.010181015357375145,-0.08242712914943695,-0.04053570330142975,0.02482377365231514,0.008275412023067474,-0.014762800186872482,0.03366512432694435,0.058702968060970306,-0.009089500643312931,-0.09596262127161026,-0.013874749653041363,-0.039566218852996826,-0.10064639896154404,0.03625369444489479,-0.03185315057635307,-0.06980352848768234,0.06239272281527519,-0.0006906246417202055,0.112639419734478,-0.034873105585575104,-0.046246252954006195,-0.022085096687078476,0.005733108147978783,0.010523350909352303,-0.005798035766929388,-0.13352292776107788,-0.06436280161142349,-0.03712334483861923,0.010893750935792923,0.022966060787439346,-0.031238069757819176,-0.02491872012615204,0.09224916249513626,-0.009983970783650875,0.08340148627758026,0.006858957465738058,0.05250103771686554,0.1282254308462143,-0.029504606500267982,0.0716947391629219,-0.016038602218031883,0.018251972272992134,-0.007870212197303772,0.01055535115301609,-0.029630715027451515,0.029337262734770775,0.040981389582157135,-0.0006130131660029292,-0.03188811242580414,0.007707714568823576,-0.07261411845684052,0.09502458572387695,-0.013590928167104721,-0.014939487911760807,0.015843499451875687,-0.011005248874425888,-0.023660944774746895,0.013446114957332611,0.026795564219355583,0.008486252278089523,0.012287238612771034,-0.05150999501347542,0.0035441406071186066,-0.0034312675707042217,-0.039878785610198975,0.10636547207832336,-0.10496384650468826,-0.04483502358198166,0.020227491855621338,0.006413061637431383,-0.040713001042604446,-0.032997164875268936,-0.008712967857718468,-0.0021974535193294287,0.031912028789520264,0.007707434240728617,0.0025179260410368443,-0.010167475789785385,0.03166612237691879,-0.10304591059684753,-0.05025586858391762,-2.879071640898818e-33,0.017579829320311546,-0.00024479793501086533,0.04897036775946617,0.03972844034433365,-0.035555630922317505,-0.01158889103680849,-0.04227771237492561,-0.061070166528224945,0.10080545395612717,0.017432961612939835,-0.007552914321422577,-0.043485142290592194,0.025841346010565758,-0.05618958920240402,-0.01763591356575489,0.008444716222584248,-0.027762360870838165,0.0857299268245697,-0.07329589128494263,0.03915141150355339,0.01757192052900791,-0.06783365458250046,-0.05500934273004532,0.0430847592651844,-0.006892047822475433,0.11516445875167847,-0.0388854518532753,0.01895751804113388,0.03669724240899086,0.013898367993533611,0.0005763405351899564,0.09478510916233063,-0.024851234629750252,-0.06576511263847351,-0.005273024085909128,-0.003254109062254429,-0.1475079506635666,0.03866558149456978,-0.01161289308220148,-0.030215945094823837,-0.025724537670612335,-0.01126591395586729,0.14664505422115326,0.005840336438268423,0.0681120976805687,0.04208241030573845,-0.01178386714309454,0.06280427426099777,-0.014190763235092163,0.03389148786664009,-0.05659985914826393,-0.03679267317056656,0.04341387003660202,0.010883951559662819,0.012114989571273327,0.0291807409375906,-0.018325990065932274,0.08876277506351471,-0.023950478062033653,0.036861274391412735,-0.012533334083855152,0.0561501644551754,-0.0442502424120903,0.022279730066657066,0.0006460413569584489,0.006322398781776428,0.041122496128082275,-0.034269023686647415,0.08700840920209885,0.03716547414660454,0.02669883705675602,0.08537887781858444,-0.028895795345306396,0.040220148861408234,-0.09894409030675888,0.039362963289022446,0.0024441636633127928,0.031580276787281036,-0.008494808338582516,-0.017667246982455254,0.005084548145532608,0.012503663077950478,0.03824908286333084,-0.051528606563806534,0.0829937532544136,0.011592868715524673,0.06925345957279205,0.04599751904606819,-0.002946818945929408,0.06384649872779846,0.037368934601545334,-0.01727200858294964,0.081302210688591,0.09541526436805725,-0.08880218863487244,6.672287310372216e-34,0.016613181680440903,-0.03022848255932331,-0.09867792576551437,-0.07061862200498581,0.04622282460331917,0.035165201872587204,0.024379467591643333,0.033372681587934494,-0.044998154044151306,0.028120368719100952,0.04678047075867653,-0.0874929130077362,-0.0361860953271389,0.02192210592329502,0.04285644367337227,0.005173410288989544,0.01886785961687565,-0.031192731112241745,-0.0371708944439888,-0.0070066689513623714,0.006590979639440775,-0.012280367314815521,-0.05711551010608673,0.13753749430179596,-0.02632009983062744,0.031512048095464706,-0.11136658489704132,-0.026362910866737366,-0.007768509443849325,0.006599470041692257,-0.06390467286109924,0.05560755729675293,0.010736308060586452,0.11964382976293564,-0.01727818325161934,-0.1091245636343956,-0.007329135667532682,-0.08429113775491714,0.09761638939380646,0.035549018532037735,0.03755408152937889,0.031445909291505814,-0.0034404543694108725,0.01298068929463625,-0.007527461275458336,0.04333402216434479,-0.020897947251796722,-0.0670100674033165,-0.10378719866275787,-0.015700165182352066,0.027484159916639328,-0.10404001921415329,-0.05662241578102112,0.0055444128811359406,-0.003655261592939496,0.06351607292890549,0.021517660468816757,-0.10395096242427826,-0.03581714630126953,-0.023284394294023514,0.04637465998530388,0.041479725390672684,-0.05100230872631073,0.13837696611881256,-0.09578965604305267,-0.010568736121058464,0.02500302530825138,-0.13562603294849396,-0.014339609071612358,-0.027017641812562943,-0.013291703537106514,-0.009152510203421116,-0.013085195794701576,-0.03200985863804817,-0.021231576800346375,-0.06397715210914612,0.024024559184908867,-0.04250558465719223,-0.035603880882263184,-0.046255260705947876,-0.07468749582767487,-0.003661376889795065,-0.0012497660936787724,0.0567137636244297,0.026232343167066574,0.0933697521686554,0.004921486601233482,-0.06525849550962448,-0.08011535555124283,-0.038591284304857254,-0.08208482712507248,0.02982361614704132,-0.08768874406814575,0.06922806054353714,-0.01159881241619587,-1.443643782295112e-08,-0.009236554615199566,0.041294507682323456,-0.0046846638433635235,-0.030471811071038246,-0.0231737419962883,-0.022886937484145164,-0.040908824652433395,-0.052702803164720535,0.0328393280506134,0.10331176966428757,-0.02237812802195549,0.052703458815813065,-0.009209995158016682,0.006815058179199696,-0.024965982884168625,-0.016164811328053474,-0.01067417487502098,0.08854914456605911,-0.012788413092494011,-0.02195693925023079,0.02706880308687687,0.07600752264261246,-0.02140621282160282,-0.0029650088399648666,-0.016020262613892555,0.07041248679161072,0.011586029082536697,0.09456216543912888,0.03661634773015976,0.027447137981653214,0.033808205276727676,0.03717077895998955,-0.014116081409156322,-0.03214885666966438,-0.008997646160423756,0.009407754987478256,0.08988796174526215,-0.02518419735133648,0.0016861427575349808,-0.012291019782423973,0.0075624557211995125,0.0834246277809143,0.04763932526111603,0.033528249710798264,0.04362393915653229,-0.05868023633956909,-0.04317289590835571,0.035237520933151245,0.007421738933771849,-0.06701553612947464,0.06821402907371521,-0.048664744943380356,0.03613083064556122,0.0029583300929516554,0.002107155742123723,0.006021518725901842,0.031994909048080444,-0.023294787853956223,-0.057009920477867126,-0.014165109023451805,0.012011988088488579,-0.05514226853847504,0.11263851076364517,0.03999333828687668
  +0.08083602786064148,-0.020771436393260956,-0.010945368558168411,0.02464425191283226,0.04672029986977577,0.08008679002523422,0.07462137192487717,-0.0722961276769638,-0.027161257341504097,-0.03274204209446907,0.019190996885299683,-0.04369063302874565,-0.035912491381168365,-0.05352184921503067,0.05155473202466965,0.01655617170035839,-0.034692421555519104,-0.022791605442762375,-0.019179468974471092,-0.06828747689723969,-0.09077662229537964,-0.08107828348875046,-0.030780252069234848,-0.006518754176795483,-0.02883237786591053,-0.04908588528633118,0.03733226656913757,0.0679299458861351,-0.010250329039990902,-0.00930770393460989,0.05596547573804855,-0.044400427490472794,0.011961610056459904,-0.02271207422018051,-0.009231196716427803,0.04132600501179695,0.03701270744204521,0.06331204622983932,0.02803204394876957,0.03540764003992081,-0.05647972598671913,-0.028156770393252373,-0.008331919088959694,-0.03771934658288956,0.03292364254593849,-0.05424676463007927,0.013378214091062546,-0.0868958905339241,-0.07313589006662369,-0.002422618679702282,0.0946933850646019,-0.04992469400167465,0.01053448487073183,0.0012375195510685444,-0.01845734938979149,-0.03389942646026611,-0.001823935890570283,-0.008813953027129173,-0.003056952264159918,-0.02028021030128002,-0.059967290610075,-0.06852731853723526,0.026251621544361115,0.028128305450081825,0.10154718905687332,-0.08466770499944687,-0.025515427812933922,0.0214235857129097,-0.05529298260807991,-0.06521157175302505,0.020913293585181236,-0.07612966746091843,-0.008801774121820927,-0.06405789405107498,0.043324463069438934,0.008480806834995747,0.0058725313283503056,0.024713147431612015,0.08673624694347382,0.0536457896232605,0.07925988733768463,-0.006694475654512644,-0.045321520417928696,0.08301162719726562,-0.04513547196984291,0.01465204730629921,-0.05775110423564911,-0.02588583528995514,-0.05323834344744682,0.049116261303424835,-0.10404940694570541,0.04020516574382782,0.02734612300992012,-0.0603632852435112,-0.06117364764213562,-0.05475213751196861,-0.006121642421931028,0.07313870638608932,-0.0015782840782776475,0.029616311192512512,-0.006003702990710735,0.02689560316503048,0.0027197967283427715,-0.04393592104315758,-0.04408442601561546,-0.012078618630766869,0.0013610441237688065,0.008173967711627483,-0.01601474918425083,-0.02293141931295395,-0.06894011050462723,0.036543890833854675,-0.07391707599163055,0.011632487177848816,0.04232742637395859,-0.018990393728017807,0.00819353200495243,0.021738354116678238,0.05158694088459015,-0.011006704531610012,-0.013221708126366138,0.034222085028886795,0.013270959258079529,0.02152330055832863,-0.006372819654643536,-0.034257691353559494,-0.0988474190235138,-2.5860501029266e-33,0.016627687960863113,-0.03664075583219528,0.004663405939936638,0.10644007474184036,-0.0013502362417057157,-0.044686079025268555,-0.020170394331216812,-0.02175302803516388,0.0018810656620189548,0.006499066948890686,-0.046700701117515564,0.08657731860876083,0.0614163801074028,-0.038447488099336624,-0.0243833027780056,-0.011282653547823429,-0.027378074824810028,0.07021390646696091,-0.07199303805828094,0.03214503824710846,0.020785650238394737,0.0450238361954689,-0.0777439996600151,0.015952469781041145,0.00042120146099478006,0.06904032826423645,-0.02103056013584137,-0.0038607900496572256,0.013052628375589848,0.02531314082443714,-0.016175542026758194,0.1118893176317215,-0.03478890284895897,-0.04570987448096275,0.050960052758455276,0.020814742892980576,-0.08221600204706192,-0.002220266265794635,0.052732110023498535,-0.056968577206134796,-0.07522661238908768,-0.00860191136598587,0.06910522282123566,-0.04277653247117996,0.06501266360282898,0.10595355927944183,0.11996517330408096,0.014132523909211159,-0.005776028614491224,0.11807037144899368,-0.017969639971852303,0.022612500935792923,0.06668468564748764,0.03350253403186798,0.07803579419851303,-0.06692859530448914,-0.02811845950782299,0.05265452340245247,0.06790218502283096,-0.04929807037115097,-0.013851073570549488,0.0008081708801910281,-0.07949942350387573,0.03233549743890762,0.08078546077013016,0.06750611215829849,0.04147658869624138,-0.02574460208415985,0.07562108337879181,0.07203370332717896,0.08563584089279175,0.03417372703552246,-0.05381278321146965,0.004430325701832771,-0.09939136356115341,0.03193651884794235,-0.0035680641885846853,0.07773926109075546,0.04189891368150711,-0.044650398194789886,-0.020963942632079124,-0.023187575861811638,0.031150687485933304,-0.09698942303657532,0.07477440685033798,0.022108690813183784,0.12191527336835861,-0.017899392172694206,0.055994611233472824,0.06385663896799088,0.057405658066272736,-0.00593566382303834,-0.008692008443176746,0.0494016595184803,-0.02672579698264599,8.219725981716426e-34,0.016930697485804558,-0.02416788786649704,-0.08267731964588165,-0.10466745495796204,0.07722187042236328,0.03609367832541466,0.07410372048616409,-0.004658565856516361,0.035461340099573135,0.02057177573442459,0.012548686005175114,-0.05593417212367058,0.0037670934107154608,0.048304233700037,-0.04527769237756729,-0.06649080663919449,-0.018776021897792816,0.042298946529626846,0.04055676981806755,0.019167978316545486,0.07045082747936249,-0.01834231987595558,-0.003169979667291045,0.09417756646871567,0.05278385430574417,0.0326271578669548,-0.07536845654249191,-0.05201684311032295,-0.07134587317705154,-0.04425203800201416,-0.04226266220211983,-0.049733228981494904,-0.027034908533096313,0.042894862592220306,0.018177088350057602,-0.10864154249429703,-0.03239048644900322,-0.02152475155889988,0.06975352019071579,0.06866581737995148,-0.08002732694149017,-0.02040261961519718,-0.04226436838507652,0.08069346845149994,0.012173478491604328,0.08047574758529663,-0.03038344345986843,-0.09347642958164215,-0.062107715755701065,-0.023802362382411957,-0.05130792409181595,-0.10054003447294235,-0.020307041704654694,-0.006192484404891729,-0.002418866381049156,-0.017036553472280502,0.08903060853481293,-0.08175332099199295,-0.05592825263738632,-0.026786576956510544,0.03281418979167938,0.0417194589972496,-0.029214082285761833,0.09809242188930511,-0.015461667440831661,-0.06294076144695282,0.027017125859856606,-0.09102033823728561,-0.10782893002033234,0.018691379576921463,0.01080795843154192,-0.06095995008945465,0.011402959004044533,-0.0669337660074234,-0.029515044763684273,0.02209482528269291,0.051741067320108414,-0.09250365197658539,-0.06400205194950104,-0.00345833832398057,-0.09150272607803345,-0.02110861800611019,0.05997628718614578,-0.029058270156383514,0.031509555876255035,0.17136411368846893,-0.02220996655523777,0.015026274137198925,-0.06588053703308105,-0.08379527181386948,-0.04416418448090553,-0.02935890667140484,-0.036025796085596085,0.020530376583337784,0.01966387964785099,-1.5205026571152302e-08,0.010241178795695305,0.10467015951871872,-0.04567420855164528,0.017709866166114807,-0.027797881513834,0.02265857346355915,-0.07900345325469971,-0.07869201898574829,0.04377945512533188,0.09784641861915588,-0.022345777601003647,0.004850449040532112,-0.01794709451496601,0.049150899052619934,0.07633358240127563,-0.0051694875583052635,-0.000992296845652163,0.03700903803110123,-0.03234599158167839,0.0027753300964832306,0.03591643273830414,0.08910447359085083,-0.012373867444694042,-0.0686785951256752,0.009006915614008904,0.11152371764183044,-0.04924879968166351,0.028196722269058228,-0.021600404754281044,-0.007696731481701136,0.04565808176994324,0.044469062238931656,-0.025570830330252647,-0.0885813981294632,-0.03167190030217171,0.04834948852658272,0.01748177595436573,0.037939298897981644,-0.03455614671111107,0.03347906470298767,-0.026620136573910713,0.027331151068210602,0.014058731496334076,-0.006813487038016319,0.0012906633783131838,-0.009586846455931664,-0.04922615736722946,0.05385566130280495,-0.06525450199842453,0.009395205415785313,0.06809014827013016,-0.02664642222225666,0.009150363504886627,-0.026226896792650223,0.0781758576631546,-0.04016891494393349,0.01412057876586914,-0.011448638513684273,-0.03480391204357147,0.01856428198516369,0.06013965234160423,-0.0649581179022789,0.043545350432395935,0.01608319766819477
  +0.01568678952753544,-0.06560514122247696,-0.026113560423254967,-0.06125733628869057,0.008556053042411804,0.024299411103129387,-0.02978016436100006,0.0484849214553833,-0.002716955030336976,-0.051280178129673004,0.02630714140832424,0.09612220525741577,0.09056369215250015,-0.006938357837498188,0.04386433959007263,0.03142816200852394,-0.02781951054930687,-0.04330306500196457,0.03849368169903755,-0.03986096382141113,0.035213325172662735,-0.0016213584458455443,-0.015848927199840546,0.02599337138235569,-0.14403361082077026,-0.004802988842129707,0.04557604715228081,0.024860693141818047,0.018922392278909683,-0.07337683439254761,0.031078588217496872,0.06102152168750763,0.036272648721933365,-0.03256528824567795,-0.013907411135733128,-0.023761846125125885,0.04459189623594284,-0.01743568666279316,0.03614549711346626,0.014661302790045738,0.0034404275938868523,-0.06523092091083527,-0.09136255085468292,-0.044282183051109314,0.10072159767150879,-0.03533241152763367,-0.006106661166995764,-0.015125716105103493,0.006880173925310373,0.09034845978021622,-0.07811464369297028,-0.07734190672636032,-0.026051240041851997,-0.09536568820476532,0.027442162856459618,0.0011497273808345199,-0.005610935389995575,-0.025755248963832855,-0.005400814116001129,-0.07121696323156357,0.03343508392572403,0.00956330168992281,-0.02161649614572525,0.012652754783630371,-0.04733792319893837,0.018165990710258484,-0.06358209252357483,0.08328349143266678,-0.010432870127260685,-0.038918636739254,0.03565884754061699,-0.09570405632257462,-0.10359791666269302,-0.06007492169737816,-0.007602055557072163,-0.002219622489064932,0.07592007517814636,0.03608976677060127,0.02225090004503727,-0.011003772728145123,-0.05274490267038345,0.03736371174454689,-0.058364152908325195,0.020757634192705154,-0.07794730365276337,-0.033641889691352844,-0.05257371813058853,0.0012874387903138995,0.1098877415060997,0.011927135288715363,-0.01696775294840336,0.03865475580096245,-0.03153533488512039,-0.05081851780414581,-0.08120499551296234,0.07155975699424744,-0.016652880236506462,0.03054703027009964,0.03466232866048813,0.014667491428554058,-0.016064217314124107,0.038160696625709534,0.02440071851015091,-0.005189577117562294,-0.05591671168804169,-0.025290191173553467,0.0014487617881968617,0.06783702224493027,0.07362397015094757,0.06786133348941803,0.034363869577646255,-0.04310204088687897,0.006580012384802103,-0.044370684772729874,0.06371836364269257,-0.04445464164018631,-0.025695664808154106,-0.005444243550300598,0.0557456910610199,0.029020201414823532,0.013711906038224697,0.10024154186248779,0.08187941461801529,-0.05474338307976723,-0.12952110171318054,0.01897180825471878,-0.04964128136634827,-2.634036170050066e-33,-0.045845743268728256,0.014136935584247112,0.011275362223386765,0.15420757234096527,0.02324068360030651,0.0026953648775815964,0.026317335665225983,0.007545611821115017,-0.002112443558871746,-0.04322531819343567,-0.03795768693089485,0.014847630634903908,-0.029884111136198044,-0.0060393232852220535,0.1125883162021637,-0.03417560085654259,-0.09138547629117966,0.009673269465565681,0.046239223331213,-0.03563861548900604,0.011454621329903603,-0.06313984096050262,0.0474027656018734,0.026293577626347542,0.07877088338136673,0.029293909668922424,0.06683894991874695,0.06679162383079529,-0.04012930020689964,0.008884567767381668,0.11871034651994705,0.07589954882860184,-0.01151988748461008,0.01505444385111332,-0.09229137748479843,0.03028065524995327,-0.0677763968706131,-0.04005594551563263,0.023572556674480438,-0.033822085708379745,-0.05517042055726051,-0.046688616275787354,-0.015081202611327171,0.09154690057039261,-0.04771403223276138,0.028601540252566338,0.06351148337125778,0.011099457740783691,0.03598838299512863,-0.05517397075891495,-0.02110166661441326,-0.016725048422813416,0.04137840121984482,-0.03750685229897499,0.014913174323737621,-0.020235294476151466,-0.047247909009456635,-0.09094106405973434,0.02454918622970581,0.06453152000904083,-0.006646717432886362,0.08793557435274124,0.04914313554763794,0.07273352891206741,0.03966744244098663,0.044608425348997116,0.05410345271229744,-0.04527410864830017,0.007966992445290089,0.013130082748830318,0.015196466818451881,-0.028770145028829575,0.04048103839159012,-0.018438121303915977,-0.059389881789684296,-0.026954680681228638,-0.05119745805859566,0.009002464823424816,-0.015432838350534439,0.042961347848176956,0.0035103452391922474,0.000823108246549964,0.00943879783153534,0.01728968322277069,0.024751514196395874,-0.02667940966784954,0.04838477447628975,-0.022895310074090958,-0.009581232443451881,0.0440751351416111,-0.012715596705675125,0.05345260351896286,0.01169351302087307,0.07608872652053833,0.0403604730963707,9.336549389108258e-34,0.06112603098154068,-0.03439342603087425,0.0492328517138958,-0.008920558728277683,0.09166885167360306,-0.09376302361488342,-0.054731275886297226,0.025260478258132935,-0.10543399304151535,-0.010181106626987457,0.043241534382104874,-0.0652996078133583,-0.008611290715634823,0.09400041401386261,-0.002260398818179965,0.0033111211378127337,0.08707960695028305,-0.14023223519325256,0.011506389826536179,-0.02521677501499653,0.0027635765727609396,0.06805337220430374,-0.10837948322296143,0.011655568145215511,-0.029414759948849678,0.059529390186071396,-0.0973438024520874,0.0067812660709023476,0.07779687643051147,0.008371626026928425,0.021592872217297554,-0.017053909599781036,0.07240132987499237,0.04557953029870987,0.026653338223695755,0.021461842581629753,-0.00923063326627016,-0.088686503469944,0.1324019432067871,-0.03367692604660988,-0.03589347377419472,-0.03866354376077652,0.0003046721394639462,0.04911632463335991,0.0730961486697197,-0.008679430931806564,0.03453632444143295,-0.04477347433567047,0.06526624411344528,-0.10841336101293564,0.03648703917860985,0.02232707291841507,0.012833897024393082,-0.08181274682283401,-0.04752691462635994,0.071132592856884,0.059686433523893356,-0.059893522411584854,0.02001589722931385,0.0008501949487254024,0.038518548011779785,0.03717876598238945,0.013524348847568035,-0.025555837899446487,-0.013074173592031002,0.059792160987854004,0.032195720821619034,0.009001465514302254,-0.028139885514974594,-0.07160944491624832,-0.02662833407521248,0.06769824028015137,-0.06175477057695389,-0.02285340055823326,-0.03557262942194939,-0.02907569147646427,-0.04583563655614853,-0.02298758178949356,-0.03640446439385414,-0.022408217191696167,-0.09905208647251129,-0.009937232360243797,-0.0245377104729414,0.09556952118873596,-0.04982601851224899,-0.04668986797332764,-0.07051064074039459,-0.03458824381232262,-0.015253116376698017,-0.03517985716462135,-0.1205587089061737,0.026898901909589767,-0.0652114599943161,0.1500396430492401,0.0704042837023735,-1.7674510743859173e-08,-0.04935542866587639,0.033759407699108124,0.11029703170061111,0.008695824071764946,-0.018948374316096306,-0.07043925672769547,-0.0008809965220279992,-0.06957010179758072,0.04182334244251251,0.0023287103977054358,-0.06818676739931107,-0.0014001090312376618,-0.04909534752368927,0.11329548060894012,0.012895159423351288,-0.021463042125105858,-0.013657519593834877,0.029371367767453194,-0.003723856993019581,-0.009565751999616623,0.060464080423116684,0.03251432627439499,0.060076091438531876,-0.042003389447927475,0.04848024249076843,-0.05925701931118965,0.016638780012726784,-0.030401278287172318,0.004746838007122278,-0.009567975997924805,0.007207904011011124,-0.0218898244202137,-0.0028529935516417027,0.0723583772778511,0.006754703354090452,-0.10571898519992828,0.019481414929032326,-0.0028108935803174973,-0.02887619473040104,-0.004934839904308319,-0.027890922501683235,-0.03483756631612778,-0.04948662593960762,0.0721881240606308,-0.03501535579562187,-0.00877411663532257,-0.015053901821374893,-0.07808854430913925,-0.06721397489309311,0.04117852449417114,-0.007843846455216408,0.06209232658147812,0.014314793050289154,-0.032659124583005905,-0.02637602388858795,0.02953668311238289,0.08065113425254822,-0.04296170547604561,-0.0191486869007349,-0.008961998857557774,-0.006565419025719166,-0.07269853353500366,0.09809841960668564,0.028774475678801537
  ... 10 further lines not shown (cap is 50)
