dataset:    kaistdata/RDB2G-Bench
commit:     7e5d6697897a1a48cf8554766fee7ef0dc80fddb
type:       column/field add-remove
message:    Update columns
status:     archived
hub:        reachable (HTTP 200)
generated:  2026-07-31T18:09:38Z by analysis/archive_evidence.py, wrapping inspect_commit.py --download --show_rows
============================================================
# kaistdata/RDB2G-Bench @ 7e5d669789
message: Update columns 

file changes:
M	RDB2G-Bench/rel-avito/ad-ctr/0.csv
M	RDB2G-Bench/rel-avito/ad-ctr/1.csv
M	RDB2G-Bench/rel-avito/ad-ctr/2.csv
M	RDB2G-Bench/rel-avito/ad-ctr/3.csv
M	RDB2G-Bench/rel-avito/ad-ctr/4.csv
M	RDB2G-Bench/rel-avito/user-ad-visit/0.csv
M	RDB2G-Bench/rel-avito/user-ad-visit/1.csv
M	RDB2G-Bench/rel-avito/user-ad-visit/2.csv
M	RDB2G-Bench/rel-avito/user-ad-visit/3.csv
M	RDB2G-Bench/rel-avito/user-ad-visit/4.csv
M	RDB2G-Bench/rel-avito/user-clicks/0.csv
M	RDB2G-Bench/rel-avito/user-clicks/1.csv
M	RDB2G-Bench/rel-avito/user-clicks/2.csv
M	RDB2G-Bench/rel-avito/user-clicks/3.csv
M	RDB2G-Bench/rel-avito/user-clicks/4.csv
M	RDB2G-Bench/rel-avito/user-visits/0.csv
M	RDB2G-Bench/rel-avito/user-visits/1.csv
M	RDB2G-Bench/rel-avito/user-visits/2.csv
M	RDB2G-Bench/rel-avito/user-visits/3.csv
M	RDB2G-Bench/rel-avito/user-visits/4.csv
M	RDB2G-Bench/rel-event/user-attendance/0.csv
M	RDB2G-Bench/rel-event/user-attendance/1.csv
M	RDB2G-Bench/rel-event/user-attendance/10.csv
M	RDB2G-Bench/rel-event/user-attendance/11.csv
M	RDB2G-Bench/rel-event/user-attendance/12.csv
M	RDB2G-Bench/rel-event/user-attendance/13.csv
M	RDB2G-Bench/rel-event/user-attendance/14.csv
M	RDB2G-Bench/rel-event/user-attendance/2.csv
M	RDB2G-Bench/rel-event/user-attendance/3.csv
M	RDB2G-Bench/rel-event/user-attendance/4.csv
M	RDB2G-Bench/rel-event/user-attendance/5.csv
M	RDB2G-Bench/rel-event/user-attendance/6.csv
M	RDB2G-Bench/rel-event/user-attendance/7.csv
M	RDB2G-Bench/rel-event/user-attendance/8.csv
M	RDB2G-Bench/rel-event/user-attendance/9.csv
M	RDB2G-Bench/rel-event/user-ignore/0.csv
M	RDB2G-Bench/rel-event/user-ignore/1.csv
M	RDB2G-Bench/rel-event/user-ignore/10.csv
M	RDB2G-Bench/rel-event/user-ignore/11.csv
M	RDB2G-Bench/rel-event/user-ignore/12.csv
M	RDB2G-Bench/rel-event/user-ignore/13.csv
M	RDB2G-Bench/rel-event/user-ignore/14.csv
M	RDB2G-Bench/rel-event/user-ignore/2.csv
M	RDB2G-Bench/rel-event/user-ignore/3.csv
M	RDB2G-Bench/rel-event/user-ignore/4.csv
M	RDB2G-Bench/rel-event/user-ignore/5.csv
M	RDB2G-Bench/rel-event/user-ignore/6.csv
M	RDB2G-Bench/rel-event/user-ignore/7.csv
M	RDB2G-Bench/rel-event/user-ignore/8.csv
M	RDB2G-Bench/rel-event/user-ignore/9.csv
M	RDB2G-Bench/rel-event/user-repeat/0.csv
M	RDB2G-Bench/rel-event/user-repeat/1.csv
M	RDB2G-Bench/rel-event/user-repeat/10.csv
M	RDB2G-Bench/rel-event/user-repeat/11.csv
M	RDB2G-Bench/rel-event/user-repeat/12.csv
M	RDB2G-Bench/rel-event/user-repeat/13.csv
M	RDB2G-Bench/rel-event/user-repeat/14.csv
M	RDB2G-Bench/rel-event/user-repeat/2.csv
M	RDB2G-Bench/rel-event/user-repeat/3.csv
M	RDB2G-Bench/rel-event/user-repeat/4.csv
M	RDB2G-Bench/rel-event/user-repeat/5.csv
M	RDB2G-Bench/rel-event/user-repeat/6.csv
M	RDB2G-Bench/rel-event/user-repeat/7.csv
M	RDB2G-Bench/rel-event/user-repeat/8.csv
M	RDB2G-Bench/rel-event/user-repeat/9.csv
M	RDB2G-Bench/rel-f1/driver-dnf/0.csv
M	RDB2G-Bench/rel-f1/driver-dnf/1.csv
M	RDB2G-Bench/rel-f1/driver-dnf/10.csv
M	RDB2G-Bench/rel-f1/driver-dnf/11.csv
M	RDB2G-Bench/rel-f1/driver-dnf/12.csv
M	RDB2G-Bench/rel-f1/driver-dnf/13.csv
M	RDB2G-Bench/rel-f1/driver-dnf/14.csv
M	RDB2G-Bench/rel-f1/driver-dnf/2.csv
M	RDB2G-Bench/rel-f1/driver-dnf/3.csv
M	RDB2G-Bench/rel-f1/driver-dnf/4.csv
M	RDB2G-Bench/rel-f1/driver-dnf/5.csv
M	RDB2G-Bench/rel-f1/driver-dnf/6.csv
M	RDB2G-Bench/rel-f1/driver-dnf/7.csv
M	RDB2G-Bench/rel-f1/driver-dnf/8.csv
M	RDB2G-Bench/rel-f1/driver-dnf/9.csv
M	RDB2G-Bench/rel-f1/driver-position/0.csv
M	RDB2G-Bench/rel-f1/driver-position/1.csv
M	RDB2G-Bench/rel-f1/driver-position/10.csv
M	RDB2G-Bench/rel-f1/driver-position/11.csv
M	RDB2G-Bench/rel-f1/driver-position/12.csv
M	RDB2G-Bench/rel-f1/driver-position/13.csv
M	RDB2G-Bench/rel-f1/driver-position/14.csv
M	RDB2G-Bench/rel-f1/driver-position/2.csv
M	RDB2G-Bench/rel-f1/driver-position/3.csv
M	RDB2G-Bench/rel-f1/driver-position/4.csv
M	RDB2G-Bench/rel-f1/driver-position/5.csv
M	RDB2G-Bench/rel-f1/driver-position/6.csv
M	RDB2G-Bench/rel-f1/driver-position/7.csv
M	RDB2G-Bench/rel-f1/driver-position/8.csv
M	RDB2G-Bench/rel-f1/driver-position/9.csv
M	RDB2G-Bench/rel-f1/driver-top3/0.csv
M	RDB2G-Bench/rel-f1/driver-top3/1.csv
M	RDB2G-Bench/rel-f1/driver-top3/10.csv
M	RDB2G-Bench/rel-f1/driver-top3/11.csv
M	RDB2G-Bench/rel-f1/driver-top3/12.csv
M	RDB2G-Bench/rel-f1/driver-top3/13.csv
M	RDB2G-Bench/rel-f1/driver-top3/14.csv
M	RDB2G-Bench/rel-f1/driver-top3/2.csv
M	RDB2G-Bench/rel-f1/driver-top3/3.csv
M	RDB2G-Bench/rel-f1/driver-top3/4.csv
M	RDB2G-Bench/rel-f1/driver-top3/5.csv
M	RDB2G-Bench/rel-f1/driver-top3/6.csv
M	RDB2G-Bench/rel-f1/driver-top3/7.csv
M	RDB2G-Bench/rel-f1/driver-top3/8.csv
M	RDB2G-Bench/rel-f1/driver-top3/9.csv
M	RDB2G-Bench/rel-stack/post-post-related/0.csv
M	RDB2G-Bench/rel-stack/post-post-related/1.csv
M	RDB2G-Bench/rel-stack/post-post-related/2.csv
M	RDB2G-Bench/rel-stack/post-post-related/3.csv
M	RDB2G-Bench/rel-stack/post-post-related/4.csv
M	RDB2G-Bench/rel-trial/study-outcome/0.csv
M	RDB2G-Bench/rel-trial/study-outcome/1.csv
M	RDB2G-Bench/rel-trial/study-outcome/2.csv
M	RDB2G-Bench/rel-trial/study-outcome/3.csv
M	RDB2G-Bench/rel-trial/study-outcome/4.csv

[RDB2G-Bench/rel-avito/ad-ctr/0.csv] column change:
  removed: []
  added:   ['dataset', 'seed', 'task']
  diff --git a/RDB2G-Bench/rel-avito/ad-ctr/0.csv b/RDB2G-Bench/rel-avito/ad-ctr/0.csv
  index 290c8db..057d868 100644
  --- a/RDB2G-Bench/rel-avito/ad-ctr/0.csv
  +++ b/RDB2G-Bench/rel-avito/ad-ctr/0.csv
  @@ -1,1305 +1,1305 @@
  -idx,graph,train_metric,valid_metric,test_metric,params,train_time,valid_time,test_time
  -0,"graph_00000000000010",0.0358230709740829,0.0397789729593081,0.0429857401851897,628993,0.2109187006950378,0.0257420539855957,0.0317099094390869
  -1,"graph_00000000000011",0.0360017216695984,0.0397056303364983,0.0431190582032217,1027841,0.2546372175216674,0.0296154022216796,0.0293014049530029
  -2,"graph_00000000001000",0.0399154897151782,0.0364562277949666,0.0413297577023558,728065,0.672801387310028,0.1600899696350097,0.1739571094512939
  -3,"graph_00000000001010",0.0398999948962308,0.0373440635317519,0.0415321027495669,1084417,0.7334250569343567,0.1655237674713134,0.1800527572631836
  -4,"graph_00000000001011",0.0389930694692652,0.0356117889018401,0.0402707223766829,1483265,0.8171096086502075,0.175551176071167,0.1892507076263427
  -5,"graph_00000000001100",0.04184082581799,0.0356587457940063,0.0405724762178391,1188737,1.9323929309844967,0.5662102699279785,0.6054060459136963
  -6,"graph_00000000001110",0.0412857860286248,0.0347378060098199,0.039456149383401,1545089,1.9888152718544003,0.584179162979126,0.8044428825378418
  -7,"graph_00000000001111",0.0444021945675743,0.0343598817311318,0.0395181524502929,1943937,2.0958811163902284,0.555760383605957,0.6310586929321289
  -8,"graph_00000100000000",0.0359655414689653,0.0396376306586291,0.0428669033697123,628993,0.2001693248748779,0.0245530605316162,0.0244269371032714
  -9,"graph_00000100000010",0.0359621452283234,0.0397403121275592,0.043130163897135,985345,0.2933101058006286,0.0353472232818603,0.034867525100708
  -10,"graph_00000100000011",0.0358018063115744,0.0398586529849718,0.0430813489443292,1384193,0.3513241291046142,0.0398974418640136,0.0399310588836669
  -11,"graph_00000100001000",0.0407076158967582,0.034018828952865,0.0394610211684763,1084417,0.8209371447563172,0.17568039894104,0.1885492801666259
  -12,"graph_00000100001010",0.0398083705181972,0.0353011475155916,0.0397661788420512,1440769,0.8747139215469361,0.1815390586853027,0.1949987411499023
  -13,"graph_00000100001011",0.0394402099313123,0.0360574733861861,0.0407489027568795,1839617,0.9488283276557924,0.1859700679779052,0.1962487697601318
  -14,"graph_00000100001100",0.0407470450428476,0.0349435382385724,0.0401828377382604,1545089,2.1309791088104246,0.579949140548706,0.7991206645965576
  -15,"graph_00000100001110",0.0404521648542943,0.0358029827615922,0.040418604302091,1901441,2.0972358703613283,0.553074836730957,0.7254295349121094
  -16,"graph_00000100001111",0.0430400811194629,0.0356008365379824,0.0401971972241523,2300289,2.1440659880638124,0.5544471740722656,0.77945876121521
  -17,"graph_00000110000000",0.0359282865498868,0.0397251332385201,0.0430985803437374,1027841,0.2605360746383667,0.0317206382751464,0.0312864780426025
  -18,"graph_00000110000010",0.0357929380076753,0.039842198605815,0.0430440531978384,1384193,0.3506991386413574,0.0402202606201171,0.0401813983917236
  -19,"graph_00000110000011",0.0358766529318376,0.039804591682253,0.0429846493830221,1515777,0.3588528990745544,0.0426881313323974,0.0421111583709716
  -20,"graph_00000110001000",0.0396177312139328,0.0367136640522165,0.041502878760556,1483265,0.8697554349899292,0.1778171062469482,0.1908345222473144
  -21,"graph_00000110001010",0.0386776654816024,0.0355982621406953,0.0403114659478805,1839617,0.904719352722168,0.1808609962463379,0.1957240104675293
  -22,"graph_00000110001011",0.0390105670694401,0.0363537287201119,0.0408818630394946,1971201,0.92952641248703,0.181044340133667,0.1964631080627441
  -23,"graph_00000110001100",0.0406414719851186,0.036916164175959,0.0413112429262709,1943937,2.086039650440216,0.5590150356292725,0.6982793807983398
  -24,"graph_00000110001110",0.0401846457995393,0.0352523124583506,0.0399314331561685,2300289,2.1562304973602293,0.5657558441162109,0.7065279483795166
  -25,"graph_00000110001111",0.0416849015459499,0.0332793210401258,0.0387624374392236,2431873,2.1974256157875063,0.5754377841949463,0.8032195568084717
  -26,"graph_00001000000000",0.0358163746837848,0.0398250317129228,0.0429994779727068,638465,0.1691699385643005,0.0202832221984863,0.0233914852142334
  -27,"graph_00001000000010",0.0357997552438221,0.0398191500162727,0.0430499376522984,994817,0.2769929051399231,0.031773567199707,0.0311048030853271
  -28,"graph_00001000000011",0.0358404522065131,0.0398015580786672,0.0430034844263692,1393665,0.3476900100708008,0.0374612808227539,0.0358424186706543
  -29,"graph_00001000001000",0.0394350281034756,0.0357742463450783,0.0403440681768762,1093889,0.7259513974189759,0.1671698093414306,0.1792197227478027
  -30,"graph_00001000001010",0.0398091318092448,0.0366405826326383,0.0410387924474518,1450241,0.8123381018638611,0.1717290878295898,0.1855497360229492
  -31,"graph_00001000001011",0.0411800828508263,0.0362615981167807,0.0407374017076533,1849089,0.8643398523330689,0.1758444309234619,0.1878473758697509
  -32,"graph_00001000001100",0.0389428457263373,0.0363590998012669,0.0408419070950323,1554561,2.062592017650604,0.5935864448547363,0.8090691566467285
  -33,"graph_00001000001110",0.0403253099788983,0.0362335568089244,0.0404932201179079,1910913,2.102819848060608,0.6315169334411621,0.8081259727478027
  -34,"graph_00001000001111",0.0392717442964433,0.0362044647803768,0.0406637030596792,2309761,2.152369701862335,0.5653858184814453,0.7641456127166748
  -35,"graph_00001000100000",0.0358429448143421,0.0397781229203054,0.0430131428939894,1099137,0.2887743711471557,0.0302660465240478,0.0306508541107177
  -36,"graph_00001000100010",0.0359213865319994,0.0395954512014249,0.0428954230546898,1455489,0.3578850150108337,0.0439348220825195,0.0454053878784179
  -37,"graph_00001000100011",0.035883560726879,0.0397528704451949,0.042999694992554,1854337,0.4255598783493042,0.0478746891021728,0.0486218929290771
  -38,"graph_00001000101000",0.0385651513436676,0.0366757268745333,0.040755545236383,1554561,0.8286254167556762,0.1864285469055175,0.194504976272583
  -39,"graph_00001000101010",0.0399843497718757,0.0343526076573547,0.0392418347547446,1910913,0.8741938948631287,0.1835119724273681,0.2017323970794677
  -40,"graph_00001000101011",0.0401972061705549,0.0366789934453177,0.0412170250494936,2309761,0.972204887866974,0.1923580169677734,0.2078902721405029
  -41,"graph_00001000101100",0.0408456421652178,0.035403580723429,0.0398032112700326,1686145,2.0314470529556274,0.6019399166107178,0.8091442584991455
  -42,"graph_00001000101110",0.0399169155366022,0.0350791349276172,0.040123359595381,2042497,2.1261075496673585,0.5703380107879639,0.7914350032806396
  -43,"graph_00001000101111",0.0406577808356352,0.0366528642787819,0.0410333154328903,2441345,2.182818365097046,0.5752542018890381,0.8034698963165283
  ... 2565 further lines not shown (cap is 50)

[RDB2G-Bench/rel-avito/ad-ctr/1.csv] column change:
  removed: []
  added:   ['dataset', 'seed', 'task']
  diff --git a/RDB2G-Bench/rel-avito/ad-ctr/1.csv b/RDB2G-Bench/rel-avito/ad-ctr/1.csv
  index e2a7a34..f09ceaf 100644
  --- a/RDB2G-Bench/rel-avito/ad-ctr/1.csv
  +++ b/RDB2G-Bench/rel-avito/ad-ctr/1.csv
  @@ -1,1305 +1,1305 @@
  -idx,graph,train_metric,valid_metric,test_metric,params,train_time,valid_time,test_time
  -0,"graph_00000000000010",0.0358642939925927,0.0398085885845018,0.0431302630096758,628993,0.2510077595710754,0.0270209312438964,0.0565447807312011
  -1,"graph_00000000000011",0.0359564009589205,0.0397270884020565,0.0429311146711539,1027841,0.2700991511344909,0.0308642387390136,0.0334606170654296
  -2,"graph_00000000001000",0.0406407574701659,0.0355735555008957,0.0404701318259147,728065,0.7225211143493653,0.1759538650512695,0.3884830474853515
  -3,"graph_00000000001010",0.0387165115187112,0.03596705742293,0.0407673724680321,1084417,0.7940248608589172,0.1875281333923339,0.1921730041503906
  -4,"graph_00000000001011",0.0391254044678661,0.0352666104467222,0.0399063009053665,1483265,0.7733827710151673,0.1830182075500488,0.2342674732208252
  -5,"graph_00000000001100",0.0398566990220963,0.0371540290321001,0.0417650942331152,1188737,1.927666175365448,0.5396385192871094,0.6595430374145508
  -6,"graph_00000000001110",0.03897262456096,0.0371116339050754,0.0414391393356592,1545089,1.8963482141494752,0.5327818393707275,0.6693148612976074
  -7,"graph_00000000001111",0.0403160086736144,0.0338695653241028,0.0387515290327802,1943937,1.9251715660095208,0.5467696189880371,0.6821064949035645
  -8,"graph_00000100000000",0.0359700980262607,0.039691883248915,0.0430444216291305,628993,0.1961894273757934,0.0233476161956787,0.023573875427246
  -9,"graph_00000100000010",0.035932544933038,0.0397811815421814,0.043148365568363,985345,0.2886855840682983,0.0327475070953369,0.0334501266479492
  -10,"graph_00000100000011",0.035817309505994,0.0397587287893896,0.0429870632554709,1384193,0.3562990307807922,0.0415313243865966,0.0448663234710693
  -11,"graph_00000100001000",0.0395630476517635,0.036164190516959,0.0404658877996332,1084417,0.7899740099906921,0.1826448440551757,0.1961781978607177
  -12,"graph_00000100001010",0.0391217921332961,0.0351851512998567,0.0400447914202447,1440769,0.7803810000419616,0.1859321594238281,0.1988823413848877
  -13,"graph_00000100001011",0.0389174464415952,0.0363843835390089,0.0408233858697772,1839617,0.8693338871002197,0.1897273063659668,0.1997754573822021
  -14,"graph_00000100001100",0.0401894743010727,0.0354479961672303,0.0401017887120663,1545089,1.874625444412232,0.5218119621276855,0.6005241870880127
  -15,"graph_00000100001110",0.0402058708699263,0.0360817650728678,0.0405844485979358,1901441,2.154780375957489,0.5672736167907715,0.7010622024536133
  -16,"graph_00000100001111",0.0412999759448278,0.0330776110348918,0.0385899765621474,2300289,2.072739815711975,0.5463533401489258,0.6734936237335205
  -17,"graph_00000110000000",0.0358766805045803,0.0397925723577122,0.0430769778372555,1027841,0.2688819408416748,0.0292224884033203,0.0293469429016113
  -18,"graph_00000110000010",0.0361110959767755,0.0401558781983455,0.0435006257197087,1384193,0.3491629362106323,0.0373015403747558,0.0369138717651367
  -19,"graph_00000110000011",0.0360755600168294,0.0399413392250596,0.0430394609312781,1515777,0.3547275424003601,0.0449349880218505,0.04473876953125
  -20,"graph_00000110001000",0.0397044637238064,0.0358622281078342,0.0402072369597891,1483265,0.8022922515869141,0.184955358505249,0.1929166316986084
  -21,"graph_00000110001010",0.0420019980314801,0.0336239734382456,0.0383686170869339,1839617,0.9131431102752684,0.2042379379272461,0.2099945545196533
  -22,"graph_00000110001011",0.0398422054576832,0.0344272058636776,0.0393067724828065,1971201,0.9149144172668456,0.1920416355133056,0.1972541809082031
  -23,"graph_00000110001100",0.0407630284661762,0.0353352747150794,0.0397334495334411,1943937,2.045692276954651,0.636582612991333,0.6225817203521729
  -24,"graph_00000110001110",0.0384157967662633,0.0370038333514008,0.0413406315313353,2300289,2.073549246788025,0.5742809772491455,0.7478580474853516
  -25,"graph_00000110001111",0.0388396482573802,0.0367418048335642,0.0410804780462925,2431873,2.2908345341682432,0.5850753784179688,0.7749803066253662
  -26,"graph_00001000000000",0.0358414256204401,0.0396914223491249,0.0430223250631399,638465,0.1716923117637634,0.0259029865264892,0.0222537517547607
  -27,"graph_00001000000010",0.0358794464361967,0.0398261707312313,0.0429972889178485,994817,0.3178525447845459,0.0351042747497558,0.0350635051727294
  -28,"graph_00001000000011",0.0358387039823874,0.0398145443549899,0.0429893592126758,1393665,0.350442373752594,0.0399653911590576,0.0390253067016601
  -29,"graph_00001000001000",0.0392899573419751,0.0359194470825809,0.0408052860512268,1093889,0.7693762302398681,0.1747899055480957,0.1761331558227539
  -30,"graph_00001000001010",0.039701909749777,0.0365195149814487,0.0413238468322446,1450241,0.7950550079345703,0.168574571609497,0.1847908496856689
  -31,"graph_00001000001011",0.0385930029427072,0.0368723360583653,0.0413671365506307,1849089,0.9264548540115356,0.1979568004608154,0.2078800201416015
  -32,"graph_00001000001100",0.0389713956428928,0.0369055073606989,0.0414923856005968,1554561,1.937798058986664,0.5571644306182861,0.7742514610290527
  -33,"graph_00001000001110",0.0411857597714787,0.0352756810706681,0.0398842326368566,1910913,2.2050315022468565,0.6163835525512695,0.7235240936279297
  -34,"graph_00001000001111",0.0408786220641772,0.0351844984270073,0.0399157037683942,2309761,2.0768734931945803,0.5355958938598633,0.6698377132415771
  -35,"graph_00001000100000",0.0359377889310538,0.0396739688802826,0.0429333590169049,1099137,0.3033328890800476,0.0332279205322265,0.0480647087097168
  -36,"graph_00001000100010",0.0357925223417851,0.0398436315361863,0.0430437398256203,1455489,0.3621973872184753,0.0482485294342041,0.0467839241027832
  -37,"graph_00001000100011",0.0358857656783674,0.0398148996846973,0.0429798733891574,1854337,0.4444704055786133,0.0507957935333251,0.0621905326843261
  -38,"graph_00001000101000",0.0385687925957965,0.0366347817852428,0.0411753973548891,1554561,0.8075004339218139,0.1784725189208984,0.2052192687988281
  -39,"graph_00001000101010",0.0396136538777079,0.0353379178127012,0.0401466591891097,1910913,0.9065839409828186,0.1990799903869629,0.2086055278778076
  -40,"graph_00001000101011",0.0423877508417892,0.0335787817917318,0.0389323114094172,2309761,0.9333519458770752,0.1892774105072021,0.202970266342163
  -41,"graph_00001000101100",0.0397195679593736,0.0367558818100792,0.0410962331076856,1686145,2.073032319545746,0.5805854797363281,0.7630593776702881
  -42,"graph_00001000101110",0.0397681923386671,0.034557197269085,0.039345459920802,2042497,1.9968663334846497,0.5504813194274902,0.6849479675292969
  -43,"graph_00001000101111",0.0395849105774085,0.0366965018414891,0.0413968447378045,2441345,2.171042275428772,0.624861478805542,0.8157000541687012
  ... 2565 further lines not shown (cap is 50)

[RDB2G-Bench/rel-avito/ad-ctr/2.csv] column change:
  removed: []
  added:   ['dataset', 'seed', 'task']
  diff --git a/RDB2G-Bench/rel-avito/ad-ctr/2.csv b/RDB2G-Bench/rel-avito/ad-ctr/2.csv
  index 06509f6..cc6235a 100644
  --- a/RDB2G-Bench/rel-avito/ad-ctr/2.csv
  +++ b/RDB2G-Bench/rel-avito/ad-ctr/2.csv
  @@ -1,1305 +1,1305 @@
  -idx,graph,train_metric,valid_metric,test_metric,params,train_time,valid_time,test_time
  -0,"graph_00000000000010",0.0358641539366094,0.0397600335429403,0.0430082714027945,628993,0.2119117736816406,0.0235049724578857,0.0355098247528076
  -1,"graph_00000000000011",0.0357975740875772,0.0398008605245255,0.0430493946601907,1027841,0.2511266112327576,0.0305044651031494,0.0310993194580078
  -2,"graph_00000000001000",0.0389908682180727,0.0363093561899507,0.0405738106704071,728065,0.653761112689972,0.170565128326416,0.1725213527679443
  -3,"graph_00000000001010",0.0398750853431811,0.03547944705569,0.0398388459786746,1084417,0.7280956149101258,0.1675212383270263,0.1896867752075195
  -4,"graph_00000000001011",0.0400766361356471,0.0364332518373978,0.0408269968647871,1483265,0.7940127372741699,0.1691987514495849,0.1938135623931884
  -5,"graph_00000000001100",0.0388198723841351,0.0373957068730807,0.0415710996543109,1188737,1.9057491898536685,0.5345113277435303,0.6005899906158447
  -6,"graph_00000000001110",0.039858169135455,0.0344342482705693,0.0393116350090549,1545089,1.9606939196586608,0.5365588665008545,0.7151525020599365
  -7,"graph_00000000001111",0.0395471492095696,0.0350410876390847,0.039761284659397,1943937,2.0879088759422304,0.5848393440246582,0.7878291606903076
  -8,"graph_00000100000000",0.0359071343399266,0.0396486155790855,0.0430008331946674,628993,0.1979163885116577,0.0261938571929931,0.0257885456085205
  -9,"graph_00000100000010",0.035853462171459,0.0397180201912985,0.0429715842019537,985345,0.2928010582923889,0.0361158847808837,0.0389621257781982
  -10,"graph_00000100000011",0.0358436036282369,0.0398670874533273,0.0431444707615422,1384193,0.3552541494369506,0.045630931854248,0.0412743091583251
  -11,"graph_00000100001000",0.0392016012409875,0.0341948889230923,0.0392147451702222,1084417,0.8020252108573913,0.1816010475158691,0.1798369884490966
  -12,"graph_00000100001010",0.0388335832453471,0.0364637475170877,0.0407754817317501,1440769,0.8727665424346924,0.187314748764038,0.2158286571502685
  -13,"graph_00000100001011",0.0399089795377372,0.0352988000780091,0.0400794659353466,1839617,0.9425511240959168,0.1997027397155761,0.199153184890747
  -14,"graph_00000100001100",0.0412832722078744,0.0351034682150606,0.039715848084715,1545089,1.9853849291801453,0.5850253105163574,0.6753048896789551
  -15,"graph_00000100001110",0.0424360592701759,0.0328242714522158,0.0381284670325934,1901441,2.0720898270607,0.5653085708618164,0.7255499362945557
  -16,"graph_00000100001111",0.0397413988431322,0.0364209570286567,0.0411044968563807,2300289,2.130271506309509,0.5291929244995117,0.7445330619812012
  -17,"graph_00000110000000",0.0358660238162986,0.0397061961507376,0.0429606152362188,1027841,0.2694485545158386,0.0315215587615966,0.031123399734497
  -18,"graph_00000110000010",0.0358703235868687,0.0398168383099372,0.042992982237164,1384193,0.3503269910812377,0.0392565727233886,0.0417437553405761
  -19,"graph_00000110000011",0.0358588219859883,0.0397117430541995,0.0430015964314196,1515777,0.3612834215164184,0.0426537990570068,0.0430083274841308
  -20,"graph_00000110001000",0.0393012111820266,0.036977802669664,0.0415721724659295,1483265,0.8443501591682434,0.1855621337890625,0.202641487121582
  -21,"graph_00000110001010",0.0391842568124632,0.0361867309444902,0.0410524268448889,1839617,0.9213266968727112,0.2135629653930664,0.2298264503479004
  -22,"graph_00000110001011",0.0393302367946987,0.0355244271379406,0.0404296043048586,1971201,0.9419390082359314,0.1901640892028808,0.213573932647705
  -23,"graph_00000110001100",0.0412917978007759,0.0346747508192915,0.0392916340405446,1943937,2.0417332530021666,0.6077406406402588,0.7847549915313721
  -24,"graph_00000110001110",0.0391301704312478,0.0344207103593562,0.0391978324909642,2300289,2.1137409806251526,0.5365970134735107,0.6750361919403076
  -25,"graph_00000110001111",0.0406659109495406,0.0353902987465056,0.0405449637546283,2431873,2.130237364768982,0.6101815700531006,0.7171683311462402
  -26,"graph_00001000000000",0.0361845633749109,0.0399408951350577,0.0434019948458244,638465,0.1616466283798217,0.0203239917755126,0.0202558040618896
  -27,"graph_00001000000010",0.0357971289698024,0.0398725350376409,0.0430760268178718,994817,0.2805382490158081,0.031771183013916,0.0323147773742675
  -28,"graph_00001000000011",0.0361232788254647,0.0395884952667489,0.0427248033304123,1393665,0.3488418102264404,0.0358567237854003,0.0355153083801269
  -29,"graph_00001000001000",0.0458194179590601,0.0353833711676499,0.040163378442575,1093889,0.7243523716926574,0.1858754158020019,0.1884577274322509
  -30,"graph_00001000001010",0.0413062756746892,0.033824976241257,0.0387488121990905,1450241,0.8470518946647644,0.1822922229766845,0.2282154560089111
  -31,"graph_00001000001011",0.0408351364050612,0.0342167155924858,0.0390872617806968,1849089,0.868949544429779,0.2053806781768798,0.2205491065979004
  -32,"graph_00001000001100",0.0408758380143914,0.0351250056897567,0.0399496142676881,1554561,1.8859912276268005,0.5269508361816406,0.6944916248321533
  -33,"graph_00001000001110",0.0410582283183436,0.0368546557406641,0.0416851777008531,1910913,2.055838167667389,0.5810542106628418,0.7681655883789062
  -34,"graph_00001000001111",0.0420736912962903,0.0353345930635193,0.0396836978239407,2309761,2.0847447872161866,0.5444400310516357,0.7500782012939453
  -35,"graph_00001000100000",0.0358278583709145,0.0397913108470771,0.0430317765262343,1099137,0.2841118097305298,0.0306081771850585,0.0307879447937011
  -36,"graph_00001000100010",0.0364167933100577,0.0403822064919599,0.0437894622224281,1455489,0.3503101944923401,0.0401673316955566,0.0392029285430908
  -37,"graph_00001000100011",0.0357993087712637,0.039820282925488,0.0430552494761797,1854337,0.4225696325302124,0.0463571548461914,0.0501151084899902
  -38,"graph_00001000101000",0.0402260194824915,0.0363736012835829,0.0405908582747759,1554561,0.7835278630256652,0.1862566471099853,0.1903941631317138
  -39,"graph_00001000101010",0.0384482054337313,0.0365033714049102,0.0408843169029011,1910913,0.8914271473884583,0.186934232711792,0.203585147857666
  -40,"graph_00001000101011",0.0423004324845836,0.0338222662069386,0.038929401676252,2309761,0.9531837821006774,0.2130703926086425,0.2292652130126953
  -41,"graph_00001000101100",0.0396522799880074,0.0361338310080713,0.0408174873204981,1686145,1.9408634662628168,0.6615447998046875,0.7782649993896484
  -42,"graph_00001000101110",0.0391885531455507,0.0360117982788705,0.0407608241633673,2042497,2.031672191619873,0.6014504432678223,0.8025145530700684
  -43,"graph_00001000101111",0.0391404568218738,0.0362002506180891,0.0408179646354869,2441345,2.1133143067359925,0.5434243679046631,0.6809909343719482
  ... 2565 further lines not shown (cap is 50)

[RDB2G-Bench/rel-avito/ad-ctr/3.csv] column change:
  removed: []
  added:   ['dataset', 'seed', 'task']
  diff --git a/RDB2G-Bench/rel-avito/ad-ctr/3.csv b/RDB2G-Bench/rel-avito/ad-ctr/3.csv
  index c6214eb..da54047 100644
  --- a/RDB2G-Bench/rel-avito/ad-ctr/3.csv
  +++ b/RDB2G-Bench/rel-avito/ad-ctr/3.csv
  @@ -1,1305 +1,1305 @@
  -idx,graph,train_metric,valid_metric,test_metric,params,train_time,valid_time,test_time
  -0,"graph_00000000000010",0.0359724011579203,0.0396301630388079,0.0428208914427546,628993,0.3155808329582214,0.0247697830200195,0.0324687957763671
  -1,"graph_00000000000011",0.0358136130230679,0.0398393861338377,0.0430816217813986,1027841,0.3855955481529236,0.0386526584625244,0.0375342369079589
  -2,"graph_00000000001000",0.0384484596891451,0.0363682866325077,0.0408980897810253,728065,0.6847831010818481,0.1593730449676513,0.1775929927825927
  -3,"graph_00000000001010",0.0392408056595306,0.0356775700016125,0.0400175790926252,1084417,0.8522966980934144,0.1894958019256591,0.2046153545379638
  -4,"graph_00000000001011",0.0407535993347283,0.0366355615100098,0.0409702542888443,1483265,0.8916732192039489,0.1717274188995361,0.188342809677124
  -5,"graph_00000000001100",0.0386030812016278,0.0366015640703578,0.0410296169116619,1188737,1.9931657195091248,0.5704813003540039,0.7142086029052734
  -6,"graph_00000000001110",0.0386693748337487,0.0369261417045101,0.0411923951607214,1545089,2.048282814025879,0.5453178882598877,0.6895906925201416
  -7,"graph_00000000001111",0.0395939377892687,0.0371979122730296,0.0414504055222597,1943937,2.1123586893081665,0.5607130527496338,0.8056199550628662
  -8,"graph_00000100000000",0.0358126565480356,0.0397907746326038,0.0430187154259594,628993,0.2883871912956238,0.0254158973693847,0.024949312210083
  -9,"graph_00000100000010",0.0358279759254338,0.0398848843121242,0.043037593160647,985345,0.4143169283866882,0.0360248088836669,0.0372636318206787
  -10,"graph_00000100000011",0.0359234627457451,0.0397723414970197,0.0431263845624137,1384193,0.5088417053222656,0.0602538585662841,0.0391149520874023
  -11,"graph_00000100001000",0.0392945333565596,0.037156169395564,0.0414347052140442,1084417,0.8397338628768921,0.1742129325866699,0.1862661838531494
  -12,"graph_00000100001010",0.0425773182000104,0.0338284227404118,0.0391329009797399,1440769,0.9095532059669494,0.1796374320983886,0.1956210136413574
  -13,"graph_00000100001011",0.0392247682906821,0.0363997067453287,0.0408527145124148,1839617,0.9832757353782654,0.1890895366668701,0.1929073333740234
  -14,"graph_00000100001100",0.0403227568052419,0.0340948511365255,0.0389434578109834,1545089,2.063329744338989,0.5462813377380371,0.6041812896728516
  -15,"graph_00000100001110",0.0418612443839357,0.0346445977310991,0.0392524194010823,1901441,2.1406858086586,0.5623679161071777,0.6204977035522461
  -16,"graph_00000100001111",0.040017960573601,0.0357318116009562,0.0401398406377306,2300289,2.2327612042427063,0.5656571388244629,0.7259690761566162
  -17,"graph_00000110000000",0.035952582123596,0.0397188152125797,0.0430861246891604,1027841,0.3757983803749084,0.0345644950866699,0.0380067825317382
  -18,"graph_00000110000010",0.0358397871248047,0.0397153776647929,0.0429960795867233,1384193,0.4837141871452332,0.039637804031372,0.0406010150909423
  -19,"graph_00000110000011",0.0358160181946344,0.0397732195053264,0.0430508349767644,1515777,0.4072705507278442,0.0510635375976562,0.0423228740692138
  -20,"graph_00000110001000",0.0410915643428918,0.0367228271219855,0.0410461004372591,1483265,0.9134891867637634,0.1828551292419433,0.1937847137451172
  -21,"graph_00000110001010",0.0434920532046907,0.0354529444783444,0.0403659581398623,1839617,0.9892950654029846,0.2094433307647705,0.2010064125061035
  -22,"graph_00000110001011",0.0415745921816012,0.0354200350929983,0.0413839206498913,1971201,0.9777116298675536,0.1842768192291259,0.2005729675292968
  -23,"graph_00000110001100",0.0413395727431964,0.0333735444866593,0.0388718040719867,1943937,2.12153480052948,0.5636341571807861,0.6343038082122803
  -24,"graph_00000110001110",0.0398737597182662,0.0352232395537217,0.0398758416891627,2300289,2.2063305020332336,0.5541892051696777,0.7244548797607422
  -25,"graph_00000110001111",0.040373446332771,0.0345098252037805,0.0395574150548473,2431873,2.0761552333831785,0.5340888500213623,0.5958144664764404
  -26,"graph_00001000000000",0.0358656408000224,0.0397639878599827,0.0430203073806213,638465,0.2785627126693725,0.02071213722229,0.02144455909729
  -27,"graph_00001000000010",0.0358313983763675,0.0398774919053082,0.0431162206470916,994817,0.3660811901092529,0.02933931350708,0.0283045768737792
  -28,"graph_00001000000011",0.035794438889466,0.0398397977517279,0.0430338530223178,1393665,0.4478031039237976,0.0402407646179199,0.0377364158630371
  -29,"graph_00001000001000",0.0433379178102571,0.0343857974339533,0.0389254101733717,1093889,0.7798908472061157,0.1632916927337646,0.1689233779907226
  -30,"graph_00001000001010",0.0392766476186522,0.0365195003935074,0.0409515233512533,1450241,0.9503883004188538,0.1931643486022949,0.2186381816864013
  -31,"graph_00001000001011",0.0377675222246763,0.036250833991391,0.0409415245166947,1849089,0.9138813257217407,0.1721816062927246,0.1889183521270752
  -32,"graph_00001000001100",0.0391460110722836,0.0364185807547496,0.0409131357421628,1554561,2.026056003570557,0.5948617458343506,0.7294135093688965
  -33,"graph_00001000001110",0.0400195947207492,0.0339779656111283,0.0392142345744689,1910913,2.0546591520309447,0.5478658676147461,0.5975313186645508
  -34,"graph_00001000001111",0.0399665943435902,0.036574861728509,0.0411241682218966,2309761,2.181267201900482,0.6204822063446045,0.80299973487854
  -35,"graph_00001000100000",0.0358196833376651,0.0398007671728272,0.0430603026262043,1099137,0.4291094422340393,0.0341827869415283,0.0337650775909423
  -36,"graph_00001000100010",0.0358573263653806,0.0398081642106039,0.0431450750651268,1455489,0.4928846836090088,0.0406661033630371,0.0641484260559082
  -37,"graph_00001000100011",0.0359082267329717,0.0397205298187518,0.043008290111534,1854337,0.5769959568977356,0.0530881881713867,0.0530855655670166
  -38,"graph_00001000101000",0.0400317572504797,0.0369350539245557,0.0411916864780981,1554561,0.9497179627418518,0.1833527088165283,0.2335579395294189
  -39,"graph_00001000101010",0.0388550342888422,0.0363178645026228,0.040988161481186,1910913,1.0148797869682311,0.206881046295166,0.2163581848144531
  -40,"graph_00001000101011",0.0409719392570893,0.0356344628341324,0.0400714542681479,2309761,1.0086403012275695,0.1901462078094482,0.2061464786529541
  -41,"graph_00001000101100",0.0408262412058208,0.0362949972395547,0.0404525260531769,1686145,2.0391187191009523,0.5429592132568359,0.6410834789276123
  -42,"graph_00001000101110",0.039488839739068,0.0348928624332048,0.0398989328404729,2042497,2.1357601284980774,0.5705611705780029,0.7103879451751709
  -43,"graph_00001000101111",0.0431903694384373,0.033076327643334,0.038744399861314,2441345,2.156105828285217,0.5787301063537598,0.7950565814971924
  ... 2565 further lines not shown (cap is 50)

[RDB2G-Bench/rel-avito/ad-ctr/4.csv] column change:
  removed: []
  added:   ['dataset', 'seed', 'task']
  diff --git a/RDB2G-Bench/rel-avito/ad-ctr/4.csv b/RDB2G-Bench/rel-avito/ad-ctr/4.csv
  index 1219a1f..efcdec0 100644
  --- a/RDB2G-Bench/rel-avito/ad-ctr/4.csv
  +++ b/RDB2G-Bench/rel-avito/ad-ctr/4.csv
  @@ -1,1305 +1,1305 @@
  -idx,graph,train_metric,valid_metric,test_metric,params,train_time,valid_time,test_time
  -0,"graph_00000000000010",0.0358839871811228,0.0397472851173498,0.0429811310648835,628993,0.2894472241401672,0.0247859954833984,0.0315988063812255
  -1,"graph_00000000000011",0.0359141903838281,0.0397624748176262,0.043071569407377,1027841,0.3694302439689636,0.029463768005371,0.0349230766296386
  -2,"graph_00000000001000",0.0398738098867171,0.0362572803306202,0.0409833475825041,728065,0.7045740008354187,0.171201467514038,0.1816630363464355
  -3,"graph_00000000001010",0.0407546871181503,0.0360042744593561,0.0404288652972173,1084417,0.7925603866577149,0.1758599281311035,0.1873660087585449
  -4,"graph_00000000001011",0.0411370300846613,0.0340140494041516,0.0391808345112659,1483265,0.880108118057251,0.1973664760589599,0.1916773319244384
  -5,"graph_00000000001100",0.0387374133002129,0.0364091656938456,0.0408216116831147,1188737,1.952146637439728,0.6626856327056885,0.7578830718994141
  -6,"graph_00000000001110",0.0413896305570079,0.0359488210506994,0.040242941856724,1545089,1.99318197965622,0.5891857147216797,0.6220283508300781
  -7,"graph_00000000001111",0.0397509438335344,0.036184720280099,0.0406067404265077,1943937,2.1421424031257628,0.5622425079345703,0.753079891204834
  -8,"graph_00000100000000",0.0358042399934215,0.0398600246601638,0.0430418302036432,628993,0.2836556553840637,0.0258917808532714,0.0252265930175781
  -9,"graph_00000100000010",0.0359864829796361,0.0397818644783156,0.0431641575437738,985345,0.4202914118766784,0.0384767055511474,0.0491659641265869
  -10,"graph_00000100000011",0.0359759101570242,0.0398918661163382,0.043035357628026,1384193,0.4559233427047729,0.0409908294677734,0.0416908264160156
  -11,"graph_00000100001000",0.039484504902143,0.0355918638121575,0.0405524784732654,1084417,0.8503751993179322,0.1785433292388916,0.184993028640747
  -12,"graph_00000100001010",0.0412562528311765,0.0336150067356379,0.0383886260607807,1440769,0.97620267868042,0.1820783615112304,0.2390804290771484
  -13,"graph_00000100001011",0.0402227505779571,0.0343556558924422,0.0396571741582769,1839617,0.9916628837585448,0.198331594467163,0.246361494064331
  -14,"graph_00000100001100",0.0414072171101137,0.0352972721621279,0.0394848723957765,1545089,2.005981743335724,0.577678918838501,0.7843694686889648
  -15,"graph_00000100001110",0.0400987159516424,0.0338795167438135,0.0389093336329045,1901441,2.145662844181061,0.5723886489868164,0.8035953044891357
  -16,"graph_00000100001111",0.0406978689475656,0.0347438061373125,0.0394954630878856,2300289,2.250532460212708,0.604999303817749,0.8330638408660889
  -17,"graph_00000110000000",0.0358209977647137,0.0397776517091133,0.042963962689263,1027841,0.3714617252349853,0.0369892120361328,0.0319859981536865
  -18,"graph_00000110000010",0.0359832985978266,0.0396791016368616,0.0429684432497368,1384193,0.4774235725402832,0.0398213863372802,0.064326524734497
  -19,"graph_00000110000011",0.0358399536841662,0.0397828733998238,0.0429982182786027,1515777,0.4746464610099792,0.0437862873077392,0.0433378219604492
  -20,"graph_00000110001000",0.0403266493827434,0.0341545786679399,0.0393284520910885,1483265,0.9214072227478028,0.1839072704315185,0.2234749794006347
  -21,"graph_00000110001010",0.0384815833770266,0.0357739915633966,0.0403075416117,1839617,1.000302290916443,0.1935155391693115,0.2007579803466797
  -22,"graph_00000110001011",0.0387363668776071,0.0364820303849908,0.0411810106696992,1971201,1.0158749103546143,0.2012655735015869,0.2145335674285888
  -23,"graph_00000110001100",0.0393218650979796,0.0347068066101411,0.0394756740697558,1943937,2.1624435424804687,0.5806534290313721,0.8028068542480469
  -24,"graph_00000110001110",0.0394117685598058,0.0368015730815444,0.0412974065844009,2300289,2.31596360206604,0.6509568691253662,0.8815269470214844
  -25,"graph_00000110001111",0.0413084232756807,0.0349474295116315,0.0401154079085053,2431873,2.2945543050766,0.5723118782043457,0.8063862323760986
  -26,"graph_00001000000000",0.0358018047629334,0.0398529026284317,0.04307465656648,638465,0.2686724066734314,0.0205917358398437,0.0222940444946289
  -27,"graph_00001000000010",0.0358545556289502,0.0397493101561147,0.0430283716124009,994817,0.382408857345581,0.0334746837615966,0.0454449653625488
  -28,"graph_00001000000011",0.0358346532464741,0.0397772874437007,0.0429758542997951,1393665,0.4506436228752136,0.0383071899414062,0.0413088798522949
  -29,"graph_00001000001000",0.0401355357723301,0.0365296552647905,0.0413744723647143,1093889,0.8557542204856873,0.1671390533447265,0.1970269680023193
  -30,"graph_00001000001010",0.0427623175254625,0.0335614688564201,0.0387236578947592,1450241,0.93040212392807,0.1735813617706298,0.198045015335083
  -31,"graph_00001000001011",0.0406510286359162,0.0350306301864017,0.0394938009629455,1849089,1.0009142398834228,0.1862077713012695,0.2128646373748779
  -32,"graph_00001000001100",0.039264374437366,0.0352462154699936,0.0399266734347161,1554561,1.909196400642395,0.5794064998626709,0.6033079624176025
  -33,"graph_00001000001110",0.0427750984067972,0.0336149866563844,0.0385898710953546,1910913,2.175369608402252,0.5706379413604736,0.717357873916626
  -34,"graph_00001000001111",0.0402714487276044,0.0341549718888345,0.0388799553883648,2309761,2.2132863879203795,0.5754163265228271,0.6377420425415039
  -35,"graph_00001000100000",0.035791766997377,0.0398401193832154,0.0430534589079645,1099137,0.3804537653923034,0.032496690750122,0.032088279724121
  -36,"graph_00001000100010",0.0358577637824063,0.0397721917692534,0.0429525156876122,1455489,0.4766044020652771,0.0533118247985839,0.0425715446472168
  -37,"graph_00001000100011",0.0360339134503475,0.0400858748093807,0.0434143993486898,1854337,0.5363313794136048,0.0502219200134277,0.0552730560302734
  -38,"graph_00001000101000",0.0397398550815159,0.0365738486587953,0.0415574782932276,1554561,0.8942964434623718,0.1803679466247558,0.1896865367889404
  -39,"graph_00001000101010",0.0389613422940922,0.0365031832517082,0.040737688956262,1910913,1.008452093601227,0.1851797103881836,0.2100193500518798
  -40,"graph_00001000101011",0.0395983450500104,0.0362967007439822,0.0405245832766339,2309761,1.0356653451919555,0.2030243873596191,0.2070229053497314
  -41,"graph_00001000101100",0.0388257879333457,0.0369936694554021,0.0415179670056483,1686145,2.105787765979767,0.5669629573822021,0.7711391448974609
  -42,"graph_00001000101110",0.0389300222000399,0.0360380758026923,0.040203866247157,2042497,2.1652708053588867,0.5832562446594238,0.6784896850585938
  -43,"graph_00001000101111",0.0403293128899581,0.0361462864010928,0.040741086175807,2441345,2.263690209388733,0.5735769271850586,0.7557117938995361
  ... 2565 further lines not shown (cap is 50)

[RDB2G-Bench/rel-avito/user-ad-visit/0.csv] column change:
  removed: []
  added:   ['dataset', 'seed', 'task']
  diff --git a/RDB2G-Bench/rel-avito/user-ad-visit/0.csv b/RDB2G-Bench/rel-avito/user-ad-visit/0.csv
  index 0ae8261..197faf9 100644
  --- a/RDB2G-Bench/rel-avito/user-ad-visit/0.csv
  +++ b/RDB2G-Bench/rel-avito/user-ad-visit/0.csv
  @@ -1,910 +1,910 @@
  -idx,graph,train_metric,valid_metric,test_metric,params,train_time,valid_time,test_time
  -0,"graph_00000000000011",1.4935471433116209e-06,0.0530476507311336,0.0361520940341476,1027969,21.54434357881546,9.500791549682615,11.377628564834597
  -1,"graph_00000000010011",1.2370563134856106e-06,0.0534338097874261,0.0366500618768321,1488641,24.98124450445175,10.190073251724243,12.272590637207031
  -2,"graph_00000000010111",1.2759290779517988e-05,0.0530028254983559,0.0360726254532952,1944065,28.776516902446748,10.95574402809143,12.989961624145508
  -3,"graph_00000000110011",3.3765160877934503e-06,0.053278431444895,0.0366615575392864,1854465,24.71496679782868,10.077049493789673,12.19608449935913
  -4,"graph_00000000110111",1.0124966830425403e-06,0.0532275524380197,0.0366469778407212,2309889,29.484577023983,11.024522304534912,13.220631837844849
  -5,"graph_00000001010011",3.1039208269743047e-06,0.0530045081737435,0.0361387701255056,1854465,25.565920174121857,10.302199840545654,12.550004720687866
  -6,"graph_00000001010111",1.0285316983848433e-06,0.0536636651816183,0.0366529362704104,2309889,29.616359198093413,10.908261060714722,13.16182541847229
  -7,"graph_00000001110011",2.1788531561552712e-06,0.0532098955188783,0.0364069374367834,2220289,26.25015273094177,10.431273698806764,12.620954275131226
  -8,"graph_00000001110111",1.3572495129020483e-06,0.0534094348043593,0.0364627968092867,2675713,29.70998288393021,10.9652738571167,12.973777055740356
  -9,"graph_00000010000011",3.019622460603342e-05,0.0530568045346869,0.0361264683378213,1384321,23.68784586191177,9.753952503204346,11.72528886795044
  -10,"graph_00000010010011",1.924358026290695e-05,0.0526562227823941,0.0358888570152765,1844993,25.90230761766433,10.314013481140137,12.389404773712158
  -11,"graph_00000010010111",5.911867201929083e-06,0.0530540507391187,0.0365938454907593,2300417,29.11841937303543,11.029606819152832,12.97877287864685
  -12,"graph_00000010110011",2.307584480624104e-06,0.0535018563177479,0.0361392714235676,2210817,27.158539164066315,10.456286191940308,12.705062866210938
  -13,"graph_00000010110111",2.105932014955752e-06,0.0529680629423545,0.0360362495950999,2666241,30.941419434547424,11.161772012710571,13.5117769241333
  -14,"graph_00000011010011",2.196797101895467e-06,0.0533351932603565,0.0364659961331142,2210817,26.973983681201936,10.42575740814209,12.740461111068726
  -15,"graph_00000011010111",9.24304098659876e-07,0.053147666344674,0.0364203594912877,2666241,31.03852108716965,11.29970359802246,13.546590566635132
  -16,"graph_00000011110011",2.5921747659071017e-06,0.0530449065605339,0.0357462871470128,2576641,27.60753849744797,10.419660091400146,12.673747301101685
  -17,"graph_00000011110111",1.3672106587965088e-06,0.0531115113993816,0.0369223113398897,3032065,31.24834668636322,11.29268217086792,13.26703429222107
  -18,"graph_00000110000000",2.256355730309734e-06,0.0172900550064767,0.0108615991540156,1027969,15.336097753047945,8.842626810073853,10.719086170196531
  -19,"graph_00000110000001",1.33434234812733e-06,0.0172815118604848,0.010983723983742,1384321,18.81756329536438,9.182326555252075,11.243342399597168
  -20,"graph_00000110000011",2.6135617279285883e-05,0.054164493724636,0.0370232756583389,1515905,23.6557464838028,9.982726097106934,12.001927375793455
  -21,"graph_00000110010000",5.1300595512981214e-06,0.0171913835874067,0.0109804137689759,1488641,19.30469249486924,9.73580288887024,11.89132833480835
  -22,"graph_00000110010001",1.4374245896135614e-06,0.0172466773366822,0.0109100689595008,1844993,21.95983957052231,9.640418767929075,11.847349882125854
  -23,"graph_00000110010011",4.210336885593188e-06,0.0538394992649182,0.0362928112845998,1976577,27.512841510772702,10.50346827507019,12.675326585769652
  -24,"graph_00000110010100",1.3801566776767663e-05,0.0172715858287507,0.0109592216781341,1944065,22.65378139019013,9.858437776565552,12.063453912734984
  -25,"graph_00000110010101",1.344650572275953e-06,0.0173183216186234,0.0110131407780883,2300417,25.56905001401901,10.139216423034668,12.438628196716309
  -26,"graph_00000110010111",2.1726057475803484e-06,0.0542241547309081,0.0359566205105467,2432001,30.97045044898987,11.120295763015749,13.232447147369385
  -27,"graph_00000110110000",1.2770744361905348e-06,0.0172870133969624,0.0109933346828666,1854465,20.153068125247955,9.46577763557434,11.5900297164917
  -28,"graph_00000110110001",2.7504216251099046e-06,0.017312631674491,0.0108780150612083,2210817,23.471076202392577,10.308349609375,12.71010971069336
  -29,"graph_00000110110011",1.822681451733821e-06,0.0540287070075189,0.0364477065098005,2342401,28.3077268242836,10.625699043273926,12.948781728744509
  -30,"graph_00000110110100",1.2442755411721885e-06,0.0171494020329707,0.0110020356991169,2309889,23.94906131029129,10.101975202560425,12.323931694030762
  -31,"graph_00000110110101",3.16847738224851e-06,0.0172221285966248,0.0108984841946908,2666241,26.97541143894196,10.527117013931274,12.866771697998049
  -32,"graph_00000110110111",8.903598454027935e-07,0.054056131961254,0.0363907524332126,2797825,31.773652100563048,11.10335659980774,13.302078485488892
  -33,"graph_00000111010000",1.5840304441717574e-06,0.0172887869309518,0.0110124599869463,1854465,20.31397700309753,9.417542219161987,11.573726415634155
  -34,"graph_00000111010001",1.5347800399061133e-06,0.0172496337120102,0.0108871355669799,2210817,23.150612330436708,9.759901285171509,12.000347375869753
  -35,"graph_00000111010011",2.4760354404992807e-05,0.0535106923037724,0.0363435640352462,2342401,27.83857802152633,10.298083305358888,12.548364639282228
  -36,"graph_00000111010100",5.415253752743362e-06,0.0172614326022828,0.0109900819237843,2309889,23.88187198638916,10.12313747406006,12.418315172195436
  -37,"graph_00000111010101",1.477512127969318e-06,0.0171781371151805,0.0109425578569425,2666241,26.89972163438797,10.46303915977478,12.798184871673584
  -38,"graph_00000111010111",1.2494713026369995e-05,0.0541830726848867,0.0369804060365095,2797825,32.47840299606323,11.368082284927368,13.558173418045044
  -39,"graph_00000111110000",2.0479005308598e-06,0.0172359596370823,0.0109422353633802,2220289,21.49287934303284,9.70036244392395,11.96652889251709
  -40,"graph_00000111110001",2.393798718958042e-06,0.0171751670309825,0.0109166736562543,2576641,24.03425600528717,9.83313274383545,12.173153162002563
  -41,"graph_00000111110011",2.880575970420803e-06,0.0541214523133497,0.0368925446219454,2708225,28.957965064048768,10.428346633911133,12.730862617492676
  -42,"graph_00000111110100",7.644120885323436e-06,0.0172279319706458,0.0110457972898784,2675713,24.617824828624727,10.062443017959597,12.324077844619753
  -43,"graph_00000111110101",1.3973370512578048e-06,0.0173109416540195,0.0108821287090195,3032065,27.562038826942445,10.459828853607178,12.921233892440796
  ... 1775 further lines not shown (cap is 50)

[RDB2G-Bench/rel-avito/user-ad-visit/1.csv] column change:
  removed: []
  added:   ['dataset', 'seed', 'task']
  diff --git a/RDB2G-Bench/rel-avito/user-ad-visit/1.csv b/RDB2G-Bench/rel-avito/user-ad-visit/1.csv
  index dc418b6..5b53743 100644
  --- a/RDB2G-Bench/rel-avito/user-ad-visit/1.csv
  +++ b/RDB2G-Bench/rel-avito/user-ad-visit/1.csv
  @@ -1,910 +1,910 @@
  -idx,graph,train_metric,valid_metric,test_metric,params,train_time,valid_time,test_time
  -0,"graph_00000000000011",5.593166065827007e-06,0.0535122091683174,0.0367932962299662,1027969,21.52262419462204,9.716169595718384,11.591624736785889
  -1,"graph_00000000010011",2.0883698552951345e-06,0.0536719671927579,0.0369623592790103,1488641,24.2620665550232,10.14178705215454,12.184293508529665
  -2,"graph_00000000010111",1.4163499980208209e-05,0.0533371837057017,0.036660008842495,1944065,29.124131238460546,11.133609771728516,13.106578826904297
  -3,"graph_00000000110011",2.076534486828197e-06,0.0531367901736287,0.035795651644017,1854465,26.07351437807084,10.85506272315979,12.910236120224
  -4,"graph_00000000110111",2.728243324668928e-06,0.0533756114243065,0.0367557761509926,2309889,29.08786495923996,11.09009337425232,13.072904586791992
  -5,"graph_00000001010011",1.7577778182054529e-06,0.053153677010335,0.0364733972049642,1854465,26.19496692419052,10.43512225151062,12.612672090530396
  -6,"graph_00000001010111",2.149108549773554e-06,0.0532545053597602,0.0367287821654238,2309889,29.87254476547241,11.237869024276732,13.282648801803589
  -7,"graph_00000001110011",8.164113525709534e-06,0.0532361901869566,0.0364243838505499,2220289,26.572118616104127,10.471788883209229,12.73361611366272
  -8,"graph_00000001110111",1.5569236325216745e-06,0.0528090955285566,0.0365768686934424,2675713,30.718038511276244,11.372772216796877,13.33454728126526
  -9,"graph_00000010000011",1.254781599925684e-05,0.0535404455613475,0.0366000308306573,1384321,22.61316452026368,9.848597049713137,11.764150142669678
  -10,"graph_00000010010011",3.150880514762476e-06,0.0529694065503905,0.0355494977329877,1844993,26.45523722171784,10.44252061843872,12.638880491256714
  -11,"graph_00000010010111",2.1002052237620724e-06,0.0531942579540215,0.0365374907244213,2300417,30.47825207710266,11.179240465164185,13.292296886444092
  -12,"graph_00000010110011",2.569767393818377e-05,0.05336619130559,0.0365180379341394,2210817,27.081913661956783,10.574482917785645,12.77961015701294
  -13,"graph_00000010110111",2.5807003588244928e-05,0.0532007511459005,0.0363767722193477,2666241,31.7351625084877,11.89067530632019,14.10224986076355
  -14,"graph_00000011010011",2.373071205619464e-05,0.0528825714305138,0.0361510307780782,2210817,27.47774419784546,10.58302879333496,12.89291286468506
  -15,"graph_00000011010111",1.4083706689576272e-05,0.0530359103959832,0.0363572393322864,2666241,30.776971101760864,11.333181142807009,13.387794256210327
  -16,"graph_00000011110011",4.55949760928056e-06,0.053376933349889,0.0364374815747733,2576641,28.170386016368862,10.76727819442749,13.051335334777832
  -17,"graph_00000011110111",1.3484337252463234e-05,0.0530738915475481,0.0360736621297522,3032065,31.79158000946045,11.50355577468872,13.586909294128418
  -18,"graph_00000110000000",1.2770744361905348e-06,0.017207235301616,0.0109090416191142,1027969,15.274577176570892,8.941391944885254,10.783485651016235
  -19,"graph_00000110000001",1.6004472455936383e-06,0.0172616319320601,0.0108820214435019,1384321,18.854890882968903,9.224920272827148,11.316829204559326
  -20,"graph_00000110000011",2.7322000167663784e-06,0.0541650369645281,0.0371064867432713,1515905,23.916255271434785,9.973792552947998,11.910902500152588
  -21,"graph_00000110010000",1.230114748402363e-06,0.0172069876202623,0.0108637223276779,1488641,19.10220232009888,9.43622374534607,11.506312847137451
  -22,"graph_00000110010001",5.785204463855059e-06,0.0172183122284354,0.0110119852368701,1844993,22.21181141138077,10.21266746520996,12.540075778961182
  -23,"graph_00000110010011",5.89974028772865e-06,0.0543779883108154,0.036774781282383,1976577,27.45973874330521,10.495791673660278,12.620771408081056
  -24,"graph_00000110010100",2.3365308070212474e-06,0.0172243379027249,0.0109550371583085,1944065,22.95521351099014,10.068172931671144,12.267316102981567
  -25,"graph_00000110010101",5.254903599320336e-06,0.0172660155878249,0.0109887228701132,2300417,25.715676021575927,10.347249746322632,12.63523244857788
  -26,"graph_00000110010111",1.271312937171439e-05,0.0542463634688203,0.0367130443225358,2432001,31.230147981643675,11.514610767364502,13.407362461090088
  -27,"graph_00000110110000",1.1109974915738283e-06,0.0172333441056438,0.0108486321437836,1854465,20.23804357051849,9.550372838974,11.74021053314209
  -28,"graph_00000110110001",1.2442755411721882e-06,0.0172014290486867,0.0109284425392963,2210817,23.202266013622285,9.804786443710327,12.120794534683228
  -29,"graph_00000110110011",1.8127897214901925e-06,0.0541165262148862,0.0361207176850932,2342401,28.694329571723937,10.821886777877808,13.042069911956789
  -30,"graph_00000110110100",1.7753052700406536e-06,0.0173244770690861,0.0109179568684689,2309889,23.76396301984787,10.103037118911743,12.259854316711426
  -31,"graph_00000110110101",1.3973370512578048e-06,0.0171973787611916,0.0109846464596729,2666241,26.50529646873474,10.371696949005129,12.60777235031128
  -32,"graph_00000110110111",2.3458325042328e-06,0.0538104773594371,0.0365379292888001,2797825,32.80239453315735,11.754818677902222,13.78634524345398
  -33,"graph_00000111010000",1.3503773634696328e-05,0.0172243064035146,0.0109598048284303,1854465,20.109198844432832,9.490519046783447,11.573312282562256
  -34,"graph_00000111010001",4.052277448647634e-06,0.0172427269640344,0.0109057163932531,2210817,23.470779359340668,9.885363340377808,12.20320749282837
  -35,"graph_00000111010011",2.9359696597851213e-06,0.0539616915782607,0.0364575360212546,2342401,29.2569531083107,10.65061092376709,12.979401111602783
  -36,"graph_00000111010100",1.3645381562394585e-06,0.0172431457703034,0.0109246397972227,2309889,23.610044836997982,10.004443407058716,12.168815612792969
  -37,"graph_00000111010101",4.861316859100179e-06,0.0172581202034855,0.0109786785562404,2666241,27.34706027507782,10.613484382629396,13.031861543655396
  -38,"graph_00000111010111",1.33434234812733e-05,0.05367636100983,0.0363405918407802,2797825,32.86028479337692,11.41227912902832,13.53188419342041
  -39,"graph_00000111110000",4.282910948538546e-06,0.017257708163289,0.0109722869643008,2220289,21.283380806446075,9.659417629241943,11.860841274261476
  -40,"graph_00000111110001",1.2178975938558462e-06,0.0172265976431581,0.0109589304753907,2576641,24.27433210611344,10.061379671096802,12.367391347885132
  -41,"graph_00000111110011",2.446172827511149e-06,0.053715991840816,0.0357309016847978,2708225,29.253886103630062,10.705186605453491,13.097111463546751
  -42,"graph_00000111110100",1.446587455523449e-06,0.0172431400992214,0.0108738897120696,2675713,24.967965614795684,10.123294830322266,12.471405982971191
  -43,"graph_00000111110101",1.3175784684512864e-06,0.0172659373812605,0.0109488000394803,3032065,28.03108242750168,10.557480096817017,12.97640061378479
  ... 1775 further lines not shown (cap is 50)

[RDB2G-Bench/rel-avito/user-ad-visit/2.csv] column change:
  removed: []
  added:   ['dataset', 'seed', 'task']
  diff --git a/RDB2G-Bench/rel-avito/user-ad-visit/2.csv b/RDB2G-Bench/rel-avito/user-ad-visit/2.csv
  index fed0ae4..b928d3f 100644
  --- a/RDB2G-Bench/rel-avito/user-ad-visit/2.csv
  +++ b/RDB2G-Bench/rel-avito/user-ad-visit/2.csv
  @@ -1,910 +1,910 @@
  -idx,graph,train_metric,valid_metric,test_metric,params,train_time,valid_time,test_time
  -0,"graph_00000000000011",2.536968498800031e-05,0.0531855631221481,0.0362806847160857,1027969,20.97697430849076,9.694034814834597,11.501673698425291
  -1,"graph_00000000010011",9.238453243130102e-06,0.0530948428956868,0.0359749522943503,1488641,24.566786551475523,10.28088355064392,12.27416491508484
  -2,"graph_00000000010111",1.8531896302746955e-06,0.0530900172757145,0.036190810235734,1944065,28.07817291021347,10.921850204467772,13.01899766921997
  -3,"graph_00000000110011",2.4440799456385488e-05,0.0529782213654693,0.03591262237399,1854465,25.803112077713013,10.323075771331789,12.495630264282228
  -4,"graph_00000000110111",1.2587487043707602e-05,0.0528235457933657,0.0364467007906426,2309889,29.196472823619843,10.736444473266602,13.530550718307495
  -5,"graph_00000001010011",2.4464851979398945e-05,0.0529763920918429,0.0361021756402737,1854465,25.896379935741425,10.37932062149048,12.582159280776978
  -6,"graph_00000001010111",1.2186611660150037e-05,0.0533663461406545,0.0362060998597098,2309889,28.995610189437866,10.920407772064207,13.115934133529665
  -7,"graph_00000001110011",9.69389563875571e-07,0.0532373317964581,0.0370906782697828,2220289,26.80989756584168,10.47577428817749,12.748565196990969
  -8,"graph_00000001110111",1.273378052783705e-05,0.0529480124088572,0.0365457116945493,2675713,30.236593675613403,11.31205129623413,13.225375175476074
  -9,"graph_00000010000011",1.6557923440023746e-05,0.0530012538764704,0.0362353219412465,1384321,22.60168336629868,9.97217845916748,11.877920627593994
  -10,"graph_00000010010011",4.852153993190291e-06,0.0531963958418125,0.0364145365852062,1844993,26.012588691711425,10.38402009010315,12.556974411010742
  -11,"graph_00000010010111",8.933794262140065e-07,0.0531219534581663,0.0361871162210245,2300417,30.412698209285736,11.045522928237917,13.218364000320436
  -12,"graph_00000010110011",2.450303058735681e-06,0.0532752256669372,0.0365916101114223,2210817,26.34547553062439,10.23722505569458,12.574777364730837
  -13,"graph_00000010110111",2.559875663574749e-06,0.0530167943224304,0.0361682357008136,2666241,31.61819887161255,11.466705322265623,13.56788945198059
  -14,"graph_00000011010011",3.236018810508512e-06,0.0536882753099948,0.0368548393444654,2210817,27.20461274385452,10.514849185943604,12.754829168319702
  -15,"graph_00000011010111",8.737556217236645e-06,0.0529429541453317,0.0359773216728799,2666241,30.86559190750122,11.761781454086304,14.091501474380491
  -16,"graph_00000011110011",2.2048146095666185e-06,0.0531958704958386,0.0358967572057646,2576641,27.81481807231903,10.535111427307127,12.822646617889404
  -17,"graph_00000011110111",9.533545485332684e-07,0.0531408180511511,0.0365847307032016,3032065,32.16500595808029,11.6979718208313,13.793931245803831
  -18,"graph_00000110000000",1.969669092371595e-06,0.0173276495889206,0.0109367425733692,1027969,15.281618022918702,8.902590274810791,10.769240379333496
  -19,"graph_00000110000001",1.328268478679488e-06,0.0172964477582829,0.0109487830401618,1384321,18.489292252063752,9.21685004234314,11.247641324996948
  -20,"graph_00000110000011",1.9310739905087364e-06,0.054259639240682,0.0366432250836523,1515905,23.612925589084625,9.80191421508789,11.754880666732788
  -21,"graph_00000110010000",1.4546049631946002e-06,0.0172162107913181,0.0109022418163443,1488641,19.07833564281464,9.399937629699709,11.482759475708008
  -22,"graph_00000110010001",1.1109974915738283e-06,0.0172330280974714,0.0109068769285519,1844993,22.04582731723785,9.767581224441528,11.94189977645874
  -23,"graph_00000110010011",2.233066779455437e-06,0.0537831498275618,0.0367186162914351,1976577,27.52569333314896,10.478687763214111,12.68273115158081
  -24,"graph_00000110010100",1.381718529820497e-06,0.0172371260935876,0.0108543913035553,1944065,22.953573298454284,10.351206064224243,12.57692265510559
  -25,"graph_00000110010101",4.638353788626256e-06,0.0172650919096562,0.0109541460017614,2300417,25.84634701013565,10.449055671691896,12.779653787612917
  -26,"graph_00000110010111",2.622870366705224e-06,0.0543888701762543,0.0369182170849666,2432001,31.01017578840256,11.298898696899414,13.322439193725586
  -27,"graph_00000110110000",1.3744298864830867e-06,0.0173457156368791,0.0108707946763233,1854465,20.32118508815765,9.47950553894043,11.607451677322388
  -28,"graph_00000110110001",1.5095821586539234e-06,0.0172219428220003,0.0107650755569576,2210817,22.89604573249817,9.675904273986816,11.96328091621399
  -29,"graph_00000110110011",1.4982812906983957e-05,0.054116752210574,0.0368450261740793,2342401,28.8436646938324,10.752440690994264,12.963168382644652
  -30,"graph_00000110110100",1.9413822146573605e-06,0.0172673466675005,0.0109584059884595,2309889,23.73285740613937,10.086764097213743,12.289007186889648
  -31,"graph_00000110110101",1.2942548097715732e-06,0.0172267455616019,0.0109164528697856,2666241,27.075312781333924,10.519577741622925,12.849876642227173
  -32,"graph_00000110110111",7.1204839232686256e-06,0.05386255178016,0.0365463203512797,2797825,32.01849325895309,11.382689237594604,13.434273719787598
  -33,"graph_00000111010000",1.431697798419882e-06,0.0173258246728564,0.0110005358302947,1854465,20.078591799736024,9.624503374099731,11.734755992889404
  -34,"graph_00000111010001",5.188472821473652e-06,0.0171896358206838,0.0110253194904629,2210817,23.316991055011748,9.890254259109495,12.134571313858032
  -35,"graph_00000111010011",1.1737978308819722e-05,0.0539428858064621,0.0363388405197094,2342401,28.258671081066133,10.592368602752686,12.88573145866394
  -36,"graph_00000111010100",7.307385563135078e-06,0.0171758809421486,0.0109017446898921,2309889,23.57412205934525,9.924236059188845,12.068049430847168
  -37,"graph_00000111010101",6.858405133550603e-06,0.0172947638430868,0.0109139286202909,2666241,27.292180871963502,11.025644302368164,13.503117084503174
  -38,"graph_00000111010111",1.2869661664341628e-05,0.0535270788957214,0.035977263738439,2797825,32.27760761976242,11.4660222530365,13.58991765975952
  -39,"graph_00000111110000",1.6722230285544222e-06,0.0172342125361921,0.0109121793114698,2220289,21.131116020679475,9.67666721343994,11.888038158416748
  -40,"graph_00000111110001",1.2530219131770806e-06,0.0172881284138738,0.010850899678015,2576641,24.3425198674202,9.930671691894531,12.270407676696776
  -41,"graph_00000111110011",1.641680142188131e-06,0.0538304663749043,0.0366951344749544,2708225,29.70016680955887,10.8061842918396,13.138631105422974
  -42,"graph_00000111110100",1.503855367460244e-06,0.0171834463923489,0.0109293465083154,2675713,24.67076549530029,10.117663621902466,12.430770874023438
  -43,"graph_00000111110101",1.21407973306006e-06,0.0172978054669266,0.0110768315556987,3032065,27.689642465114595,10.499993324279783,12.915735483169556
  ... 1775 further lines not shown (cap is 50)

[RDB2G-Bench/rel-avito/user-ad-visit/3.csv] column change:
  removed: []
  added:   ['dataset', 'seed', 'task']
  diff --git a/RDB2G-Bench/rel-avito/user-ad-visit/3.csv b/RDB2G-Bench/rel-avito/user-ad-visit/3.csv
  index 786ac09..a14335c 100644
  --- a/RDB2G-Bench/rel-avito/user-ad-visit/3.csv
  +++ b/RDB2G-Bench/rel-avito/user-ad-visit/3.csv
  @@ -1,910 +1,910 @@
  -idx,graph,train_metric,valid_metric,test_metric,params,train_time,valid_time,test_time
  -0,"graph_00000000000011",2.458476751621205e-05,0.0535192793271774,0.0366547767015814,1027969,21.13613102436065,9.77635407447815,11.61323094367981
  -1,"graph_00000000010011",4.713149152398251e-06,0.0528655807898425,0.0359644574493675,1488641,24.41683984994888,10.2292377948761,12.296600103378296
  -2,"graph_00000000010111",1.3839363598645948e-05,0.0530058949022843,0.0361838020791602,1944065,27.73301569223404,10.580116033554075,12.67297077178955
  -3,"graph_00000000110011",1.5095821586539238e-06,0.0531122002543044,0.0361049127528083,1854465,25.761705887317657,10.327903032302856,12.491305351257324
  -4,"graph_00000000110111",1.6699323120769504e-06,0.0531361284122115,0.0361865300055803,2309889,29.569427597522736,11.165375709533691,13.269376039505005
  -5,"graph_00000001010011",1.4706399785369028e-06,0.0531550056005827,0.0361848115674635,1854465,25.379865252971648,10.360945224761965,12.438503980636597
  -6,"graph_00000001010111",1.092671759754054e-06,0.0534455968966094,0.0362314707372505,2309889,29.30903344154358,10.926812887191772,13.133825778961182
  -7,"graph_00000001110011",2.2216131970680785e-06,0.0530062813409996,0.0363562684288694,2220289,26.64323593378067,10.835365295410156,13.20115327835083
  -8,"graph_00000001110111",6.200969504516193e-06,0.0530691864627044,0.0361054857114956,2675713,30.709147489070894,11.302695512771606,13.414670467376707
  -9,"graph_00000010000011",1.6206819078113065e-06,0.0532295623450591,0.0360180531184889,1384321,22.55980442762375,9.869565963745115,11.84386706352234
  -10,"graph_00000010010011",4.766252125285098e-06,0.0533118811225733,0.0360895234418772,1844993,25.64950116872788,10.063374519348145,12.208523035049438
  -11,"graph_00000010010111",4.203464736160773e-06,0.0530560777333326,0.0357869832806896,2300417,30.797193801403047,10.883902311325071,13.952502965927124
  -12,"graph_00000010110011",1.91868329683514e-05,0.0531478468394334,0.0364774761354083,2210817,26.98344156742096,10.49103021621704,12.763934850692747
  -13,"graph_00000010110111",2.031081118663089e-05,0.0528220241299891,0.0360235891933541,2666241,30.381315290927887,11.379004716873167,13.27699589729309
  -14,"graph_00000011010011",2.1037003017814875e-05,0.0528957074535144,0.0364066360556149,2210817,27.47458016872406,10.515352964401243,12.768651723861694
  -15,"graph_00000011010111",1.832500295544075e-05,0.0538166360649614,0.0362019703603219,2666241,30.535896921157835,11.25497269630432,13.417622089385986
  -16,"graph_00000011110011",1.0462720248825973e-05,0.0531166536747794,0.036217103744817,2576641,28.15421893596649,10.64223289489746,12.948646545410156
  -17,"graph_00000011110111",1.4858732431120905e-05,0.0526889352280911,0.0359832606047153,3032065,32.21360341310501,11.705260038375854,13.958919048309326
  -18,"graph_00000110000000",2.205231103471613e-06,0.0172766251650974,0.0109920576766284,1027969,15.632594072818756,8.889825105667114,10.75687050819397
  -19,"graph_00000110000001",2.409833734300345e-06,0.01721042425473,0.0108584829970863,1384321,18.85752240419388,9.212862968444824,11.225343942642212
  -20,"graph_00000110000011",1.2752071551831411e-05,0.0536655856084746,0.036271903228184,1515905,23.75043777227402,9.953909635543823,11.950552940368652
  -21,"graph_00000110010000",1.5347800399061133e-06,0.0171891510548662,0.0108844701109283,1488641,18.81647093296051,9.316327095031738,11.382720708847046
  -22,"graph_00000110010001",1.4935471433116209e-06,0.0171963255216456,0.0108928002838997,1844993,22.13131645917893,9.712165355682371,11.873560905456545
  -23,"graph_00000110010011",1.6458797890634964e-06,0.0538944687979333,0.0369179221196697,1976577,27.477010846138,10.526187181472778,12.731751918792725
  -24,"graph_00000110010100",1.5347800399061133e-06,0.0172588077059925,0.0109517571902162,1944065,22.692928898334504,9.990350723266602,12.16215753555298
  -25,"graph_00000110010101",1.2702022867581194e-06,0.0172552284339011,0.010826788935269,2300417,26.03629965782165,10.30815315246582,12.607746362686155
  -26,"graph_00000110010111",6.571961450390377e-06,0.0538846450522236,0.0362047194832093,2432001,30.5236283659935,11.039867162704468,13.174453735351562
  -27,"graph_00000110110000",3.353608923018732e-06,0.0171740251396591,0.0109012213769262,1854465,20.092058169841767,9.432299852371216,11.540358304977415
  -28,"graph_00000110110001",2.4968809604442744e-06,0.0172594236603492,0.0109665362970562,2210817,23.552642977237703,9.840046405792236,12.12058162689209
  -29,"graph_00000110110011",2.470537720953348e-06,0.0542670327682527,0.0366000658136084,2342401,28.207857739925384,10.67905569076538,12.894899129867554
  -30,"graph_00000110110100",4.260732648097569e-06,0.0172634731964058,0.0110582218947089,2309889,23.665098202228545,10.048566818237305,12.26891803741455
  -31,"graph_00000110110101",1.3164331102125505e-06,0.0172314743150237,0.0109704179733986,2666241,26.66471989154816,10.384129762649536,12.762755393981934
  -32,"graph_00000110110111",3.2547957440586977e-06,0.0541736604923493,0.0368113039534674,2797825,32.36865150928497,11.974695682525637,14.387801885604858
  -33,"graph_00000111010000",8.692123673766788e-06,0.0173102763001095,0.0109455188899662,1854465,20.280171704292297,9.537011861801147,11.708459377288818
  -34,"graph_00000111010001",1.6840931048467762e-06,0.0172278109079474,0.0108691372903862,2210817,23.451158428192137,9.79899835586548,12.086462259292604
  -35,"graph_00000111010011",2.899283488320156e-06,0.054201343268212,0.0370407955633258,2342401,27.95661770105362,10.40998077392578,12.64122724533081
  -36,"graph_00000111010100",1.5649758480182418e-06,0.0173167681729557,0.0109671254297454,2309889,23.9206534743309,10.189047574996948,12.44254732131958
  -37,"graph_00000111010101",1.4935471433116209e-06,0.0172477984105964,0.0108877512203869,2666241,26.32434446811676,10.30521821975708,12.551061391830444
  -38,"graph_00000111010111",4.579940518450724e-06,0.0539606963485122,0.036703910308976,2797825,32.66517195701599,11.347419261932371,13.46835732460022
  -39,"graph_00000111110000",2.4556480638497814e-06,0.0172883563855716,0.010942355014339,2220289,21.170562529563902,9.692991256713867,11.90210509300232
  -40,"graph_00000111110001",1.477512127969318e-06,0.017287377207306,0.0109971242610461,2576641,24.512516272068023,10.04248547554016,12.392313718795776
  -41,"graph_00000111110011",2.315150786564844e-06,0.054084541625683,0.0366020876019541,2708225,29.43090115785599,10.750325679779053,13.07048273086548
  -42,"graph_00000111110100",1.7180373581038582e-06,0.0172602085136528,0.0109073221678304,2675713,24.88724833726883,10.152755498886108,12.476435661315918
  -43,"graph_00000111110101",1.7924856436216924e-06,0.0172219301512095,0.0108842694865794,3032065,27.53873158693313,10.43753147125244,12.82442307472229
  ... 1775 further lines not shown (cap is 50)

[RDB2G-Bench/rel-avito/user-ad-visit/4.csv] column change:
  removed: []
  added:   ['dataset', 'seed', 'task']
  diff --git a/RDB2G-Bench/rel-avito/user-ad-visit/4.csv b/RDB2G-Bench/rel-avito/user-ad-visit/4.csv
  index 130573c..a3dde33 100644
  --- a/RDB2G-Bench/rel-avito/user-ad-visit/4.csv
  +++ b/RDB2G-Bench/rel-avito/user-ad-visit/4.csv
  @@ -1,910 +1,910 @@
  -idx,graph,train_metric,valid_metric,test_metric,params,train_time,valid_time,test_time
  -0,"graph_00000000000011",2.3827616304756787e-06,0.053296312745933,0.0363854470393586,1027969,21.174524819850923,9.815405368804932,11.634784936904907
  -1,"graph_00000000010011",1.6848219691805177e-06,0.0530666523655433,0.0363266057112694,1488641,24.470611250400545,10.154947519302368,12.2185161113739
  -2,"graph_00000000010111",1.262601272991963e-06,0.0529872547161138,0.0365418457601351,1944065,28.469780325889587,10.926483392715454,13.069608688354492
  -3,"graph_00000000110011",2.1891960881293105e-06,0.0530397423638373,0.0362263222767166,1854465,25.52005301713944,10.414825439453123,12.54460597038269
  -4,"graph_00000000110111",3.4418015074013965e-06,0.0532939186491545,0.0365185368890254,2309889,29.461608934402467,10.98873496055603,13.151124000549316
  -5,"graph_00000001010011",2.246047506161111e-06,0.0538070603714193,0.0362411368429596,1854465,25.591074895858764,10.386382102966309,12.55180525779724
  -6,"graph_00000001010111",3.7052339023106553e-06,0.0532639471904928,0.0366963528191604,2309889,29.625510263443,11.157989978790283,13.26331639289856
  -7,"graph_00000001110011",2.9783479146183496e-06,0.0532611085411895,0.0365307132163315,2220289,26.46650093793869,10.554346561431885,12.759069204330444
  -8,"graph_00000001110111",1.967725454148286e-06,0.0530085427328178,0.0362921317577643,2675713,30.80907769203186,11.381383419036863,13.476041078567505
  -9,"graph_00000010000011",2.1872524499060013e-06,0.0533766561992076,0.0363299909192659,1384321,22.723229038715363,9.881973505020142,11.903284549713137
  -10,"graph_00000010010011",1.4689219411787991e-05,0.0529142901638386,0.0359395018774553,1844993,26.50252513885498,10.790420532226562,13.084405183792114
  -11,"graph_00000010010111",1.7828299265908942e-05,0.053067175814862,0.0356749384626988,2300417,29.62494682073593,11.143216609954834,13.300779819488524
  -12,"graph_00000010110011",1.5912566134234188e-05,0.0529974287572559,0.0360755192667054,2210817,27.11226003170013,10.515754699707031,12.719574213027954
  -13,"graph_00000010110111",1.5679329547437055e-05,0.0532839093361496,0.0361913169258384,2666241,30.79719016551972,11.343816995620728,13.501439571380615
  -14,"graph_00000011010011",1.5834334695745983e-05,0.0530117404467678,0.0361215432153866,2210817,27.537807381153108,10.518834352493286,12.822353839874268
  -15,"graph_00000011010111",1.9585625882383987e-06,0.0528359844155338,0.0365377659404008,2666241,30.74482774734497,11.338757276535034,13.488433361053469
  -16,"graph_00000011110011",1.1018346256639412e-06,0.0533607636708586,0.0370459586189823,2576641,28.226776123046875,10.743216514587402,13.047204971313477
  -17,"graph_00000011110111",1.9409483668396563e-05,0.0531112316701069,0.0360508060173366,3032065,32.548548424243926,11.618946313858032,13.73429560661316
  -18,"graph_00000110000000",1.2645171449549395e-05,0.0172758983048783,0.0108659824474593,1027969,15.40222933292389,8.93084716796875,10.794499397277832
  -19,"graph_00000110000001",1.3572495129020483e-06,0.0172646667140323,0.0108339100020553,1384321,18.78630726337433,9.312652826309204,11.330994367599487
  -20,"graph_00000110000011",1.685238463085512e-06,0.0543487620142645,0.0370359259230479,1515905,23.992460691928866,10.349040269851685,12.405477523803713
  -21,"graph_00000110010000",5.637453251058127e-06,0.0173131420512533,0.0110609234391287,1488641,19.09558058977127,9.388312339782717,11.487183332443236
  -22,"graph_00000110010001",1.0537295796370332e-06,0.0172966885951644,0.011017617322696,1844993,22.04109873771668,9.793469429016112,12.0077702999115
  -23,"graph_00000110010011",1.7676695484490809e-06,0.0540993926822482,0.0370152178827638,1976577,27.40041718482972,10.576643228530884,12.673942804336548
  -24,"graph_00000110010100",1.254167271415817e-06,0.017152544313025,0.0108262170597378,1944065,23.31942032575608,10.435234308242798,12.728658437728882
  -25,"graph_00000110010101",1.2442755411721885e-06,0.0172417147748256,0.011020853251399,2300417,25.928517830371856,10.38809299468994,12.734128475189207
  -26,"graph_00000110010111",1.2581031388180182e-05,0.0539391540880212,0.0364014989144402,2432001,31.37540361881256,11.388383865356444,13.506277561187744
  -27,"graph_00000110110000",1.3404856332260045e-06,0.0172526452205282,0.0109571097006385,1854465,20.167167437076568,9.659374237060549,11.712610721588137
  -28,"graph_00000110110001",2.047900530859799e-06,0.0172612129835777,0.0109451071961426,2210817,23.229512298107142,9.78669500350952,12.092326402664185
  -29,"graph_00000110110011",1.097149069232749e-05,0.0540872840488299,0.0365392416018195,2342401,28.39051071405411,10.658230543136597,12.883420705795288
  -30,"graph_00000110110100",2.7946741025156097e-06,0.0172197305524279,0.0109823884552337,2309889,24.79632198810577,9.883010387420654,12.348881244659424
  -31,"graph_00000110110101",1.22136837639747e-06,0.0172253283638556,0.0109473351970148,2666241,26.64129935503006,10.436874389648438,12.685611963272097
  -32,"graph_00000110110111",1.937182567781995e-06,0.0538675732054848,0.0365622482567184,2797825,32.83846608400345,11.567007780075071,13.682206630706789
  -33,"graph_00000111010000",8.881732524015704e-06,0.0172312135431849,0.0110180738490586,1854465,20.264935791492466,9.527828931808472,11.704132556915283
  -34,"graph_00000111010001",4.052277448647634e-06,0.0172970026912709,0.0109289274349823,2210817,23.0490482211113,9.834389448165894,12.150548934936523
  -35,"graph_00000111010011",3.0681370589701613e-06,0.0543177958744348,0.037219371453261,2342401,28.48716799020768,10.645063638687134,12.902970552444458
  -36,"graph_00000111010100",5.900885645967387e-06,0.017222300453878,0.0110422152642844,2309889,24.028809475898743,10.112852573394775,12.391374349594116
  -37,"graph_00000111010101",2.7515669833486403e-06,0.0171947418929788,0.0108962096937884,2666241,26.78439062833786,10.54221773147583,12.88524079322815
  -38,"graph_00000111010111",1.7253260014412686e-06,0.0538371866679237,0.0362921823272843,2797825,31.76142421960831,11.135930061340332,13.319093465805054
  -39,"graph_00000111110000",2.4968809604442744e-06,0.0172755772515187,0.0108696613306551,2220289,21.41627237796784,9.71424961090088,11.8592369556427
  -40,"graph_00000111110001",1.4848007713067283e-06,0.0171937633103075,0.0109138022571145,2576641,24.463972425460817,10.12537145614624,12.46311068534851
  -41,"graph_00000111110011",1.2297676701482e-05,0.0538364095755783,0.0368004301332504,2708225,29.88533755540848,10.729616403579712,13.130846977233888
  -42,"graph_00000111110100",1.3973370512578048e-06,0.017204946522619,0.0109914513922512,2675713,24.829413890838623,10.277741193771362,12.60714316368103
  -43,"graph_00000111110101",2.015830500175194e-06,0.0173301567067461,0.0110389261228291,3032065,27.671851873397827,10.551114559173584,12.951303482055664
  ... 1775 further lines not shown (cap is 50)

[RDB2G-Bench/rel-avito/user-clicks/0.csv] column change:
  removed: []
  added:   ['dataset', 'seed', 'task']
  diff --git a/RDB2G-Bench/rel-avito/user-clicks/0.csv b/RDB2G-Bench/rel-avito/user-clicks/0.csv
  index ef0a134..6d4bd8d 100644
  --- a/RDB2G-Bench/rel-avito/user-clicks/0.csv
  +++ b/RDB2G-Bench/rel-avito/user-clicks/0.csv
  @@ -1,945 +1,945 @@
  -idx,graph,train_metric,valid_metric,test_metric,params,train_time,valid_time,test_time
  -0,"graph_00000000000001",0.5014570409829128,0.5949356081677044,0.6373450933157637,623745,4.705180823802948,0.758488655090332,1.4039897918701172
  -1,"graph_00000000000011",0.5105960370406764,0.6265816865675269,0.6646043373871586,1027841,9.265302073955535,2.1324827671051025,3.336916446685791
  -2,"graph_00000000010000",0.5087756403154471,0.6360213341249455,0.654428766946225,728065,5.760490906238556,1.0914301872253418,1.9880497455596924
  -3,"graph_00000000010001",0.4949033170982825,0.6324511979593218,0.6557611445879603,1084417,8.725301957130432,1.7470662593841553,3.256793260574341
  -4,"graph_00000000010011",0.5015219220007335,0.6448158155193215,0.6379550973650135,1488513,12.7030930519104,3.409921407699585,5.632982015609741
  -5,"graph_00000000010100",0.5050115645701727,0.635716992495227,0.650852430007458,1183489,10.032955968379976,2.450151205062866,3.737953424453736
  -6,"graph_00000000010101",0.4994479754872583,0.6403910402454698,0.6472732191307611,1539841,12.424373650550844,3.096357583999634,4.660482406616211
  -7,"graph_00000000010111",0.5093433416205102,0.6433692076412473,0.634274283488669,1943937,17.285828578472138,5.1093926429748535,7.751683950424194
  -8,"graph_00000000110000",0.5094855728817533,0.6384998072415444,0.6485461019678898,1093889,7.284375894069671,1.3266370296478271,2.520888090133667
  -9,"graph_00000000110001",0.5080901217403826,0.6386373651922232,0.6330866751083232,1450241,9.89194186925888,2.1705007553100586,3.6673433780670166
  -10,"graph_00000000110011",0.500345368285818,0.6432959462929627,0.6478021237972356,1854337,13.66688324213028,3.2660913467407227,5.193037033081055
  -11,"graph_00000000110100",0.4999666967924576,0.6442931347122185,0.6437550615623242,1549313,10.973482644557953,2.6639742851257324,3.9136576652526855
  -12,"graph_00000000110101",0.5010417675048622,0.628509435312955,0.6427222883752214,1905665,13.665193247795106,3.422528028488159,5.502437353134155
  -13,"graph_00000000110111",0.5048122507827071,0.6462897445277288,0.6554536475276699,2309761,18.5908976316452,5.098208665847778,8.102180242538452
  -14,"graph_00000001010000",0.5041286362253281,0.6539058708249077,0.6674431732392627,1093889,7.283486211299897,1.3205804824829102,2.4056968688964844
  -15,"graph_00000001010001",0.5044270577437411,0.6547034376680889,0.6677019706349315,1450241,10.05402091741562,2.0673272609710693,3.7840633392333984
  -16,"graph_00000001010011",0.5052776861957516,0.6465006951782802,0.661153081090232,1854337,14.424170196056366,3.366340398788452,6.087409257888794
  -17,"graph_00000001010100",0.4935395995850047,0.6562236024355212,0.6662980162107257,1549313,11.38252854347229,2.7799551486968994,4.355850458145142
  -18,"graph_00000001010101",0.4946924879942753,0.6587207603155327,0.6526627106410625,1905665,14.319185638427737,3.3631300926208496,5.401389598846436
  -19,"graph_00000001010111",0.502214311761378,0.6490315775785467,0.6256430614845419,2309761,19.16076334714889,5.5664591789245605,8.08182954788208
  -20,"graph_00000001110000",0.4946733870104676,0.6505605100644871,0.6424203390160095,1459713,8.474014472961425,1.5491962432861328,2.628319263458252
  -21,"graph_00000001110001",0.4992109385869242,0.6595234170327545,0.6557457597262066,1816065,10.979517948627471,2.234293460845948,3.811474561691284
  -22,"graph_00000001110011",0.4921035027966334,0.6484551082961006,0.6400001973151415,2220161,15.329266488552094,3.9555914402008057,6.688185453414917
  -23,"graph_00000001110100",0.5033380280354101,0.6553270621706769,0.6794100077095888,1915137,12.38889811038971,2.887726306915283,4.553829908370972
  -24,"graph_00000001110101",0.5041833852847663,0.6531539486586047,0.6569580896920282,2271489,14.586334371566773,3.5593254566192627,5.4877355098724365
  -25,"graph_00000001110111",0.4970596950361096,0.6457264432419936,0.6437902637274147,2675585,18.91646182537079,5.004102945327759,7.909422397613525
  -26,"graph_00000010000000",0.507745536344072,0.5736793747138997,0.6168324685782787,623745,3.813765275478363,0.2751834392547607,0.6818294525146484
  -27,"graph_00000010000001",0.4979914817669138,0.5918226083667021,0.6388847519434111,980097,5.907388472557068,0.8999569416046143,1.7845191955566406
  -28,"graph_00000010000011",0.4961987027992116,0.6263865637833461,0.6682285446950251,1384193,9.20612633228302,2.3326287269592285,4.176957368850708
  -29,"graph_00000010010000",0.5132663553370992,0.6282112672078791,0.6453105625940821,1084417,5.894218981266022,1.250098705291748,2.48419451713562
  -30,"graph_00000010010001",0.4938270416481408,0.6313648218117193,0.6383343141897612,1440769,8.48251315355301,1.895195484161377,3.5079355239868164
  -31,"graph_00000010010011",0.5042281049975531,0.6428463626446591,0.6533341826463335,1844865,14.391809248924256,3.3046257495880127,6.05321216583252
  -32,"graph_00000010010100",0.506917904321234,0.6356981107044319,0.6460914301172681,1539841,11.258852684497834,2.7974350452423096,4.440414905548096
  -33,"graph_00000010010101",0.4902355930392579,0.6280020898037674,0.6338779946147265,1896193,14.17479282617569,3.255174398422241,5.546853065490723
  -34,"graph_00000010010111",0.4983454618373137,0.6467092486623482,0.6420816146898549,2300289,18.55263949632645,4.965099096298218,8.219991207122803
  -35,"graph_00000010110000",0.4950560565609242,0.6267963150625463,0.6462911330578929,1450241,8.02177357673645,1.4735255241394043,2.9234507083892822
  -36,"graph_00000010110001",0.5033129109637854,0.6283702026295275,0.6628783446346296,1806593,9.63090159893036,2.1769378185272217,4.213656902313232
  -37,"graph_00000010110011",0.5010524467258132,0.6429490795865841,0.6534236607735211,2210689,14.106539618968965,3.7587485313415527,6.74364161491394
  -38,"graph_00000010110100",0.4989037722687219,0.6342989864254701,0.6376590388636478,1905665,11.259939050674438,2.9140024185180664,4.674461841583252
  -39,"graph_00000010110101",0.4989621887474546,0.6332613745549643,0.626991810563738,2262017,13.902966058254242,3.48731017112732,5.979627847671509
  -40,"graph_00000010110111",0.5046912373472894,0.6441848353277978,0.645632786798988,2666113,18.00395756959915,4.869241952896118,7.491061687469482
  -41,"graph_00000011010000",0.4902390248316134,0.6456191289944839,0.6604551431192492,1450241,7.011467933654785,1.5146160125732422,2.7423036098480225
  -42,"graph_00000011010001",0.491715159197465,0.6489727977428543,0.6563526324699509,1806593,9.681514155864717,2.184971332550049,4.130804777145386
  -43,"graph_00000011010011",0.4964380275611159,0.6421512500402264,0.6379440162610555,2210689,14.49665756225586,3.69087815284729,6.635249137878418
  ... 1845 further lines not shown (cap is 50)

[RDB2G-Bench/rel-avito/user-clicks/1.csv] column change:
  removed: []
  added:   ['dataset', 'seed', 'task']
  diff --git a/RDB2G-Bench/rel-avito/user-clicks/1.csv b/RDB2G-Bench/rel-avito/user-clicks/1.csv
  index c0d75f5..02fbd38 100644
  --- a/RDB2G-Bench/rel-avito/user-clicks/1.csv
  +++ b/RDB2G-Bench/rel-avito/user-clicks/1.csv
  @@ -1,945 +1,945 @@
  -idx,graph,train_metric,valid_metric,test_metric,params,train_time,valid_time,test_time
  -0,"graph_00000000000001",0.501751863489852,0.5948375870450555,0.645442849528045,623745,5.797766256332397,1.1487431526184082,2.057414531707764
  -1,"graph_00000000000011",0.4945794972760918,0.6304491698908008,0.6625351306740972,1027841,12.617306900024412,3.3433644771575928,6.070142984390259
  -2,"graph_00000000010000",0.5037996022070005,0.6347035164790419,0.6429062061045301,728065,7.318376564979554,1.3228609561920166,2.5841705799102783
  -3,"graph_00000000010001",0.4943652173775567,0.6304934682139008,0.639082996467773,1084417,11.325262212753296,2.190345525741577,4.189708232879639
  -4,"graph_00000000010011",0.496295587275975,0.6400646643868411,0.6644708208081113,1488513,18.015092658996583,4.499175071716309,6.937063455581665
  -5,"graph_00000000010100",0.4997007841907762,0.6600927604915439,0.6607658286778398,1183617,13.523472011089323,3.700246810913086,5.1628501415252686
  -6,"graph_00000000010101",0.5123160110846209,0.654823295992266,0.6622733020603132,1539969,17.728547322750092,4.225163698196411,7.071613550186157
  -7,"graph_00000000010111",0.5002780891938263,0.6631659279234432,0.676999989133369,1944065,27.519572722911835,7.211359024047852,10.88682246208191
  -8,"graph_00000000110000",0.4870141091282909,0.6343011865645716,0.6485249263356805,1093889,9.0608158826828,1.9915902614593504,3.943044185638428
  -9,"graph_00000000110001",0.5003902666190265,0.6322555497687883,0.6547953155669637,1450241,12.853116357326508,2.5913844108581543,4.930804491043091
  -10,"graph_00000000110011",0.506048353505837,0.6403833561775638,0.6436097918639818,1854337,18.59849840402603,4.259371995925903,7.290285348892212
  -11,"graph_00000000110100",0.4919673940353731,0.655997020945981,0.6440136587832119,1549441,13.47084095478058,3.382290840148926,5.123107671737671
  -12,"graph_00000000110101",0.4974369489674006,0.6534453193189946,0.6542384150275211,1905793,19.35140914916992,4.5913920402526855,8.414749383926392
  -13,"graph_00000000110111",0.4928508772436549,0.6602985227543638,0.6610772577427606,2309889,26.433886325359342,7.003344774246216,11.00549840927124
  -14,"graph_00000001010000",0.5008781664004133,0.6547635638575597,0.6701984933130184,1093889,9.128183114528657,1.9390015602111816,3.669029235839844
  -15,"graph_00000001010001",0.4968483566738791,0.6540623762421756,0.6550317934745309,1450241,13.248095118999482,2.695897102355957,4.699242353439331
  -16,"graph_00000001010011",0.5012665061991471,0.6495525508150038,0.6494475033057435,1854337,19.60343973636628,4.88770055770874,8.761544704437256
  -17,"graph_00000001010100",0.493423807946593,0.6580213459465885,0.6657471209147187,1549441,15.239690124988556,3.682606935501098,7.275217533111572
  -18,"graph_00000001010101",0.4963736329989113,0.6687755930360015,0.6642131100755402,1905793,20.41071273088455,4.771556615829468,7.235406160354614
  -19,"graph_00000001010111",0.5013210804385981,0.6712000149740811,0.6600639587022269,2309889,28.08547669649124,7.601014614105225,11.299203634262083
  -20,"graph_00000001110000",0.5067999046303764,0.6541116987635218,0.6517371167510833,1459713,11.393161261081696,2.1748085021972656,4.236356735229492
  -21,"graph_00000001110001",0.4940338878967896,0.6530835770452591,0.6670675452623777,1816065,14.211865997314453,2.8431241512298584,5.212823152542114
  -22,"graph_00000001110011",0.499703854941854,0.6446137311009692,0.6704039012349068,2220161,19.83148756027221,4.471316576004028,7.647993564605713
  -23,"graph_00000001110100",0.4954392543717766,0.6662501288887459,0.6856537879931734,1915265,15.446166861057282,3.798032999038696,5.879603862762451
  -24,"graph_00000001110101",0.4960015628602812,0.6702079821046596,0.6590205619535229,2271617,21.83688356876373,5.3990113735198975,8.890181064605713
  -25,"graph_00000001110111",0.4904121384236211,0.6649326067839154,0.6580625969417868,2675713,29.091663897037503,6.982830286026001,11.396305799484251
  -26,"graph_00000010000000",0.4879201441149086,0.5712721926717635,0.6163654036209902,623745,4.643577551841736,0.6296217441558838,1.4330723285675049
  -27,"graph_00000010000001",0.4985702309350747,0.591337526951704,0.6427499124950242,980097,8.470822930335999,1.661959171295166,3.106187582015991
  -28,"graph_00000010000011",0.5035629833544617,0.6244646930214872,0.6633354437474549,1384193,14.45939506292343,2.890446901321411,5.489106416702271
  -29,"graph_00000010010000",0.4927897054499083,0.6260528979115755,0.6456112823082096,1084417,9.793189489841462,1.7542686462402344,4.565682649612427
  -30,"graph_00000010010001",0.491914461583627,0.6304120630671515,0.6461557291166229,1440769,15.30608811378479,2.9413411617279053,5.754234313964844
  -31,"graph_00000010010011",0.489154624052506,0.6388636839785871,0.6388493639017382,1844865,22.40155248641968,4.942758083343506,10.659960746765137
  -32,"graph_00000010010100",0.4964632852488171,0.6530111694822974,0.6669008282660517,1539969,17.610496520996094,4.506907224655151,7.819936513900757
  -33,"graph_00000010010101",0.5001706319082778,0.637124687465315,0.6745588433786758,1896321,19.24529876708984,4.39165186882019,8.394022464752197
  -34,"graph_00000010010111",0.4926830614573432,0.6630832420987094,0.6520649887444581,2300417,24.111339104175567,6.084594964981079,10.25302243232727
  -35,"graph_00000010110000",0.5140456610348079,0.6300675606893593,0.6466079096491107,1450241,10.928962469100952,1.940814733505249,3.8483242988586426
  -36,"graph_00000010110001",0.4984769568710883,0.6306108308579033,0.6596133080769953,1806593,17.442209231853486,3.2745723724365234,7.651886224746704
  -37,"graph_00000010110011",0.5079448273289306,0.6403309140559991,0.6267324841347187,2210689,23.80104466676712,7.423174619674683,12.097716331481934
  -38,"graph_00000010110100",0.5019553615557044,0.6557686005342068,0.6626834601869518,1905793,19.0305176615715,3.847263813018799,6.376164674758911
  -39,"graph_00000010110101",0.5099322569509643,0.6484134698426605,0.654546097964394,2262145,21.42491320371628,4.913959741592407,8.444253921508789
  -40,"graph_00000010110111",0.501854011568401,0.639219318403474,0.6655586563582373,2666241,26.682079792022705,6.554809093475342,11.275193214416504
  -41,"graph_00000011010000",0.4967160787505971,0.6505926583656841,0.6565385805434688,1450241,11.450727343559263,2.1154215335845947,4.187831163406372
  -42,"graph_00000011010001",0.5026573246108599,0.6503681785015543,0.6704197150426201,1806593,16.431399047374725,3.0665831565856934,5.856523036956787
  -43,"graph_00000011010011",0.5066876093917068,0.646400506754427,0.6333785299392841,2210689,24.214806246757508,5.435050010681152,8.889949798583984
  ... 1845 further lines not shown (cap is 50)

[RDB2G-Bench/rel-avito/user-clicks/2.csv] column change:
  removed: []
  added:   ['dataset', 'seed', 'task']
  diff --git a/RDB2G-Bench/rel-avito/user-clicks/2.csv b/RDB2G-Bench/rel-avito/user-clicks/2.csv
  index ab85082..befc981 100644
  --- a/RDB2G-Bench/rel-avito/user-clicks/2.csv
  +++ b/RDB2G-Bench/rel-avito/user-clicks/2.csv
  @@ -1,945 +1,945 @@
  -idx,graph,train_metric,valid_metric,test_metric,params,train_time,valid_time,test_time
  -0,"graph_00000000000001",0.4935146877368431,0.5926014247706766,0.6342006191691945,623745,4.675373840332031,0.81581711769104,1.5441017150878906
  -1,"graph_00000000000011",0.491907347170239,0.628677335480494,0.6632845564584391,1027841,12.21692943572998,3.4062440395355225,5.619854688644409
  -2,"graph_00000000010000",0.5017305468527294,0.6359544761665827,0.6593089709186077,728065,6.135768640041351,1.348339557647705,2.4963629245758057
  -3,"graph_00000000010001",0.4949767414928641,0.6319606654534158,0.6324037073513331,1084417,10.506186079978942,2.448209285736084,4.262613773345947
  -4,"graph_00000000010011",0.4978303547453259,0.6435240054878693,0.6490131955215754,1488513,18.737809467315675,4.958988428115845,8.168544292449951
  -5,"graph_00000000010100",0.4891519333448785,0.6570016307299669,0.6737684532551851,1183617,14.77529319524765,3.822712659835816,6.189789056777954
  -6,"graph_00000000010101",0.4972143423168714,0.6586120997142446,0.6509440242680467,1539969,17.165205359458923,4.90958309173584,7.575772762298584
  -7,"graph_00000000010111",0.5005797296802625,0.6468952753490504,0.6308074850498036,1944065,26.22577937841416,7.851995944976807,12.46692395210266
  -8,"graph_00000000110000",0.4904688675094347,0.6378171730379849,0.6530752708650753,1093889,9.075822949409485,1.9834489822387693,3.868659496307373
  -9,"graph_00000000110001",0.5052577833202638,0.6304548836848849,0.6545840596818251,1450241,14.16734185218811,3.0570313930511475,5.506070852279663
  -10,"graph_00000000110011",0.4969800379289444,0.6449955373297931,0.6466143152421086,1854337,21.69525245428085,5.328238725662232,8.654975414276123
  -11,"graph_00000000110100",0.5010336041715514,0.6534519197362985,0.6476769573662031,1549441,17.155214035511015,4.199153661727905,6.42264461517334
  -12,"graph_00000000110101",0.5000073728429342,0.6569132639490461,0.6521040085285896,1905793,19.63041169643402,5.689816236495972,9.022348880767822
  -13,"graph_00000000110111",0.5067228926256248,0.658850240143541,0.6531400988977805,2309889,28.28119735717773,7.672622203826904,11.69057321548462
  -14,"graph_00000001010000",0.500098697284021,0.6587710351358931,0.6724562646699518,1093889,9.38487845659256,2.139768600463867,3.437168836593628
  -15,"graph_00000001010001",0.5007821864270614,0.6526841368657278,0.6678840867912097,1450241,14.23193303346634,3.168564796447754,4.939730882644653
  -16,"graph_00000001010011",0.5050810707167825,0.6468714021979061,0.6480268485855079,1854337,20.553991413116456,5.399478197097778,8.323224544525146
  -17,"graph_00000001010100",0.5028235176116391,0.6718610746792886,0.662804065492613,1549441,17.38935363292694,4.343962907791138,6.748053550720215
  -18,"graph_00000001010101",0.4967341308144824,0.6680783131303645,0.657427714026876,1905793,19.10425227880478,5.14500880241394,8.375839710235596
  -19,"graph_00000001010111",0.5049987191015554,0.6604638287280372,0.6538497041988662,2309889,30.16888521909713,9.39262080192566,14.083223819732666
  -20,"graph_00000001110000",0.5072543263842338,0.6541019459081026,0.6572649290351804,1459713,12.779824197292328,2.9595186710357666,5.434887647628784
  -21,"graph_00000001110001",0.4965538800064796,0.6556575427664352,0.6586934620628755,1816065,16.44625735282898,3.862611532211304,6.472253322601318
  -22,"graph_00000001110011",0.51025581074274,0.6538079482159498,0.6606327982375468,2220161,24.55589565038681,5.595868349075317,12.15198040008545
  -23,"graph_00000001110100",0.4956226519395471,0.6650942677510178,0.6698273406723126,1915265,19.81740324497223,5.361855030059815,7.763818740844727
  -24,"graph_00000001110101",0.5013178690714437,0.6721118576989433,0.6759871333369937,2271617,22.944479882717133,6.981600999832153,12.238322734832764
  -25,"graph_00000001110111",0.5006129188747698,0.6674000135292136,0.6437611954895474,2675713,29.885597229003903,9.49274444580078,12.694294929504396
  -26,"graph_00000010000000",0.502537800945767,0.5743622387827386,0.6215958419694453,623745,4.065984332561493,0.5451462268829346,1.2535758018493652
  -27,"graph_00000010000001",0.5075805214779884,0.5907136397459397,0.6454297094834804,980097,8.678348183631897,1.4481914043426514,2.9995503425598145
  -28,"graph_00000010000011",0.4984125281049731,0.6270860438280844,0.6595266180985455,1384193,15.97053325176239,3.957942247390747,6.076202869415283
  -29,"graph_00000010010000",0.5032348196356351,0.6267853143670397,0.6427363721008972,1084417,9.933355951309204,1.7757883071899414,3.8205084800720215
  -30,"graph_00000010010001",0.498116124617281,0.6323657865891342,0.6302490831995021,1440769,14.422282326221469,2.955634832382202,5.509249448776245
  -31,"graph_00000010010011",0.49751504789642,0.6443034786497845,0.6482314844046688,1844865,21.354197287559508,5.122097253799439,9.12700653076172
  -32,"graph_00000010010100",0.4981244399679718,0.654648696893732,0.6653137711098605,1539969,16.54901373386383,4.2535130977630615,7.048446178436279
  -33,"graph_00000010010101",0.5002250693320867,0.6319667404643673,0.6563116967271995,1896321,21.488444650173182,5.277779579162598,8.173125982284546
  -34,"graph_00000010010111",0.4999108760104899,0.658749329285953,0.6644451698397229,2300417,27.94194176197052,7.296609878540039,12.026242971420288
  -35,"graph_00000010110000",0.4900293396583914,0.6291721040751174,0.6402614682991778,1450241,11.758348608016968,2.331946611404419,4.217778205871582
  -36,"graph_00000010110001",0.4967549609959887,0.6308703159202722,0.6530954456233786,1806593,16.522732532024385,3.351715564727783,6.8645920753479
  -37,"graph_00000010110011",0.4950032115191717,0.6418692053425944,0.6390801511262405,2210689,23.48038258552551,6.023141145706177,9.897359609603882
  -38,"graph_00000010110100",0.5050224756176284,0.6435014458526065,0.6591817741433663,1905793,18.709846806526183,4.321370363235474,7.341820955276489
  -39,"graph_00000010110101",0.4938806809807042,0.6499560300558704,0.6527529036781831,2262145,23.041642045974733,5.2148919105529785,9.31891131401062
  -40,"graph_00000010110111",0.48744164660848,0.6643026774050969,0.6612459192941036,2666241,29.61423363685608,7.408558130264282,12.617491722106934
  -41,"graph_00000011010000",0.5021865495873397,0.6496414101643799,0.6603804922240677,1450241,11.70222736597061,2.421973466873169,4.085373640060425
  -42,"graph_00000011010001",0.5014210394668739,0.6555008731596822,0.671936925498378,1806593,16.650087428092956,3.303219795227051,5.577795267105103
  -43,"graph_00000011010011",0.507030058943827,0.6446148147515715,0.6649255750163572,2210689,22.47822711467743,5.660651206970215,9.77165699005127
  ... 1845 further lines not shown (cap is 50)

[RDB2G-Bench/rel-avito/user-clicks/3.csv] column change:
  removed: []
  added:   ['dataset', 'seed', 'task']
  diff --git a/RDB2G-Bench/rel-avito/user-clicks/3.csv b/RDB2G-Bench/rel-avito/user-clicks/3.csv
  index 89b9d55..6277637 100644
  --- a/RDB2G-Bench/rel-avito/user-clicks/3.csv
  +++ b/RDB2G-Bench/rel-avito/user-clicks/3.csv
  @@ -1,945 +1,945 @@
  -idx,graph,train_metric,valid_metric,test_metric,params,train_time,valid_time,test_time
  -0,"graph_00000000000001",0.499520658797112,0.5896927095271277,0.6386299294469685,623745,6.2669439792633055,1.030510425567627,2.1596367359161377
  -1,"graph_00000000000011",0.4953065393985268,0.6268947630778567,0.6582283845552002,1027841,12.84556702375412,2.909130573272705,5.213049173355103
  -2,"graph_00000000010000",0.500693423478829,0.634569603534934,0.6604288487319214,728065,7.574262869358063,1.5817906856536863,3.1128809452056885
  -3,"graph_00000000010001",0.504182944434364,0.6311101639202144,0.6318635785989138,1084417,12.463800191879272,2.4486069679260254,4.602606773376465
  -4,"graph_00000000010011",0.4955863083844031,0.6445910072762212,0.6490665706971572,1488513,18.903013825416565,5.248910427093506,8.461114883422852
  -5,"graph_00000000010100",0.5021118672489379,0.6621662438240126,0.655105758056177,1183617,14.04470831155777,3.5537314414978027,5.313874244689941
  -6,"graph_00000000010101",0.4939508027977035,0.654680779519135,0.6521346638665074,1539969,18.47615493535996,4.858667612075806,7.035917282104492
  -7,"graph_00000000010111",0.498827968802142,0.6658826071451323,0.6519589818996244,1944065,25.931171917915343,7.406599283218384,10.8343346118927
  -8,"graph_00000000110000",0.4937081260525683,0.6376923890292526,0.6575612306059233,1093889,10.140895795822145,2.1058993339538574,4.0069005489349365
  -9,"graph_00000000110001",0.4924880459612996,0.6344929927211518,0.6264677958812037,1450241,13.52715586423874,3.0300042629241943,5.453216314315796
  -10,"graph_00000000110011",0.505848401245375,0.644497452107569,0.6411132548876963,1854337,22.066483986377715,5.230947732925415,9.667356729507446
  -11,"graph_00000000110100",0.5199260049321734,0.6479687790410151,0.6613749605369716,1549441,15.877445197105407,4.026372671127319,6.743950843811035
  -12,"graph_00000000110101",0.4998559749336718,0.6530917208437237,0.657370278162876,1905793,21.785099840164182,6.013391971588135,8.644198656082153
  -13,"graph_00000000110111",0.5018804131868875,0.6472495962580559,0.646415227124026,2309889,27.372466957569124,8.73940110206604,13.27873158454895
  -14,"graph_00000001010000",0.4953704817090256,0.6525325242951181,0.6701165074419264,1093889,9.839059233665466,2.0463614463806152,3.846191167831421
  -15,"graph_00000001010001",0.4995548627076314,0.6546463325651455,0.6704270500185304,1450241,13.884547805786132,3.2107083797454834,6.5741119384765625
  -16,"graph_00000001010011",0.4954928861034711,0.6476822683893865,0.6446811701874551,1854337,25.370207476615903,5.836891174316406,9.232835054397585
  -17,"graph_00000001010100",0.500404415636678,0.6722268560143594,0.6719395134723347,1549441,16.582290518283845,4.142791509628296,6.229599237442017
  -18,"graph_00000001010101",0.4931145513894145,0.6668335926432603,0.6714215755242292,1905793,21.789205372333527,5.712059020996094,8.76854944229126
  -19,"graph_00000001010111",0.5020156022429982,0.6623341439915513,0.660009668441931,2309889,28.97031284570694,8.43997597694397,13.124789237976074
  -20,"graph_00000001110000",0.4928368270373004,0.6548525545585241,0.6630088299955619,1459713,12.055124640464784,2.4955296516418457,4.827248811721802
  -21,"graph_00000001110001",0.4976681103959943,0.6517283570346328,0.6658129641195284,1816065,15.780969262123108,5.26149845123291,7.481887102127075
  -22,"graph_00000001110011",0.507342861306396,0.6471377832186525,0.6457553509578648,2220161,23.88503440618515,7.448105096817017,11.24882197380066
  -23,"graph_00000001110100",0.5096582228207518,0.6706109031012766,0.684938105957659,1915265,17.46056787967682,4.2873499393463135,6.916996717453003
  -24,"graph_00000001110101",0.5093635751337997,0.6699285644387905,0.6271093417566882,2271617,22.649363303184508,4.985932111740112,8.60938310623169
  -25,"graph_00000001110111",0.4921534861112057,0.657371615315858,0.6600438697331157,2675713,29.55929619073868,8.913357496261597,13.277808904647827
  -26,"graph_00000010000000",0.5080931240836393,0.5748529026402327,0.6230464514158648,623745,4.207705807685852,0.452845811843872,1.0362412929534912
  -27,"graph_00000010000001",0.5069744699883639,0.5901212440834319,0.6402108383777378,980097,8.519613194465638,1.461967706680298,3.1617441177368164
  -28,"graph_00000010000011",0.503210154815716,0.6285390222581833,0.6683519810440202,1384193,15.609494602680206,3.2199296951293945,6.333135366439819
  -29,"graph_00000010010000",0.5104791014714796,0.6297535647179127,0.6525606358008593,1084417,9.772821605205536,2.2412567138671875,3.886320114135742
  -30,"graph_00000010010001",0.490048083401356,0.6307756114252239,0.6380211979373991,1440769,14.886020386219023,3.280815362930298,6.83996844291687
  -31,"graph_00000010010011",0.495245162381317,0.6421192330906175,0.6571768807278583,1844865,20.53014990091324,5.058651924133301,8.857147455215454
  -32,"graph_00000010010100",0.5009537912465718,0.647439267951329,0.6585886848631262,1539969,16.291854012012482,3.7593374252319336,6.422725200653076
  -33,"graph_00000010010101",0.4919055951699335,0.6476454571068105,0.6480313525180843,1896321,20.752047181129456,4.787219524383545,8.413530111312866
  -34,"graph_00000010010111",0.5096811280394964,0.6559524599197049,0.657370735705233,2300417,28.309066128730773,7.620434284210205,11.49935817718506
  -35,"graph_00000010110000",0.5012605775213237,0.6328446288036957,0.6505530686222027,1450241,11.433379793167116,2.359013795852661,4.170275449752808
  -36,"graph_00000010110001",0.5065950612107102,0.629697346238189,0.6279800305638294,1806593,16.511192786693574,2.9429473876953125,5.644367218017578
  -37,"graph_00000010110011",0.5160725125639325,0.6395987603037112,0.6399497389720854,2210689,23.164108216762543,5.854736089706421,10.968820810317991
  -38,"graph_00000010110100",0.4964746903527581,0.6368492760228841,0.6574753270283997,1905793,18.13950216770172,4.300687074661255,6.787332773208618
  -39,"graph_00000010110101",0.5063264769035738,0.6382645237092901,0.6437349725932128,2262145,21.95173869132996,5.071991443634033,8.580967664718628
  -40,"graph_00000010110111",0.5002649662934903,0.6526961883739396,0.6469484784428919,2666241,29.899124717712404,7.059117794036865,12.133992910385132
  -41,"graph_00000011010000",0.4964903633446451,0.6516655052997082,0.6704956098810847,1450241,11.824221754074095,2.3136019706726074,4.711282968521118
  -42,"graph_00000011010001",0.4958558694032065,0.6506741948640216,0.6486952321798691,1806593,16.11361449956894,4.073951244354248,6.456961154937744
  -43,"graph_00000011010011",0.4997559208945334,0.649739693990205,0.6411833446575067,2210689,22.412446594238283,5.305100917816162,9.746800661087036
  ... 1845 further lines not shown (cap is 50)

[RDB2G-Bench/rel-avito/user-clicks/4.csv] column change:
  removed: []
  added:   ['dataset', 'seed', 'task']
  diff --git a/RDB2G-Bench/rel-avito/user-clicks/4.csv b/RDB2G-Bench/rel-avito/user-clicks/4.csv
  index 551b445..f51602a 100644
  --- a/RDB2G-Bench/rel-avito/user-clicks/4.csv
  +++ b/RDB2G-Bench/rel-avito/user-clicks/4.csv
  @@ -1,945 +1,945 @@
  -idx,graph,train_metric,valid_metric,test_metric,params,train_time,valid_time,test_time
  -0,"graph_00000000000001",0.488802996451063,0.5918604376240862,0.6368996615330415,623745,6.214112210273743,1.1677958965301514,2.238369464874268
  -1,"graph_00000000000011",0.4910918689369388,0.6240250592559852,0.6559603613898306,1027841,12.96813679933548,3.093821287155152,4.897969722747803
  -2,"graph_00000000010000",0.5067440344427602,0.6361187313275509,0.6321057185931487,728065,7.493590092658996,1.5292818546295166,2.9846012592315674
  -3,"graph_00000000010001",0.4996624150040424,0.6347922116389327,0.6523853541835386,1084417,12.10900160074234,2.8002731800079346,5.074539661407471
  -4,"graph_00000000010011",0.5038461081240034,0.6384501891791248,0.6587235168764498,1488513,19.02481698989868,5.867080450057983,8.973454236984253
  -5,"graph_00000000010100",0.4973847880038585,0.6601308196142073,0.6552781800337666,1183617,13.90029730796814,3.8857343196868896,5.68925929069519
  -6,"graph_00000000010101",0.4968245849560682,0.651122793375414,0.6467370938739654,1539969,18.333871519565584,4.470381498336792,7.585601806640625
  -7,"graph_00000000010111",0.514254840750241,0.6639016938444049,0.6597487835092584,1944065,26.68492200374603,7.212731122970581,11.104276180267334
  -8,"graph_00000000110000",0.5019406500737467,0.6390926626346107,0.6515902885490874,1093889,10.018324398994446,2.2201178073883057,3.7998220920562735
  -9,"graph_00000000110001",0.4967017245094824,0.631802321113914,0.6237688536047474,1450241,13.446353566646575,3.1412904262542725,5.626547813415527
  -10,"graph_00000000110011",0.5023363285115042,0.6456213948093793,0.6482795120539535,1854337,20.303017258644104,4.820955514907837,7.79482364654541
  -11,"graph_00000000110100",0.4936873452767105,0.6616573220957672,0.6440220232294254,1549441,16.242310404777527,3.971696615219116,6.179513216018677
  -12,"graph_00000000110101",0.5011497226473304,0.6356484926420125,0.6457122847835138,1905793,21.71172393560409,6.935440301895142,10.187639474868774
  -13,"graph_00000000110111",0.499167282995798,0.6488348128995141,0.6498571181008331,2309889,29.85617426633835,11.920227289199827,14.433243036270142
  -14,"graph_00000001010000",0.5073523395900443,0.6541789507766491,0.6746004368385653,1093889,9.211064434051512,2.2429773807525635,3.64039945602417
  -15,"graph_00000001010001",0.4901221538698031,0.6529917951230468,0.6556385375344873,1450241,14.04227269887924,3.461312294006348,6.076951742172241
  -16,"graph_00000001010011",0.5041114126561643,0.6527714528339433,0.6682939017610805,1854337,21.55502690076828,5.622852087020874,10.052459955215454
  -17,"graph_00000001010100",0.5048152113211843,0.6721799963352907,0.6668291370979919,1549441,16.19084334373474,3.927295207977295,6.391273260116577
  -18,"graph_00000001010101",0.5035857707597367,0.6682047718718456,0.6828506690413115,1905793,20.781077110767363,7.233766794204712,11.487905263900757
  -19,"graph_00000001010111",0.5032060997521022,0.6526139622797644,0.6533774061008697,2309889,29.16627629995346,9.055837631225586,13.648528814315796
  -20,"graph_00000001110000",0.4987272648887038,0.6513244837390018,0.6690550663665189,1459713,12.046177041530608,2.9122233390808105,4.943089246749878
  -21,"graph_00000001110001",0.5097992987499064,0.6500282734293469,0.6607818712567316,1816065,15.694587683677671,3.7329797744750977,6.4226837158203125
  -22,"graph_00000001110011",0.4958153035653305,0.640949842739311,0.6631019827598039,2220161,22.83141943216324,5.95988917350769,11.013507604599
  -23,"graph_00000001110100",0.5031711357546824,0.6719442530724778,0.6737525679564786,1915265,18.530358290672304,5.565910816192627,7.158965826034546
  -24,"graph_00000001110101",0.4938259547238732,0.6740056848967346,0.681305777272956,2271617,23.755257833004,5.846230506896973,11.03974986076355
  -25,"graph_00000001110111",0.4977857566464431,0.6648570796207355,0.6639322648575443,2675713,29.13202291727066,7.843011856079102,11.98805809020996
  -26,"graph_00000010000000",0.5034044330274663,0.5755640729763154,0.6218507359568812,623745,3.98595062494278,0.6009316444396973,1.3354575634002686
  -27,"graph_00000010000001",0.5029082939040788,0.591729086035947,0.641471153098248,980097,8.45782380104065,1.5461561679840088,2.906827211380005
  -28,"graph_00000010000011",0.5028422423524312,0.6281123594620102,0.6562189586107184,1384193,15.717249464988708,3.5922083854675293,6.532993316650391
  -29,"graph_00000010010000",0.5052129761974835,0.6292187995647008,0.6158891878165622,1084417,9.982273530960082,2.0087878704071045,3.969661712646485
  -30,"graph_00000010010001",0.4858401815136164,0.6298511589479001,0.660661780686222,1440769,13.827943897247314,3.0260257720947266,5.75045371055603
  -31,"graph_00000010010011",0.4955473121259764,0.6449921550263984,0.6510792280345352,1844865,20.869655394554137,5.561999320983887,8.431874752044678
  -32,"graph_00000010010100",0.4993731601336488,0.6530355680397942,0.6341008034443788,1539969,16.133084309101104,3.9394915103912354,6.361867189407349
  -33,"graph_00000010010101",0.5034627658966397,0.6469338598780663,0.6354820523291194,1896321,21.28117413520813,4.956527948379517,8.145148754119873
  -34,"graph_00000010010111",0.4970571335432551,0.6610774048341325,0.6582161024025549,2300417,28.858483719825745,7.3730854988098145,12.488076210021973
  -35,"graph_00000010110000",0.4960363596385829,0.6301651220814498,0.6480518704331554,1450241,11.601353299617768,2.487272262573242,5.045006990432739
  -36,"graph_00000010110001",0.5014372673221981,0.6282760563787286,0.6602109870790038,1806593,16.81185164451599,3.373325824737549,6.162687301635742
  -37,"graph_00000010110011",0.5004076498064394,0.6430561311309175,0.6501506887156329,2210689,23.404695069789888,6.49807596206665,9.747401237487791
  -38,"graph_00000010110100",0.5002834896112539,0.6515501129295279,0.6412437116522312,1905793,18.45601427555084,4.411916494369507,7.700696229934692
  -39,"graph_00000010110101",0.5070698608943681,0.6510534397368765,0.6610120436586917,2262145,24.517034459114075,5.474221467971802,9.287869215011597
  -40,"graph_00000010110111",0.4990138366523389,0.6575832227243502,0.655873585622189,2666241,29.35559352636337,7.093158483505249,12.47382354736328
  -41,"graph_00000011010000",0.4992059828203334,0.6499903456582717,0.6475304151281804,1450241,11.771571314334867,2.3433310985565186,4.881793737411499
  -42,"graph_00000011010001",0.4908408768411129,0.6501431732310717,0.6540895707795149,1806593,16.372880160808563,3.358578681945801,6.46379017829895
  -43,"graph_00000011010011",0.5011698307462813,0.641567622096227,0.6602313191174922,2210689,22.451005852222444,5.601445913314819,9.274196863174438
  ... 1845 further lines not shown (cap is 50)

[RDB2G-Bench/rel-avito/user-visits/0.csv] column change:
  removed: []
  added:   ['dataset', 'seed', 'task']
  diff --git a/RDB2G-Bench/rel-avito/user-visits/0.csv b/RDB2G-Bench/rel-avito/user-visits/0.csv
  index 96a0c61..cc54420 100644
  --- a/RDB2G-Bench/rel-avito/user-visits/0.csv
  +++ b/RDB2G-Bench/rel-avito/user-visits/0.csv
  @@ -1,945 +1,945 @@
  -idx,graph,train_metric,valid_metric,test_metric,params,train_time,valid_time,test_time
  -0,"graph_00000000000001",0.4983935290524799,0.6963939787083168,0.6622331996579481,623745,6.667080962657929,1.0793702602386477,1.3051118850708008
  -1,"graph_00000000000011",0.5023468920940406,0.6992762411153739,0.6635549180787101,1027841,13.653669393062591,2.9127066135406494,3.151968240737915
  -2,"graph_00000000010000",0.4993239565039455,0.6264415012912617,0.6127668036575831,728065,8.063997757434844,1.2334256172180176,1.4881303310394287
  -3,"graph_00000000010001",0.5012430006423507,0.6950203917064717,0.6613264591480924,1084417,11.901247668266295,2.2851452827453613,3.055897951126098
  -4,"graph_00000000010011",0.4994900963348537,0.6968390155880698,0.6634676834392075,1488513,18.96895753145218,4.6189494132995605,5.264923334121704
  -5,"graph_00000000010100",0.4970975630192164,0.6247182388091403,0.6138747758113168,1183489,13.700379025936126,2.837674379348755,3.4181952476501465
  -6,"graph_00000000010101",0.4935352957675599,0.6983273744529052,0.6640958017791718,1539841,17.376086616516112,3.7541215419769287,4.282851696014404
  -7,"graph_00000000010111",0.4966665860721432,0.698026378271164,0.66182357482284,1943937,22.82075818777084,6.523687124252319,7.1753089427948
  -8,"graph_00000000110000",0.4948723193587203,0.6244583861739919,0.6141946160620317,1093889,9.926703190803527,1.5513463020324707,2.1138617992401123
  -9,"graph_00000000110001",0.4964152951517357,0.6963693104466655,0.6606964720541895,1450241,13.442664563655851,2.32619047164917,2.7834272384643555
  -10,"graph_00000000110011",0.5012338849046172,0.6982962679408642,0.663381817209847,1854337,19.24509735107421,4.884474754333496,5.625428676605225
  -11,"graph_00000000110100",0.5043532658128612,0.6252547447863508,0.6080277612198811,1549313,15.227769839763642,3.1357245445251465,3.732936143875122
  -12,"graph_00000000110101",0.4973277881591473,0.6983365819804691,0.6616013227112717,1905665,18.23053905963898,3.960407495498657,4.977560520172119
  -13,"graph_00000000110111",0.5014257140444444,0.6980868301881024,0.6612775490349279,2309761,24.8023695230484,6.339974403381348,7.331348896026611
  -14,"graph_00000001010000",0.4984375694310927,0.6296714164577096,0.6165568265346277,1093889,9.731488001346587,1.5764431953430176,2.1064157485961914
  -15,"graph_00000001010001",0.5006647781888846,0.695985363566149,0.661761854702838,1450241,13.267534446716308,2.4617037773132324,3.1650753021240234
  -16,"graph_00000001010011",0.5016814072830578,0.6970346452398971,0.6625385450091615,1854337,19.578445696830748,4.805353164672852,5.430832386016846
  -17,"graph_00000001010100",0.502588545126757,0.6269930277257734,0.6162375077265441,1549313,14.861707818508147,3.127647399902344,3.6957485675811768
  -18,"graph_00000001010101",0.4982329577789043,0.6954159453039939,0.6621528552950642,1905665,18.32123898267746,3.980623245239258,4.949996471405029
  -19,"graph_00000001010111",0.4981427415221513,0.6975221145924853,0.6599352471937676,2309761,24.995594394207,6.199254035949707,7.380999565124512
  -20,"graph_00000001110000",0.5010910346814753,0.6279561682892547,0.6171109150915491,1459713,11.46827963590622,1.896364450454712,2.4468467235565186
  -21,"graph_00000001110001",0.500735595949382,0.6963507805367237,0.6632350175456101,1816065,14.823167991638185,2.670865774154663,3.1758687496185303
  -22,"graph_00000001110011",0.500719342859458,0.6975430947384524,0.6635976462332811,2220161,21.497189450263978,5.191596508026123,5.902591943740845
  -23,"graph_00000001110100",0.4992322926098848,0.6281072597966626,0.6131317803441544,1915137,16.383304035663606,3.492368698120117,4.210465669631958
  -24,"graph_00000001110101",0.4991282354709461,0.6989700700861939,0.6618955067788808,2271489,19.713331472873687,4.250413179397583,4.848774671554565
  -25,"graph_00000001110111",0.4987119154607827,0.6979195888177251,0.6640889175307917,2675585,26.33507791757584,6.796054363250732,7.684576272964477
  -26,"graph_00000010000000",0.4973090837784041,0.6107899614544693,0.6092923289254331,623745,5.510627520084381,0.3925800323486328,0.5415384769439697
  -27,"graph_00000010000001",0.4999243804922124,0.6956352733323788,0.6600932593816361,980097,9.604751300811769,1.270998239517212,1.6887240409851074
  -28,"graph_00000010000011",0.4988383922181121,0.6994105063925764,0.6621493920720393,1384193,14.97550574541092,3.110893726348877,3.592171430587769
  -29,"graph_00000010010000",0.5045719020377143,0.6428638254018979,0.6281612941779308,1084417,10.12873467206955,1.5394680500030518,1.957657814025879
  -30,"graph_00000010010001",0.4989482000415394,0.6940231009783869,0.6639050592703042,1440769,13.614006364345553,2.414602518081665,2.972885131835937
  -31,"graph_00000010010011",0.5044019297199164,0.6961648880207679,0.6638010872265736,1844865,19.703066885471344,4.677188873291016,5.60335373878479
  -32,"graph_00000010010100",0.4982725411229986,0.6431391642944255,0.6284096244493009,1539841,15.143378853797913,3.1582908630371094,3.928878307342529
  -33,"graph_00000010010101",0.4980715172976149,0.6955671963319763,0.6586671047427781,1896193,18.13552477359772,3.911426305770874,4.570119619369507
  -34,"graph_00000010010111",0.5013028141706571,0.6980163603790812,0.6575001673740423,2300289,24.46568259000778,6.45322322845459,7.525423288345337
  -35,"graph_00000010110000",0.4997163662670216,0.6434575354571486,0.634315773046417,1450241,11.752334988117218,1.7999529838562012,2.284445285797119
  -36,"graph_00000010110001",0.5003446822866336,0.6963936788096364,0.6565477689856991,1806593,15.07559096813202,2.719202995300293,3.368448495864868
  -37,"graph_00000010110011",0.499475926373129,0.6981882533694127,0.6618855511429788,2210689,21.98716535568237,5.028558969497681,6.073769569396973
  -38,"graph_00000010110100",0.4966330191774861,0.6451429341356903,0.6323754970719699,1905665,17.111071717739105,3.3354811668396,4.179608583450317
  -39,"graph_00000010110101",0.4969863435149156,0.6970556253858643,0.6597544573066826,2262017,20.423329162597657,4.228390216827393,5.384188652038574
  -40,"graph_00000010110111",0.498888030857199,0.6985617867468213,0.6622288954956507,2666113,27.760620307922363,6.743874311447144,7.84589958190918
  -41,"graph_00000011010000",0.501751212791766,0.6454558560755862,0.6310516808242058,1450241,12.189455020427705,1.8588228225708008,2.523566484451294
  -42,"graph_00000011010001",0.5005355984456965,0.6952400004910682,0.658007051809298,1806593,15.779687452316283,2.8979525566101074,3.553662300109864
  -43,"graph_00000011010011",0.495684371193816,0.6965956063337477,0.6623197531064989,2210689,22.654738509655,5.156186103820801,5.968023777008057
  ... 1845 further lines not shown (cap is 50)

[RDB2G-Bench/rel-avito/user-visits/1.csv] column change:
  removed: []
  added:   ['dataset', 'seed', 'task']
  diff --git a/RDB2G-Bench/rel-avito/user-visits/1.csv b/RDB2G-Bench/rel-avito/user-visits/1.csv
  index 74a1211..33100f9 100644
  --- a/RDB2G-Bench/rel-avito/user-visits/1.csv
  +++ b/RDB2G-Bench/rel-avito/user-visits/1.csv
  @@ -1,945 +1,945 @@
  -idx,graph,train_metric,valid_metric,test_metric,params,train_time,valid_time,test_time
  -0,"graph_00000000000001",0.4986918150323984,0.698988121434412,0.663558414457047,623745,7.26739399433136,1.292217254638672,1.5566551685333252
  -1,"graph_00000000000011",0.5019306479050537,0.6975194920742394,0.6628900515967785,1027841,14.713142359256745,3.6456687450408936,4.0999755859375
  -2,"graph_00000000010000",0.5096480477288334,0.6225829921103166,0.6149403634200749,728065,8.55881633758545,1.628809928894043,2.0519251823425293
  -3,"graph_00000000010001",0.500983800088079,0.6964833740383047,0.6610515533872436,1084417,13.985181963443756,2.771403789520264,3.506731986999512
  -4,"graph_00000000010011",0.4986100798041488,0.6965050050282162,0.6644094781560086,1488513,19.78550386428833,4.813050031661987,5.636852025985718
  -5,"graph_00000000010100",0.5032155581164597,0.6252429402638329,0.6154729854196563,1183489,14.287807321548462,3.1372735500335693,4.305814504623413
  -6,"graph_00000000010101",0.5044598391205329,0.695881566718689,0.661350427424415,1539841,19.79692507982254,5.394086837768555,6.120747804641724
  -7,"graph_00000000010111",0.4991125436140604,0.6985695394467455,0.6623599403585372,1943937,25.68057738542557,6.9665117263793945,8.105942487716675
  -8,"graph_00000000110000",0.504239844367796,0.6277388246968171,0.6150365288949325,1093889,10.944637012481689,2.080283164978028,2.542332172393799
  -9,"graph_00000000110001",0.5013274482363982,0.6966132110243572,0.6625010342950226,1450241,16.140482223033906,3.1880974769592285,4.049972772598267
  -10,"graph_00000000110011",0.4961572795964695,0.6975124859306044,0.6626261714841676,1854337,22.13221493959427,5.140241622924805,6.055444717407227
  -11,"graph_00000000110100",0.5035401704595119,0.6253360364711507,0.6141296798767837,1549313,17.399459302425385,3.7400906085968018,4.460123777389526
  -12,"graph_00000000110101",0.4971619430146672,0.6977625822874122,0.6608275350017914,1905665,21.264213979244232,5.041285037994385,6.54073429107666
  -13,"graph_00000000110111",0.5023634406520544,0.6982505429633701,0.6629991807985557,2309761,27.267896723747253,7.446111917495727,8.551220655441284
  -14,"graph_00000001010000",0.5043702880578126,0.6277062250721984,0.6161066406966936,1093889,11.220608198642733,1.904803991317749,2.515696287155152
  -15,"graph_00000001010001",0.5002732493584465,0.6963461608208841,0.6606150878201623,1450241,15.669805884361269,3.365264177322388,4.484615325927734
  -16,"graph_00000001010011",0.495493651231818,0.697594262557951,0.6629033559191739,1854337,21.6830087184906,5.22208309173584,5.622151613235474
  -17,"graph_00000001010100",0.5030521142364555,0.6288575743903781,0.6161255784079781,1549313,17.58182688951492,3.378536462783813,4.062934637069702
  -18,"graph_00000001010101",0.5012856582615698,0.6960522792567688,0.6635609764584145,1905665,21.84718281030655,4.754409313201904,6.154639005661011
  -19,"graph_00000001010111",0.4995106407470344,0.6981806219051253,0.6646812371763543,2309761,27.76044739484787,6.722053050994873,8.018630743026733
  -20,"graph_00000001110000",0.5010020690833035,0.6293745103835005,0.6176353145738006,1459713,13.012315583229064,2.283219814300537,2.918661594390869
  -21,"graph_00000001110001",0.4996455188033829,0.696230655163251,0.6619302173762311,1816065,16.68420479297638,3.726736545562744,4.434469223022461
  -22,"graph_00000001110011",0.5022037104463747,0.6972580123292305,0.6618552833574116,2220161,23.390719282627103,5.699208736419678,6.4885101318359375
  -23,"graph_00000001110100",0.5027439644686396,0.6282596147070211,0.6139298437701212,1915137,19.99767394065857,4.353342056274414,5.101828336715698
  -24,"graph_00000001110101",0.4999872354658558,0.6959611866278674,0.6634709959562698,2271489,23.408062505722047,5.187259435653687,6.394935846328735
  -25,"graph_00000001110111",0.5014266246802238,0.6979458522851221,0.6641637520836757,2675585,30.926414406299592,7.927823066711426,9.04814910888672
  -26,"graph_00000010000000",0.5016198350161215,0.6110312203714461,0.6094265808112077,623745,6.806900346279145,0.6174004077911377,0.8491425514221191
  -27,"graph_00000010000001",0.5011346537444786,0.6957178794667133,0.6597382534015632,980097,10.834724175930024,1.7406766414642334,2.202122449874878
  -28,"graph_00000010000011",0.5033057431067482,0.697042078898672,0.6615784003343309,1384193,17.078242325782774,3.751199960708618,4.5622031688690186
  -29,"graph_00000010010000",0.4970277536022,0.641954934595416,0.631859820450845,1084417,12.015880835056304,2.072704315185547,2.763290882110596
  -30,"graph_00000010010001",0.5003363333589427,0.6957287332466069,0.6609104112248501,1440769,17.05414057970047,2.548211097717285,4.425978422164917
  -31,"graph_00000010010011",0.4979014167873125,0.6961568354221639,0.6621157816282174,1844865,23.128077507019043,4.945881128311157,6.135658264160156
  -32,"graph_00000010010100",0.4951500007385139,0.6446358692757223,0.6313170710105639,1539841,18.922014749050145,4.229938745498657,5.2212748527526855
  -33,"graph_00000010010101",0.4976106269422649,0.696795007051958,0.6620957980175511,1896193,22.1600891828537,5.050189256668091,5.9178009033203125
  -34,"graph_00000010010111",0.5017092250565495,0.6973880917865561,0.6612829654072306,2300289,28.045306754112243,7.0641419887542725,8.351488590240479
  -35,"graph_00000010110000",0.5001061113456582,0.6430094995905935,0.6312113718764998,1450241,14.304999113082886,2.366382837295532,3.1086244583129883
  -36,"graph_00000010110001",0.5052415124586918,0.6970464880473531,0.6614315675147824,1806593,18.723751306533813,3.491403341293335,4.363571882247925
  -37,"graph_00000010110011",0.4964405154636867,0.6969528494700816,0.6612226800079944,2210689,24.6131155371666,5.543827056884766,6.566827774047852
  -38,"graph_00000010110100",0.4977421321287523,0.6457875057309361,0.6321361699748174,1905665,19.048828315734863,3.910353183746338,4.79803204536438
  -39,"graph_00000010110101",0.490618981166495,0.6954374103925076,0.6567535941473231,2262017,23.996711683273315,5.130098342895508,6.632053852081299
  -40,"graph_00000010110111",0.4963300244680095,0.6969686802919017,0.6586060748560858,2666113,30.77167899608612,7.952911615371704,8.394675254821777
  -41,"graph_00000011010000",0.4938754147136955,0.6452019120825196,0.6327907914653983,1450241,12.06043666601181,2.612020254135132,3.502431869506836
  -42,"graph_00000011010001",0.4996137786519158,0.6953808635392348,0.6634648983930151,1806593,18.24374407529831,3.5043370723724365,4.876599550247192
  -43,"graph_00000011010011",0.496356066306316,0.6967440115146801,0.6644475012704211,2210689,23.7892782330513,5.247598886489868,6.141292333602905
  ... 1845 further lines not shown (cap is 50)

[RDB2G-Bench/rel-avito/user-visits/2.csv] column change:
  removed: []
  added:   ['dataset', 'seed', 'task']
  diff --git a/RDB2G-Bench/rel-avito/user-visits/2.csv b/RDB2G-Bench/rel-avito/user-visits/2.csv
  index 0c0d205..46de39a 100644
  --- a/RDB2G-Bench/rel-avito/user-visits/2.csv
  +++ b/RDB2G-Bench/rel-avito/user-visits/2.csv
  @@ -1,945 +1,945 @@
  -idx,graph,train_metric,valid_metric,test_metric,params,train_time,valid_time,test_time
  -0,"graph_00000000000001",0.4947179216485661,0.6969675955519947,0.6598808905671076,623745,8.230483615398407,1.373384952545166,1.651092529296875
  -1,"graph_00000000000011",0.5027696545592202,0.698582250046127,0.6636714409150218,1027841,17.322586274147035,4.259855270385742,4.518323421478272
  -2,"graph_00000000010000",0.5078224223148107,0.6244490765532601,0.6109963100066986,728065,9.552970683574676,1.9494221210479736,2.318387031555176
  -3,"graph_00000000010001",0.502855491947616,0.6952671572736827,0.6613437330655477,1084417,15.465188372135165,2.9433369636535645,3.9057343006134033
  -4,"graph_00000000010011",0.4996519198303336,0.6966929521691722,0.6606180959111796,1488513,23.4429346203804,5.401195526123047,6.124408960342407
  -5,"graph_00000000010100",0.5010035378254747,0.6251194139117102,0.6139751972225639,1183617,16.2500919342041,3.530646562576294,4.3971874713897705
  -6,"graph_00000000010101",0.4967746218686932,0.6968492376664881,0.6601600703490612,1539969,22.29583644866944,5.1270751953125,5.906992197036743
  -7,"graph_00000000010111",0.4972490255900128,0.6984631647468005,0.6601335310290135,1944065,30.31918638944626,8.09203815460205,9.042032241821287
  -8,"graph_00000000110000",0.5020475586875605,0.625219567309247,0.6143160428703729,1093889,11.959332001209258,2.186286687850952,2.7834935188293457
  -9,"graph_00000000110001",0.4985516310570193,0.6973592887516122,0.6646571724482156,1450241,16.652215373516082,2.9644110202789307,3.914141178131104
  -10,"graph_00000000110011",0.5038190298033566,0.6983076768523574,0.6615839704267157,1854337,25.46907742023468,6.086432218551636,6.916644334793091
  -11,"graph_00000000110100",0.4975890147803206,0.6268325946935187,0.6155129224997962,1549441,22.544561553001405,5.250097036361694,5.84850811958313
  -12,"graph_00000000110101",0.4974792538565902,0.6976043953048475,0.6618638344137404,1905793,23.68977361917496,5.421442985534668,6.870088338851929
  -13,"graph_00000000110111",0.5030037426708436,0.698546026114054,0.6606381126771577,2309889,32.36966872215271,7.908584356307983,9.205627679824827
  -14,"graph_00000001010000",0.5014987392173376,0.6263978373195909,0.6173440994136585,1093889,12.117237865924835,2.2802391052246094,2.961180686950684
  -15,"graph_00000001010001",0.5035213472662035,0.6961080986962218,0.6621389360923408,1450241,17.132843565940856,3.482596635818481,4.4468653202056885
  -16,"graph_00000001010011",0.5004342716507728,0.6963826655091684,0.6638488369038249,1854337,25.86597008705139,6.276702880859375,6.976940155029297
  -17,"graph_00000001010100",0.4992805039348658,0.626309118356839,0.6122032989921062,1549441,19.102415025234222,4.133565664291382,4.954662084579468
  -18,"graph_00000001010101",0.4946158811965896,0.6970717114406038,0.6625412727870881,1905793,23.989160585403443,5.390252113342285,6.644115447998047
  -19,"graph_00000001010111",0.5011216562751738,0.6986138606431834,0.6621307889279923,2309889,32.934428656101225,7.952956199645996,9.559059381484984
  -20,"graph_00000001110000",0.5058348413044955,0.6268246824730201,0.6146813752230161,1459713,14.41391189098358,2.412055492401123,3.222578287124634
  -21,"graph_00000001110001",0.5011268340016999,0.695239713354034,0.6600484454565401,1816065,18.79014058113098,3.6815905570983887,4.823482990264893
  -22,"graph_00000001110011",0.5004714248089115,0.6986134841746274,0.6586936651616605,2220161,27.4289403796196,6.352519512176514,7.61868691444397
  -23,"graph_00000001110100",0.4983998823980723,0.6261417940357632,0.6150529829719502,1915265,25.779433810710906,6.099260330200195,6.773905038833618
  -24,"graph_00000001110101",0.5039202002659575,0.698006087254079,0.6621109439668117,2271617,26.900929403305053,6.125729560852051,7.078393936157227
  -25,"graph_00000001110111",0.5007685984843544,0.6996171748681639,0.6646177206412758,2675713,34.863458323478696,8.848448991775513,9.526776790618896
  -26,"graph_00000010000000",0.5061474074604261,0.611980859113496,0.6071611446655594,623745,6.4308263778686525,0.8320291042327881,1.1614956855773926
  -27,"graph_00000010000001",0.4982936874146214,0.6957667884748759,0.6616081707902208,980097,11.457695615291597,1.745877027511597,2.260629892349243
  -28,"graph_00000010000011",0.497934437300502,0.6968680674751101,0.6616535423273793,1384193,19.33647419214249,4.157769441604614,5.211007356643677
  -29,"graph_00000010010000",0.5033454960714125,0.6426919260307435,0.6310638970495497,1084417,12.637450468540193,2.4166104793548584,3.0383758544921875
  -30,"graph_00000010010001",0.4990651928985154,0.6949426541400732,0.6611821823016728,1440769,18.439439404010773,2.957685232162476,3.917311429977417
  -31,"graph_00000010010011",0.49578501012652,0.6962896522525491,0.6622764492551502,1844865,27.22317190170288,7.000563859939575,7.752058267593384
  -32,"graph_00000010010100",0.50100628771103,0.6450239636911775,0.630405556135807,1539969,20.618585729599,4.224178552627564,5.406800746917725
  -33,"graph_00000010010101",0.5017026403391196,0.6966115456295587,0.6626750002161124,1896321,24.47559448480606,5.2632386684417725,6.488005876541138
  -34,"graph_00000010010111",0.5020010607648355,0.6978319673565265,0.6628855304178948,2300417,34.35802582502365,8.424382209777832,9.239768266677856
  -35,"graph_00000010110000",0.5054397183939598,0.6438223207262479,0.6316668143384161,1450241,17.81741381883621,2.811662197113037,4.209945440292358
  -36,"graph_00000010110001",0.5025524401768416,0.6970134290034795,0.6614401667970193,1806593,20.060832798480988,4.088392496109009,5.54783296585083
  -37,"graph_00000010110011",0.5074029631516086,0.6966210721982719,0.6647706238970056,2210689,29.75307492017746,6.632091999053955,7.546119213104248
  -38,"graph_00000010110100",0.4964443674921168,0.645733613300024,0.6303403215527527,1905793,22.152152752876283,4.629350662231445,5.1838538646698
  -39,"graph_00000010110101",0.4982426886843275,0.6958938689453998,0.6597347359243917,2262145,27.25095915794373,6.082975625991821,6.923592805862427
  -40,"graph_00000010110111",0.5040471100638207,0.6962899840553443,0.6607652843968004,2666241,37.4400598526001,8.852462530136108,9.273945093154907
  -41,"graph_00000011010000",0.506324334221597,0.6444655587294903,0.6349739361271236,1450241,14.984711265563964,2.9182705879211426,3.487900972366333
  -42,"graph_00000011010001",0.5007173394607433,0.6947970820445455,0.6601598382618785,1806593,20.904987454414368,3.741058349609375,4.6083269119262695
  -43,"graph_00000011010011",0.494637935779007,0.697067181056286,0.6599116617105906,2210689,29.62011097669601,6.7022035121917725,7.640740871429443
  ... 1845 further lines not shown (cap is 50)

[RDB2G-Bench/rel-avito/user-visits/3.csv] column change:
  removed: []
  added:   ['dataset', 'seed', 'task']
  diff --git a/RDB2G-Bench/rel-avito/user-visits/3.csv b/RDB2G-Bench/rel-avito/user-visits/3.csv
  index 0de9d14..fcbca56 100644
  --- a/RDB2G-Bench/rel-avito/user-visits/3.csv
  +++ b/RDB2G-Bench/rel-avito/user-visits/3.csv
  @@ -1,945 +1,945 @@
  -idx,graph,train_metric,valid_metric,test_metric,params,train_time,valid_time,test_time
  -0,"graph_00000000000001",0.500195883618615,0.6956838952035072,0.6616004184754949,623745,7.345341801643372,1.170276165008545,1.381608009338379
  -1,"graph_00000000000011",0.5011518557716012,0.6984285615437651,0.6616927138212282,1027841,13.91697108745575,3.2598624229431152,3.638529300689697
  -2,"graph_00000000010000",0.4986513577906205,0.6266635603118833,0.6145476417657536,728065,8.300829410552979,1.4172449111938477,1.7318482398986816
  -3,"graph_00000000010001",0.5007397356292858,0.6966460531202493,0.6592028795111011,1084417,12.37090630531311,2.316202163696289,2.952054500579834
  -4,"graph_00000000010011",0.4994636386525689,0.6972422134115251,0.6579814800215313,1488513,19.011356377601626,4.431565523147583,5.413231134414673
  -5,"graph_00000000010100",0.4998815602873778,0.6264508364352853,0.6103146850217044,1183489,13.659220445156098,3.197517871856689,3.5458872318267822
  -6,"graph_00000000010101",0.4991108130152487,0.6962890715976576,0.6623278249178661,1539841,17.732815408706664,4.286573171615601,4.9632978439331055
  -7,"graph_00000000010111",0.5015425466607897,0.6975675460521223,0.6637321693897889,1943937,24.415280950069427,6.525972366333008,7.363104820251465
  -8,"graph_00000000110000",0.5016660820254686,0.6271430217316281,0.6120724982728795,1093889,10.373290753364564,1.681305170059204,2.230483293533325
  -9,"graph_00000000110001",0.5039825213647191,0.6959473849077559,0.6633869472408204,1450241,14.158684587478636,2.5549678802490234,3.0400285720825195
  -10,"graph_00000000110011",0.491945354618175,0.6983887324467069,0.6629427715566827,1854337,19.775410974025725,5.185578107833862,5.773053646087647
  -11,"graph_00000000110100",0.5029220473073365,0.6241205662628176,0.6128525824774853,1549313,15.423638391494752,3.358306646347046,4.229159593582153
  -12,"graph_00000000110101",0.5075108301092501,0.6968977191595108,0.6602760476297876,1905665,19.13154828548432,4.572961330413818,5.644419431686401
  -13,"graph_00000000110111",0.4997914143801699,0.6977466812765393,0.6609854145684126,2309761,26.30132013559341,6.780194282531738,7.978157758712768
  -14,"graph_00000001010000",0.4967183172193687,0.627923096483735,0.6158265868201559,1093889,10.495371985435488,1.8656105995178225,2.441007375717163
  -15,"graph_00000001010001",0.5001545587324465,0.6951099337953883,0.6603300968162835,1450241,14.120700800418854,2.4362056255340576,3.2129294872283936
  -16,"graph_00000001010011",0.4989194341125108,0.6987315995888606,0.6620084488415166,1854337,21.378846323490144,5.341775894165039,5.956251621246338
  -17,"graph_00000001010100",0.5037953696879856,0.6291473467044926,0.6173795424419881,1549313,15.75018800497055,3.515854835510254,4.049777507781982
  -18,"graph_00000001010101",0.4975529754899808,0.6969874526731168,0.6624410714065468,1905665,19.349327826499938,4.52685284614563,4.973473787307739
  -19,"graph_00000001010111",0.4945148342365235,0.6973162373389478,0.6632390896207248,2309761,26.51310648918152,7.108013391494751,7.872509717941284
  -20,"graph_00000001110000",0.5021895780044074,0.6270295898414644,0.607665153631045,1459713,12.071745657920838,2.015526294708252,2.657937526702881
  -21,"graph_00000001110001",0.5001424812788604,0.6961759906527579,0.6597817561847829,1816065,15.7627445936203,2.938201427459717,3.748211145401001
  -22,"graph_00000001110011",0.5011771706646073,0.6973338675528489,0.6621071220635952,2220161,22.679845607280733,5.279363632202148,6.227122783660889
  -23,"graph_00000001110100",0.5036822976456615,0.6269101791201656,0.615332247149243,1915137,17.633676826953888,3.593994140625,4.421576023101807
  -24,"graph_00000001110101",0.502546778601777,0.6971918559565453,0.6602899788889882,2271489,20.501051259040832,4.921159505844116,5.433831691741943
  -25,"graph_00000001110111",0.5014095031642476,0.6995212902412025,0.6611505762471561,2675585,28.695499348640443,7.163302183151245,8.03938889503479
  -26,"graph_00000010000000",0.5002639944849459,0.6117039952042755,0.6067661955771079,623745,5.620537376403808,0.4834098815917969,0.6801457405090332
  -27,"graph_00000010000001",0.5038110474749622,0.6961602236391675,0.6617627920939266,980097,9.787180948257449,1.5050866603851318,1.8570542335510247
  -28,"graph_00000010000011",0.4958375729617019,0.6958457256359951,0.6612648173951912,1384193,16.409776985645294,3.7940659523010254,4.369282484054565
  -29,"graph_00000010010000",0.496241482530432,0.6416262328802839,0.6319599042807353,1084417,11.07208766937256,1.6430749893188477,2.3115217685699463
  -30,"graph_00000010010001",0.4978268869158138,0.696420076274316,0.6590167727176489,1440769,14.732726442813874,2.5979549884796143,3.38811469078064
  -31,"graph_00000010010011",0.5019519419307216,0.6977395028506836,0.662501344749306,1844865,21.19065363407135,4.623743534088135,5.295457601547241
  -32,"graph_00000010010100",0.4995740702419635,0.6441672169701101,0.6293148006312627,1539841,16.02773826122284,3.330634355545044,4.001765012741089
  -33,"graph_00000010010101",0.5010601379428891,0.6963156413445578,0.6550227030093414,1896193,20.054329550266267,4.650719881057739,5.259039878845215
  -34,"graph_00000010010111",0.5070274669825197,0.698973777344347,0.6649105664399354,2300289,27.14410994052887,7.148188352584839,8.030961990356445
  -35,"graph_00000010110000",0.5047437104786416,0.6423705941661565,0.6325572966890056,1450241,12.537334990501405,1.9949817657470703,2.770550489425659
  -36,"graph_00000010110001",0.5008060947919413,0.6963442912397502,0.6592360257805577,1806593,16.57304824590683,3.017754316329956,3.8986122608184814
  -37,"graph_00000010110011",0.5002914190826462,0.6962271903763713,0.6614694610220669,2210689,24.062183272838592,5.046491384506226,6.465117454528809
  -38,"graph_00000010110100",0.5030179157592148,0.6441752312837765,0.6275305384836176,1905665,17.303398084640502,3.746377229690552,4.3449015617370605
  -39,"graph_00000010110101",0.5024032139399206,0.6960150152505498,0.6607291782622347,2262017,22.53661479949951,4.747354745864868,5.754999876022339
  -40,"graph_00000010110111",0.5009801794314863,0.6983329959579528,0.6613099508169283,2666113,27.75270749330521,7.278166055679321,8.30001425743103
  -41,"graph_00000011010000",0.4987065212139897,0.6444190425299462,0.6343177081109792,1450241,12.508321809768676,1.968857288360596,2.7213587760925293
  -42,"graph_00000011010001",0.4975265303142818,0.6956543583739203,0.6612980571023447,1806593,16.9816681265831,2.8727126121521,3.552046060562134
  -43,"graph_00000011010011",0.4998008693590436,0.6964880894664889,0.6604838048418548,2210689,23.85010122060776,5.712567329406738,6.515948057174683
  ... 1845 further lines not shown (cap is 50)

[RDB2G-Bench/rel-avito/user-visits/4.csv] column change:
  removed: []
  added:   ['dataset', 'seed', 'task']
  diff --git a/RDB2G-Bench/rel-avito/user-visits/4.csv b/RDB2G-Bench/rel-avito/user-visits/4.csv
  index 1a06f76..db1b236 100644
  --- a/RDB2G-Bench/rel-avito/user-visits/4.csv
  +++ b/RDB2G-Bench/rel-avito/user-visits/4.csv
  @@ -1,945 +1,945 @@
  -idx,graph,train_metric,valid_metric,test_metric,params,train_time,valid_time,test_time
  -0,"graph_00000000000001",0.500665947554658,0.6978109297831524,0.6610944533466122,623745,6.436563718318939,1.3277020454406738,1.600804328918457
  -1,"graph_00000000000011",0.502076017423575,0.6959683395304312,0.664107972792727,1027841,13.148191344738006,3.6356263160705566,4.084899425506592
  -2,"graph_00000000010000",0.5041589681856595,0.624793768610787,0.6162889707987184,728065,7.839245498180389,1.5666804313659668,2.110292673110962
  -3,"graph_00000000010001",0.5006126866956553,0.6957952660878478,0.6554519527749243,1084417,12.742412960529329,2.964491844177246,3.5890049934387207
  -4,"graph_00000000010011",0.5028825718325448,0.6976124861883897,0.6647207010397711,1488513,19.25276839733124,4.879482746124268,5.701284646987915
  -5,"graph_00000000010100",0.4990390814923253,0.6248475461868852,0.6145742323258286,1183489,13.491827297210694,3.671775341033936,4.685972690582275
  -6,"graph_00000000010101",0.4970830530346899,0.6973638191359298,0.6630792418342295,1539841,18.63017544746399,5.019701957702637,5.453699588775635
  -7,"graph_00000000010111",0.5013898654795381,0.6978374421026455,0.6599756816035848,1943937,25.109405279159542,7.063034772872925,7.922441005706787
  -8,"graph_00000000110000",0.5016503143474065,0.6257136471944453,0.6083794637252496,1093889,9.82324995994568,1.964655876159668,2.608217000961304
  -9,"graph_00000000110001",0.5032262403040662,0.6965015466221596,0.6588769748524436,1450241,14.945241796970368,3.034597396850586,3.7852087020874015
  -10,"graph_00000000110011",0.5003157053089694,0.6967111438954959,0.6620267656442345,1854337,21.094959104061125,4.902064323425293,6.077800035476685
  -11,"graph_00000000110100",0.4993060423830934,0.6262003572290985,0.614255573609862,1549313,16.22849123477936,4.070483684539795,4.792829990386963
  -12,"graph_00000000110101",0.5016824046832762,0.6978342134062163,0.6619803572500521,1905665,20.35483125448227,4.85429048538208,5.587968111038208
  -13,"graph_00000000110111",0.4983273911000608,0.6980206546729484,0.664499654575905,2309761,25.63491327762604,7.698930263519287,8.748612880706787
  -14,"graph_00000001010000",0.4962976152142015,0.6300532449049957,0.6174548411692375,1093889,9.989727699756624,1.972533941268921,2.297157049179077
  -15,"graph_00000001010001",0.4989105169168268,0.6967843510775767,0.6612934002880944,1450241,13.990846860408784,3.4681358337402344,4.131143093109131
  -16,"graph_00000001010011",0.5016951160644305,0.6971123062364198,0.6600226054121596,1854337,20.129611694812773,5.348719835281372,6.089923620223999
  -17,"graph_00000001010100",0.4990081527056129,0.6262897525590865,0.6160572422962096,1549313,16.258348536491393,3.560582160949707,4.13475775718689
  -18,"graph_00000001010101",0.5025928552088923,0.6961489423441342,0.659136409139152,1905665,20.95653256177902,4.588016033172607,5.664870262145996
  -19,"graph_00000001010111",0.5035236093949123,0.6957884130839644,0.661894967251534,2309761,26.62803477048874,6.9095423221588135,7.923515558242798
  -20,"graph_00000001110000",0.4992509579075471,0.6265297544539357,0.6175958537245031,1459713,11.739706599712372,2.380579948425293,3.148101568222046
  -21,"graph_00000001110001",0.5003888399144885,0.697723167943848,0.6633590153976764,1816065,16.00148551464081,3.376399278640747,4.293692350387573
  -22,"graph_00000001110011",0.5011884586399641,0.6975949070210723,0.663638571944537,2220161,22.12935897111893,5.16196084022522,6.250842809677124
  -23,"graph_00000001110100",0.4950109243776406,0.6291014047790169,0.6168512637882542,1915137,19.760855412483217,3.985757112503052,5.054016590118408
  -24,"graph_00000001110101",0.4977095884291469,0.6964187873480736,0.6588590890687792,2271489,23.57173644304276,5.374939918518066,6.094050168991089
  -25,"graph_00000001110111",0.5002614189099301,0.6987565996533069,0.6619891253229674,2675585,28.659007525444032,7.214555978775024,8.443042755126953
  -26,"graph_00000010000000",0.4966420098493615,0.6122824869967122,0.6091543787153314,623745,4.838805091381073,0.6324045658111572,0.8652374744415283
  -27,"graph_00000010000001",0.5026222542838277,0.6986223024719895,0.6587576097016734,980097,9.242995071411134,1.7721378803253174,2.2015819549560547
  -28,"graph_00000010000011",0.5003923159636825,0.696638421655962,0.6603457943493679,1384193,16.670341360569,4.196563005447388,4.753329515457153
  -29,"graph_00000010010000",0.5010449697992841,0.6425739382329699,0.6313496234985271,1084417,10.781405520439147,2.06238341331482,2.6504509449005127
  -30,"graph_00000010010001",0.4987691268375786,0.6968370502945911,0.6621168667111494,1440769,14.99711345434189,3.057878494262696,3.718048095703125
  -31,"graph_00000010010011",0.5011690656153398,0.697898965997845,0.6608569166362974,1844865,21.916250157356263,5.2504563331604,6.297374725341797
  -32,"graph_00000010010100",0.5006912858975126,0.643101357918253,0.6334503952951093,1539841,17.207550609111784,4.322723627090454,5.0677549839019775
  -33,"graph_00000010010101",0.5043789379252247,0.6946292791617457,0.6614943727177164,1896193,21.219854044914246,5.47070050239563,5.984220743179321
  -34,"graph_00000010010111",0.5014046083992255,0.6963163942816697,0.6605996916990033,2300289,27.647374439239503,7.32196307182312,8.812228202819824
  -35,"graph_00000010110000",0.4987117716350458,0.6458996104099197,0.6317231271284731,1450241,12.927085494995117,2.365952014923096,2.8840441703796387
  -36,"graph_00000010110001",0.50295259386152,0.695347191936355,0.6613126725666163,1806593,16.760905575752258,3.2811312675476074,4.34275484085083
  -37,"graph_00000010110011",0.5029728428056109,0.696062577905063,0.6640927394340079,2210689,23.572388851642607,5.593947887420654,6.723300695419312
  -38,"graph_00000010110100",0.500349628641322,0.644070100844313,0.6310627999101407,1905665,19.06732759475708,4.114656209945679,5.172298431396484
  -39,"graph_00000010110101",0.4992391673237731,0.6967146852522514,0.6590228190408762,2262017,21.92081772089005,5.30674934387207,6.334037065505981
  -40,"graph_00000010110111",0.4983282470195274,0.6976549058995787,0.66389790676531,2666113,30.131757748126983,7.627371788024902,8.781436920166016
  -41,"graph_00000011010000",0.5041487682832684,0.6458746996769951,0.6292234547330949,1450241,12.717423570156097,2.52620792388916,3.211718797683716
  -42,"graph_00000011010001",0.502329847962564,0.6958386173991924,0.6607381904788097,1806593,16.312085568904877,3.5172910690307617,4.577051639556885
  -43,"graph_00000011010011",0.5058848019881669,0.6958016532916536,0.6615965543746088,2210689,23.40683590173721,5.129937648773193,6.282428741455078
  ... 1845 further lines not shown (cap is 50)

[RDB2G-Bench/rel-event/user-attendance/0.csv] column change:
  removed: []
  added:   ['dataset', 'seed', 'task']
  diff --git a/RDB2G-Bench/rel-event/user-attendance/0.csv b/RDB2G-Bench/rel-event/user-attendance/0.csv
  index ba30cae..5ac253f 100644
  --- a/RDB2G-Bench/rel-event/user-attendance/0.csv
  +++ b/RDB2G-Bench/rel-event/user-attendance/0.csv
  @@ -1,215 +1,215 @@
  -idx,graph,train_metric,valid_metric,test_metric,params,train_time,valid_time,test_time
  -0,"graph_0000000001",0.3632267707367949,0.2613064266826404,0.2635342185903984,716929,2.436849808692932,0.1618585586547851,0.2015848159790039
  -1,"graph_0000000010",0.3627007766784828,0.2617983021678554,0.2635342185903984,716929,1.0391105651855468,0.0496530532836914,0.0475721359252929
  -2,"graph_0000000011",0.3630949014518879,0.2617788189292043,0.2635342185903984,848513,3.059235453605652,0.2372322082519531,0.3482093811035156
  -3,"graph_0000000100",0.3627007640729767,0.2617983109786388,0.2635342185903984,4464001,1.1069939255714416,0.0485584735870361,0.052372932434082
  -4,"graph_0000000101",0.3663279904196193,0.2605234764597781,0.2631337577505636,4747265,2.840248966217041,0.2297730445861816,0.236063003540039
  -5,"graph_0000000110",0.3627007640729767,0.2617983109786388,0.2635342185903984,4747265,1.5399434685707092,0.0752120018005371,0.0761361122131347
  -6,"graph_0000000111",0.363143528551053,0.26174493476779,0.2635299542888359,4878849,3.5871938347816466,0.3489527702331543,0.3458232879638672
  -7,"graph_0000001000",0.3637116552684949,0.2617026523099837,0.2635511908446181,856193,1.0145248174667358,0.0443050861358642,0.0476408004760742
  -8,"graph_0000001001",0.3630000452649798,0.2613096652016732,0.2635342185903984,1139457,2.7267029643058778,0.2409334182739257,0.2231769561767578
  -9,"graph_0000001010",0.3651996774213531,0.2605804826775579,0.2627139870853632,1139457,1.420203459262848,0.0674614906311035,0.0734703540802002
  -10,"graph_0000001011",0.363692859434216,0.2615443699735494,0.263930471096496,1271041,3.48873165845871,0.3044302463531494,0.3381221294403076
  -11,"graph_0000001100",0.3627015907876803,0.2618024228959609,0.2635366305160936,4886529,1.5302414298057556,0.0688848495483398,0.0679361820220947
  -12,"graph_0000001101",0.3631066402383708,0.2618381512206523,0.2637000195187373,5169793,3.1197221159935,0.2382922172546386,0.2634575366973877
  -13,"graph_0000001110",0.3639712870625947,0.2606969950320472,0.2643183493098212,5169793,1.86004285812378,0.0892331600189209,0.0898659229278564
  -14,"graph_0000001111",0.3701654693058141,0.2598637947951472,0.2643111915540699,5301377,3.9599496960639953,0.2884712219238281,0.4147615432739258
  -15,"graph_0000010100",0.3637477132232832,0.2607752295517234,0.2630519009479707,4886529,1.4509219646453857,0.0683538913726806,0.0672483444213867
  -16,"graph_0000010101",0.3680525689095963,0.2604343451731766,0.2625555235226505,5169793,3.084679675102234,0.2276632785797119,0.2590844631195068
  -17,"graph_0000010110",0.3663956302921169,0.2605026818245605,0.2626603834304399,5169793,1.9186485648155207,0.0866258144378662,0.1008815765380859
  -18,"graph_0000010111",0.3662564288952594,0.2604113473388992,0.2626193924840307,5301377,3.862584817409515,0.3260557651519775,0.317885160446167
  -19,"graph_0000011000",0.3627007640729767,0.2617983109786388,0.2635342185903984,4886529,1.579181396961212,0.0690405368804931,0.085423469543457
  -20,"graph_0000011001",0.363539104061254,0.2612798999193676,0.263611752088957,5169793,3.224283528327942,0.2758116722106933,0.2582273483276367
  -21,"graph_0000011010",0.3627016425338098,0.2617988801541402,0.2635348599068288,5169793,1.9866529822349548,0.0811824798583984,0.0842096805572509
  -22,"graph_0000011011",0.3630078582491905,0.2618003630787652,0.263543271329311,5301377,4.017967331409454,0.2575669288635254,0.3527464866638183
  -23,"graph_0000011100",0.3675501134620395,0.2593175419479038,0.2609613668587367,5018113,1.668438470363617,0.0630908012390136,0.0696108341217041
  -24,"graph_0000011101",0.3688441202003534,0.2609809387481729,0.2634928906469608,5301377,3.3521151304245,0.1791770458221435,0.1784656047821045
  -25,"graph_0000011110",0.3655532635961381,0.2596980304514154,0.2611334391663172,5301377,2.1057904601097106,0.0838804244995117,0.0912680625915527
  -26,"graph_0000011111",0.3696822788917987,0.2605363949494861,0.2643141390164064,5432961,4.206428480148316,0.2696084976196289,0.3599710464477539
  -27,"graph_0000100000",0.4012078757723278,0.2375511950852559,0.2377619239196287,823425,1.2614590287208558,0.0609078407287597,0.0667757987976074
  -28,"graph_0000100001",0.414117447212838,0.2488707548985419,0.2503116575999145,1106689,2.989621937274933,0.1769537925720214,0.2410979270935058
  -29,"graph_0000100010",0.4006930822423769,0.2370848137324595,0.2354208706241706,1106689,1.6904655814170837,0.0824677944183349,0.0908529758453369
  -30,"graph_0000100011",0.4156281780679054,0.2437206209501667,0.248172360056663,1238273,3.663215839862824,0.2658321857452392,0.2781100273132324
  -31,"graph_0000100100",0.4135055408701575,0.2385442501384629,0.2390013354620206,4853761,1.768248462677002,0.0827088356018066,0.0990052223205566
  -32,"graph_0000100101",0.406634807987295,0.2459086140962868,0.2471981566852154,5137025,3.5305222630500794,0.2310705184936523,0.2580025196075439
  -33,"graph_0000100110",0.4086782993333733,0.2418386496222262,0.2420760921304389,5137025,2.177624189853668,0.1129302978515625,0.1476960182189941
  -34,"graph_0000100111",0.4118073546623956,0.2417984808791915,0.2457559138319557,5268609,4.228380584716797,0.3538031578063965,0.3806512355804443
  -35,"graph_0000101000",0.4067314393333136,0.23886939840853,0.2465726496961892,1245953,1.6923450827598572,0.0792071819305419,0.0937082767486572
  -36,"graph_0000101001",0.4052995084689803,0.2481354380353093,0.2475070831907173,1529217,3.219018590450287,0.2793242931365967,0.2851326465606689
  -37,"graph_0000101010",0.4126791023804229,0.241148805969348,0.2403526676702669,1529217,2.1414955377578737,0.1039309501647949,0.1191582679748535
  -38,"graph_0000101011",0.4195207689786005,0.247188499372247,0.2485701727630443,1660801,4.036774003505707,0.3439216613769531,0.3884146213531494
  -39,"graph_0000101100",0.4053586617291657,0.2386299873624965,0.2395786756680055,5276289,2.189705371856689,0.0982344150543212,0.1223878860473632
  -40,"graph_0000101101",0.4059734502037087,0.2417309442863527,0.2400834143040007,5559553,3.964124524593353,0.3104324340820312,0.3436841964721679
  -41,"graph_0000101110",0.4081463295265631,0.2378157627335307,0.2411990299748601,5559553,2.692550444602966,0.1270813941955566,0.1417403221130371
  -42,"graph_0000101111",0.4048225912363021,0.2430765006230414,0.2461069139487379,5691137,4.690678191184998,0.3811569213867187,0.4155433177947998
  -43,"graph_0000110100",0.4145861179767435,0.2412539264202253,0.2414663263082416,5276289,2.075779414176941,0.093902587890625,0.1142303943634033
  ... 385 further lines not shown (cap is 50)

[RDB2G-Bench/rel-event/user-attendance/1.csv] column change:
  removed: []
  added:   ['dataset', 'seed', 'task']
  diff --git a/RDB2G-Bench/rel-event/user-attendance/1.csv b/RDB2G-Bench/rel-event/user-attendance/1.csv
  index 04bf5ea..8396687 100644
  --- a/RDB2G-Bench/rel-event/user-attendance/1.csv
  +++ b/RDB2G-Bench/rel-event/user-attendance/1.csv
  @@ -1,215 +1,215 @@
  -idx,graph,train_metric,valid_metric,test_metric,params,train_time,valid_time,test_time
  -0,"graph_0000000001",0.3638878617126075,0.2613329439467005,0.2635342185903984,716929,2.4353986024856566,0.1629869937896728,0.1566009521484375
  -1,"graph_0000000010",0.3627007640729767,0.2617983109786388,0.2635342185903984,716929,1.08569256067276,0.0458712577819824,0.046299934387207
  -2,"graph_0000000011",0.3627596419569692,0.2617591773240766,0.2635342185903984,848513,3.064697015285492,0.2378356456756591,0.2457680702209472
  -3,"graph_0000000100",0.3627007640729767,0.2617983109786388,0.2635342185903984,4464001,1.1741801500320437,0.0454797744750976,0.0437593460083007
  -4,"graph_0000000101",0.3636399500313655,0.2612611196520639,0.263568455692042,4747265,2.849099469184876,0.1671078205108642,0.2061688899993896
  -5,"graph_0000000110",0.3627007640729767,0.2617983109786388,0.2635342185903984,4747265,1.59613596200943,0.0696785449981689,0.072385549545288
  -6,"graph_0000000111",0.3667605387893009,0.2599710195727361,0.2619192136034932,4878849,3.6099243998527526,0.3212060928344726,0.3504147529602051
  -7,"graph_0000001000",0.3627007640729767,0.2617983109786388,0.2635342185903984,856193,1.0147217631340026,0.0353989601135253,0.041048526763916
  -8,"graph_0000001001",0.3628622788738976,0.2616645371327635,0.263545279664133,1139457,2.736763405799865,0.163450002670288,0.1980171203613281
  -9,"graph_0000001010",0.3666295065838552,0.260060591539331,0.265072564943099,1139457,1.5065563201904295,0.0616261959075927,0.065587043762207
  -10,"graph_0000001011",0.3653849536767279,0.2617564321533993,0.2635636762796736,1271041,3.512476885318756,0.2445137500762939,0.342482328414917
  -11,"graph_0000001100",0.3634561544130383,0.2618338992838621,0.2635878582520218,4886529,1.534134900569916,0.0569939613342285,0.0566122531890869
  -12,"graph_0000001101",0.3634076500068001,0.2616583796128283,0.2635678277304348,5169793,3.150634837150574,0.1758918762207031,0.2076127529144287
  -13,"graph_0000001110",0.3656964194308472,0.2594113086173412,0.2635570574130633,5169793,1.925992381572724,0.0785391330718994,0.0851483345031738
  -14,"graph_0000001111",0.3677677610628206,0.2603594856891897,0.2632520715320774,5301377,3.9618666887283327,0.2632343769073486,0.2684905529022217
  -15,"graph_0000010100",0.3648260949782017,0.2607373297399569,0.2625365706124515,4886529,1.4471499919891355,0.0564589500427246,0.0542623996734619
  -16,"graph_0000010101",0.3688115201649106,0.2591440080812175,0.2629265137144247,5169793,3.0898669600486754,0.180105447769165,0.2200849056243896
  -17,"graph_0000010110",0.3665575863593761,0.2603059883881314,0.2623722252337998,5169793,1.9288506031036377,0.0798482894897461,0.0820508003234863
  -18,"graph_0000010111",0.3672869191831527,0.2598379327181377,0.2624648833158402,5301377,3.871458101272583,0.2648091316223144,0.2701938152313232
  -19,"graph_0000011000",0.3649364474811718,0.2610171883465547,0.2626527782084384,4886529,1.5711612343788146,0.0594141483306884,0.0698959827423095
  -20,"graph_0000011001",0.3627857673094951,0.2617360866590187,0.2635487195873011,5169793,3.2274570941925047,0.1860020160675048,0.1833612918853759
  -21,"graph_0000011010",0.3660898634982034,0.2603285564299371,0.2665563866194524,5169793,2.00803279876709,0.0948188304901123,0.0925521850585937
  -22,"graph_0000011011",0.3628692585190528,0.2617942233025376,0.2635380285083334,5301377,4.019049108028412,0.2777373790740967,0.3089056015014648
  -23,"graph_0000011100",0.3654441966539825,0.2596747111964007,0.2612186581860996,5018113,1.6882287383079528,0.0820193290710449,0.0887250900268554
  -24,"graph_0000011101",0.3669043589520165,0.2589127835422066,0.2612253957855172,5301377,3.379793810844421,0.2772755622863769,0.2795956134796142
  -25,"graph_0000011110",0.3685458157010358,0.2591104522195699,0.2618305038744479,5301377,2.1386839866638185,0.1078557968139648,0.1224868297576904
  -26,"graph_0000011111",0.3681249790622846,0.2595550603257798,0.2630123727525887,5432961,4.217586481571198,0.2810733318328857,0.4088878631591797
  -27,"graph_0000100000",0.4048205442096145,0.2390950706339095,0.2424529369471478,823425,1.347831130027771,0.0550522804260253,0.0676169395446777
  -28,"graph_0000100001",0.4154313872209847,0.2441421727554098,0.2450348867561984,1106689,2.994585764408112,0.1806485652923584,0.2328345775604248
  -29,"graph_0000100010",0.4205649278996767,0.242560815325648,0.2403757415114463,1106689,1.7231032609939576,0.0753867626190185,0.0836858749389648
  -30,"graph_0000100011",0.4032956025609603,0.2466530630737913,0.2493534655680269,1238273,3.677963972091675,0.2774884700775146,0.3785557746887207
  -31,"graph_0000100100",0.4188176683364727,0.237660905750634,0.2440666897874991,4853761,1.8195717573165893,0.0752089023590087,0.0848560333251953
  -32,"graph_0000100101",0.4054999554826914,0.2434372932174077,0.2399248740806095,5137025,3.834465539455414,0.2274541854858398,0.2309155464172363
  -33,"graph_0000100110",0.4033830050783535,0.2406426256590083,0.2384269304071249,5137025,2.227662909030914,0.0967955589294433,0.1116368770599365
  -34,"graph_0000100111",0.4081470807606194,0.2457545486246908,0.2406394582977128,5268609,4.388738775253296,0.3192033767700195,0.3250870704650879
  -35,"graph_0000101000",0.3975317400622482,0.2422902797711055,0.2435092288996944,1245953,1.7254563331604005,0.0739674568176269,0.0835680961608886
  -36,"graph_0000101001",0.4106178692875015,0.2439701125091446,0.2408201131200088,1529217,3.2961270689964293,0.2143087387084961,0.2218456268310547
  -37,"graph_0000101010",0.3978929542726536,0.2378802628539062,0.2357558945500205,1529217,2.1180251002311707,0.0934112071990966,0.1389563083648681
  -38,"graph_0000101011",0.4059398341644638,0.2405985964622239,0.2410199230924949,1660801,4.065863835811615,0.3612287044525146,0.4148240089416504
  -39,"graph_0000101100",0.4100452204241143,0.2409979447313449,0.2439084444927533,5276289,2.190543735027313,0.0901210308074951,0.0996742248535156
  -40,"graph_0000101101",0.4107026482282004,0.2446548689130862,0.245080045235093,5559553,3.893508970737457,0.2313065528869629,0.2807765007019043
  -41,"graph_0000101110",0.4181289523981302,0.2416198230850507,0.247986352383668,5559553,2.702376902103424,0.1115269660949707,0.1375942230224609
  -42,"graph_0000101111",0.4116332125374897,0.2423123803842855,0.246218724269515,5691137,4.583333110809326,0.3138680458068847,0.423924446105957
  -43,"graph_0000110100",0.4067012526955028,0.2388602423204513,0.2395710130968912,5276289,1.9557193994522093,0.0782337188720703,0.0867753028869628
  ... 385 further lines not shown (cap is 50)

[RDB2G-Bench/rel-event/user-attendance/10.csv] column change:
  removed: []
  added:   ['dataset', 'seed', 'task']
  diff --git a/RDB2G-Bench/rel-event/user-attendance/10.csv b/RDB2G-Bench/rel-event/user-attendance/10.csv
  index 4c9ef26..64458ac 100644
  --- a/RDB2G-Bench/rel-event/user-attendance/10.csv
  +++ b/RDB2G-Bench/rel-event/user-attendance/10.csv
  @@ -1,215 +1,215 @@
  -idx,graph,train_metric,valid_metric,test_metric,params,train_time,valid_time,test_time
  -0,"graph_0000000001",0.3629021636970921,0.2613044909677633,0.2635342185903984,716929,2.7947121262550354,0.2003834247589111,0.2514736652374267
  -1,"graph_0000000010",0.3627007640729767,0.2617983109786388,0.2635342185903984,716929,1.637125837802887,0.054894208908081,0.1191859245300293
  -2,"graph_0000000011",0.3633249076062729,0.2617951004689127,0.2635342185903984,848513,3.554986524581909,0.2966394424438476,0.4039962291717529
  -3,"graph_0000000100",0.3627007640729767,0.2617983109786388,0.2635342185903984,4448257,1.5338268399238586,0.0811963081359863,0.0739665031433105
  -4,"graph_0000000101",0.3668538038438119,0.2590600033163454,0.261802902032333,4731521,3.167420673370361,0.2363533973693847,0.2480597496032714
  -5,"graph_0000000110",0.3627021844418988,0.2617976826838168,0.2635336056574265,4731521,1.9670353293418883,0.0801570415496826,0.1015529632568359
  -6,"graph_0000000111",0.3671380960956108,0.2606393262888298,0.2625246112890336,4863105,4.057607793807984,0.3076353073120117,0.4054329395294189
  -7,"graph_0000001000",0.363448883289622,0.2617983109786388,0.2635342185903984,856193,1.304766035079956,0.0433602333068847,0.0435461997985839
  -8,"graph_0000001001",0.3631173248630631,0.2613277322544692,0.2635395846047093,1139457,3.3816883683204653,0.2189617156982422,0.2664945125579834
  -9,"graph_0000001010",0.3651285161209491,0.2612205946677347,0.2629702679158414,1139457,1.9378817439079288,0.0776097774505615,0.1112251281738281
  -10,"graph_0000001011",0.3627020440020949,0.2618008316436693,0.2635358805797682,1271041,3.932680010795593,0.3123903274536133,0.4151449203491211
  -11,"graph_0000001100",0.3671538806758237,0.2597720638803848,0.2618714487728895,4870785,1.8829585433006288,0.0905659198760986,0.0755259990692138
  -12,"graph_0000001101",0.3661719749277105,0.2591908477557665,0.2618244543568868,5154049,3.711628460884094,0.2283987998962402,0.2845146656036377
  -13,"graph_0000001110",0.3627115081093351,0.2618015647425848,0.2635394051362807,5154049,2.304577422142029,0.1168098449707031,0.1005849838256836
  -14,"graph_0000001111",0.3638836796364451,0.2614161173474845,0.2633340387843907,5285633,4.887043237686157,0.4428563117980957,0.487257719039917
  -15,"graph_0000010100",0.3644980660590472,0.2597994768582155,0.2619877842029479,4870785,1.8519448399543763,0.0874264240264892,0.0907208919525146
  -16,"graph_0000010101",0.3700711995088665,0.2592915196528763,0.2632796730165035,5154049,3.447925400733948,0.2300834655761718,0.2725977897644043
  -17,"graph_0000010110",0.3668880130657264,0.2595302440435197,0.2615393022916245,5154049,2.2971052885055543,0.1092152595520019,0.1256725788116455
  -18,"graph_0000010111",0.3674191908564366,0.2614224901227618,0.2643032036664628,5285633,4.397785770893097,0.3375673294067383,0.4525413513183594
  -19,"graph_0000011000",0.3693395196373779,0.2614721664284452,0.2653898738164824,4870785,1.862167155742645,0.0689833164215087,0.0992770195007324
  -20,"graph_0000011001",0.3627183235888577,0.2617905068008152,0.2635447579693806,5154049,4.005660223960876,0.2403743267059326,0.2977259159088135
  -21,"graph_0000011010",0.3631229210969585,0.2613142703812971,0.2637251677691739,5154049,2.395045304298401,0.1073908805847168,0.1024136543273925
  -22,"graph_0000011011",0.362708693528711,0.2617982816852359,0.2635355784069743,5285633,4.291677093505859,0.3436696529388428,0.4398529529571533
  -23,"graph_0000011100",0.3681975271716129,0.2577469643682863,0.2610543877108972,5002369,2.0726673364639283,0.1006000041961669,0.093879222869873
  -24,"graph_0000011101",0.3679995267624431,0.2609269037820543,0.2638361851310888,5285633,3.733375263214112,0.3095924854278564,0.3055777549743652
  -25,"graph_0000011110",0.365082313643235,0.2602429351421472,0.2614307012917917,5285633,2.500173306465149,0.1288392543792724,0.1340939998626709
  -26,"graph_0000011111",0.3695437058823265,0.2599756196243027,0.263103049597584,5417217,5.0841678261756895,0.3621842861175537,0.4619832038879394
  -27,"graph_0000100000",0.4133054401726111,0.2373431447821207,0.2379403551536268,823425,1.8124845027923584,0.0798258781433105,0.0974092483520507
  -28,"graph_0000100001",0.4063894007214785,0.2454523100821654,0.2460413681660932,1106689,3.363467073440552,0.2288241386413574,0.2872238159179687
  -29,"graph_0000100010",0.4069661059729014,0.2415915232057365,0.2415773572326011,1106689,2.258449804782868,0.1100111007690429,0.1574654579162597
  -30,"graph_0000100011",0.4098015228657481,0.243770357134386,0.2468215981545925,1238273,4.376183974742889,0.3448503017425537,0.4457859992980957
  -31,"graph_0000100100",0.4062466752761384,0.2360990388468449,0.2421707737719639,4838017,2.257533597946167,0.084928274154663,0.1103353500366211
  -32,"graph_0000100101",0.4084585362826433,0.2408720422952523,0.2432059593293226,5121281,4.186907637119293,0.3076429367065429,0.3235042095184326
  -33,"graph_0000100110",0.4135973941989987,0.2433934646688209,0.2416627627404537,5121281,2.878684830665589,0.1446883678436279,0.1492600440979004
  -34,"graph_0000100111",0.4157717852924447,0.2416125711958561,0.247010792345874,5252865,4.804086673259735,0.334590196609497,0.4533350467681885
  -35,"graph_0000101000",0.4023944231874625,0.2391186003708333,0.2392797210047818,1245953,2.259173595905304,0.0884983539581298,0.1283390522003173
  -36,"graph_0000101001",0.4114581062380034,0.245499954898497,0.2452401375023227,1529217,4.180867183208465,0.2675468921661377,0.321284532546997
  -37,"graph_0000101010",0.4154705798659173,0.2398326809740575,0.2466734048926611,1529217,2.708679437637329,0.1075136661529541,0.1826133728027343
  -38,"graph_0000101011",0.4137417289412293,0.2453468683098479,0.2507440248471936,1660801,5.314412176609039,0.3691563606262207,0.5141546726226807
  -39,"graph_0000101100",0.3853248779818456,0.2376440726202101,0.2383900733628482,5260545,2.848801124095917,0.1366636753082275,0.1533236503601074
  -40,"graph_0000101101",0.4058169953821227,0.2425448865700518,0.2410691180846733,5543809,4.484570395946503,0.256242036819458,0.314333438873291
  -41,"graph_0000101110",0.3985710625273255,0.2402253721929046,0.2444256704464265,5543809,3.37850683927536,0.15505051612854,0.2228507995605468
  -42,"graph_0000101111",0.4128073411247956,0.244827660483526,0.2462418342600895,5675393,5.657895469665528,0.3904259204864502,0.5226588249206543
  -43,"graph_0000110100",0.3991013619215005,0.2389947198738723,0.2353943008646479,5260545,2.6365986585617067,0.1471602916717529,0.1845781803131103
  ... 385 further lines not shown (cap is 50)

[RDB2G-Bench/rel-event/user-attendance/11.csv] column change:
  removed: []
  added:   ['dataset', 'seed', 'task']
  diff --git a/RDB2G-Bench/rel-event/user-attendance/11.csv b/RDB2G-Bench/rel-event/user-attendance/11.csv
  index fd6ee40..29f7a37 100644
  --- a/RDB2G-Bench/rel-event/user-attendance/11.csv
  +++ b/RDB2G-Bench/rel-event/user-attendance/11.csv
  @@ -1,215 +1,215 @@
  -idx,graph,train_metric,valid_metric,test_metric,params,train_time,valid_time,test_time
  -0,"graph_0000000001",0.3632657304076991,0.2613243592363563,0.2635343086494816,716929,2.931073474884033,0.1988880634307861,0.2458283901214599
  -1,"graph_0000000010",0.3627020924563314,0.2617980319388041,0.2635341512409835,716929,1.7305307984352112,0.0977911949157714,0.086310863494873
  -2,"graph_0000000011",0.3628569185136246,0.261669172800363,0.2635342185903984,848513,3.78696745634079,0.2997736930847168,0.4044973850250244
  -3,"graph_0000000100",0.36676279370109,0.2604174395209808,0.2625961496139876,4448257,1.5064326763153075,0.0618534088134765,0.0721478462219238
  -4,"graph_0000000101",0.3664665376184489,0.25952853335732,0.2622115433261757,4731521,3.2614104628562925,0.2054886817932129,0.2612195014953613
  -5,"graph_0000000110",0.3627030897849351,0.2617982886305983,0.2635342185903984,4731521,1.967044675350189,0.0806992053985595,0.1114523410797119
  -6,"graph_0000000111",0.3635865696304333,0.2617309751943072,0.26364016142318,4863105,3.846202564239502,0.3307082653045654,0.4213144779205322
  -7,"graph_0000001000",0.3628042583232845,0.2617991794043225,0.263538123360541,856193,1.5978519678115846,0.0442242622375488,0.0874803066253662
  -8,"graph_0000001001",0.3627696518443377,0.2616959042325282,0.2635360012350335,1139457,3.320454180240631,0.2603826522827148,0.2770555019378662
  -9,"graph_0000001010",0.3628728572807395,0.2616584846854924,0.2635317752361336,1139457,1.875481593608856,0.0791728496551513,0.1115081310272216
  -10,"graph_0000001011",0.3627200888524903,0.2617957669090974,0.2635380863445117,1271041,4.195628881454468,0.3069348335266113,0.4135708808898926
  -11,"graph_0000001100",0.3635609955066285,0.261816959998395,0.2638850995625794,4870785,1.8551244974136352,0.0791096687316894,0.0717625617980957
  -12,"graph_0000001101",0.3670111541960095,0.2615928947262237,0.2643534664544279,5154049,3.8933524250984193,0.2401206493377685,0.2851669788360595
  -13,"graph_0000001110",0.365340598947056,0.2599383969140048,0.2647856898428406,5154049,2.3563775539398195,0.1132237911224365,0.1268918514251709
  -14,"graph_0000001111",0.3654244600962846,0.2605673435370364,0.26233805449103,5285633,4.6628659725189205,0.3498470783233642,0.4573972225189209
  -15,"graph_0000010100",0.3658263117520901,0.2603858420324604,0.2627771476291279,4870785,1.834712564945221,0.0780861377716064,0.0859947204589843
  -16,"graph_0000010101",0.3676241842647166,0.2595075471002851,0.2625889429700441,5154049,3.8413031101226807,0.2258143424987793,0.2772250175476074
  -17,"graph_0000010110",0.3663047151710249,0.2597167139296442,0.2620101834536055,5154049,2.306573748588562,0.1203877925872802,0.1174376010894775
  -18,"graph_0000010111",0.3661656438934708,0.2589385735266136,0.2605496318202249,5285633,4.842443597316742,0.3484022617340088,0.4779090881347656
  -19,"graph_0000011000",0.3627456388544643,0.2618261725080588,0.2635928062575586,4870785,2.335023617744446,0.1213500499725341,0.1297252178192138
  -20,"graph_0000011001",0.3627758536731214,0.2617022648427803,0.2635408004915172,5154049,3.9058165192604064,0.227123737335205,0.2837123870849609
  -21,"graph_0000011010",0.3650981975116458,0.2601169063272468,0.2657325045582367,5154049,2.376733684539795,0.1231913566589355,0.1349601745605468
  -22,"graph_0000011011",0.3629282132590622,0.2618015071049136,0.2635458572915126,5285633,4.766647386550903,0.3374330997467041,0.6862964630126953
  -23,"graph_0000011100",0.3653799746553636,0.2596934257649806,0.2605734487769096,5002369,2.0731630325317383,0.0807220935821533,0.0893373489379882
  -24,"graph_0000011101",0.3699838567982701,0.259720972217749,0.2624711517179889,5285633,4.184034049510956,0.2440853118896484,0.324275255203247
  -25,"graph_0000011110",0.3675052782898138,0.2595103955006442,0.2605115373345877,5285633,2.870517909526825,0.109886884689331,0.1147408485412597
  -26,"graph_0000011111",0.3682459462013387,0.2591173189881425,0.2626421766574908,5417217,4.988125383853912,0.3981428146362304,0.4663825035095215
  -27,"graph_0000100000",0.4076203398588616,0.2375063992038802,0.2407970070571137,823425,1.7312041759490966,0.0678365230560302,0.097254991531372
  -28,"graph_0000100001",0.4093180300617634,0.2459426148245421,0.2473603060223596,1106689,3.820298373699188,0.2441637516021728,0.3064095973968506
  -29,"graph_0000100010",0.4060340111446776,0.2431404781766084,0.2431689635560342,1106689,2.257323944568634,0.1046841144561767,0.1538259983062744
  -30,"graph_0000100011",0.4117299094441833,0.2420640717756967,0.2446871634146562,1238273,4.305946326255798,0.4145491123199463,0.4639308452606201
  -31,"graph_0000100100",0.4162104449641676,0.2389640373719594,0.239768004510076,4838017,2.210331916809082,0.1166741847991943,0.1244099140167236
  -32,"graph_0000100101",0.4025494001272422,0.2417005313656598,0.2439265595777559,5121281,4.175993180274963,0.2754051685333252,0.3335163593292236
  -33,"graph_0000100110",0.404055386314458,0.2433469946932471,0.2430247905006797,5121281,2.868532133102417,0.127030611038208,0.1827061176300048
  -34,"graph_0000100111",0.4153249200991734,0.2421090297856203,0.2443066415994355,5252865,5.118769836425781,0.3787410259246826,0.4966113567352295
  -35,"graph_0000101000",0.4116484749752609,0.2400603729174821,0.2451040681482,1245953,2.222988545894623,0.0933952331542968,0.1202869415283203
  -36,"graph_0000101001",0.4052427033736195,0.2427482858042973,0.2483367858429851,1529217,4.211069142818451,0.2722334861755371,0.3136255741119385
  -37,"graph_0000101010",0.4082377520437537,0.2364663798907948,0.2397338843203327,1529217,2.9065300583839417,0.1319203376770019,0.1999783515930175
  -38,"graph_0000101011",0.4082289854866899,0.2422100090876525,0.2426285090950432,1660801,5.025695979595184,0.3858401775360107,0.4915790557861328
  -39,"graph_0000101100",0.40854095138929,0.2391010136170043,0.246516814682275,5260545,2.781715261936188,0.1267004013061523,0.1561355590820312
  -40,"graph_0000101101",0.4102720453182326,0.246292955389684,0.2462443564357321,5543809,4.436098885536194,0.2902238368988037,0.3439695835113525
  -41,"graph_0000101110",0.40496259953038,0.2453141964905397,0.2440181984447239,5543809,3.369378566741944,0.138857364654541,0.3540847301483154
  -42,"graph_0000101111",0.4081469968778826,0.2401924266841242,0.2424290058097447,5675393,5.756583154201508,0.391728401184082,0.5087735652923584
  -43,"graph_0000110100",0.3997298205937628,0.2378182378433315,0.2386074125175997,5260545,2.745401084423065,0.101121187210083,0.1173889636993408
  ... 385 further lines not shown (cap is 50)

[RDB2G-Bench/rel-event/user-attendance/12.csv] column change:
  removed: []
  added:   ['dataset', 'seed', 'task']
  diff --git a/RDB2G-Bench/rel-event/user-attendance/12.csv b/RDB2G-Bench/rel-event/user-attendance/12.csv
  index f36a963..f56ce6c 100644
  --- a/RDB2G-Bench/rel-event/user-attendance/12.csv
  +++ b/RDB2G-Bench/rel-event/user-attendance/12.csv
  @@ -1,215 +1,215 @@
  -idx,graph,train_metric,valid_metric,test_metric,params,train_time,valid_time,test_time
  -0,"graph_0000000001",0.362971094035205,0.2613494545147304,0.2635342185903984,716929,2.91586309671402,0.2039003372192382,0.2553021907806396
  -1,"graph_0000000010",0.3627007671736216,0.2617983109786388,0.2635342185903984,716929,1.561621367931366,0.0653553009033203,0.087548017501831
  -2,"graph_0000000011",0.3627507424661576,0.2617912607529361,0.2635342185903984,848513,4.047870576381683,0.3680894374847412,0.4068934917449951
  -3,"graph_0000000100",0.3627007640729767,0.2617983109786388,0.2635342185903984,4448257,1.459108054637909,0.0709309577941894,0.1052157878875732
  -4,"graph_0000000101",0.3630519593053681,0.2616365306630871,0.2635310852064906,4731521,3.552545189857483,0.2148232460021972,0.256882905960083
  -5,"graph_0000000110",0.3644406616951501,0.2616645080716128,0.2638510673062398,4731521,2.264290380477905,0.1140546798706054,0.1487629413604736
  -6,"graph_0000000111",0.3666098925603905,0.2590340250965172,0.2615059143459315,4863105,4.028765976428986,0.3355429172515869,0.5715258121490479
  -7,"graph_0000001000",0.3629873839274619,0.2617992401711543,0.2635343831823996,856193,1.2790605664253234,0.0493750572204589,0.0446963310241699
  -8,"graph_0000001001",0.3646441028951093,0.2607705145657906,0.2644583359289347,1139457,3.579281806945801,0.2290422916412353,0.2949364185333252
  -9,"graph_0000001010",0.3657275595812069,0.2603376756074768,0.2635255224538531,1139457,2.0539485454559325,0.1172780990600586,0.1278119087219238
  -10,"graph_0000001011",0.3629139643586543,0.261666457738285,0.2635593417598138,1271041,4.357865059375763,0.3335940837860107,0.4419469833374023
  -11,"graph_0000001100",0.3651243825635027,0.2597891002712088,0.2640478630722391,4870785,1.7923830151557922,0.0682892799377441,0.0880491733551025
  -12,"graph_0000001101",0.3669066441577117,0.2591963691004934,0.2626935237518248,5154049,4.015804636478424,0.2582347393035888,0.2751455307006836
  -13,"graph_0000001110",0.3648781190679136,0.2614591769463259,0.2632110180243834,5154049,2.469667041301727,0.1268401145935058,0.1270608901977539
  -14,"graph_0000001111",0.3689143765448402,0.2606233026290112,0.264806927228394,5285633,5.034811723232269,0.3875429630279541,0.4945404529571533
  -15,"graph_0000010100",0.3667077315923138,0.2593730550187177,0.2611084883543639,4870785,2.1371210336685182,0.0984628200531005,0.1188259124755859
  -16,"graph_0000010101",0.3667851412869524,0.2600605013686377,0.2621980689074064,5154049,3.861094045639038,0.2921614646911621,0.3027398586273193
  -17,"graph_0000010110",0.3641690185492125,0.2599710409538298,0.2616912733594125,5154049,2.3562946200370787,0.1147780418395996,0.1436145305633545
  -18,"graph_0000010111",0.3684781952137376,0.2590051762513554,0.2624335608067442,5285633,5.142007720470429,0.4028995037078857,0.7668678760528564
  -19,"graph_0000011000",0.3627007640729767,0.2617983109786388,0.2635342185903984,4870785,2.0022490501403807,0.0852851867675781,0.1028814315795898
  -20,"graph_0000011001",0.3633237178028606,0.2613724032208745,0.2635342185903984,5154049,4.140749120712281,0.2454078197479248,0.3032896518707275
  -21,"graph_0000011010",0.3627007640729767,0.2617983109786388,0.2635342185903984,5154049,2.3071998596191405,0.1218833923339843,0.1104884147644043
  -22,"graph_0000011011",0.3627154694562626,0.2617906518892366,0.2635296796757939,5285633,4.92432826757431,0.343968391418457,0.4781591892242431
  -23,"graph_0000011100",0.3685639894735067,0.2586054858366204,0.2604117877362819,5002369,2.0440281510353087,0.081742525100708,0.0964541435241699
  -24,"graph_0000011101",0.3703754520890581,0.2586449024217065,0.2621878608851955,5285633,4.255436420440674,0.2607812881469726,0.3161995410919189
  -25,"graph_0000011110",0.3683528273947627,0.2582177609719717,0.2606191037924802,5285633,2.544109761714936,0.1318864822387695,0.185495376586914
  -26,"graph_0000011111",0.3667930011205757,0.2603722465031637,0.2619716429272409,5417217,5.440443980693817,0.3501694202423095,0.5011518001556396
  -27,"graph_0000100000",0.4020782260385325,0.2406042231361567,0.2409408278765672,823425,1.8656123757362368,0.0907931327819824,0.1130707263946533
  -28,"graph_0000100001",0.4093728881781235,0.245464510693813,0.247608062599056,1106689,3.957875680923462,0.2707798480987549,0.316105842590332
  -29,"graph_0000100010",0.4084174898197704,0.2428141810329352,0.246765687810571,1106689,2.3018354296684267,0.1097948551177978,0.1494064331054687
  -30,"graph_0000100011",0.4094243717129937,0.2470731397492045,0.2458245650930777,1238273,4.908079040050507,0.4059648513793945,0.495349645614624
  -31,"graph_0000100100",0.4070245652954825,0.2434947394497111,0.2428350036828735,4838017,2.457997751235962,0.1553947925567627,0.1455469131469726
  -32,"graph_0000100101",0.4068026756948608,0.246392997480481,0.2458112364629163,5121281,4.482477068901062,0.276273250579834,0.342505931854248
  -33,"graph_0000100110",0.4071851530093399,0.2424527585610073,0.2402958383781795,5121281,3.113518977165222,0.117542028427124,0.1647419929504394
  -34,"graph_0000100111",0.4096312658208061,0.2459687148116739,0.2502982742376664,5252865,5.503966104984284,0.3887813091278076,0.5383095741271973
  -35,"graph_0000101000",0.4000209421389945,0.2404205541635812,0.241494661754528,1245953,2.200631833076477,0.0839836597442627,0.1146485805511474
  -36,"graph_0000101001",0.4190464000530284,0.2425745209753957,0.2455023206443173,1529217,4.357871723175049,0.2643506526947021,0.3419008255004883
  -37,"graph_0000101010",0.4108545294700887,0.240505669280559,0.2442979871079447,1529217,2.5968103051185607,0.1308951377868652,0.188281774520874
  -38,"graph_0000101011",0.4124930755215553,0.244413678752239,0.2481589714108953,1660801,5.17297443151474,0.4744577407836914,0.5084443092346191
  -39,"graph_0000101100",0.4108098153930336,0.2410629592545356,0.2441638892086506,5260545,2.769141745567322,0.1624050140380859,0.1706702709197998
  -40,"graph_0000101101",0.407092021390671,0.2457395232862284,0.2506524077783109,5543809,5.089733195304871,0.3033785820007324,0.398113489151001
  -41,"graph_0000101110",0.4155022905870054,0.2441397928315878,0.245104760722808,5543809,3.187722885608673,0.1489961147308349,0.1932847499847412
  -42,"graph_0000101111",0.3955420055418488,0.2409215341666801,0.2459620680272116,5675393,5.974326694011689,0.4078869819641113,0.5410549640655518
  -43,"graph_0000110100",0.4052547306886188,0.239316965113276,0.2426481476782291,5260545,2.8843637466430665,0.1323962211608886,0.1632330417633056
  ... 385 further lines not shown (cap is 50)

[RDB2G-Bench/rel-event/user-attendance/13.csv] column change:
  removed: []
  added:   ['dataset', 'seed', 'task']
  diff --git a/RDB2G-Bench/rel-event/user-attendance/13.csv b/RDB2G-Bench/rel-event/user-attendance/13.csv
  index 560b4f5..647d1ef 100644
  --- a/RDB2G-Bench/rel-event/user-attendance/13.csv
  +++ b/RDB2G-Bench/rel-event/user-attendance/13.csv
  @@ -1,215 +1,215 @@
  -idx,graph,train_metric,valid_metric,test_metric,params,train_time,valid_time,test_time
  -0,"graph_0000000001",0.3631754566883045,0.2613630703897009,0.2635347506524167,716929,3.3350026607513428,0.2290582656860351,0.2847597599029541
  -1,"graph_0000000010",0.3627007640729767,0.2617983109786388,0.2635342185903984,716929,1.574853777885437,0.0720129013061523,0.1079988479614257
  -2,"graph_0000000011",0.3627462883267527,0.2617855947733044,0.263535010284983,848513,3.8891297459602354,0.3104956150054931,0.4230110645294189
  -3,"graph_0000000100",0.3627334554663281,0.2617979932389506,0.2635367605540296,4448257,1.4962496519088746,0.0556187629699707,0.0707716941833496
  -4,"graph_0000000101",0.3685035952424978,0.2611782514274822,0.2644775755500346,4731521,3.409786093235016,0.2083179950714111,0.3181746006011963
  -5,"graph_0000000110",0.3627007640729767,0.2617983109786388,0.2635342185903984,4731521,2.3408835887908936,0.0864253044128418,0.1252496242523193
  -6,"graph_0000000111",0.364875295305419,0.2613128033044234,0.2635894707661879,4863105,4.659184181690216,0.3366584777832031,0.4481430053710937
  -7,"graph_0000001000",0.3642004546291839,0.2613873872161096,0.2646580494210634,856193,1.2782010793685914,0.0466964244842529,0.0562539100646972
  -8,"graph_0000001001",0.3627970072395929,0.2617771586294989,0.2635584701498565,1139457,3.4355257153511047,0.2401058673858642,0.2618217468261719
  -9,"graph_0000001010",0.3661708049408375,0.2586290627103567,0.2649269701686589,1139457,1.9395810961723328,0.0958526134490966,0.1173899173736572
  -10,"graph_0000001011",0.3627113267191483,0.2618066954338101,0.2635454275484546,1271041,4.234458875656128,0.3433523178100586,0.483051061630249
  -11,"graph_0000001100",0.3627007640729767,0.2617983109786388,0.2635342185903984,4870785,2.0437928080558776,0.0728542804718017,0.0738031864166259
  -12,"graph_0000001101",0.3668773859658752,0.2603757888406248,0.2625735313018005,5154049,4.479219233989715,0.2838006019592285,0.3396084308624267
  -13,"graph_0000001110",0.3649372312563813,0.2609612911169764,0.2664079760392486,5154049,2.66257221698761,0.1365611553192138,0.1608855724334716
  -14,"graph_0000001111",0.3661051379742592,0.2597351799234637,0.2613485503249228,5285633,4.891375839710236,0.4612534046173095,0.480867862701416
  -15,"graph_0000010100",0.3652360352229936,0.2593370732447429,0.2613669525341067,4870785,1.977399182319641,0.0900976657867431,0.0964250564575195
  -16,"graph_0000010101",0.3651566333989192,0.2596592053695143,0.2614125104828436,5154049,3.7890817880630494,0.2603986263275146,0.2949140071868896
  -17,"graph_0000010110",0.3663147994735796,0.259820289151087,0.2613319303931724,5154049,2.3838847398757936,0.1189253330230712,0.1303799152374267
  -18,"graph_0000010111",0.3662803394484114,0.2601917859724821,0.2623970767186309,5285633,5.327470326423645,0.3765850067138672,0.4781033992767334
  -19,"graph_0000011000",0.3627007640729767,0.2617983109786388,0.2635342185903984,4870785,2.020489275455475,0.0798406600952148,0.0854997634887695
  -20,"graph_0000011001",0.3628042462170108,0.2617492141360319,0.2635441921248012,5154049,3.7944578409194953,0.2470290660858154,0.2873156070709228
  -21,"graph_0000011010",0.3642370258991778,0.2605667782020262,0.2639845769962513,5154049,2.3920523285865785,0.1047711372375488,0.1437826156616211
  -22,"graph_0000011011",0.3633471600168401,0.2614709800891152,0.2637482365770256,5285633,4.940789985656738,0.3517370223999023,0.4763104915618896
  -23,"graph_0000011100",0.3693323913200481,0.2592461678540446,0.2637676583447011,5002369,2.38303462266922,0.120523452758789,0.1337800025939941
  -24,"graph_0000011101",0.3686483026021755,0.2592022837918313,0.2627033234000266,5285633,4.8113533616065975,0.3084006309509277,0.3283507823944092
  -25,"graph_0000011110",0.3659412731136773,0.2591164146308957,0.2606339463593097,5285633,2.73062127828598,0.1480085849761963,0.1614906787872314
  -26,"graph_0000011111",0.3704933230725711,0.2589320260170852,0.2612972879103091,5417217,5.048324298858643,0.359645128250122,0.516359806060791
  -27,"graph_0000100000",0.4125404616415948,0.2360704221790013,0.2386348146138535,823425,1.9359784245491027,0.0846467018127441,0.1334538459777832
  -28,"graph_0000100001",0.4170687694116661,0.2459649434521372,0.2479648148646698,1106689,3.8664527535438538,0.2861971855163574,0.3248379230499267
  -29,"graph_0000100010",0.4026339142879326,0.2452480045868517,0.2475706135898836,1106689,2.5507100582122804,0.1412677764892578,0.171424388885498
  -30,"graph_0000100011",0.4072493394321286,0.2461433112329835,0.239989645830503,1238273,5.6220449805259705,0.3587143421173095,0.5196371078491211
  -31,"graph_0000100100",0.4076359222232916,0.240265307358572,0.2461569285185758,4838017,2.4831019401550294,0.0931868553161621,0.1099829673767089
  -32,"graph_0000100101",0.4083283731092428,0.2445800225095434,0.2451662774767586,5121281,4.293684661388397,0.2562782764434814,0.3352160453796386
  -33,"graph_0000100110",0.3992384916034049,0.2388350903651072,0.2377946649462106,5121281,2.996252977848053,0.1448903083801269,0.1994941234588623
  -34,"graph_0000100111",0.4146077651655397,0.2418572814608621,0.2409676176451139,5252865,5.337194526195527,0.3883578777313232,0.5129635334014893
  -35,"graph_0000101000",0.4047368921848184,0.2346244472260802,0.2350332010185405,1245953,2.221138834953308,0.120807409286499,0.145261526107788
  -36,"graph_0000101001",0.4137929652049457,0.246191640160108,0.2517139789999383,1529217,5.24008709192276,0.2681076526641845,0.3494627475738525
  -37,"graph_0000101010",0.4020312520519439,0.2402862531669212,0.2436448168599325,1529217,2.9225939750671386,0.1268708705902099,0.214822769165039
  -38,"graph_0000101011",0.4095593631212169,0.2401636441770739,0.2451407764928912,1660801,5.326833319664002,0.3786380290985107,0.4971017837524414
  -39,"graph_0000101100",0.4108606228862915,0.2395242841517165,0.2421564718823027,5260545,2.760115087032318,0.1415636539459228,0.1424472332000732
  -40,"graph_0000101101",0.3991766793397677,0.240441801493744,0.2387848238767989,5543809,5.273366451263428,0.3040130138397217,0.3961372375488281
  -41,"graph_0000101110",0.4068326580834023,0.2355683674537093,0.2415409654966794,5543809,3.747321271896362,0.1683614253997802,0.2120769023895263
  -42,"graph_0000101111",0.4152626620688947,0.2428866255097553,0.2467270980401685,5675393,6.257646632194519,0.506725549697876,0.6370811462402344
  -43,"graph_0000110100",0.3934342763544719,0.2414977237627547,0.2366886702456546,5260545,2.973872876167297,0.1114468574523925,0.1998434066772461
  ... 385 further lines not shown (cap is 50)

[RDB2G-Bench/rel-event/user-attendance/14.csv] column change:
  removed: []
  added:   ['dataset', 'seed', 'task']
  diff --git a/RDB2G-Bench/rel-event/user-attendance/14.csv b/RDB2G-Bench/rel-event/user-attendance/14.csv
  index 71d3a1b..18dccb6 100644
  --- a/RDB2G-Bench/rel-event/user-attendance/14.csv
  +++ b/RDB2G-Bench/rel-event/user-attendance/14.csv
  @@ -1,215 +1,215 @@
  -idx,graph,train_metric,valid_metric,test_metric,params,train_time,valid_time,test_time
  -0,"graph_0000000001",0.362793856583165,0.2613525199345315,0.2635342185903984,716929,2.7478074073791503,0.1786086559295654,0.2281184196472168
  -1,"graph_0000000010",0.3627014456514237,0.2617982614635533,0.2635342185903984,716929,1.7135245084762574,0.0822529792785644,0.1273424625396728
  -2,"graph_0000000011",0.3627180646278241,0.2617956397214546,0.2635361355519164,848513,3.896462500095368,0.3453326225280761,0.4317574501037597
  -3,"graph_0000000100",0.3627007640729767,0.2617983109786388,0.2635342185903984,4448257,1.5814119696617126,0.0794365406036377,0.0637128353118896
  -4,"graph_0000000101",0.3675624094600336,0.2604589141733822,0.262721629913958,4731521,3.8066882371902464,0.2532579898834228,0.3828504085540771
  -5,"graph_0000000110",0.3627007640729767,0.2617983109786388,0.2635342185903984,4731521,2.2627448439598083,0.0980312824249267,0.1162850856781005
  -6,"graph_0000000111",0.3672649101261964,0.2597327833819183,0.261788150654493,4863105,3.9635753870010375,0.4347486495971679,0.4158608913421631
  -7,"graph_0000001000",0.3640742480152268,0.2608219012025867,0.2629928764515196,856193,1.587833476066589,0.123645544052124,0.0655953884124755
  -8,"graph_0000001001",0.3629552014034114,0.2614772581470824,0.2635581450906902,1139457,3.4587533473968506,0.1993005275726318,0.2762136459350586
  -9,"graph_0000001010",0.363013587582607,0.2617986298360992,0.263534760072188,1139457,2.030382776260376,0.0966756343841552,0.1120088100433349
  -10,"graph_0000001011",0.3627060683782708,0.2617935357375697,0.263534062322271,1271041,4.612032580375671,0.338832139968872,0.4352192878723144
  -11,"graph_0000001100",0.3653151116546074,0.2612626695190267,0.2630351745124917,4870785,2.1031944394111632,0.068657636642456,0.0727820396423339
  -12,"graph_0000001101",0.3676676722082229,0.2611676546806535,0.2636234669359182,5154049,3.556301701068878,0.2126581668853759,0.2643356323242187
  -13,"graph_0000001110",0.3651059993203245,0.2606129378103038,0.2644822883100531,5154049,2.711855781078339,0.1316504478454589,0.1192936897277832
  -14,"graph_0000001111",0.3691164158603479,0.2607918006598845,0.2637223633357244,5285633,4.625767529010773,0.3491349220275879,0.4622418880462646
  -15,"graph_0000010100",0.3671463000539662,0.2588053626289163,0.2609949608564574,4870785,1.787969994544983,0.0673611164093017,0.0723757743835449
  -16,"graph_0000010101",0.3695520453499999,0.2581475695341668,0.2620087973445281,5154049,4.054319274425507,0.2232489585876464,0.3258733749389648
  -17,"graph_0000010110",0.3640398126765936,0.2611386204053732,0.2623724248822716,5154049,2.3596527099609377,0.1143200397491455,0.1416699886322021
  -18,"graph_0000010111",0.3670492080707387,0.2593448619986063,0.2612781497108559,5285633,4.2699845910072325,0.3167195320129394,0.4106156826019287
  -19,"graph_0000011000",0.3627103271859448,0.2618099751457076,0.263556066209848,4870785,2.0576669692993166,0.0866763591766357,0.0811760425567627
  -20,"graph_0000011001",0.3634736488574076,0.261348437678885,0.2635701873546144,5154049,3.579325795173645,0.2272322177886963,0.2839388847351074
  -21,"graph_0000011010",0.3627052392919598,0.2618002346719134,0.2635421244383802,5154049,2.599014389514923,0.1236114501953125,0.1547138690948486
  -22,"graph_0000011011",0.3627637263618445,0.2617969703904533,0.263540990616407,5285633,5.1073089122772215,0.3546757698059082,0.4689540863037109
  -23,"graph_0000011100",0.3650779335722935,0.2593571791361501,0.2609416334552117,5002369,2.249417746067047,0.1059348583221435,0.1147823333740234
  -24,"graph_0000011101",0.3651362694559448,0.2598109543601687,0.2618717702213525,5285633,3.7549322128295897,0.2306394577026367,0.2903089523315429
  -25,"graph_0000011110",0.3660466134500941,0.2600319302491418,0.2617435049954364,5285633,3.322235476970673,0.1077001094818115,0.1901421546936035
  -26,"graph_0000011111",0.3663241588831276,0.2596493943548593,0.2612647343544904,5417217,4.681887483596801,0.3788111209869385,0.4670121669769287
  -27,"graph_0000100000",0.397572187412023,0.2376054347808747,0.2416421855924474,823425,1.8523642420768736,0.1016871929168701,0.1056663990020752
  -28,"graph_0000100001",0.4115297625802619,0.2461749050716263,0.2462479413636371,1106689,3.904367768764496,0.246213674545288,0.3263800144195556
  -29,"graph_0000100010",0.4143126314409409,0.2428803549652897,0.2419632382441666,1106689,2.322919952869415,0.1181814670562744,0.1489317417144775
  -30,"graph_0000100011",0.4121207481367218,0.2464018910591223,0.2480132861840096,1238273,4.489053666591644,0.3879938125610351,0.5086603164672852
  -31,"graph_0000100100",0.4218561394359219,0.2419298364231673,0.2485329546548038,4838017,2.8215317368507384,0.1103556156158447,0.1973083019256591
  -32,"graph_0000100101",0.4114192419404318,0.2436261438555049,0.2471530998165627,5121281,4.071447014808655,0.2493960857391357,0.3473100662231445
  -33,"graph_0000100110",0.4064531095395267,0.24424904698605,0.2449050217551066,5121281,2.929255378246308,0.1928424835205078,0.2111687660217285
  -34,"graph_0000100111",0.4063067253178691,0.2402485766801085,0.2377670113533826,5252865,5.529750406742096,0.3833382129669189,0.5555944442749023
  -35,"graph_0000101000",0.4036623591221096,0.2379951653842454,0.2385287157253222,1245953,2.362350916862488,0.1149451732635498,0.134819746017456
  -36,"graph_0000101001",0.4063627519095123,0.2427832086973532,0.2487109012747672,1529217,4.366775619983673,0.2786245346069336,0.3459153175354004
  -37,"graph_0000101010",0.3974731749143335,0.246430627692637,0.2486935865911212,1529217,3.0175879836082458,0.1798624992370605,0.1960313320159912
  -38,"graph_0000101011",0.4001899842382032,0.2397964899927855,0.2365374358409427,1660801,5.159660196304321,0.4985806941986084,0.4785885810852051
  -39,"graph_0000101100",0.4108711014639181,0.2428913103038111,0.2452715553606806,5260545,3.1393681168556213,0.1057591438293457,0.1389291286468505
  -40,"graph_0000101101",0.4105456025783129,0.2469396850420833,0.2499976248287265,5543809,4.843713438510894,0.2799434661865234,0.3434669971466064
  -41,"graph_0000101110",0.414811791282741,0.2421757007823675,0.2459587405099932,5543809,3.4732212901115416,0.1367862224578857,0.15828537940979
  -42,"graph_0000101111",0.4050634263097958,0.2409300628126082,0.2394384603711478,5675393,5.769806468486786,0.4045956134796142,0.5265195369720459
  -43,"graph_0000110100",0.4080972790411559,0.2385700305713774,0.2407178884330258,5260545,3.345635879039764,0.1552183628082275,0.2329039573669433
  ... 385 further lines not shown (cap is 50)

[RDB2G-Bench/rel-event/user-attendance/2.csv] column change:
  removed: []
  added:   ['dataset', 'seed', 'task']
  diff --git a/RDB2G-Bench/rel-event/user-attendance/2.csv b/RDB2G-Bench/rel-event/user-attendance/2.csv
  index 7f4f690..b4a6637 100644
  --- a/RDB2G-Bench/rel-event/user-attendance/2.csv
  +++ b/RDB2G-Bench/rel-event/user-attendance/2.csv
  @@ -1,215 +1,215 @@
  -idx,graph,train_metric,valid_metric,test_metric,params,train_time,valid_time,test_time
  -0,"graph_0000000001",0.3627150701233537,0.2613117511273615,0.2635342185903984,716929,2.056758010387421,0.1496853828430175,0.1887311935424804
  -1,"graph_0000000010",0.3627007505674198,0.2617983109786388,0.2635342185903984,716929,0.9467260003089903,0.0495722293853759,0.0529754161834716
  -2,"graph_0000000011",0.3627095223402579,0.2617983109786388,0.2635342185903984,848513,3.006611001491547,0.2472295761108398,0.330272912979126
  -3,"graph_0000000100",0.3627526753294177,0.2617994135701857,0.2635501209889996,4464001,1.128972554206848,0.0721621513366699,0.0737800598144531
  -4,"graph_0000000101",0.3631833976796783,0.2617598720009624,0.263502619241624,4747265,2.97563157081604,0.1929516792297363,0.2183351516723632
  -5,"graph_0000000110",0.3627007640729767,0.2617983109786388,0.2635342185903984,4747265,1.6214754104614255,0.0923328399658203,0.1155004501342773
  -6,"graph_0000000111",0.3662616393039328,0.2615832851129092,0.2635694960602183,4878849,3.550589680671692,0.261272668838501,0.2705044746398926
  -7,"graph_0000001000",0.3627835444511724,0.261791385480763,0.2635927278411967,856193,1.117635333538055,0.0662775039672851,0.0739502906799316
  -8,"graph_0000001001",0.362813305090957,0.2613062496841605,0.2635345489521101,1139457,2.973574161529541,0.1786820888519287,0.208653450012207
  -9,"graph_0000001010",0.3634753315137106,0.2613816381026368,0.2636192783778029,1139457,1.5027766585350038,0.0832962989807128,0.0796020030975341
  -10,"graph_0000001011",0.3628244424079345,0.2617795150884336,0.2635547654271369,1271041,3.4615657210350035,0.2493312358856201,0.3410272598266601
  -11,"graph_0000001100",0.3629654710609027,0.2617892755340771,0.2636684447346066,4886529,1.654734778404236,0.0869646072387695,0.0864350795745849
  -12,"graph_0000001101",0.3634054997966969,0.2616677967784301,0.2634464989457207,5169793,3.361770224571228,0.1978299617767334,0.2396328449249267
  -13,"graph_0000001110",0.363536347266463,0.2612422923383965,0.2637605966849821,5169793,2.2915930271148683,0.1233620643615722,0.1090178489685058
  -14,"graph_0000001111",0.3632489564530913,0.2618350131493626,0.2635543230593783,5301377,3.835922312736512,0.2752344608306885,0.2896690368652344
  -15,"graph_0000010100",0.3672160743308287,0.2594087912679788,0.2615625828124518,4886529,1.7789939403533936,0.0722553730010986,0.0775375366210937
  -16,"graph_0000010101",0.3677304463748803,0.2593739202705369,0.2631902638645614,5169793,3.1354344725608825,0.2111861705780029,0.231389045715332
  -17,"graph_0000010110",0.3658549714171469,0.2591091363000976,0.2610806917944833,5169793,2.2841991186141968,0.1128990650177002,0.1085939407348632
  -18,"graph_0000010111",0.3655383187854009,0.2589038459947763,0.2607650621865511,5301377,3.805482578277588,0.2670702934265136,0.3522872924804687
  -19,"graph_0000011000",0.3660707557145503,0.2601720242202652,0.2635999390611899,4886529,1.872764766216278,0.0717408657073974,0.1135106086730957
  -20,"graph_0000011001",0.3631108333772745,0.2613083542589703,0.2635345782003003,5169793,3.054765594005585,0.2139923572540283,0.2207410335540771
  -21,"graph_0000011010",0.3646458127889791,0.2598770156556391,0.264777555133276,5169793,2.436965787410736,0.1386985778808593,0.1467103958129882
  -22,"graph_0000011011",0.3627571559337001,0.261792045936055,0.2635428718832512,5301377,4.054211831092834,0.3187630176544189,0.3628456592559814
  -23,"graph_0000011100",0.3686546765754132,0.2598131543558699,0.2611799259971878,5018113,2.131910252571106,0.0914571285247802,0.1164376735687255
  -24,"graph_0000011101",0.3657974919527025,0.2590098706547354,0.2611962783819139,5301377,3.338337242603302,0.2699558734893799,0.3226902484893799
  -25,"graph_0000011110",0.3656361304264974,0.2595414226019724,0.2616430349725054,5301377,2.496356034278869,0.1031887531280517,0.1045637130737304
  -26,"graph_0000011111",0.3663258608007537,0.2595582552850098,0.2612881319058928,5432961,4.308586013317108,0.3932170867919922,0.3918447494506836
  -27,"graph_0000100000",0.4075296933387228,0.2382401290520381,0.2419129270238305,823425,1.3610031127929687,0.0618362426757812,0.0662453174591064
  -28,"graph_0000100001",0.4023669058250024,0.2470825079442647,0.2427141388692247,1106689,3.09771009683609,0.2485265731811523,0.2744626998901367
  -29,"graph_0000100010",0.422300276284978,0.2388872801128662,0.2421908907885297,1106689,1.7503943681716918,0.08376145362854,0.091320514678955
  -30,"graph_0000100011",0.4027987248257234,0.243350635316469,0.2425220222521546,1238273,3.936424720287323,0.3938379287719726,0.3939001560211181
  -31,"graph_0000100100",0.4094501199833249,0.2415272835873426,0.2470974631653195,4853761,1.774528086185455,0.0793783664703369,0.0852293968200683
  -32,"graph_0000100101",0.4073573326182442,0.2395031431322511,0.2426322369671696,5137025,3.8008381962776174,0.1971006393432617,0.218747854232788
  -33,"graph_0000100110",0.4102862371229368,0.242955150240935,0.2402005290367143,5137025,2.1409762024879457,0.0955841541290283,0.1057016849517822
  -34,"graph_0000100111",0.4063054179403187,0.2394951162235214,0.2383638063390512,5268609,4.554258596897125,0.2921180725097656,0.6361157894134521
  -35,"graph_0000101000",0.4130772495318648,0.2389669846160401,0.2411296967839379,1245953,1.6935571789741517,0.0707521438598632,0.0783290863037109
  -36,"graph_0000101001",0.4204631129460682,0.2485091824397274,0.2481230111493975,1529217,3.6102259874343874,0.2149808406829834,0.2200462818145752
  -37,"graph_0000101010",0.4126882782054228,0.2405739125054953,0.2452052610610498,1529217,2.1950703859329224,0.0961396694183349,0.1421723365783691
  -38,"graph_0000101011",0.4105461262272223,0.2457802188395343,0.2452941012913142,1660801,4.346662414073944,0.3041181564331054,0.3609719276428222
  -39,"graph_0000101100",0.403674467631359,0.237825975442926,0.2392304408591358,5276289,2.273956727981568,0.0893197059631347,0.1159462928771972
  -40,"graph_0000101101",0.4088473041328382,0.2407631795422298,0.2417501062744576,5559553,4.084744215011597,0.2375695705413818,0.2895517349243164
  -41,"graph_0000101110",0.4010323542228074,0.2462988726293202,0.2485828719285447,5559553,2.539853537082672,0.1486463546752929,0.1690223217010498
  -42,"graph_0000101111",0.4070549440561208,0.2423541796981494,0.2473068846837594,5691137,4.7428959608078,0.3484148979187011,0.7052733898162842
  -43,"graph_0000110100",0.4114493434544202,0.2402627342128437,0.2382453791026608,5276289,2.1084102749824525,0.1090033054351806,0.1336123943328857
  ... 385 further lines not shown (cap is 50)

[RDB2G-Bench/rel-event/user-attendance/3.csv] column change:
  removed: []
  added:   ['dataset', 'seed', 'task']
  diff --git a/RDB2G-Bench/rel-event/user-attendance/3.csv b/RDB2G-Bench/rel-event/user-attendance/3.csv
  index 85f31fb..616e0ce 100644
  --- a/RDB2G-Bench/rel-event/user-attendance/3.csv
  +++ b/RDB2G-Bench/rel-event/user-attendance/3.csv
  @@ -1,215 +1,215 @@
  -idx,graph,train_metric,valid_metric,test_metric,params,train_time,valid_time,test_time
  -0,"graph_0000000001",0.3633089770837759,0.2613075008098604,0.2635342185903984,716929,2.47074625492096,0.1559398174285888,0.1831719875335693
  -1,"graph_0000000010",0.3627007640729767,0.2617983109786388,0.2635342185903984,716929,1.154696762561798,0.0519778728485107,0.0637459754943847
  -2,"graph_0000000011",0.3627033350882047,0.2615339475014407,0.2635342185903984,848513,3.1028122305870056,0.2307054996490478,0.3189864158630371
  -3,"graph_0000000100",0.3627007640729767,0.2617983109786388,0.2635342185903984,4464001,1.0039234042167664,0.0434188842773437,0.0453248023986816
  -4,"graph_0000000101",0.3635746211272818,0.2615228483904018,0.2633555358098829,4747265,2.5199562907218933,0.1688976287841797,0.1990065574645996
  -5,"graph_0000000110",0.3627007640729767,0.2617983109786388,0.2635342185903984,4747265,1.5226840376853945,0.0663268566131591,0.0706067085266113
  -6,"graph_0000000111",0.3638971222748431,0.2614532236326291,0.2631722114146882,4878849,3.219108009338379,0.2553796768188476,0.258420467376709
  -7,"graph_0000001000",0.3655846884417618,0.2605509856122791,0.264054313832033,856193,1.0163828492164613,0.0391926765441894,0.0439260005950927
  -8,"graph_0000001001",0.3627035046704808,0.2617962182056708,0.2635350019715734,1139457,2.2898654341697693,0.160468578338623,0.1913211345672607
  -9,"graph_0000001010",0.3663756543956029,0.2601674341361172,0.2657390909861161,1139457,1.2910345911979677,0.0536603927612304,0.0575149059295654
  -10,"graph_0000001011",0.3627028702338797,0.2617983109786388,0.2635342185903984,1271041,3.014110279083252,0.2437448501586914,0.33449387550354
  -11,"graph_0000001100",0.3627736309700191,0.2618516071413176,0.2636069320732075,4886529,1.4875910043716432,0.0613436698913574,0.0633974075317382
  -12,"graph_0000001101",0.3630915265487748,0.2618756034211161,0.2635936994644013,5169793,2.8860371112823486,0.199589729309082,0.2155873775482177
  -13,"graph_0000001110",0.362765569274515,0.2617983109786388,0.2635342185903984,5169793,1.813469624519348,0.0701611042022705,0.0736923217773437
  -14,"graph_0000001111",0.3633956261692904,0.2617051727871766,0.263456855140497,5301377,3.411163008213044,0.3154966831207275,0.3600022792816162
  -15,"graph_0000010100",0.3672793388925909,0.2590514087704391,0.2612083303467185,4886529,1.251314997673035,0.0479753017425537,0.0529444217681884
  -16,"graph_0000010101",0.3674720723790549,0.2596149271955761,0.2623484171026807,5169793,2.5105586409568788,0.1668887138366699,0.180042028427124
  -17,"graph_0000010110",0.3664157179549884,0.2600362281256271,0.261705256078632,5169793,1.6325579643249513,0.0807020664215087,0.0854384899139404
  -18,"graph_0000010111",0.3681372209469084,0.2594476011736708,0.2623176569941018,5301377,3.276753032207489,0.2594289779663086,0.32745361328125
  -19,"graph_0000011000",0.3653236445977852,0.2605742051137053,0.263667886748537,4886529,1.5015373349189758,0.0629150867462158,0.0751128196716308
  -20,"graph_0000011001",0.3627355568518732,0.2617738871093538,0.2635437265167867,5169793,2.6104235649108887,0.1711759567260742,0.2037651538848877
  -21,"graph_0000011010",0.3627007640729767,0.2617983109786388,0.2635342185903984,5169793,1.7723504424095151,0.0858707427978515,0.0940349102020263
  -22,"graph_0000011011",0.3627089399230981,0.2618009757067336,0.2635414618751428,5301377,3.225292313098908,0.2572023868560791,0.3452978134155273
  -23,"graph_0000011100",0.3676556529683166,0.2597532179576733,0.2609916437494324,5018113,1.415888512134552,0.0598268508911132,0.0623822212219238
  -24,"graph_0000011101",0.3655125762037908,0.259379997094413,0.2613432015500681,5301377,2.5855445981025698,0.1746764183044433,0.2011668682098388
  -25,"graph_0000011110",0.365843709596394,0.2593587175866619,0.2604826894599232,5301377,1.7193973422050477,0.0848042964935302,0.0890390872955322
  -26,"graph_0000011111",0.3660233558979356,0.259812898169583,0.2615213812185228,5432961,3.3138202905654905,0.2620904445648193,0.3043398857116699
  -27,"graph_0000100000",0.404879567543451,0.2375432169111145,0.2365145789087389,823425,1.148054015636444,0.0498392581939697,0.0554561614990234
  -28,"graph_0000100001",0.4168223890134071,0.2495852892561892,0.2545396698328673,1106689,2.441000592708588,0.1784899234771728,0.2265903949737548
  -29,"graph_0000100010",0.4111205012603809,0.239317822893059,0.2443537152304758,1106689,1.625099527835846,0.0778601169586181,0.0819296836853027
  -30,"graph_0000100011",0.4028183051683033,0.2434432423302059,0.2421968438090857,1238273,3.257021260261536,0.2765791416168213,0.3643312454223633
  -31,"graph_0000100100",0.4149038954855539,0.2400224569683429,0.240338915671708,4853761,1.6686603546142578,0.0764739513397216,0.0915346145629882
  -32,"graph_0000100101",0.4006392352119962,0.243082645490314,0.2452672449472351,5137025,3.1953055381774904,0.2120673656463623,0.2575294971466064
  -33,"graph_0000100110",0.4043458790222909,0.2451546300245172,0.2454993982035457,5137025,2.090423035621643,0.1008486747741699,0.1118006706237793
  -34,"graph_0000100111",0.4065424210136683,0.2423714274199105,0.2419982730630743,5268609,3.94671870470047,0.3369266986846924,0.388843297958374
  -35,"graph_0000101000",0.4022631550309294,0.2421485798325162,0.243099551008628,1245953,1.6290470123291017,0.0742714405059814,0.0824916362762451
  -36,"graph_0000101001",0.4204125894211607,0.2421420971255507,0.2443638074352568,1529217,2.904254603385925,0.195159912109375,0.2402689456939697
  -37,"graph_0000101010",0.3933615349126653,0.2449467413912083,0.2395404395652103,1529217,2.036513614654541,0.0947864055633544,0.1135616302490234
  -38,"graph_0000101011",0.4145422352419721,0.2400707489187689,0.2457114444537596,1660801,3.639589130878449,0.2748227119445801,0.3822202682495117
  -39,"graph_0000101100",0.4094502373951265,0.2377741774937375,0.2359889887037389,5276289,2.1021857023239137,0.0958442687988281,0.1052794456481933
  -40,"graph_0000101101",0.4042744766040747,0.2419170069268137,0.2448377011494142,5559553,3.451505160331726,0.2264201641082763,0.2605106830596924
  -41,"graph_0000101110",0.4063512125853955,0.2402897819923398,0.2436291570166379,5559553,2.5355605244636537,0.120898962020874,0.1337947845458984
  -42,"graph_0000101111",0.4109701483067355,0.2399350472013903,0.2434752922442354,5691137,4.133015275001526,0.296489953994751,0.3488280773162842
  -43,"graph_0000110100",0.4011116752440592,0.2405941586884111,0.2419402071268158,5276289,2.047512924671173,0.0931017398834228,0.0973117351531982
  ... 385 further lines not shown (cap is 50)

[RDB2G-Bench/rel-event/user-attendance/4.csv] column change:
  removed: []
  added:   ['dataset', 'seed', 'task']
  diff --git a/RDB2G-Bench/rel-event/user-attendance/4.csv b/RDB2G-Bench/rel-event/user-attendance/4.csv
  index b27d89e..1e62998 100644
  --- a/RDB2G-Bench/rel-event/user-attendance/4.csv
  +++ b/RDB2G-Bench/rel-event/user-attendance/4.csv
  @@ -1,215 +1,215 @@
  -idx,graph,train_metric,valid_metric,test_metric,params,train_time,valid_time,test_time
  -0,"graph_0000000001",0.3627634839488263,0.2613362451535045,0.2635349230127327,716929,2.415048623085022,0.2089993953704834,0.2721681594848633
  -1,"graph_0000000010",0.3627007640729767,0.2617983109786388,0.2635342185903984,716929,1.380153465270996,0.0430712699890136,0.0434882640838623
  -2,"graph_0000000011",0.3627059474919326,0.2617912067741644,0.2635342185903984,848513,3.1055302739143373,0.2764132022857666,0.3650720119476318
  -3,"graph_0000000100",0.3627007640729767,0.2617983109786388,0.2635342185903984,4464001,1.2119691848754883,0.0406122207641601,0.0425918102264404
  -4,"graph_0000000101",0.3671965905076662,0.2608897681035734,0.2633010642488884,4747265,2.74375559091568,0.2420399188995361,0.2390694618225097
  -5,"graph_0000000110",0.3627010764442514,0.26179819181654,0.2635342516119195,4747265,1.8047638297081,0.0880780220031738,0.0881373882293701
  -6,"graph_0000000111",0.3638760401903684,0.2617269070422063,0.2635833222696803,4878849,3.429547667503357,0.3177828788757324,0.4038445949554443
  -7,"graph_0000001000",0.3633384620793564,0.261937958664426,0.2637892035716065,856193,1.1081920504570006,0.0358493328094482,0.0421159267425537
  -8,"graph_0000001001",0.363139228578137,0.2613088114592406,0.2635471500923421,1139457,2.719764459133148,0.2109055519104004,0.2347819805145263
  -9,"graph_0000001010",0.3627601604965051,0.2618205029530366,0.2635744093927774,1139457,1.7166626095771789,0.0868167877197265,0.0898005962371826
  -10,"graph_0000001011",0.3627008399572505,0.2618016527342932,0.2635382912421372,1271041,3.429530584812164,0.3361389636993408,0.3705315589904785
  -11,"graph_0000001100",0.3674089752461608,0.2618378285333418,0.2637646548018102,4886529,1.6493807792663575,0.0521731376647949,0.0540339946746826
  -12,"graph_0000001101",0.3662871671663859,0.2596837942924774,0.2616013673393852,5169793,2.9686167240142822,0.2453508377075195,0.2923958301544189
  -13,"graph_0000001110",0.3638654148319486,0.2613829233870095,0.2637786036309719,5169793,2.177034151554108,0.136209487915039,0.1096529960632324
  -14,"graph_0000001111",0.3642258253280118,0.2614801706079073,0.2631609088487245,5301377,3.684109854698181,0.3217921257019043,0.3931856155395508
  -15,"graph_0000010100",0.3654311707020065,0.2590506518892555,0.2609215844612839,4886529,1.5580378651618958,0.0843524932861328,0.0792000293731689
  -16,"graph_0000010101",0.3690831940309352,0.2594574222424631,0.2629570072356029,5169793,2.9432394742965697,0.1806914806365966,0.2162272930145263
  -17,"graph_0000010110",0.3665085166008824,0.260767999853267,0.2630025887437568,5169793,2.077337205410004,0.1117358207702636,0.1127552986145019
  -18,"graph_0000010111",0.368297982800031,0.2610463022008738,0.2636587728077471,5301377,3.5847531914711,0.2641575336456299,0.3539259433746338
  -19,"graph_0000011000",0.3648673537306314,0.2611077773040998,0.2640894100401052,4886529,1.6394340991973877,0.0846128463745117,0.0976557731628418
  -20,"graph_0000011001",0.3629004689162655,0.2617458433257041,0.2635368338830777,5169793,3.002503848075867,0.1841449737548828,0.2189288139343261
  -21,"graph_0000011010",0.3628576509322926,0.2617328234300964,0.2636266606721924,5169793,1.9711394906044009,0.1202843189239502,0.1188781261444091
  -22,"graph_0000011011",0.3627317724748962,0.2617966916312181,0.2635561095035051,5301377,3.8945649385452272,0.2629637718200683,0.4866805076599121
  -23,"graph_0000011100",0.3668827840319569,0.2597073748878028,0.2610454268361593,5018113,1.6367215514183044,0.1027510166168212,0.116039752960205
  -24,"graph_0000011101",0.3696242189574569,0.2602707887659662,0.2633935835239105,5301377,3.29137454032898,0.2189998626708984,0.2431216239929199
  -25,"graph_0000011110",0.3705236499114374,0.2603584387304027,0.2632815526842127,5301377,2.0017508268356323,0.0851144790649414,0.0974433422088623
  -26,"graph_0000011111",0.3669426294096037,0.2597600081236917,0.2611843289567711,5432961,4.306219828128815,0.2940042018890381,0.5137429237365723
  -27,"graph_0000100000",0.4047268803863966,0.236981651535229,0.2389679394730874,823425,1.2191837310791016,0.0521414279937744,0.0698103904724121
  -28,"graph_0000100001",0.4035215193698229,0.2492600671699019,0.2489651150971011,1106689,3.093265330791473,0.1959295272827148,0.1949634552001953
  -29,"graph_0000100010",0.4116673926539037,0.2429887119314018,0.2402225387440466,1106689,1.639439868927002,0.0756042003631591,0.0796654224395752
  -30,"graph_0000100011",0.4014880657713043,0.2405819616123656,0.2430039330312375,1238273,3.927204811573029,0.2659211158752441,0.2760717868804931
  -31,"graph_0000100100",0.4238673220274106,0.2405821321040791,0.2421035444719738,4853761,1.7093562960624695,0.072911262512207,0.0750589370727539
  -32,"graph_0000100101",0.4186041110908609,0.2463589147255157,0.2538337172146989,5137025,3.769780766963959,0.2008976936340332,0.2870087623596191
  -33,"graph_0000100110",0.4149624545379746,0.236279767040872,0.2456230406494348,5137025,2.1397397994995115,0.1063919067382812,0.1190671920776367
  -34,"graph_0000100111",0.3969577725600478,0.2425828873481966,0.2450202983881102,5268609,4.525721085071564,0.4226813316345215,0.4267578125
  -35,"graph_0000101000",0.4105183971730449,0.2411056148472172,0.2426753943639525,1245953,1.6500367641448974,0.0778305530548095,0.0922574996948242
  -36,"graph_0000101001",0.4074703240066656,0.2446347633409103,0.2460380895700652,1529217,3.5856894969940187,0.2439432144165039,0.3140895366668701
  -37,"graph_0000101010",0.4131701503673964,0.2433437952221571,0.2437845025642868,1529217,2.046936821937561,0.1008832454681396,0.1423573493957519
  -38,"graph_0000101011",0.409177716527692,0.24141558143877,0.2426494938512622,1660801,4.307595574855805,0.4077396392822265,0.4095222949981689
  -39,"graph_0000101100",0.4123348036949026,0.2383952842663531,0.238009541743531,5276289,2.208030664920807,0.0964703559875488,0.1130661964416503
  -40,"graph_0000101101",0.415902991546451,0.2459590714549765,0.2457656694344978,5559553,3.9379428386688233,0.2666854858398437,0.3341093063354492
  -41,"graph_0000101110",0.4038382881062562,0.2457272852578982,0.2439604171925624,5559553,2.646966028213501,0.1220936775207519,0.1461391448974609
  -42,"graph_0000101111",0.4044716742633844,0.2404472682045812,0.2428819565359309,5691137,4.67242956161499,0.3756415843963623,0.4387276172637939
  -43,"graph_0000110100",0.4161392018921808,0.2333179145790412,0.2382767371576414,5276289,2.1745797872543333,0.1063427925109863,0.1100749969482421
  ... 385 further lines not shown (cap is 50)

[RDB2G-Bench/rel-event/user-attendance/5.csv] column change:
  removed: []
  added:   ['dataset', 'seed', 'task']
  diff --git a/RDB2G-Bench/rel-event/user-attendance/5.csv b/RDB2G-Bench/rel-event/user-attendance/5.csv
  index 8a94692..771f7db 100644
  --- a/RDB2G-Bench/rel-event/user-attendance/5.csv
  +++ b/RDB2G-Bench/rel-event/user-attendance/5.csv
  @@ -1,215 +1,215 @@
  -idx,graph,train_metric,valid_metric,test_metric,params,train_time,valid_time,test_time
  -0,"graph_0000000001",0.3630176063225605,0.2613077298717243,0.2635342185903984,716929,2.8862374663352965,0.2428736686706543,0.2573971748352051
  -1,"graph_0000000010",0.3627007640729767,0.2617983109786388,0.2635342185903984,716929,1.3682952642440795,0.0616006851196289,0.0948607921600341
  -2,"graph_0000000011",0.3631977054805874,0.2617395067475532,0.2635342185903984,848513,3.677455115318298,0.2869653701782226,0.3860599994659424
  -3,"graph_0000000100",0.3627026597713397,0.2617970830818728,0.2635329576804701,4448257,1.4750911474227906,0.087320327758789,0.0940914154052734
  -4,"graph_0000000101",0.3631824255001242,0.2617276162445782,0.2635361355224261,4731521,3.171572434902191,0.2091116905212402,0.2742836475372314
  -5,"graph_0000000110",0.3627009884201087,0.2617983109786388,0.2635342179035598,4731521,2.2660361647605898,0.1227567195892334,0.1520133018493652
  -6,"graph_0000000111",0.3669473503927978,0.2614168006680643,0.2642635474984169,4863105,3.934847664833069,0.3130137920379638,0.4225039482116699
  -7,"graph_0000001000",0.3645668391226805,0.260984952730426,0.2632109023006566,856193,1.4649048447608948,0.0637388229370117,0.0654859542846679
  -8,"graph_0000001001",0.3627427427505847,0.2617204286087761,0.2635364271966746,1139457,3.3043338537216185,0.200540542602539,0.2483747005462646
  -9,"graph_0000001010",0.3656039938039814,0.2594371271776327,0.2664286564327814,1139457,2.0203900814056395,0.1282641887664795,0.1114168167114257
  -10,"graph_0000001011",0.3627007640729767,0.2617983109786388,0.2635342185903984,1271041,4.063507831096649,0.3646824359893799,0.4303348064422607
  -11,"graph_0000001100",0.3662533813481768,0.259087757552998,0.2608795839757706,4870785,2.067427027225494,0.0676653385162353,0.0701220035552978
  -12,"graph_0000001101",0.3678012260709906,0.2594547578745734,0.2620236161978301,5154049,3.7260775446891774,0.2161610126495361,0.2618868350982666
  -13,"graph_0000001110",0.365194525170795,0.2610055664993759,0.2645697840912775,5154049,2.220752823352813,0.1008081436157226,0.1387112140655517
  -14,"graph_0000001111",0.3670360690280094,0.2599159925565368,0.2623446443050612,5285633,4.528562772274017,0.3257842063903808,0.4334359169006347
  -15,"graph_0000010100",0.3700958492216051,0.2589819349988858,0.2617507755197014,4870785,1.6729659557342529,0.0738158226013183,0.0731985569000244
  -16,"graph_0000010101",0.3669063269699324,0.2597875966178323,0.2618231206268559,5154049,3.673204410076141,0.2362570762634277,0.2762916088104248
  -17,"graph_0000010110",0.3652737843730239,0.2597963946172389,0.2611716919187627,5154049,2.548267495632172,0.1184530258178711,0.1496832370758056
  -18,"graph_0000010111",0.3681159114715968,0.2585776749085977,0.2622676415367012,5285633,4.453957557678223,0.3205251693725586,0.414133071899414
  -19,"graph_0000011000",0.3627002170842203,0.2617983109786388,0.2635342185903984,4870785,2.0900797247886658,0.1174311637878418,0.0993120670318603
  -20,"graph_0000011001",0.3628514621419767,0.2617219844236192,0.2635901086441449,5154049,3.6999414563179016,0.2633395195007324,0.2999186515808105
  -21,"graph_0000011010",0.3655913175767267,0.260245331677331,0.2661513009710776,5154049,2.4989970088005067,0.1109886169433593,0.1297533512115478
  -22,"graph_0000011011",0.3628197945904178,0.2617860591076999,0.2635551914705897,5285633,4.61395138502121,0.3551497459411621,0.4688682556152344
  -23,"graph_0000011100",0.3688923279950918,0.2597147194484514,0.2615024569664108,5002369,2.1323635935783387,0.0757191181182861,0.0870249271392822
  -24,"graph_0000011101",0.3678311317987932,0.2580028938409913,0.2621765350742195,5285633,3.908396542072296,0.2583551406860351,0.3147532939910888
  -25,"graph_0000011110",0.3656145981939681,0.2595603333159696,0.2609981646260914,5285633,2.5202059030532835,0.1507899761199951,0.1706266403198242
  -26,"graph_0000011111",0.3698784006868248,0.2598282948397266,0.2632946156296381,5417217,4.693672907352448,0.3494970798492431,0.4518711566925049
  -27,"graph_0000100000",0.3958765614431783,0.23831983490061,0.2391671915543365,823425,1.5658400416374207,0.0974652767181396,0.1038484573364257
  -28,"graph_0000100001",0.4092488663223242,0.2413514089972795,0.2453075047431131,1106689,3.347887420654297,0.2460339069366455,0.2926597595214844
  -29,"graph_0000100010",0.4133374861512858,0.2425112098120467,0.2433432728324211,1106689,2.355855917930603,0.102851390838623,0.1555182933807373
  -30,"graph_0000100011",0.4122036897179286,0.2455207799879165,0.2477617276037174,1238273,4.338761818408966,0.4091687202453613,0.4743416309356689
  -31,"graph_0000100100",0.4139020044845602,0.2417876804353909,0.2396938679378339,4838017,2.334348905086517,0.1063454151153564,0.1235601902008056
  -32,"graph_0000100101",0.4156515162748305,0.2428931300211429,0.2438682316627878,5121281,4.075939667224884,0.2650899887084961,0.3212141990661621
  -33,"graph_0000100110",0.4057546247399914,0.2389629978017573,0.2378390405490705,5121281,2.7949878573417664,0.1239790916442871,0.1629683971405029
  -34,"graph_0000100111",0.4111793820958609,0.2407981467984294,0.2409490108940906,5252865,4.587448799610138,0.3518056869506836,0.4790172576904297
  -35,"graph_0000101000",0.4058154601584577,0.2420767922263446,0.2440160705286541,1245953,2.1769531607627868,0.0828104019165039,0.1109192371368408
  -36,"graph_0000101001",0.403949226615553,0.2463228281955635,0.2485864476469156,1529217,4.333197379112244,0.329503059387207,0.5166049003601074
  -37,"graph_0000101010",0.4092113199647227,0.2418096547962989,0.2416656384481434,1529217,2.5161450266838075,0.1274030208587646,0.2056117057800293
  -38,"graph_0000101011",0.413009686569214,0.2423969721546515,0.2467525794301125,1660801,4.95366747379303,0.4840431213378906,0.5221550464630127
  -39,"graph_0000101100",0.4174405912472894,0.2356947058514759,0.2412059177191256,5260545,2.491700088977814,0.1554219722747802,0.1727147102355957
  -40,"graph_0000101101",0.4125560956936773,0.2444732166156802,0.2465825680000241,5543809,4.676359164714813,0.3056581020355224,0.3270413875579834
  -41,"graph_0000101110",0.4071550724227467,0.2450618062259039,0.2430574577100778,5543809,3.519981181621552,0.1643383502960205,0.2297286987304687
  -42,"graph_0000101111",0.3927955690172739,0.2374664443599174,0.2376648601536012,5675393,5.503802919387818,0.4063508510589599,0.5081984996795654
  -43,"graph_0000110100",0.3985809062983862,0.2397779874740491,0.236196576810772,5260545,2.7333804965019226,0.1426801681518554,0.1313285827636718
  ... 385 further lines not shown (cap is 50)

[RDB2G-Bench/rel-event/user-attendance/6.csv] column change:
  removed: []
  added:   ['dataset', 'seed', 'task']
  diff --git a/RDB2G-Bench/rel-event/user-attendance/6.csv b/RDB2G-Bench/rel-event/user-attendance/6.csv
  index 87b4943..e881834 100644
  --- a/RDB2G-Bench/rel-event/user-attendance/6.csv
  +++ b/RDB2G-Bench/rel-event/user-attendance/6.csv
  @@ -1,215 +1,215 @@
  -idx,graph,train_metric,valid_metric,test_metric,params,train_time,valid_time,test_time
  -0,"graph_0000000001",0.3631132461521369,0.2613077696784776,0.263534690467479,716929,2.852861428260803,0.2085251808166504,0.2414875030517578
  -1,"graph_0000000010",0.3627007640729767,0.2617983109786388,0.2635342185903984,716929,1.536759865283966,0.088151216506958,0.0919241905212402
  -2,"graph_0000000011",0.3628579780027217,0.2617929239627353,0.2635342185903984,848513,3.6115166664123537,0.3250482082366943,0.3994836807250976
  -3,"graph_0000000100",0.3627007640729767,0.2617983109786388,0.2635342185903984,4448257,1.5406001210212708,0.0499837398529052,0.0539863109588623
  -4,"graph_0000000101",0.3667810158603166,0.2586503693129788,0.2610687314550772,4731521,3.091916847229004,0.2306990623474121,0.2663998603820801
  -5,"graph_0000000110",0.3663871819616693,0.2617562487980529,0.2661851476135914,4731521,2.077462649345398,0.0792768001556396,0.1083991527557373
  -6,"graph_0000000111",0.3631836857064451,0.2617621099843768,0.2635260005143829,4863105,3.798204803466797,0.3473589420318603,0.4219226837158203
  -7,"graph_0000001000",0.3654508885514916,0.2592793298747355,0.2634735832241029,856193,1.440749001502991,0.0520174503326416,0.0510571002960205
  -8,"graph_0000001001",0.3631195167978118,0.2613501068245354,0.2635433291807101,1139457,3.4571478247642515,0.2289183139801025,0.2645668983459472
  -9,"graph_0000001010",0.3668674454434498,0.2602572325814628,0.2649044801004943,1139457,1.883783209323883,0.0767793655395507,0.1034786701202392
  -10,"graph_0000001011",0.3628885922021631,0.2617723812907564,0.2635674668253381,1271041,3.8270228624343874,0.3824763298034668,0.4129934310913086
  -11,"graph_0000001100",0.3679247181669928,0.2613118660654289,0.264249823331087,4870785,1.948127269744873,0.0698540210723877,0.0714550018310546
  -12,"graph_0000001101",0.3663226141998993,0.2595404517062848,0.2623993583609549,5154049,3.812435483932495,0.2533097267150879,0.269594669342041
  -13,"graph_0000001110",0.3627399246728418,0.261797873113606,0.2635349101159603,5154049,2.440401816368103,0.1019699573516845,0.1376683712005615
  -14,"graph_0000001111",0.3678852517134775,0.2613207682405292,0.2640985104004354,5285633,4.842792022228241,0.3468742370605469,0.4900643825531006
  -15,"graph_0000010100",0.3688215997105509,0.2574695694712312,0.2624446903398228,4870785,1.746661472320557,0.0690970420837402,0.0887601375579834
  -16,"graph_0000010101",0.3682712458247975,0.2582118783046209,0.2618371065938132,5154049,3.4297406554222105,0.239633560180664,0.2704365253448486
  -17,"graph_0000010110",0.3642765356788224,0.2604811258847241,0.2614011181855196,5154049,2.361053454875946,0.1068286895751953,0.1621155738830566
  -18,"graph_0000010111",0.3680545230062512,0.2592656601829222,0.2614566545107756,5285633,4.589557158946991,0.4191882610321045,0.4387781620025635
  -19,"graph_0000011000",0.3627007640729767,0.2617983109786388,0.2635342185903984,4870785,1.989472258090973,0.0835888385772705,0.0968735218048095
  -20,"graph_0000011001",0.3637134941959238,0.2615741974828229,0.2638597022570799,5154049,4.126140367984772,0.2315139770507812,0.3027653694152832
  -21,"graph_0000011010",0.3654666216519737,0.2604260717181353,0.2651282833019638,5154049,2.358554708957672,0.111340045928955,0.1298034191131591
  -22,"graph_0000011011",0.3631621737228116,0.2614763760916108,0.2635972563565477,5285633,4.268989324569702,0.3296492099761963,0.4564409255981445
  -23,"graph_0000011100",0.3656828617988356,0.258796628203726,0.2612452972547148,5002369,2.0462006092071534,0.0914099216461181,0.1015694141387939
  -24,"graph_0000011101",0.3720410551657606,0.2595108614913412,0.2629982894971449,5285633,4.002113366127015,0.2512195110321045,0.3244516849517822
  -25,"graph_0000011110",0.3658144814684771,0.2591672445033476,0.2604117186072228,5285633,2.624172794818878,0.1022813320159912,0.1387393474578857
  -26,"graph_0000011111",0.3680488002610621,0.2611597746503537,0.2629733150027001,5417217,5.139816248416901,0.3913426399230957,0.464496374130249
  -27,"graph_0000100000",0.3999850641574165,0.241169923306681,0.2412450292116303,823425,1.609646987915039,0.065943956375122,0.0925688743591308
  -28,"graph_0000100001",0.4133049842293377,0.2470831035146414,0.2495233793804789,1106689,3.5487326979637146,0.2456111907958984,0.2995738983154297
  -29,"graph_0000100010",0.4118974185749313,0.2395907594067411,0.2396753319601915,1106689,2.292982256412506,0.0989317893981933,0.1528670787811279
  -30,"graph_0000100011",0.4099707042823475,0.2446352927263139,0.2475875529391164,1238273,4.469014704227448,0.3266303539276123,0.4761252403259277
  -31,"graph_0000100100",0.4002937296309296,0.2400525848501974,0.2397626383359467,4838017,2.205092120170593,0.0973892211914062,0.1269617080688476
  -32,"graph_0000100101",0.4101217713866711,0.2432581560304078,0.247050863642158,5121281,4.330013132095337,0.2873873710632324,0.3208396434783935
  -33,"graph_0000100110",0.4120952199990204,0.240528678200432,0.240952792363403,5121281,2.7288186073303224,0.1159327030181884,0.1462233066558838
  -34,"graph_0000100111",0.4060023350242636,0.2421053221372455,0.2415948830881708,5252865,4.71693172454834,0.3243801593780517,0.4447519779205322
  -35,"graph_0000101000",0.4168606062764232,0.2394217577051802,0.2424612584028229,1245953,2.1983223438262938,0.0822861194610595,0.1021785736083984
  -36,"graph_0000101001",0.4089706041020677,0.2450776461213901,0.2465106104372166,1529217,4.071832370758057,0.2723143100738525,0.35528564453125
  -37,"graph_0000101010",0.4041445634699941,0.2419171597044295,0.2440562573498432,1529217,2.6446032404899595,0.1277251243591308,0.1622154712677002
  -38,"graph_0000101011",0.4066615830446615,0.2424996690264816,0.2448509171913331,1660801,5.1605231165885925,0.4075255393981933,0.5244958400726318
  -39,"graph_0000101100",0.3937507636909031,0.2395842755448176,0.2390686140852146,5260545,2.695265305042267,0.1039316654205322,0.1727950572967529
  -40,"graph_0000101101",0.414687462089185,0.2439622713879335,0.250909550714785,5543809,4.571593022346496,0.2600610256195068,0.3238935470581054
  -41,"graph_0000101110",0.4205951808254453,0.240684435188736,0.2438498797764158,5543809,3.065265893936157,0.1331114768981933,0.1580626964569091
  -42,"graph_0000101111",0.4107272407468217,0.2419468821597762,0.2432501635212637,5675393,5.496982121467591,0.4633817672729492,0.5332024097442627
  -43,"graph_0000110100",0.3971713072578169,0.2388812056333159,0.2333826751175191,5260545,2.577152907848358,0.11134934425354,0.1261043548583984
  ... 385 further lines not shown (cap is 50)

[RDB2G-Bench/rel-event/user-attendance/7.csv] column change:
  removed: []
  added:   ['dataset', 'seed', 'task']
  diff --git a/RDB2G-Bench/rel-event/user-attendance/7.csv b/RDB2G-Bench/rel-event/user-attendance/7.csv
  index 480664d..7443e74 100644
  --- a/RDB2G-Bench/rel-event/user-attendance/7.csv
  +++ b/RDB2G-Bench/rel-event/user-attendance/7.csv
  @@ -1,215 +1,215 @@
  -idx,graph,train_metric,valid_metric,test_metric,params,train_time,valid_time,test_time
  -0,"graph_0000000001",0.3631729223765481,0.2613425049921558,0.2635342185903984,716929,2.888012158870697,0.1826236248016357,0.2258527278900146
  -1,"graph_0000000010",0.3627045399858296,0.2617978988367078,0.2635340910129995,716929,1.4834773898124696,0.0633068084716796,0.0944352149963378
  -2,"graph_0000000011",0.3627301905948032,0.2617925827145545,0.2635348013670452,848513,3.8605916500091553,0.3296444416046142,0.4283626079559326
  -3,"graph_0000000100",0.3627012616470627,0.2617989982762506,0.2635334644941575,4448257,1.4782350897789,0.0481269359588623,0.0695314407348632
  -4,"graph_0000000101",0.3656498425357414,0.2610937052962018,0.2635877389081233,4731521,3.232478070259094,0.2339739799499511,0.294243574142456
  -5,"graph_0000000110",0.3627007640729767,0.2617983109786388,0.2635342185903984,4731521,2.123221683502197,0.0851962566375732,0.1064491271972656
  -6,"graph_0000000111",0.366902272274436,0.2605487510091887,0.2626782454097447,4863105,4.192480373382568,0.3184130191802978,0.4254446029663086
  -7,"graph_0000001000",0.3641824922626775,0.2606288112507521,0.2638554045239861,856193,1.2585407495498655,0.0447080135345459,0.0457572937011718
  -8,"graph_0000001001",0.3630289684273769,0.2613293197222509,0.2635675327884713,1139457,3.398992919921875,0.213087797164917,0.2494904994964599
  -9,"graph_0000001010",0.3652225441983239,0.2601498952824798,0.2626623024058597,1139457,1.8510056257247924,0.0751597881317138,0.0726141929626464
  -10,"graph_0000001011",0.3627033614131587,0.2617985647763007,0.2635355004370098,1271041,3.970217084884644,0.3491418361663818,0.4030458927154541
  -11,"graph_0000001100",0.3692683290932805,0.2602404044581123,0.262448514251379,4870785,1.8750465035438533,0.0781514644622802,0.0913381576538086
  -12,"graph_0000001101",0.3668869287940408,0.2595819758841887,0.2616896481295777,5154049,3.901864647865296,0.2331690788269043,0.3051297664642334
  -13,"graph_0000001110",0.3630254364594878,0.2618001372369734,0.2635377246859855,5154049,2.298215544223785,0.1117470264434814,0.1140310764312744
  -14,"graph_0000001111",0.3662319835758887,0.2593044905021825,0.261788682358347,5285633,4.764160597324372,0.3657011985778808,0.4617185592651367
  -15,"graph_0000010100",0.3700861263628777,0.2591898676185645,0.2628793816935496,4870785,1.7983293890953065,0.0716097354888916,0.0791819095611572
  -16,"graph_0000010101",0.3656064729590188,0.2604689867829305,0.2625526874207257,5154049,3.4695199489593507,0.2327423095703125,0.2802224159240722
  -17,"graph_0000010110",0.3665166691904492,0.2590911812484412,0.2610227049949585,5154049,2.390187168121338,0.1031093597412109,0.1277494430541992
  -18,"graph_0000010111",0.368397292797847,0.2598890213511414,0.2624666042439449,5285633,4.803577387332917,0.3849031925201416,0.4365673065185547
  -19,"graph_0000011000",0.3670989794392169,0.2612559020110849,0.265166123520366,4870785,1.864329659938812,0.0740160942077636,0.0888357162475586
  -20,"graph_0000011001",0.3627424896171187,0.2617716378760438,0.2635506968203251,5154049,3.798167014122009,0.2515757083892822,0.2896163463592529
  -21,"graph_0000011010",0.3627007640729767,0.2617983109786388,0.2635342185903984,5154049,2.2736372351646423,0.1084163188934326,0.1336615085601806
  -22,"graph_0000011011",0.3629610949273423,0.2615935842090661,0.2635389638948611,5285633,4.420258510112762,0.3698372840881347,0.4332282543182373
  -23,"graph_0000011100",0.3664864121003293,0.2594729941657532,0.2610425442195354,5002369,2.129923343658448,0.0826964378356933,0.0987799167633056
  -24,"graph_0000011101",0.3708113686068959,0.2583668319479749,0.2629413399540946,5285633,4.062120532989502,0.2688090801239013,0.2924847602844238
  -25,"graph_0000011110",0.3690247011893618,0.2590584441282917,0.2617338407876025,5285633,2.5452064156532286,0.1218137741088867,0.1574516296386718
  -26,"graph_0000011111",0.368096465635155,0.2604641277311574,0.2631075966768385,5417217,4.903585088253021,0.3587803840637207,0.4546234607696533
  -27,"graph_0000100000",0.4192496441102144,0.2421181127988819,0.2395502448589013,823425,1.6174001097679138,0.0688354969024658,0.0874087810516357
  -28,"graph_0000100001",0.4165235057932478,0.2479627743239389,0.2474271697548729,1106689,3.3561546087265013,0.2357449531555175,0.293696641921997
  -29,"graph_0000100010",0.3851994888029132,0.2427803632362352,0.2404735284772786,1106689,2.183501410484314,0.1363759040832519,0.1381232738494873
  -30,"graph_0000100011",0.4224155943510986,0.2442222268196166,0.2483210664973104,1238273,4.673316681385041,0.3956799507141113,0.4911720752716064
  -31,"graph_0000100100",0.4162306998501728,0.2428017542003508,0.2453705911354311,4838017,2.284473693370819,0.0951881408691406,0.1339237689971923
  -32,"graph_0000100101",0.4112640958446089,0.2443724997041833,0.2444720459746175,5121281,3.888232016563416,0.2448141574859619,0.3132674694061279
  -33,"graph_0000100110",0.4065436865372269,0.240389636756137,0.2367039149431121,5121281,2.75542426109314,0.1218097209930419,0.1936190128326416
  -34,"graph_0000100111",0.4014847688016748,0.247256017817944,0.2474064795686592,5252865,4.653000402450561,0.5526680946350098,0.5673501491546631
  -35,"graph_0000101000",0.4044008961786209,0.24186375172174,0.2455558039122418,1245953,2.22323499917984,0.105799913406372,0.1124463081359863
  -36,"graph_0000101001",0.4108309370513839,0.2472051095404378,0.2511042645572094,1529217,4.098879158496857,0.2674860954284668,0.3334596157073974
  -37,"graph_0000101010",0.4192252091145029,0.2422144219003547,0.2460986421109615,1529217,2.6301587343215944,0.1297340393066406,0.1737651824951172
  -38,"graph_0000101011",0.4152001241012223,0.2425081319070638,0.2419579454530715,1660801,5.024757564067841,0.3442294597625732,0.4720411300659179
  -39,"graph_0000101100",0.4081891846556343,0.2417339953472231,0.2413726027929381,5260545,2.7784969925880434,0.1159203052520752,0.1841976642608642
  -40,"graph_0000101101",0.414836533229574,0.2410972227998933,0.2454878257966169,5543809,4.5504680395126345,0.2902469635009765,0.3338148593902588
  -41,"graph_0000101110",0.4150717502941156,0.2431532963148054,0.2471204379971107,5543809,3.298533725738525,0.1756227016448974,0.2520906925201416
  -42,"graph_0000101111",0.411847017784031,0.2437091533999595,0.2451602397680395,5675393,5.7442947149276735,0.4599916934967041,0.5125079154968262
  -43,"graph_0000110100",0.414786466744576,0.2395277994449384,0.2431230432248319,5260545,2.6477703213691712,0.1149871349334716,0.1155612468719482
  ... 385 further lines not shown (cap is 50)

[RDB2G-Bench/rel-event/user-attendance/8.csv] column change:
  removed: []
  added:   ['dataset', 'seed', 'task']
  diff --git a/RDB2G-Bench/rel-event/user-attendance/8.csv b/RDB2G-Bench/rel-event/user-attendance/8.csv
  index 5918b90..80f1919 100644
  --- a/RDB2G-Bench/rel-event/user-attendance/8.csv
  +++ b/RDB2G-Bench/rel-event/user-attendance/8.csv
  @@ -1,215 +1,215 @@
  -idx,graph,train_metric,valid_metric,test_metric,params,train_time,valid_time,test_time
  -0,"graph_0000000001",0.3630684081467814,0.2613418950931522,0.2635369036590206,716929,2.8458365559577943,0.20391845703125,0.2357666492462158
  -1,"graph_0000000010",0.3627007640729767,0.2617983109786388,0.2635342185903984,716929,1.4282965540885926,0.0705401897430419,0.0867843627929687
  -2,"graph_0000000011",0.3627154658142826,0.2617953479090142,0.2635342185903984,848513,3.8362565517425535,0.3087685108184814,0.4328503608703613
  -3,"graph_0000000100",0.3627007523853359,0.2617982897705778,0.2635335224757658,4448257,1.4857373118400574,0.0501606464385986,0.0802521705627441
  -4,"graph_0000000101",0.3672062803903665,0.2595421679639958,0.2615302531410149,4731521,3.3841893672943115,0.222252607345581,0.2916867733001709
  -5,"graph_0000000110",0.3627007640729767,0.2617983109786388,0.2635342185903984,4731521,2.017389750480652,0.0840587615966796,0.1214773654937744
  -6,"graph_0000000111",0.3630213562697924,0.2617750220108079,0.2634900699981295,4863105,4.190036118030548,0.3771641254425049,0.418182373046875
  -7,"graph_0000001000",0.3642653840856801,0.2605969646549564,0.2635514899375786,856193,1.2588858008384705,0.0417225360870361,0.042600393295288
  -8,"graph_0000001001",0.3627267791222303,0.2617111118631581,0.2635484378560388,1139457,3.4934486746788025,0.2156481742858886,0.2591800689697265
  -9,"graph_0000001010",0.3636434952575545,0.261045800015125,0.2634425360335865,1139457,1.7968010187149048,0.0771429538726806,0.1046833992004394
  -10,"graph_0000001011",0.3627027411171071,0.2617983109786388,0.2635342185903984,1271041,4.252169370651245,0.3109924793243408,0.4257915019989013
  -11,"graph_0000001100",0.3627747173687668,0.2617983109786388,0.2635342185903984,4870785,1.8837145924568173,0.0881078243255615,0.0894405841827392
  -12,"graph_0000001101",0.3687819622221425,0.2591172015524371,0.2620261718751625,5154049,4.001811683177948,0.2426204681396484,0.3037252426147461
  -13,"graph_0000001110",0.36271176871761,0.2618119209649488,0.2635544515057896,5154049,2.3679075121879576,0.1215572357177734,0.1316349506378173
  -14,"graph_0000001111",0.3674642387883338,0.2613170271079156,0.2633480858654678,5285633,4.899889612197876,0.4142024517059326,0.4594221115112304
  -15,"graph_0000010100",0.3710127696550794,0.2591989090424669,0.2624648281784996,4870785,1.799608540534973,0.0639212131500244,0.0904583930969238
  -16,"graph_0000010101",0.3675250794040099,0.2594557448266693,0.2618787969168621,5154049,3.79927374124527,0.2334816455841064,0.2741894721984863
  -17,"graph_0000010110",0.3630338980233423,0.261062779679887,0.2623795524346086,5154049,2.3250054121017456,0.1069424152374267,0.1262428760528564
  -18,"graph_0000010111",0.3689316297652383,0.25984163825681,0.2627194741868296,5285633,4.585538411140442,0.3545742034912109,0.4408159255981445
  -19,"graph_0000011000",0.3649643962432468,0.2601816937775234,0.2632950140682712,4870785,1.873441505432129,0.100428819656372,0.08140230178833
  -20,"graph_0000011001",0.3627408724213344,0.2617821025310969,0.2635540537368716,5154049,3.9765785336494446,0.2835540771484375,0.3084251880645752
  -21,"graph_0000011010",0.3627366871123852,0.2618226172523716,0.2635667322201614,5154049,2.283622908592224,0.1099381446838378,0.1241035461425781
  -22,"graph_0000011011",0.3627488649624463,0.2618004719856747,0.2635361829713611,5285633,4.8378265500068665,0.3481495380401611,0.4729163646697998
  -23,"graph_0000011100",0.3679740988908943,0.259792327149866,0.2614932702920867,5002369,2.13741956949234,0.1106798648834228,0.1144855022430419
  -24,"graph_0000011101",0.3695750311368478,0.2599062718824848,0.2635134683952375,5285633,3.908111071586609,0.2554621696472168,0.2782027721405029
  -25,"graph_0000011110",0.364465961925307,0.2605623888084086,0.2621024550453391,5285633,2.64413605928421,0.1180810928344726,0.1680529117584228
  -26,"graph_0000011111",0.3687383967010608,0.2586233932784005,0.2610467617477046,5417217,5.25330775976181,0.363884687423706,0.4722051620483398
  -27,"graph_0000100000",0.4025327139777064,0.2428480027095677,0.2438563944639179,823425,1.7089456915855408,0.0749790668487548,0.0851881504058837
  -28,"graph_0000100001",0.4044524660708959,0.2436921635038421,0.2448302109129308,1106689,3.701763892173767,0.2299411296844482,0.3107328414916992
  -29,"graph_0000100010",0.3687086888118487,0.2594817625705691,0.2611996900210341,1106689,2.1826438546180724,0.1111178398132324,0.1247353553771972
  -30,"graph_0000100011",0.4072562933659019,0.2441903657700461,0.2440079252946212,1238273,4.169945538043976,0.3242838382720947,0.4371428489685058
  -31,"graph_0000100100",0.3991334820865485,0.2368273843598903,0.2384224599289143,4838017,2.3450276613235475,0.0976908206939697,0.1138684749603271
  -32,"graph_0000100101",0.4088070062260456,0.2439847837558031,0.2491797499845719,5121281,4.387017691135407,0.2647433280944824,0.3410379886627197
  -33,"graph_0000100110",0.4012783509307607,0.2392147511791602,0.2424358947514589,5121281,2.782481575012207,0.1173071861267089,0.138667345046997
  -34,"graph_0000100111",0.4139392396067095,0.2425873190341762,0.2443493028531427,5252865,5.110679674148559,0.3735418319702148,0.5052459239959717
  -35,"graph_0000101000",0.4095910153320695,0.2391082655122134,0.2411007280685045,1245953,2.227540946006775,0.094088077545166,0.1088290214538574
  -36,"graph_0000101001",0.4172330400727151,0.2474327857684301,0.2505357158127734,1529217,4.087277030944824,0.252967357635498,0.3174281120300293
  -37,"graph_0000101010",0.4049136812033565,0.2436105514807377,0.243743116611475,1529217,2.7227835416793824,0.160353422164917,0.1706366539001464
  -38,"graph_0000101011",0.4124523546626861,0.2449214921091853,0.2440868658170606,1660801,5.003222310543061,0.3707602024078369,0.4888904094696045
  -39,"graph_0000101100",0.4130185125749518,0.2359994582876274,0.2403762355861582,5260545,2.669522786140442,0.1243624687194824,0.1441776752471923
  -40,"graph_0000101101",0.4070850230130386,0.2399068800082464,0.2426343547693759,5543809,4.83947833776474,0.2880630493164062,0.3606457710266113
  -41,"graph_0000101110",0.4149144225371856,0.2440792786126787,0.2501751647489688,5543809,3.180733013153076,0.1777281761169433,0.2064218521118164
  -42,"graph_0000101111",0.4143916736308264,0.2398952889319563,0.2449603928471853,5675393,5.184551632404327,0.3649070262908935,0.4862763881683349
  -43,"graph_0000110100",0.4077168406726077,0.2405265483244609,0.2384381832438877,5260545,2.715038871765137,0.1459927558898925,0.1243433952331543
  ... 385 further lines not shown (cap is 50)

[RDB2G-Bench/rel-event/user-attendance/9.csv] column change:
  removed: []
  added:   ['dataset', 'seed', 'task']
  diff --git a/RDB2G-Bench/rel-event/user-attendance/9.csv b/RDB2G-Bench/rel-event/user-attendance/9.csv
  index 84bf9b9..f51fb89 100644
  --- a/RDB2G-Bench/rel-event/user-attendance/9.csv
  +++ b/RDB2G-Bench/rel-event/user-attendance/9.csv
  @@ -1,215 +1,215 @@
  -idx,graph,train_metric,valid_metric,test_metric,params,train_time,valid_time,test_time
  -0,"graph_0000000001",0.3628093861198843,0.261302531683439,0.2635342678532244,716929,2.816145586967468,0.1917293071746826,0.2336070537567138
  -1,"graph_0000000010",0.3627007640729767,0.2617983109786388,0.2635342185903984,716929,1.4617342472076416,0.0584332942962646,0.0995900630950927
  -2,"graph_0000000011",0.3628407153662307,0.2617855447058099,0.2635372842883689,848513,3.578260171413421,0.285989761352539,0.3828544616699219
  -3,"graph_0000000100",0.3627024128307645,0.2617982269037594,0.2635340754021686,4448257,1.4731770157814026,0.0572485923767089,0.0631840229034423
  -4,"graph_0000000101",0.3671027979293565,0.2606013397053735,0.2626570961909013,4731521,3.382796239852905,0.2089788913726806,0.2654633522033691
  -5,"graph_0000000110",0.3627009389464954,0.2617983109786388,0.2635342185903984,4731521,2.10869175195694,0.0990920066833496,0.1277699470520019
  -6,"graph_0000000111",0.3656012898847283,0.2609287258006273,0.2625301252723319,4863105,4.229894936084747,0.313218355178833,0.4292695522308349
  -7,"graph_0000001000",0.362839269394143,0.2618076273902207,0.2635466987818891,856193,1.2478521108627318,0.0447642803192138,0.0453624725341796
  -8,"graph_0000001001",0.3628625792573046,0.2614173401670852,0.2635376783386557,1139457,3.0725473403930663,0.2001428604125976,0.239837646484375
  -9,"graph_0000001010",0.365184441121947,0.2599150565745733,0.26237903815619,1139457,1.7877902507781982,0.0785470008850097,0.1000592708587646
  -10,"graph_0000001011",0.3654643734007699,0.2609825959022934,0.2631099890923247,1271041,4.055585825443268,0.3528134822845459,0.4306092262268066
  -11,"graph_0000001100",0.368579106199159,0.2595040850809526,0.26284147171062,4870785,2.0009257197380066,0.0878612995147705,0.0896992683410644
  -12,"graph_0000001101",0.3657155277215626,0.2615977582599,0.264082285053305,5154049,4.065795624256134,0.2523446083068847,0.2854712009429931
  -13,"graph_0000001110",0.3627007640729767,0.2617983109786388,0.2635342185903984,5154049,2.3487182378768923,0.0965025424957275,0.1074845790863037
  -14,"graph_0000001111",0.3638611299242971,0.2616933079383678,0.2636748252120687,5285633,4.452080488204956,0.3163728713989258,0.4200646877288818
  -15,"graph_0000010100",0.3668882126624007,0.2595227909951262,0.2616767192067268,4870785,1.8418064951896669,0.0628013610839843,0.0686821937561035
  -16,"graph_0000010101",0.36707331225662,0.2591870711467257,0.26144995180147,5154049,3.4642340540885925,0.2370157241821289,0.2959980964660644
  -17,"graph_0000010110",0.3657867328749207,0.2606762159306702,0.2627286993417093,5154049,2.302862000465393,0.11971116065979,0.1120412349700927
  -18,"graph_0000010111",0.3652911498258522,0.2596088231120664,0.2615207893920414,5285633,4.773238325119019,0.3350725173950195,0.4417681694030761
  -19,"graph_0000011000",0.3627035137899291,0.2617983109786388,0.2635342185903984,4870785,1.86370986700058,0.0760190486907959,0.0823750495910644
  -20,"graph_0000011001",0.3627171275538038,0.2617846229351905,0.2635348259991718,5154049,3.573468232154846,0.2347528934478759,0.2650537490844726
  -21,"graph_0000011010",0.3642435993778889,0.2609710620408086,0.2642432122364777,5154049,2.3541213154792784,0.1065738201141357,0.1369516849517822
  -22,"graph_0000011011",0.3628345480355929,0.2617801686834916,0.2635736273234449,5285633,4.294050550460815,0.3488433361053467,0.4495375156402588
  -23,"graph_0000011100",0.3643169911382051,0.2597560173874907,0.2613448673294166,5002369,2.09407662153244,0.1084394454956054,0.0958809852600097
  -24,"graph_0000011101",0.3688999043196785,0.2604739292660312,0.2633380199610365,5285633,4.179470121860504,0.2515044212341308,0.3082838058471679
  -25,"graph_0000011110",0.3683437197541545,0.2599084164153357,0.261501717389741,5285633,2.593285846710205,0.130589485168457,0.137488842010498
  -26,"graph_0000011111",0.3694554728108901,0.2598153040122095,0.2632538900197891,5417217,4.609636080265045,0.3253090381622314,0.4428274631500244
  -27,"graph_0000100000",0.4048508819438755,0.2400157322620874,0.2382516272066863,823425,1.6885019302368165,0.0718545913696289,0.0922722816467285
  -28,"graph_0000100001",0.4102114317996291,0.241843233533644,0.2455294168267905,1106689,3.719848775863648,0.2410266399383545,0.3081719875335693
  -29,"graph_0000100010",0.4097366870404997,0.2374160168332177,0.2388844340780428,1106689,2.263673198223114,0.094825267791748,0.1498219966888427
  -30,"graph_0000100011",0.4036264407326337,0.2444461506582755,0.2466286094837838,1238273,4.606845772266388,0.3781368732452392,0.4933686256408691
  -31,"graph_0000100100",0.4203961786614447,0.2392398540071229,0.2375474687098726,4838017,2.263996958732605,0.0946264266967773,0.1143510341644287
  -32,"graph_0000100101",0.3991316923252691,0.2435154558232972,0.2413887919723013,5121281,3.932964766025543,0.2714810371398926,0.3482608795166015
  -33,"graph_0000100110",0.4024288987858893,0.2420438404328717,0.2409838350818885,5121281,2.8973663806915284,0.1487152576446533,0.1985390186309814
  -34,"graph_0000100111",0.4077287832611662,0.2356480454791927,0.2411306311069123,5252865,5.0267686486244205,0.3639607429504394,0.4840426445007324
  -35,"graph_0000101000",0.4070365748284119,0.2380954683570943,0.2383465767667778,1245953,2.191452670097351,0.0982570648193359,0.1130197048187255
  -36,"graph_0000101001",0.4093450059881615,0.2465019976378775,0.2474291396933294,1529217,4.353331637382508,0.2578723430633545,0.3301897048950195
  -37,"graph_0000101010",0.4148499079294087,0.240215563484233,0.2443573887616184,1529217,2.623100435733796,0.1399719715118408,0.1730856895446777
  -38,"graph_0000101011",0.415737345158098,0.2451135425671557,0.244794947236959,1660801,4.902235805988312,0.3555843830108642,0.4913794994354248
  -39,"graph_0000101100",0.4084661692342953,0.2390576105674019,0.2423176461482559,5260545,2.7447941422462465,0.1237564086914062,0.1519525051116943
  -40,"graph_0000101101",0.4029413065788614,0.2423456879346541,0.2459719667355772,5543809,4.777829325199127,0.2802584171295166,0.3614490032196045
  -41,"graph_0000101110",0.4050763777502536,0.2393561905833822,0.2406306974632633,5543809,3.1309211373329164,0.1484789848327636,0.1737942695617675
  -42,"graph_0000101111",0.4160696935682964,0.2440596702760774,0.2422806112051954,5675393,5.6661571860313416,0.4154796600341797,0.5093119144439697
  -43,"graph_0000110100",0.4091541508454823,0.2406522303253367,0.2425119250963334,5260545,2.596816372871399,0.1181824207305908,0.123392105102539
  ... 385 further lines not shown (cap is 50)

[RDB2G-Bench/rel-event/user-ignore/0.csv] column change:
  removed: []
  added:   ['dataset', 'seed', 'task']
  diff --git a/RDB2G-Bench/rel-event/user-ignore/0.csv b/RDB2G-Bench/rel-event/user-ignore/0.csv
  index 7d7dee8..0891416 100644
  --- a/RDB2G-Bench/rel-event/user-ignore/0.csv
  +++ b/RDB2G-Bench/rel-event/user-ignore/0.csv
  @@ -1,215 +1,215 @@
  -idx,graph,train_metric,valid_metric,test_metric,params,train_time,valid_time,test_time
  -0,"graph_0000000001",0.496005856331307,0.8118961615985424,0.7124041789717697,716929,2.3930248022079468,0.3213899135589599,0.3229210376739502
  -1,"graph_0000000010",0.504939623338001,0.8376092602283078,0.7467962274935698,716929,1.0183884620666503,0.0933060646057128,0.089663028717041
  -2,"graph_0000000011",0.5072526831632631,0.8484541252398394,0.7796710171160014,848513,3.0579589366912843,0.4710667133331299,0.5897781848907471
  -3,"graph_0000000100",0.4986786875883275,0.8542720507006221,0.7512305103045316,4464001,1.127561616897583,0.0911908149719238,0.0862312316894531
  -4,"graph_0000000101",0.4981023388195483,0.8384738332655,0.7440792607411642,4747265,2.5257155895233154,0.3464283943176269,0.3849875926971435
  -5,"graph_0000000110",0.5082293995781384,0.8538807973331782,0.7565945825791496,4747265,1.6493398904800416,0.1637451648712158,0.1620440483093261
  -6,"graph_0000000111",0.5004859316784971,0.8517834127953174,0.7913308564351718,4878849,3.4137928247451783,0.5464873313903809,0.5628979206085205
  -7,"graph_0000001000",0.4991192855436033,0.8409542948233425,0.7476720332793496,856193,1.128081250190735,0.0808300971984863,0.0790286064147949
  -8,"graph_0000001001",0.499311260573311,0.837274332810047,0.7395033501635387,1139457,2.6606709003448485,0.3392081260681152,0.3776535987854004
  -9,"graph_0000001010",0.5050032812063562,0.8434732154970251,0.7586789876472643,1139457,1.4911014795303346,0.1345820426940918,0.1395065784454345
  -10,"graph_0000001011",0.491048977676396,0.841807057580867,0.7676599663395891,1271041,3.4807369470596314,0.5198712348937988,0.634462833404541
  -11,"graph_0000001100",0.5079136715724663,0.849049484466151,0.7493842685211648,4886529,1.4936678886413577,0.1252646446228027,0.1198513507843017
  -12,"graph_0000001101",0.5025025505515308,0.8390549595906739,0.7345393922072971,5169793,3.0479656219482423,0.3871653079986572,0.3859562873840332
  -13,"graph_0000001110",0.5101708634575989,0.8585443436633915,0.7877063287923535,5169793,1.8498475551605225,0.1681103706359863,0.1646430492401123
  -14,"graph_0000001111",0.5104506268379031,0.8637178518130899,0.7894979517957512,5301377,3.889004445075989,0.5582387447357178,0.7953505516052246
  -15,"graph_0000010100",0.5054982738520477,0.8555378704188228,0.7571915785462512,4886529,1.3182920217514038,0.1166844367980957,0.1116940975189209
  -16,"graph_0000010101",0.4936979480655018,0.8484813797313798,0.7442208885078276,5169793,3.021498680114746,0.3767316341400146,0.3699085712432861
  -17,"graph_0000010110",0.4980782661118055,0.8490567523305619,0.7865377409418564,5169793,1.7961605072021485,0.1616370677947998,0.1601943969726562
  -18,"graph_0000010111",0.4876169221044153,0.8628614551233599,0.7902308596106824,5301377,3.9013545989990233,0.5510530471801758,0.6624419689178467
  -19,"graph_0000011000",0.5054916201556275,0.8407944018063066,0.7355441237178876,4886529,1.5149884939193723,0.1278142929077148,0.133829116821289
  -20,"graph_0000011001",0.4997179352688355,0.8326174486888772,0.7402118065479026,5169793,3.0830553770065308,0.3862538337707519,0.3772950172424316
  -21,"graph_0000011010",0.5072097181944837,0.8450382289668004,0.7629125781969452,5169793,1.90208261013031,0.1844117641448974,0.1834464073181152
  -22,"graph_0000011011",0.5054322087129182,0.8502171880148068,0.7718929217871772,5301377,3.898848748207093,0.5532586574554443,0.5857701301574707
  -23,"graph_0000011100",0.4996871992355894,0.8599682394325252,0.7574106887682195,5018113,1.81230742931366,0.1658277511596679,0.1673417091369629
  -24,"graph_0000011101",0.5032319728543052,0.8371247359342597,0.7542720142262869,5301377,3.4768942832946776,0.4242439270019531,0.4207847118377685
  -25,"graph_0000011110",0.4961408849635782,0.8574686997306045,0.7799587183639769,5301377,2.2878698348999023,0.2269766330718994,0.230684757232666
  -26,"graph_0000011111",0.5028112396974589,0.868728438668915,0.8022469912038359,5432961,4.321220517158508,0.5825860500335693,0.6557400226593018
  -27,"graph_0000100000",0.5052797706984075,0.9015555652460414,0.7970594773109777,823425,1.427326202392578,0.1272356510162353,0.1377749443054199
  -28,"graph_0000100001",0.5054340286096235,0.9195598823575014,0.794536216696834,1106689,3.0762362718582152,0.3749372959136963,0.3789002895355224
  -29,"graph_0000100010",0.4956858433836567,0.9025446004612668,0.8500314375535868,1106689,1.692040991783142,0.1508917808532714,0.1591904163360595
  -30,"graph_0000100011",0.4969496220238237,0.9205464949512568,0.8141970721793529,1238273,3.7354281902313233,0.557213306427002,0.6920936107635498
  -31,"graph_0000100100",0.5030721974784744,0.9057757718472004,0.796395160522054,4853761,1.745471477508545,0.1508889198303222,0.1542437076568603
  -32,"graph_0000100101",0.4975296491023461,0.9176114890400604,0.8041014893144074,5137025,3.1388333797454835,0.4215409755706787,0.3901600837707519
  -33,"graph_0000100110",0.4941869225342576,0.9036856551737504,0.8251875138928583,5137025,2.142996907234192,0.2077810764312744,0.2029471397399902
  -34,"graph_0000100111",0.5025113900498139,0.9188851822780392,0.7999155314216762,5268609,4.2258638620376585,0.6113016605377197,0.663130521774292
  -35,"graph_0000101000",0.5017412174673724,0.8999614803186232,0.774930932647423,1245953,1.881682109832764,0.1512095928192138,0.1548531055450439
  -36,"graph_0000101001",0.4948373093229706,0.9180354477973526,0.8092153313645167,1529217,3.310301423072815,0.4046263694763183,0.4060075283050537
  -37,"graph_0000101010",0.5088288100009352,0.9086144785549548,0.8260252135530787,1529217,2.115032434463501,0.1905627250671386,0.1927857398986816
  -38,"graph_0000101011",0.5069385535853852,0.9237389043936663,0.8355657171890383,1660801,4.085959362983703,0.5745589733123779,0.6027727127075195
  -39,"graph_0000101100",0.5011765006309746,0.9118880458166172,0.8490286113492743,5276289,2.1700778245925902,0.1846623420715332,0.1782472133636474
  -40,"graph_0000101101",0.4915848650380009,0.9207920882028025,0.8112724270426471,5559553,3.760743260383606,0.4400122165679931,0.4956586360931396
  -41,"graph_0000101110",0.5046265722174299,0.912556083687036,0.8199199771363246,5559553,2.5509469747543334,0.2351088523864746,0.2320830821990966
  -42,"graph_0000101111",0.5000519874196414,0.9222090189352096,0.8072446095709886,5691137,4.558899331092834,0.5963408946990967,0.7111711502075195
  -43,"graph_0000110100",0.4872142531074591,0.907302023373452,0.7945971864977295,5276289,2.068974733352661,0.1811802387237548,0.1779670715332031
  ... 385 further lines not shown (cap is 50)

[RDB2G-Bench/rel-event/user-ignore/1.csv] column change:
  removed: []
  added:   ['dataset', 'seed', 'task']
  diff --git a/RDB2G-Bench/rel-event/user-ignore/1.csv b/RDB2G-Bench/rel-event/user-ignore/1.csv
  index 55953db..dcaca12 100644
  --- a/RDB2G-Bench/rel-event/user-ignore/1.csv
  +++ b/RDB2G-Bench/rel-event/user-ignore/1.csv
  @@ -1,215 +1,215 @@
  -idx,graph,train_metric,valid_metric,test_metric,params,train_time,valid_time,test_time
  -0,"graph_0000000001",0.5015378319741947,0.8127501356668023,0.7209107364008764,716929,2.21588294506073,0.3104121685028076,0.3016855716705322
  -1,"graph_0000000010",0.5033068293463023,0.8344937690175785,0.7530322949414119,716929,1.0472400426864623,0.0939464569091796,0.0942041873931884
  -2,"graph_0000000011",0.4962162325388133,0.8472095034595036,0.7636823219332507,848513,2.9236918449401856,0.4605278968811035,0.4562766551971435
  -3,"graph_0000000100",0.5034878079631131,0.8472434201600869,0.7672687434505097,4464001,1.1076372623443604,0.0937247276306152,0.0913970470428466
  -4,"graph_0000000101",0.5055878050666849,0.8448250382774192,0.7497869232479121,4747265,2.474127459526062,0.3458144664764404,0.348919153213501
  -5,"graph_0000000110",0.4952220971126154,0.8566389518770471,0.7762490870407418,4747265,1.5694943904876708,0.1315417289733886,0.1303410530090332
  -6,"graph_0000000111",0.5033747336403034,0.866076273814369,0.7918573560699882,4878849,3.3410528898239136,0.5248687267303467,0.5192399024963379
  -7,"graph_0000001000",0.5047740512541457,0.836653536058298,0.7433742974183101,856193,1.031050395965576,0.0816996097564697,0.0805716514587402
  -8,"graph_0000001001",0.5048030540524343,0.8198078376649804,0.731797656473278,1139457,2.7092443227767946,0.3486948013305664,0.3984451293945312
  -9,"graph_0000001010",0.4968486707166333,0.8445870157179681,0.7667619319805659,1139457,1.4001468420028689,0.1252336502075195,0.1483216285705566
  -10,"graph_0000001011",0.498847841691095,0.8546651210341687,0.7722987520243879,1271041,3.498586058616638,0.5034301280975342,0.6199312210083008
  -11,"graph_0000001100",0.499162375690463,0.8516453233715138,0.7586065860087009,4886529,1.48263738155365,0.1173362731933593,0.1120901107788086
  -12,"graph_0000001101",0.4995853524236711,0.8413400972924782,0.7516515829919659,5169793,3.0188007831573485,0.3714344501495361,0.3615238666534424
  -13,"graph_0000001110",0.5036592634167407,0.8482860558753416,0.7835553015147185,5169793,1.8898890733718872,0.1625959873199463,0.1604270935058593
  -14,"graph_0000001111",0.495437855977573,0.8604461015175301,0.7838325235781651,5301377,3.769964599609375,0.55226731300354,0.6301343441009521
  -15,"graph_0000010100",0.4933266602503592,0.850830111246778,0.7474319646883238,4886529,1.3216875553131104,0.1173071861267089,0.1103551387786865
  -16,"graph_0000010101",0.5042898913269385,0.840847396650968,0.7543272681083484,5169793,2.9741375207901,0.3704977035522461,0.361490249633789
  -17,"graph_0000010110",0.500519132757016,0.8492929579239102,0.7516312597250008,5169793,1.812331986427307,0.162440538406372,0.1623225212097168
  -18,"graph_0000010111",0.4974942814801302,0.8576037608775705,0.7786192880505541,5301377,3.703088116645813,0.5469000339508057,0.6546721458435059
  -19,"graph_0000011000",0.502659783849424,0.8458534410915363,0.7397319869168968,4886529,1.5386703729629516,0.1252212524414062,0.1294803619384765
  -20,"graph_0000011001",0.49681007735158,0.8326719576719577,0.7422952589628784,5169793,3.0467055320739744,0.421328067779541,0.4240767955780029
  -21,"graph_0000011010",0.4985206358183711,0.8460290811481289,0.7567857483090406,5169793,1.8265056610107424,0.1717338562011718,0.1776914596557617
  -22,"graph_0000011011",0.5094761251121404,0.8553882735430355,0.7732158394461909,5301377,3.809175968170166,0.5442159175872803,0.6719605922698975
  -23,"graph_0000011100",0.5002976542166988,0.8580904049654049,0.7565863262519449,5018113,1.665013813972473,0.143479585647583,0.1421108245849609
  -24,"graph_0000011101",0.5100964884197565,0.8511626160435684,0.7627220475691467,5301377,3.147203731536865,0.3966937065124511,0.3867843151092529
  -25,"graph_0000011110",0.5090271883709024,0.8480895207085684,0.7767031850369948,5301377,2.0310280323028564,0.1871256828308105,0.1977975368499755
  -26,"graph_0000011111",0.4950115475816135,0.8610166288737717,0.7850668444952525,5432961,4.003067231178283,0.559673547744751,0.6846315860748291
  -27,"graph_0000100000",0.5017480637454546,0.9049551088241564,0.8094769934266934,823425,1.2746288776397705,0.1134102344512939,0.144787311553955
  -28,"graph_0000100001",0.4967423271229085,0.9103987392677868,0.7952253024673717,1106689,3.034112286567688,0.373457670211792,0.4041130542755127
  -29,"graph_0000100010",0.5052877724664612,0.9065879556950984,0.8318211552507065,1106689,1.6945865392684936,0.1546416282653808,0.1769134998321533
  -30,"graph_0000100011",0.4968326479223597,0.9190229688741594,0.8159645613032294,1238273,3.838569211959839,0.5975394248962402,0.681713342666626
  -31,"graph_0000100100",0.5076831031777053,0.9088852065042542,0.7940103521641104,4853761,1.7480960845947269,0.1513190269470214,0.1571722030639648
  -32,"graph_0000100101",0.5029553292969244,0.916780529875768,0.8053329522720777,5137025,3.3352829694747923,0.4265534877777099,0.4457457065582275
  -33,"graph_0000100110",0.5010407883338035,0.9144911525863908,0.8285084627353848,5137025,2.1616766452789307,0.202979564666748,0.2054741382598877
  -34,"graph_0000100111",0.5035779650681516,0.9200825629397056,0.8240436950239751,5268609,4.126968312263489,0.5831055641174316,0.7163238525390625
  -35,"graph_0000101000",0.5041886800345045,0.9006622235788903,0.7765358356355784,1245953,1.7046313285827637,0.1430063247680664,0.166290283203125
  -36,"graph_0000101001",0.4937372539827043,0.9126342132294512,0.8386821631577277,1529217,3.4885153770446777,0.4212853908538818,0.4445376396179199
  -37,"graph_0000101010",0.4917324499946308,0.9112666434095004,0.8146130640500461,1529217,2.302079129219055,0.2110886573791504,0.2465910911560058
  -38,"graph_0000101011",0.5051721175493814,0.919791848363277,0.8212682988790447,1660801,4.312409353256226,0.6025688648223877,0.7594890594482422
  -39,"graph_0000101100",0.4990823580099258,0.9018886756981996,0.8014956654282176,5276289,2.380639886856079,0.2168197631835937,0.2075338363647461
  -40,"graph_0000101101",0.5082989022999335,0.9181420431420432,0.7987463084690865,5559553,4.237142324447632,0.6355810165405273,0.6920912265777588
  -41,"graph_0000101110",0.4970883771112535,0.9089409267980696,0.8054250420755136,5559553,2.9407608032226564,0.2272365093231201,0.2292988300323486
  -42,"graph_0000101111",0.5085290662732043,0.9212654078725508,0.8273024038614207,5691137,4.5384422779083256,0.6294858455657959,0.7568073272705078
  -43,"graph_0000110100",0.5008693906546744,0.9058708597399072,0.8106525674002095,5276289,2.0851136207580567,0.1766395568847656,0.1708230972290039
  ... 385 further lines not shown (cap is 50)

[RDB2G-Bench/rel-event/user-ignore/10.csv] column change:
  removed: []
  added:   ['dataset', 'seed', 'task']
  diff --git a/RDB2G-Bench/rel-event/user-ignore/10.csv b/RDB2G-Bench/rel-event/user-ignore/10.csv
  index 24be592..dae7319 100644
  --- a/RDB2G-Bench/rel-event/user-ignore/10.csv
  +++ b/RDB2G-Bench/rel-event/user-ignore/10.csv
  @@ -1,215 +1,215 @@
  -idx,graph,train_metric,valid_metric,test_metric,params,train_time,valid_time,test_time
  -0,"graph_0000000001",0.4960393559114019,0.8563645899955423,0.7588682480708775,716929,2.9486029386520385,0.3832330703735351,0.4348857402801513
  -1,"graph_0000000010",0.5003254148632678,0.8628348062871873,0.7568200438220444,716929,1.4753483176231383,0.1257517337799072,0.1584384441375732
  -2,"graph_0000000011",0.4969275617944482,0.8798930897145184,0.7816969927915913,848513,3.9644429326057433,0.6602559089660645,0.8129856586456299
  -3,"graph_0000000100",0.5077554272208479,0.8665105287129097,0.7597116636499317,4448257,1.7102388143539429,0.1429929733276367,0.134885549545288
  -4,"graph_0000000101",0.5013349953387535,0.8769380971761924,0.7599872979581467,4731521,3.345568871498108,0.460115909576416,0.5361771583557129
  -5,"graph_0000000110",0.5016313881455664,0.8772082194701244,0.7874256136673969,4731521,2.157284986972809,0.2093656063079834,0.220466136932373
  -6,"graph_0000000111",0.5006263333391365,0.8858721195030719,0.7924734050998697,4863105,4.248506617546082,0.7206952571868896,0.7850914001464844
  -7,"graph_0000001000",0.4961190750903631,0.8661786295714868,0.7592918611666826,856193,1.355033528804779,0.1306920051574707,0.0934157371520996
  -8,"graph_0000001001",0.5046777796813405,0.8525265519313139,0.7540020958369058,1139457,3.4400854110717773,0.478581428527832,0.5962345600128174
  -9,"graph_0000001010",0.4982623164061242,0.86248413182937,0.7729573528944778,1139457,2.1671249151229857,0.2186310291290283,0.235361099243164
  -10,"graph_0000001011",0.5045169932517846,0.8686848314824505,0.7920624940459179,1271041,4.53321362733841,0.6971533298492432,0.8225500583648682
  -11,"graph_0000001100",0.4981528818767252,0.8706217173479077,0.7685814994760408,4870785,2.0479928135871885,0.1811537742614746,0.1421692371368408
  -12,"graph_0000001101",0.489502392865666,0.8656547376785472,0.761322282556921,5154049,3.8507129669189455,0.5095970630645752,0.5224072933197021
  -13,"graph_0000001110",0.5060510987708206,0.8783177801034945,0.7770162903686768,5154049,2.3362531900405883,0.2321956157684326,0.218895673751831
  -14,"graph_0000001111",0.501125090956319,0.8743785975928833,0.7942885268806961,5285633,5.019908237457275,0.6913247108459473,0.8645055294036865
  -15,"graph_0000010100",0.4983311354630195,0.8773129978487121,0.7689196913403831,4870785,2.135243666172028,0.2139999866485595,0.1483790874481201
  -16,"graph_0000010101",0.5088990637912119,0.869068211330116,0.7624705471404529,5154049,3.8145282745361326,0.6040499210357666,0.5101726055145264
  -17,"graph_0000010110",0.5009204055369231,0.8873153962439677,0.7964059572576292,5154049,2.466113245487213,0.2271006107330322,0.2199087142944336
  -18,"graph_0000010111",0.4896411672112619,0.8894357956857957,0.7943120256581246,5285633,4.723246383666992,0.6547565460205078,0.7983067035675049
  -19,"graph_0000011000",0.4992683533790301,0.8648673857007191,0.7440818011495348,4870785,1.950869119167328,0.201819896697998,0.2029945850372314
  -20,"graph_0000011001",0.5023259050221138,0.850564228540419,0.7353605792131086,5154049,3.890940201282501,0.5009548664093018,0.5497341156005859
  -21,"graph_0000011010",0.4946550692962743,0.8631279434850864,0.7523038328411292,5154049,2.3849004030227663,0.2750241756439209,0.2792568206787109
  -22,"graph_0000011011",0.5043601836335476,0.8764396428086906,0.7959636086500905,5285633,4.967776250839234,0.6625432968139648,0.8072125911712646
  -23,"graph_0000011100",0.4917831856334696,0.8781354778378587,0.7675056365310724,5002369,2.1931389808654784,0.197728157043457,0.1933345794677734
  -24,"graph_0000011101",0.4963419883640619,0.8622981956315291,0.7410949160077482,5285633,4.118630981445312,0.5221371650695801,0.5670645236968994
  -25,"graph_0000011110",0.4936002802756475,0.8855650522317189,0.7899215648915564,5285633,2.6386682868003843,0.2647256851196289,0.2932102680206299
  -26,"graph_0000011111",0.4950980937804904,0.887223942283466,0.8089358864437459,5417217,4.9855768322944645,0.8720111846923828,0.8800289630889893
  -27,"graph_0000100000",0.5057830539846455,0.908948800317848,0.8067409736115081,823425,1.7788743853569031,0.157649278640747,0.1804730892181396
  -28,"graph_0000100001",0.5014727297433749,0.9268434938077796,0.8254097996252897,1106689,3.987005317211151,0.4630157947540283,0.5674426555633545
  -29,"graph_0000100010",0.5002770961242864,0.9104689952904238,0.8054440951382934,1106689,2.4440534949302672,0.2068707942962646,0.2740745544433594
  -30,"graph_0000100011",0.5030788608039776,0.9222732184041706,0.7986415166237972,1238273,4.839560341835022,0.727501392364502,0.8649592399597168
  -31,"graph_0000100100",0.5038591246655049,0.924168919704634,0.7497996252897653,4838017,2.358552932739258,0.2354545593261718,0.2472407817840576
  -32,"graph_0000100101",0.497680421285481,0.9148848285753048,0.79156901971992,5121281,4.199288880825042,0.5159022808074951,0.5991113185882568
  -33,"graph_0000100110",0.4964701225728355,0.913834016512588,0.8140624305357086,5121281,2.894845998287201,0.2814633846282959,0.3179471492767334
  -34,"graph_0000100111",0.4978272359154632,0.915144654727988,0.7627582483884285,5252865,5.488006591796875,0.8825912475585938,0.9352216720581056
  -35,"graph_0000101000",0.5018865877348899,0.9152094598523168,0.8012174907116318,1245953,2.4020662665367127,0.2165601253509521,0.2546889781951904
  -36,"graph_0000101001",0.4993390308489631,0.9135657111847588,0.777345908354768,1529217,4.230706667900085,0.521331787109375,0.6106653213500977
  -37,"graph_0000101010",0.5009959264356538,0.9084412611198328,0.8173617859070845,1529217,2.897486650943756,0.2993566989898681,0.3833644390106201
  -38,"graph_0000101011",0.4971174280549575,0.9209310861096576,0.826407545012861,1660801,5.3675954103469845,0.8336269855499268,0.9699344635009766
  -39,"graph_0000101100",0.4891342730188623,0.9121799717037812,0.7893188530056205,5260545,2.8444423913955688,0.2463760375976562,0.2710824012756347
  -40,"graph_0000101101",0.4977278637779006,0.9186701746225556,0.7460379155949319,5543809,4.988977146148682,0.6426615715026855,0.6886849403381348
  -41,"graph_0000101110",0.5055774826896047,0.9018287158168108,0.8223657552951636,5543809,3.473096883296966,0.3573086261749267,0.4099326133728027
  -42,"graph_0000101111",0.5014456912780381,0.9201522133069752,0.8101171763360959,5675393,5.817603468894959,0.9588472843170166,0.9688258171081544
  -43,"graph_0000110100",0.4942169845316868,0.9143403443998684,0.8068133752500714,5260545,2.824355351924896,0.2568962574005127,0.2457251548767089
  ... 385 further lines not shown (cap is 50)

[RDB2G-Bench/rel-event/user-ignore/11.csv] column change:
  removed: []
  added:   ['dataset', 'seed', 'task']
  diff --git a/RDB2G-Bench/rel-event/user-ignore/11.csv b/RDB2G-Bench/rel-event/user-ignore/11.csv
  index b341e5d..06c3d18 100644
  --- a/RDB2G-Bench/rel-event/user-ignore/11.csv
  +++ b/RDB2G-Bench/rel-event/user-ignore/11.csv
  @@ -1,215 +1,215 @@
  -idx,graph,train_metric,valid_metric,test_metric,params,train_time,valid_time,test_time
  -0,"graph_0000000001",0.5019078680085346,0.8520547463999845,0.7659337588517354,716929,2.969205951690674,0.3900253772735595,0.4545638561248779
  -1,"graph_0000000010",0.5015336144357982,0.855468825706921,0.7560668127401481,716929,1.540132176876068,0.1209778785705566,0.1685411930084228
  -2,"graph_0000000011",0.4948513774133756,0.8817736496307925,0.7863999237877488,848513,4.188681519031524,0.660083532333374,0.7795231342315674
  -3,"graph_0000000100",0.5124442899768331,0.8797150270364557,0.7693436219872345,4448257,1.7882020592689514,0.1323916912078857,0.1283364295959472
  -4,"graph_0000000101",0.5029127013460534,0.8677521222164079,0.7548874281540758,4731521,3.5550355195999144,0.4394204616546631,0.4887950420379638
  -5,"graph_0000000110",0.505940710962195,0.8755735556330795,0.7967641548378902,4731521,2.2379130125045776,0.2792997360229492,0.2239484786987304
  -6,"graph_0000000111",0.5023597127328678,0.8736978409597456,0.7979702137118542,4863105,4.43186331987381,0.6462652683258057,0.771080493927002
  -7,"graph_0000001000",0.5131650172175709,0.8633629377676998,0.7507884792480393,856193,1.3683181285858157,0.1321337223052978,0.1020491123199462
  -8,"graph_0000001001",0.5016588502905595,0.8654482091982092,0.7642456574894414,1139457,3.532877433300018,0.5144639015197754,0.534278392791748
  -9,"graph_0000001010",0.4971099655155573,0.867031997984379,0.762852878600235,1139457,1.7475173115730285,0.1791243553161621,0.1546823978424072
  -10,"graph_0000001011",0.4950979782314934,0.870103882008644,0.7907910196564097,1271041,4.547472524642944,0.6599352359771729,0.773261547088623
  -11,"graph_0000001100",0.5131876070465168,0.8834967391515012,0.7743202819853291,4870785,1.985727643966675,0.1612162590026855,0.1740312576293945
  -12,"graph_0000001101",0.4964447403097914,0.8623593668236526,0.7551217808262678,5154049,4.069089555740357,0.5561718940734863,0.5784707069396973
  -13,"graph_0000001110",0.4998055791831857,0.8785515630753725,0.7870674160871359,5154049,2.4706682205200194,0.226649522781372,0.2346763610839843
  -14,"graph_0000001111",0.4961852076330743,0.8857552280171328,0.788523070083516,5285633,5.228314089775085,0.8774182796478271,0.8638968467712402
  -15,"graph_0000010100",0.5040481724539511,0.8641714876833925,0.7537975929630688,4870785,2.0012722611427307,0.2260394096374511,0.1747024059295654
  -16,"graph_0000010101",0.5050049855540644,0.8582560517084327,0.7324587977517387,5154049,3.906475758552552,0.5442090034484863,0.5626363754272461
  -17,"graph_0000010110",0.5033893313302786,0.8827566282923426,0.78739766917532,5154049,2.5696038007736206,0.2654287815093994,0.2448081970214843
  -18,"graph_0000010111",0.4970514977229914,0.8778447632614299,0.7967463719792957,5285633,4.95997828245163,0.8657889366149902,0.8410158157348633
  -19,"graph_0000011000",0.509994526058841,0.8651223666104617,0.7637375758153123,4870785,1.905103588104248,0.2127301692962646,0.1824815273284912
  -20,"graph_0000011001",0.4949707395274477,0.8520777613039517,0.7481693182179036,5154049,4.23117436170578,0.5783822536468506,0.6041867733001709
  -21,"graph_0000011010",0.4941238520399713,0.8637018019458496,0.7544415864850275,5154049,2.709233474731445,0.2979376316070556,0.3111560344696045
  -22,"graph_0000011011",0.5013856443158444,0.881354536116441,0.7957206820996476,5285633,5.295072746276856,0.7322835922241211,0.8329577445983887
  -23,"graph_0000011100",0.5012157872900109,0.8759066660852374,0.7665701311485821,5002369,2.358852910995483,0.2309026718139648,0.2213072776794433
  -24,"graph_0000011101",0.5027373364846883,0.865832497528926,0.7540471880854848,5285633,4.12444531917572,0.5068373680114746,0.554724931716919
  -25,"graph_0000011110",0.5025896841244768,0.8722787904335523,0.792874154520339,5285633,2.7022741556167604,0.2593259811401367,0.2715473175048828
  -26,"graph_0000011111",0.5018615521188373,0.8883407707812468,0.7960547458003875,5417217,5.150628793239593,0.7201354503631592,0.8472917079925537
  -27,"graph_0000100000",0.499503370410182,0.9174570469213328,0.7843409228033406,823425,1.6415361166000366,0.145580768585205,0.1605534553527832
  -28,"graph_0000100001",0.4911906022305886,0.920181284764618,0.7655082404496523,1106689,4.006160521507264,0.4825227260589599,0.5813326835632324
  -29,"graph_0000100010",0.5055225776577847,0.9090360146907768,0.8123889365215458,1106689,2.420408821105957,0.2352302074432373,0.3094053268432617
  -30,"graph_0000100011",0.5098335951930385,0.9218050468050468,0.8109326474230734,1238273,4.6352540254592896,0.6472320556640625,0.8136107921600342
  -31,"graph_0000100100",0.4974194153590501,0.9266545293331008,0.7757130608745355,4838017,2.372905004024505,0.2177238464355468,0.2340338230133056
  -32,"graph_0000100101",0.500211435406647,0.9175327538422776,0.8055139563684862,5121281,4.149647414684296,0.5056254863739014,0.6010668277740479
  -33,"graph_0000100110",0.4910632864938783,0.9046855921855922,0.8240710044139596,5121281,3.0808172941207888,0.3300151824951172,0.3597960472106933
  -34,"graph_0000100111",0.4917228690569492,0.9198717948717948,0.8079521133022134,5252865,5.264580953121185,0.7085061073303223,0.8934030532836914
  -35,"graph_0000101000",0.505311151880221,0.921272070081594,0.7870864691499159,1245953,2.363790225982666,0.2057638168334961,0.2533738613128662
  -36,"graph_0000101001",0.502947953419272,0.9269615966044538,0.7840500460449017,1529217,4.250154912471771,0.5490036010742188,0.6023728847503662
  -37,"graph_0000101010",0.5013248366560861,0.9167581206271682,0.8287336064272331,1529217,2.819628930091858,0.2587156295776367,0.3531055450439453
  -38,"graph_0000101011",0.503024581662559,0.9235360098455336,0.8315791813534026,1660801,5.39674563407898,0.833092451095581,0.884925365447998
  -39,"graph_0000101100",0.4995771195576229,0.914881800298467,0.7318471944365057,5260545,3.109354746341705,0.3411691188812256,0.3518695831298828
  -40,"graph_0000101101",0.5097125383603412,0.918089956780433,0.7912641707154426,5543809,4.7829092860221865,0.5601961612701416,0.6659243106842041
  -41,"graph_0000101110",0.4893385829040175,0.914026614919472,0.8252472134895685,5543809,3.44935154914856,0.3174185752868652,0.4039857387542724
  -42,"graph_0000101111",0.5001732753503331,0.9280548045429,0.7954774379981582,5675393,5.9809925198555,0.812950611114502,0.9597322940826416
  -43,"graph_0000110100",0.5019625997168587,0.9191262331143284,0.7706220824997617,5260545,2.660118925571441,0.251366376876831,0.2364850044250488
  ... 385 further lines not shown (cap is 50)

[RDB2G-Bench/rel-event/user-ignore/12.csv] column change:
  removed: []
  added:   ['dataset', 'seed', 'task']
  diff --git a/RDB2G-Bench/rel-event/user-ignore/12.csv b/RDB2G-Bench/rel-event/user-ignore/12.csv
  index c39f587..f23a56f 100644
  --- a/RDB2G-Bench/rel-event/user-ignore/12.csv
  +++ b/RDB2G-Bench/rel-event/user-ignore/12.csv
  @@ -1,215 +1,215 @@
  -idx,graph,train_metric,valid_metric,test_metric,params,train_time,valid_time,test_time
  -0,"graph_0000000001",0.5056586654891967,0.8549031435936199,0.7501327363373661,716929,3.3017548441886904,0.4427196979522705,0.492626428604126
  -1,"graph_0000000010",0.5003826693913633,0.8592169239490668,0.7567146168746626,716929,1.6953240752220151,0.1731977462768554,0.1740145683288574
  -2,"graph_0000000011",0.5060187739388635,0.8882105548772217,0.7994188815852148,848513,4.328003931045532,0.6179642677307129,0.786505937576294
  -3,"graph_0000000100",0.4924173089008317,0.8662670552551506,0.7713219650058747,4448257,1.4460775017738343,0.1055400371551513,0.1099538803100586
  -4,"graph_0000000101",0.4967764622224879,0.8651635511754558,0.7569229303610555,4731521,3.766319894790649,0.4789268970489502,0.5300562381744385
  -5,"graph_0000000110",0.4992846265294642,0.8742853266662791,0.7910437902892891,4731521,2.061835014820099,0.2424666881561279,0.2582981586456299
  -6,"graph_0000000111",0.4969444319480344,0.8753603649436982,0.7704626718745038,4863105,4.601882576942444,0.6836972236633301,0.8312101364135742
  -7,"graph_0000001000",0.4975386715532081,0.8647741147741147,0.7499615763233939,856193,1.5117928981781006,0.1402628421783447,0.1329488754272461
  -8,"graph_0000001001",0.4944927711006719,0.8597592883307168,0.7515112254294879,1139457,3.965523290634155,0.4565198421478271,0.5439672470092773
  -9,"graph_0000001010",0.4968732826530296,0.8648019749210226,0.753904290114636,1139457,2.003662109375,0.188554048538208,0.2087283134460449
  -10,"graph_0000001011",0.5066941000527982,0.8762924685543734,0.7821180654790256,1271041,4.636927330493927,0.6780068874359131,0.8558754920959473
  -11,"graph_0000001100",0.4925693136066031,0.8580567910925054,0.744125305642882,4870785,2.255600380897522,0.1953976154327392,0.1790583133697509
  -12,"graph_0000001101",0.4923130837053883,0.861111111111111,0.7531008859674192,5154049,4.243899869918823,0.5810575485229492,0.6162831783294678
  -13,"graph_0000001110",0.4973215838747831,0.8723363276934706,0.7691965958527833,5154049,2.3523072242736816,0.2844374179840088,0.250521183013916
  -14,"graph_0000001111",0.4995845724679401,0.8934791509196272,0.7915810866596804,5285633,5.481887900829316,0.7427113056182861,0.8977558612823486
  -15,"graph_0000010100",0.49848671255862,0.87001303370351,0.7617738401448033,4870785,2.064958620071411,0.1365547180175781,0.137747049331665
  -16,"graph_0000010101",0.5069999389901295,0.8743894993894994,0.7585291035533962,5154049,3.990543901920319,0.4711720943450928,0.557053804397583
  -17,"graph_0000010110",0.5015131141178844,0.8766776653681415,0.7923749642755074,5154049,2.590070104598999,0.2467348575592041,0.2701103687286377
  -18,"graph_0000010111",0.4971253046449311,0.8951398579374771,0.804393001174939,5285633,5.293420040607453,0.672152042388916,0.8354966640472412
  -19,"graph_0000011000",0.4945112493111354,0.8637190631238251,0.7588015623511479,4870785,2.1596330642700194,0.2216310501098632,0.2270433902740478
  -20,"graph_0000011001",0.5022643077775414,0.8596654117487452,0.7625232606141437,5154049,4.310567617416382,0.6029722690582275,0.6300292015075684
  -21,"graph_0000011010",0.5119872840639599,0.8712231331278949,0.7702854783906514,5154049,2.394099843502045,0.2534668445587158,0.2549128532409668
  -22,"graph_0000011011",0.4942580525710961,0.8851822780394211,0.8025315169413484,5285633,5.0630118489265445,0.8956620693206787,0.886113166809082
  -23,"graph_0000011100",0.5036157977356401,0.8721612932922458,0.7542262868756152,5002369,2.078961730003357,0.2134122848510742,0.201798677444458
  -24,"graph_0000011101",0.504881540708759,0.877437157199062,0.766920389952685,5285633,4.488823044300079,0.5350043773651123,0.636873722076416
  -25,"graph_0000011110",0.4970612808714181,0.8892837761885382,0.7791076815598106,5285633,2.861661398410797,0.2843616008758545,0.2931222915649414
  -26,"graph_0000011111",0.495529255234331,0.8854760208926875,0.8116071258454798,5417217,5.346988761425019,0.7734496593475342,0.9408907890319824
  -27,"graph_0000100000",0.4996085199976027,0.9243869556369556,0.757272871614112,823425,1.8167158603668208,0.190335988998413,0.2063989639282226
  -28,"graph_0000100001",0.4953970382943242,0.9238866843033512,0.7874160871360072,1106689,3.91764520406723,0.579423189163208,0.6258716583251953
  -29,"graph_0000100010",0.4996525249073566,0.908666564916565,0.8409107364008764,1106689,2.396110713481903,0.2191863059997558,0.2728085517883301
  -30,"graph_0000100011",0.5100581454108637,0.9167163304068066,0.7932279063859515,1238273,5.044511950016021,0.7205431461334229,0.9317150115966796
  -31,"graph_0000100100",0.4995214634573215,0.920247301199682,0.7953624845193864,4838017,2.223873472213745,0.1958861351013183,0.2272992134094238
  -32,"graph_0000100101",0.5052399159234684,0.9264982702482704,0.7925540630656377,5121281,4.678892505168915,0.5750002861022949,0.661201000213623
  -33,"graph_0000100110",0.5026758740472792,0.9112024439405392,0.8404198024832492,5121281,2.737557053565979,0.2765405178070068,0.2770857810974121
  -34,"graph_0000100111",0.5092933265986243,0.9221629891272748,0.8295671779238514,5252865,5.672407782077789,0.7789525985717773,0.9575240612030028
  -35,"graph_0000101000",0.5008487362714311,0.9117336036978896,0.7309313772188879,1245953,2.3123067021369934,0.1912767887115478,0.2119395732879638
  -36,"graph_0000101001",0.50483584108038,0.9179137110684727,0.7968892699501444,1529217,4.601831197738648,0.554934024810791,0.6328070163726807
  -37,"graph_0000101010",0.5082865481863199,0.912262946489137,0.8213902384808357,1529217,2.695000243186951,0.2940971851348877,0.321624755859375
  -38,"graph_0000101011",0.4993032491761742,0.9239290801790802,0.8059000984408244,1660801,5.527865087985992,0.8320631980895996,0.9394397735595704
  -39,"graph_0000101100",0.4988873401899595,0.9141834796596702,0.8041395954399669,5260545,2.8685970067977906,0.3195326328277588,0.3580169677734375
  -40,"graph_0000101101",0.5037294016580203,0.9200995212899976,0.7804509224857896,5543809,5.270461392402649,0.6243031024932861,0.752338171005249
  -41,"graph_0000101110",0.4982302900757431,0.9113956480027908,0.8706614588295067,5543809,3.39144902229309,0.2938063144683838,0.3541731834411621
  -42,"graph_0000101111",0.4959551206924682,0.9237025650716127,0.822046298942555,5675393,6.176329779624939,0.7790372371673584,0.9575459957122804
  -43,"graph_0000110100",0.51528863446198,0.9182625685601876,0.7370823409863136,5260545,2.7148062586784363,0.2508425712585449,0.2391531467437744
  ... 385 further lines not shown (cap is 50)

[RDB2G-Bench/rel-event/user-ignore/13.csv] column change:
  removed: []
  added:   ['dataset', 'seed', 'task']
  diff --git a/RDB2G-Bench/rel-event/user-ignore/13.csv b/RDB2G-Bench/rel-event/user-ignore/13.csv
  index fa13bc3..b4a6823 100644
  --- a/RDB2G-Bench/rel-event/user-ignore/13.csv
  +++ b/RDB2G-Bench/rel-event/user-ignore/13.csv
  @@ -1,215 +1,215 @@
  -idx,graph,train_metric,valid_metric,test_metric,params,train_time,valid_time,test_time
  -0,"graph_0000000001",0.4958435485066216,0.8513370447894257,0.7531542345432027,716929,3.037978100776672,0.4578428268432617,0.4957222938537597
  -1,"graph_0000000010",0.494421901049077,0.8652428920286062,0.7661852592804294,716929,1.4858353853225708,0.1240997314453125,0.1636655330657959
  -2,"graph_0000000011",0.4958867253152292,0.8743477091691378,0.7980349941253055,848513,4.142066812515258,0.7138311862945557,0.770622968673706
  -3,"graph_0000000100",0.4956131630644395,0.8765068705544897,0.7696046489473183,4448257,1.7204192280769348,0.1379675865173339,0.1447546482086181
  -4,"graph_0000000101",0.5010016846273461,0.8625453030214936,0.7794862024070368,4731521,3.586322700977325,0.5231146812438965,0.556833028793335
  -5,"graph_0000000110",0.5084262372948101,0.87288505145648,0.7807678384300276,4731521,1.990946650505066,0.1631190776824951,0.2018744945526123
  -6,"graph_0000000111",0.4981608162411972,0.8894642614880711,0.7895570162903687,4863105,4.477344405651093,0.6751630306243896,0.8565866947174072
  -7,"graph_0000001000",0.4967521391585845,0.862339380196523,0.7554926804483821,856193,1.494969940185547,0.1554110050201416,0.1305158138275146
  -8,"graph_0000001001",0.4996117649986065,0.8543586594181832,0.7618278238226796,1139457,3.405847406387329,0.4464788436889648,0.5149471759796143
  -9,"graph_0000001010",0.497910893389411,0.8713109531561911,0.7778095328824108,1139457,1.976899838447571,0.1657953262329101,0.1634624004364013
  -10,"graph_0000001011",0.4997770193227195,0.8887489824989825,0.8018760915817218,1271041,4.613853812217712,0.6482319831848145,0.8020765781402588
  -11,"graph_0000001100",0.5088416455687036,0.8753845911584007,0.7725394557175067,4870785,2.120902442932129,0.1831545829772949,0.1715946197509765
  -12,"graph_0000001101",0.4900182998798444,0.8605417950656047,0.7530405512686165,5154049,3.976623058319092,0.5149292945861816,0.5643012523651123
  -13,"graph_0000001110",0.4906547630143991,0.8885454822954824,0.7746606967069957,5154049,2.827621030807495,0.2828342914581299,0.2389144897460937
  -14,"graph_0000001111",0.512720336531062,0.8876781838091361,0.793898574195802,5285633,4.925537943840027,0.6952307224273682,0.8510711193084717
  -15,"graph_0000010100",0.4966331814660024,0.8782778068492354,0.762687752056143,4870785,2.121000277996063,0.1884262561798095,0.1894850730895996
  -16,"graph_0000010101",0.4999243154068564,0.8625265277050991,0.7545952811914516,5154049,3.931984186172485,0.4700901508331299,0.5239014625549316
  -17,"graph_0000010110",0.498904739943116,0.8765098988313273,0.7939455717506588,5154049,2.5924079537391664,0.2353575229644775,0.2357435226440429
  -18,"graph_0000010111",0.5030673347915103,0.8891396302110588,0.7979568765679081,5285633,4.696747553348541,0.6970007419586182,0.8386111259460449
  -19,"graph_0000011000",0.4945793558158814,0.8662077010291297,0.7477806357371948,4870785,1.931628942489624,0.1893002986907959,0.2002303600311279
  -20,"graph_0000011001",0.4953741018183868,0.8644924850281992,0.7619326156679685,5154049,4.047936987876892,0.5297691822052002,0.5798263549804688
  -21,"graph_0000011010",0.4978423535759256,0.8658521813283718,0.761517258899368,5154049,2.5986290097236635,0.2200627326965332,0.2467463016510009
  -22,"graph_0000011011",0.5089015866109834,0.8775358790239741,0.8076129687847321,5285633,4.939804315567017,0.7408361434936523,0.9106714725494384
  -23,"graph_0000011100",0.4970280509056499,0.8751368781130685,0.750130513480042,5002369,2.0059024691581726,0.1884608268737793,0.1848032474517822
  -24,"graph_0000011101",0.5107690509868423,0.873112172219315,0.7573173287605983,5285633,4.019532608985901,0.4859662055969238,0.548574686050415
  -25,"graph_0000011110",0.5033148118561899,0.8754705942205943,0.7759486837509131,5285633,2.992713212966919,0.2879984378814697,0.3128683567047119
  -26,"graph_0000011111",0.5014588446055489,0.882832940868655,0.771328951128894,5417217,5.033374845981598,0.7348659038543701,0.9380643367767334
  -27,"graph_0000100000",0.4985579870317049,0.9141326046087952,0.7825378679622749,823425,1.8395519018173216,0.1793231964111328,0.2070214748382568
  -28,"graph_0000100001",0.5075886226143561,0.9212502664883618,0.8002762694103077,1106689,3.778299856185913,0.4954264163970947,0.5923988819122314
  -29,"graph_0000100010",0.4973263213836668,0.9147830784735548,0.8255215775935981,1106689,2.4334468960762026,0.2683112621307373,0.3003051280975342
  -30,"graph_0000100011",0.4984958216712298,0.9282583047464,0.8133466704772792,1238273,4.757430052757263,0.7412428855895996,0.8956098556518555
  -31,"graph_0000100100",0.4913679025376562,0.906526784502975,0.8063440348035946,4838017,2.575918972492218,0.2043747901916504,0.228708267211914
  -32,"graph_0000100101",0.5029970617430674,0.9220382241215576,0.7873532120288337,5121281,4.293646335601807,0.5608947277069092,0.6419191360473633
  -33,"graph_0000100110",0.491915951431213,0.906906530418435,0.7978800292146964,5121281,3.053069698810577,0.2926528453826904,0.3476026058197021
  -34,"graph_0000100111",0.5011857830670802,0.91821229916468,0.8015909307421167,5252865,5.586236226558685,0.7475628852844238,0.943638801574707
  -35,"graph_0000101000",0.4973505866730717,0.9138815604589414,0.78271569654822,1245953,2.430722272396088,0.2254128456115722,0.2463490962982177
  -36,"graph_0000101001",0.5069950088995837,0.9165025340620578,0.7903851894191991,1529217,3.922720694541931,0.5332050323486328,0.5927262306213379
  -37,"graph_0000101010",0.5074292612890985,0.908948800317848,0.7814391413419708,1529217,2.9772541642189028,0.3094565868377685,0.4060955047607422
  -38,"graph_0000101011",0.4957392655366796,0.9235675039246468,0.8249264869327745,1660801,5.388261091709137,0.8780488967895508,0.9853010177612304
  -39,"graph_0000101100",0.4985605868841412,0.9108196697482412,0.7889962211425487,5260545,2.957507383823395,0.2763681411743164,0.2969071865081787
  -40,"graph_0000101101",0.5014746170436619,0.9174806674806674,0.8064862976723508,5543809,4.902405941486359,0.5854034423828125,0.6904420852661133
  -41,"graph_0000101110",0.5019765233710172,0.9104895875729208,0.8253113588009271,5543809,3.27831609249115,0.2677812576293945,0.3382837772369385
  -42,"graph_0000101111",0.4969877917092208,0.9223192482121052,0.8180578578006416,5675393,5.878585791587829,0.8357648849487305,0.9888684749603271
  -43,"graph_0000110100",0.4909019897229181,0.913258643913406,0.7609012098694865,5260545,3.108577609062195,0.3167555332183838,0.2605752944946289
  ... 385 further lines not shown (cap is 50)

[RDB2G-Bench/rel-event/user-ignore/14.csv] column change:
  removed: []
  added:   ['dataset', 'seed', 'task']
  diff --git a/RDB2G-Bench/rel-event/user-ignore/14.csv b/RDB2G-Bench/rel-event/user-ignore/14.csv
  index f137c49..a08e70d 100644
  --- a/RDB2G-Bench/rel-event/user-ignore/14.csv
  +++ b/RDB2G-Bench/rel-event/user-ignore/14.csv
  @@ -1,215 +1,215 @@
  -idx,graph,train_metric,valid_metric,test_metric,params,train_time,valid_time,test_time
  -0,"graph_0000000001",0.496808295971207,0.8639613252708491,0.7621428344606396,716929,3.219242262840271,0.4107739925384521,0.4643983840942383
  -1,"graph_0000000010",0.4977742085548472,0.8458722164079306,0.7504950620812296,716929,1.5304850339889526,0.1190860271453857,0.1255335807800293
  -2,"graph_0000000011",0.4986426748175443,0.887674549876931,0.7974691181607444,848513,3.6613053679466248,0.5741016864776611,0.7236113548278809
  -3,"graph_0000000100",0.5062524910437972,0.8733041649708315,0.7536750182591853,4448257,1.5271824955940247,0.1171357631683349,0.1163759231567382
  -4,"graph_0000000101",0.5096317407240731,0.8600469746303082,0.7600006351020926,4731521,3.616695737838745,0.4636032581329345,0.4991214275360107
  -5,"graph_0000000110",0.5091616103709384,0.8761664922379208,0.7810053666126829,4731521,2.154083681106568,0.2164273262023925,0.2320747375488281
  -6,"graph_0000000111",0.5070682477056205,0.8757419278252613,0.7942212060588739,4863105,4.213338661193848,0.7155447006225586,0.7659523487091064
  -7,"graph_0000001000",0.5069693281349638,0.8673136277302944,0.7582642659807564,856193,1.338035225868225,0.1141529083251953,0.1208677291870117
  -8,"graph_0000001001",0.4928835105880627,0.8536342955985814,0.7490527452287956,1139457,3.095644545555115,0.4175372123718261,0.457855224609375
  -9,"graph_0000001010",0.5146845250466318,0.8599967052348004,0.757426566320536,1139457,2.1019762754440308,0.2017140388488769,0.2241523265838623
  -10,"graph_0000001011",0.4987141611304575,0.8733144611120801,0.7807551363881743,1271041,4.448993670940399,0.619823694229126,0.7888634204864502
  -11,"graph_0000001100",0.5068447663160192,0.8813109289299765,0.772035819758026,4870785,2.060250401496887,0.1741483211517334,0.1671631336212158
  -12,"graph_0000001101",0.4997789162520897,0.8747092854235711,0.7549699914261216,5154049,3.846681332588196,0.4533810615539551,0.5240893363952637
  -13,"graph_0000001110",0.5035576669609828,0.8830322014845825,0.7819523038328411,5154049,2.544080376625061,0.2616457939147949,0.2531161308288574
  -14,"graph_0000001111",0.5107493306246594,0.8832435752078608,0.7936889905052237,5285633,4.264638459682464,0.6234664916992188,0.7629976272583008
  -15,"graph_0000010100",0.4918414993607059,0.8700917689012927,0.764021466450732,4870785,2.264189767837524,0.200455904006958,0.1787586212158203
  -16,"graph_0000010101",0.5028138780662275,0.8661210923115685,0.7601435330729415,5154049,3.974026310443878,0.5037848949432373,0.5889682769775391
  -17,"graph_0000010110",0.5019999894465249,0.878752035002035,0.7861001556000127,5154049,2.2407523155212403,0.2284479141235351,0.2397964000701904
  -18,"graph_0000010111",0.5016679882904187,0.8789270694032598,0.7819103870947255,5285633,4.692432880401611,0.6588728427886963,0.8053138256072998
  -19,"graph_0000011000",0.5035156552714299,0.8671052822838536,0.7704036073798864,4870785,1.998820602893829,0.151965856552124,0.1411371231079101
  -20,"graph_0000011001",0.4964227763712469,0.8626016289706767,0.756141754787082,5154049,3.518011379241943,0.4329574108123779,0.4865801334381103
  -21,"graph_0000011010",0.5089759905360749,0.8618742368742368,0.7776558381759868,5154049,2.735737240314484,0.3263144493103027,0.3137252330780029
  -22,"graph_0000011011",0.4976355593873315,0.8806892236951762,0.8054872820805944,5285633,5.01987532377243,0.6980915069580078,0.8521435260772705
  -23,"graph_0000011100",0.5088213956069504,0.8732811500668645,0.7607138547521514,5002369,2.2173943400382994,0.2227137088775634,0.2066760063171386
  -24,"graph_0000011101",0.4882156777495616,0.8702159282516426,0.765156393890318,5285633,4.29987599849701,0.5959746837615967,0.6009113788604736
  -25,"graph_0000011110",0.4967664768633161,0.8881960191484002,0.7862563907148074,5285633,2.6893794178962707,0.263547420501709,0.2918188571929931
  -26,"graph_0000011111",0.502614979725773,0.8869841027579124,0.79534660696707,5417217,4.411971747875214,0.6549196243286133,0.7846994400024414
  -27,"graph_0000100000",0.5015978500491391,0.912000092059616,0.7561195262138388,823425,1.961244797706604,0.1759159564971923,0.2135190963745117
  -28,"graph_0000100001",0.5036885743456884,0.9185944677016108,0.8060048902861136,1106689,3.8508447766304017,0.4691295623779297,0.5698621273040771
  -29,"graph_0000100010",0.5077827738168438,0.9134336783146306,0.8111479470324855,1106689,2.324902009963989,0.1963288784027099,0.2546579837799072
  -30,"graph_0000100011",0.4925535315394068,0.9233852016590112,0.7982477533263471,1238273,4.773474216461182,0.6942131519317627,0.840785026550293
  -31,"graph_0000100100",0.5012568553294202,0.9188773087582612,0.7723038328411291,4838017,2.390301787853241,0.2093088626861572,0.2337772846221923
  -32,"graph_0000100101",0.5021678051067419,0.9123780210089736,0.7955714331078722,5121281,3.788558948040008,0.528695821762085,0.558598518371582
  -33,"graph_0000100110",0.5004362744969651,0.9068441479155764,0.813603886824807,5121281,3.305424153804779,0.3591012954711914,0.4236843585968017
  -34,"graph_0000100111",0.5008650094218653,0.9180548287691144,0.785902638849195,5252865,4.988027799129486,0.6888678073883057,0.8756020069122314
  -35,"graph_0000101000",0.4814257105454482,0.9241325803825804,0.7742402591216537,1245953,2.232655107975006,0.2064974308013916,0.2282900810241699
  -36,"graph_0000101001",0.4992700769849045,0.9242525001453572,0.7870140675113525,1529217,4.2125630378723145,0.6086463928222656,0.6300168037414551
  -37,"graph_0000101010",0.504890948322945,0.9120237126189508,0.8034282810961862,1529217,2.774675893783569,0.2733783721923828,0.369199275970459
  -38,"graph_0000101011",0.492747432385734,0.9177053656220324,0.8334000190530628,1660801,4.638498783111572,0.731520414352417,0.8686182498931885
  -39,"graph_0000101100",0.5014339534257427,0.910036557357986,0.7602133943031343,5260545,3.0462568759918214,0.2303774356842041,0.2678835391998291
  -40,"graph_0000101101",0.4946989393988648,0.9209419879062736,0.786643802991331,5543809,4.616963684558868,0.5348539352416992,0.6287169456481934
  -41,"graph_0000101110",0.5058647952710571,0.9153166608523752,0.8226185259280431,5543809,3.3759350538253785,0.3025658130645752,0.3277156352996826
  -42,"graph_0000101111",0.5075057836124715,0.927507897745993,0.8121348956844814,5675393,5.769356274604798,0.7386927604675293,0.9132018089294434
  -43,"graph_0000110100",0.5021803421729343,0.9205186348043491,0.7629376647296053,5260545,2.905495488643646,0.2767236232757568,0.2707507610321045
  ... 385 further lines not shown (cap is 50)

[RDB2G-Bench/rel-event/user-ignore/2.csv] column change:
  removed: []
  added:   ['dataset', 'seed', 'task']
  diff --git a/RDB2G-Bench/rel-event/user-ignore/2.csv b/RDB2G-Bench/rel-event/user-ignore/2.csv
  index ebddfcd..781b5c5 100644
  --- a/RDB2G-Bench/rel-event/user-ignore/2.csv
  +++ b/RDB2G-Bench/rel-event/user-ignore/2.csv
  @@ -1,215 +1,215 @@
  -idx,graph,train_metric,valid_metric,test_metric,params,train_time,valid_time,test_time
  -0,"graph_0000000001",0.5003391748230136,0.8233345688702831,0.7232498174081484,716929,2.2916380882263185,0.3055410385131836,0.3005945682525635
  -1,"graph_0000000010",0.5038766303385755,0.8343359957943293,0.7506290686227811,716929,1.0323555707931518,0.0923283100128173,0.0909664630889892
  -2,"graph_0000000011",0.4950080233371998,0.8483057396747873,0.7725693055158617,848513,3.0070320844650267,0.4763951301574707,0.5912330150604248
  -3,"graph_0000000100",0.4909107714467027,0.8474887105839487,0.7522476263059287,4464001,1.0855196952819823,0.0885002613067627,0.0846457481384277
  -4,"graph_0000000101",0.5105154979707285,0.8446342568366377,0.7475259597980376,4747265,2.736604762077332,0.3445961475372314,0.3594841957092285
  -5,"graph_0000000110",0.4968776446276726,0.85200871659205,0.7537842558191229,4747265,1.517257857322693,0.1323373317718505,0.1316289901733398
  -6,"graph_0000000111",0.50335081499789,0.8651847491133206,0.7997573910006034,4878849,3.501399612426758,0.6053521633148193,0.55513596534729
  -7,"graph_0000001000",0.5015690494615956,0.8281119784095975,0.7247416722238099,856193,1.0182189464569091,0.0808460712432861,0.0727224349975586
  -8,"graph_0000001001",0.498426954468919,0.8303135356706784,0.7433685814994762,1139457,2.716797709465027,0.3351128101348877,0.3455772399902344
  -9,"graph_0000001010",0.5064457274833906,0.8503849545516211,0.7731863071988822,1139457,1.3760932207107544,0.1231379508972168,0.1267652511596679
  -10,"graph_0000001011",0.5012784822500563,0.8594673624435529,0.7848991775427899,1271041,3.5677792549133303,0.506807804107666,0.622760534286499
  -11,"graph_0000001100",0.4973623726707825,0.8578890245556913,0.7629078149312502,4886529,1.4832666397094727,0.1209735870361328,0.1157715320587158
  -12,"graph_0000001101",0.4995721316925786,0.8502232445684826,0.7512432123463847,5169793,3.0996188879013062,0.3794982433319092,0.3885536193847656
  -13,"graph_0000001110",0.4884237718643738,0.8536345984262652,0.770073989393795,5169793,1.871665644645691,0.1722450256347656,0.1703927516937255
  -14,"graph_0000001111",0.5010422615835173,0.8498883171502221,0.7746365628274745,5301377,3.8870065927505495,0.5492739677429199,0.5535688400268555
  -15,"graph_0000010100",0.4981766368247258,0.8399779783708357,0.7470045409799626,4886529,1.3141167879104614,0.1132464408874511,0.1190364360809326
  -16,"graph_0000010101",0.4970661724456315,0.8410851163827354,0.7489485884855991,5169793,3.054085397720337,0.3699438571929931,0.3705756664276123
  -17,"graph_0000010110",0.49733258028768,0.8527124881291549,0.7688133117398621,5169793,1.7654480934143066,0.1650440692901611,0.1673214435577392
  -18,"graph_0000010111",0.4994097564643116,0.8627312392193345,0.7823752818265537,5301377,3.843987488746643,0.5338809490203857,0.5518808364868164
  -19,"graph_0000011000",0.4961134324476682,0.8443335489466441,0.7449036232574386,4886529,1.5314285516738892,0.1255145072937011,0.127450942993164
  -20,"graph_0000011001",0.4945944157018453,0.8370108727251584,0.7434244704836304,5169793,3.1130896329879763,0.4158167839050293,0.4007918834686279
  -21,"graph_0000011010",0.4984478303210737,0.8487378747795414,0.7567057254453652,5169793,1.8506493091583247,0.1767776012420654,0.1766028404235839
  -22,"graph_0000011011",0.4907956557582764,0.8563785200689962,0.775956304976025,5301377,3.9063519716262816,0.5520508289337158,0.6738030910491943
  -23,"graph_0000011100",0.4881385391648704,0.8554694313622886,0.7578717728874916,5018113,1.6636954545974731,0.148679494857788,0.1435623168945312
  -24,"graph_0000011101",0.4981529203930576,0.8452774628369866,0.7571769711981201,5301377,3.23375608921051,0.3984713554382324,0.4106233119964599
  -25,"graph_0000011110",0.4934132257074025,0.8577648652053415,0.761648725032549,5301377,2.062405753135681,0.1872389316558838,0.191479206085205
  -26,"graph_0000011111",0.5036318494171632,0.8637211829176115,0.7865593344130071,5432961,4.051053500175476,0.5588803291320801,0.6279730796813965
  -27,"graph_0000100000",0.4992723494485155,0.9051095509428844,0.7870470928201708,823425,1.2721427917480468,0.1111459732055664,0.1262602806091308
  -28,"graph_0000100001",0.5039563687757029,0.9084085557299844,0.8023270140675114,1106689,2.9190953016281127,0.3870208263397217,0.4372735023498535
  -29,"graph_0000100010",0.4965493891848911,0.9096937564199468,0.8374449842812232,1106689,1.6847474336624146,0.1566264629364013,0.1654684543609619
  -30,"graph_0000100011",0.5052751102221884,0.9137728453204644,0.7911403258073735,1238273,3.7314196109771727,0.5440893173217773,0.6919679641723633
  -31,"graph_0000100100",0.4980628595788501,0.9101570827761304,0.7852199040995841,4853761,1.7138384580612185,0.1532719135284423,0.1548769474029541
  -32,"graph_0000100101",0.5053362741580214,0.9197542977304882,0.8151452796036962,5137025,3.4485339641571047,0.3939568996429443,0.4068748950958252
  -33,"graph_0000100110",0.4903485003974115,0.909393351357637,0.8109923470197835,5137025,2.103852725028992,0.1948566436767578,0.2013945579528808
  -34,"graph_0000100111",0.4976851106489493,0.920591919103824,0.820352481661427,5268609,4.082370781898499,0.5863082408905029,0.6862235069274902
  -35,"graph_0000101000",0.5014214356177165,0.9127559499583308,0.7982972912895747,1245953,1.662832498550415,0.1440005302429199,0.1487064361572265
  -36,"graph_0000101001",0.5029685596570999,0.9197494524875476,0.8209180400749421,1529217,3.2410868883132933,0.406782865524292,0.454592227935791
  -37,"graph_0000101010",0.4905558145564929,0.9099293563579276,0.8229875202438792,1529217,2.0856206893920897,0.1965763568878173,0.1961596012115478
  -38,"graph_0000101011",0.5051484011177131,0.9232138011899916,0.8204750563653106,1660801,4.1418030023574826,0.5999240875244141,0.730614423751831
  -39,"graph_0000101100",0.5005706290934195,0.901824476229238,0.805757835572068,5276289,2.1027162790298464,0.1803874969482422,0.1732861995697021
  -40,"graph_0000101101",0.5055500975772764,0.9172499127856272,0.8139023848083581,5559553,3.66484603881836,0.4429080486297607,0.4511623382568359
  -41,"graph_0000101110",0.499986422992833,0.916618214237262,0.8345527293512434,5559553,2.541345024108886,0.230189561843872,0.2295374870300293
  -42,"graph_0000101111",0.5036952954456902,0.9195726011202202,0.8364275507287797,5691137,4.541448020935059,0.5924499034881592,0.6820430755615234
  -43,"graph_0000110100",0.498750992373304,0.9002328139232902,0.8546924518116287,5276289,2.016453742980957,0.1830344200134277,0.1746060848236084
  ... 385 further lines not shown (cap is 50)

[RDB2G-Bench/rel-event/user-ignore/3.csv] column change:
  removed: []
  added:   ['dataset', 'seed', 'task']
  diff --git a/RDB2G-Bench/rel-event/user-ignore/3.csv b/RDB2G-Bench/rel-event/user-ignore/3.csv
  index e249d25..030744a 100644
  --- a/RDB2G-Bench/rel-event/user-ignore/3.csv
  +++ b/RDB2G-Bench/rel-event/user-ignore/3.csv
  @@ -1,215 +1,215 @@
  -idx,graph,train_metric,valid_metric,test_metric,params,train_time,valid_time,test_time
  -0,"graph_0000000001",0.4965736929906283,0.818068395449348,0.7170651932298118,716929,2.24244019985199,0.2970149517059326,0.294802188873291
  -1,"graph_0000000010",0.4998160363674291,0.831546649999031,0.7458664380299133,716929,0.8599525451660156,0.0844061374664306,0.0815255641937255
  -2,"graph_0000000011",0.4951514292717655,0.8457650154078726,0.7806757486265918,848513,2.925348281860352,0.516000509262085,0.5665900707244873
  -3,"graph_0000000100",0.4949374036417654,0.8444979843789368,0.7602940522689022,4464001,1.152376389503479,0.0977020263671875,0.0944094657897949
  -4,"graph_0000000101",0.4967447729100152,0.8451024284357618,0.7497265885491092,4747265,2.636489200592041,0.3432891368865967,0.3780882358551025
  -5,"graph_0000000110",0.5000362727560269,0.8617948960210865,0.7622552475310405,4747265,1.2935415983200074,0.1242492198944091,0.1226856708526611
  -6,"graph_0000000111",0.5000441974914159,0.8624187210496734,0.7976513924613382,4878849,3.3431327819824217,0.5573015213012695,0.599531888961792
  -7,"graph_0000001000",0.5012831523553585,0.8246782153032153,0.7324143406052523,856193,0.8485390663146972,0.0745165348052978,0.0724916458129882
  -8,"graph_0000001001",0.4962420962560122,0.8315817780103494,0.7403747102346702,1139457,2.601274037361145,0.3318970203399658,0.3674883842468261
  -9,"graph_0000001010",0.4987911745370683,0.8400155290036242,0.7730494426979138,1139457,1.2774518251419067,0.1161973476409912,0.1138463020324707
  -10,"graph_0000001011",0.503132639233075,0.8632993439541058,0.7909669429360769,1271041,3.319748878479004,0.535172700881958,0.6122777462005615
  -11,"graph_0000001100",0.5007897677665442,0.8544519303447874,0.7525305642882093,4886529,1.2846946477890016,0.1110942363739013,0.1071977615356445
  -12,"graph_0000001101",0.4974574020918682,0.8484783514545419,0.7407113143437808,5169793,2.8883380651474,0.3643927574157715,0.3551487922668457
  -13,"graph_0000001110",0.4976386984684212,0.8562997848712135,0.7725305642882093,5169793,1.6997667789459228,0.1506240367889404,0.1478924751281738
  -14,"graph_0000001111",0.4935471566242005,0.8488683935112507,0.7693849036232575,5301377,3.6393741607666015,0.5363430976867676,0.6486861705780029
  -15,"graph_0000010100",0.4992564133159896,0.8495909403647497,0.7474281540757677,4886529,1.2709264278411865,0.1084370613098144,0.099865436553955
  -16,"graph_0000010101",0.4949554678016557,0.834895015698587,0.74633577847639,5169793,2.856012558937073,0.3563888072967529,0.4003031253814697
  -17,"graph_0000010110",0.4972109938554124,0.853625210768068,0.7764205646057604,5169793,1.6892722845077517,0.1488335132598877,0.1475088596343994
  -18,"graph_0000010111",0.5001519180440236,0.8479393181774134,0.781725572385761,5301377,3.619424915313721,0.5272984504699707,0.5712001323699951
  -19,"graph_0000011000",0.5027673695948682,0.8408386146481386,0.7403200914547013,4886529,1.318976378440857,0.1170630455017089,0.1206891536712646
  -20,"graph_0000011001",0.510827499521242,0.8332676197259531,0.745621288622146,5169793,2.962974691390991,0.3951618671417236,0.4262900352478027
  -21,"graph_0000011010",0.507757025648642,0.8503879828284588,0.7736477088692008,5169793,1.7356112480163577,0.1604843139648437,0.1563572883605957
  -22,"graph_0000011011",0.5002519160719874,0.8499282904044808,0.7759391572195231,5301377,3.667064094543457,0.5438022613525391,0.6594212055206299
  -23,"graph_0000011100",0.4972463807357944,0.8541442574180669,0.7513111682702993,5018113,1.6687599658966064,0.1560144424438476,0.1601626873016357
  -24,"graph_0000011101",0.5030718508314829,0.8506581051223909,0.7558883490521101,5301377,3.2393561363220216,0.4307649135589599,0.4407894611358642
  -25,"graph_0000011110",0.4963569134428625,0.8570047677190534,0.785375504112286,5301377,2.1290206909179688,0.2018125057220459,0.199026346206665
  -26,"graph_0000011111",0.4923427605394936,0.858965879799213,0.7910387094725477,5432961,4.05968701839447,0.5684201717376709,0.6773059368133545
  -27,"graph_0000100000",0.500818895742913,0.9058599579432912,0.8012854466355467,823425,1.2702478647232056,0.1149990558624267,0.1216075420379638
  -28,"graph_0000100001",0.5052622939125861,0.9153360418241372,0.7920129560826904,1106689,2.9320034265518187,0.3730857372283935,0.4370889663696289
  -29,"graph_0000100010",0.4993868681337897,0.8975467323681608,0.8213438760280715,1106689,1.6999767541885376,0.1626346111297607,0.1623694896697998
  -30,"graph_0000100011",0.5015593048295013,0.9165122245479388,0.8226131275602553,1238273,3.6835905790328978,0.6297249794006348,0.6923723220825195
  -31,"graph_0000100100",0.5041632881423773,0.9035633127895032,0.8100771649042584,4853761,1.726368069648743,0.1604471206665039,0.1534705162048339
  -32,"graph_0000100101",0.4957584274120429,0.9149938465414656,0.8221701438506239,5137025,3.3201021909713746,0.4491012096405029,0.4613988399505615
  -33,"graph_0000100110",0.495843587022954,0.9112381776072253,0.8318363977009303,5137025,2.0057578086853027,0.1843063831329345,0.1822006702423095
  -34,"graph_0000100111",0.4935466270246303,0.9055401719092196,0.8241141913562605,5268609,4.155467772483826,0.5954949855804443,0.742619514465332
  -35,"graph_0000101000",0.5047357852779176,0.8971966635657111,0.8005423771871328,1245953,1.669391965866089,0.1517183780670166,0.1541094779968261
  -36,"graph_0000101001",0.4993443075865004,0.91921768707483,0.8291314978882856,1529217,3.28254623413086,0.4508211612701416,0.4608204364776611
  -37,"graph_0000101010",0.5082212148575057,0.9097821821036108,0.8224565748944143,1529217,2.1150629997253416,0.1973302364349365,0.1959052085876464
  -38,"graph_0000101011",0.5002189557205458,0.921274492703064,0.822781747165857,1660801,4.040390038490296,0.5794222354888916,0.7007930278778076
  -39,"graph_0000101100",0.4905191662662252,0.9036384140550806,0.7849042583595314,5276289,1.9124027490615845,0.1692547798156738,0.1598777770996093
  -40,"graph_0000101101",0.4965984878796035,0.9226190476190476,0.7982045663840462,5559553,3.4947770118713377,0.4712522029876709,0.4653067588806152
  -41,"graph_0000101110",0.5106026989472562,0.9062439434463244,0.8405696865771172,5559553,2.2880987405776976,0.2101607322692871,0.2088916301727295
  -42,"graph_0000101111",0.5020286841141545,0.9195871368490416,0.8016887364643867,5691137,4.295393967628479,0.588740348815918,0.6666548252105713
  -43,"graph_0000110100",0.5080646652245124,0.9104102467197706,0.8073405099869805,5276289,1.7807243585586547,0.1652820110321045,0.1575255393981933
  ... 385 further lines not shown (cap is 50)

[RDB2G-Bench/rel-event/user-ignore/4.csv] column change:
  removed: []
  added:   ['dataset', 'seed', 'task']
  diff --git a/RDB2G-Bench/rel-event/user-ignore/4.csv b/RDB2G-Bench/rel-event/user-ignore/4.csv
  index 12fdc14..740a7ef 100644
  --- a/RDB2G-Bench/rel-event/user-ignore/4.csv
  +++ b/RDB2G-Bench/rel-event/user-ignore/4.csv
  @@ -1,215 +1,215 @@
  -idx,graph,train_metric,valid_metric,test_metric,params,train_time,valid_time,test_time
  -0,"graph_0000000001",0.5007185510679578,0.808092645890265,0.6989641484868692,716929,2.143256592750549,0.2973732948303222,0.296332836151123
  -1,"graph_0000000010",0.5011362318054624,0.8341285588309397,0.757882569623067,716929,0.870362401008606,0.0860943794250488,0.0822911262512207
  -2,"graph_0000000011",0.4982122644321852,0.8504019129019129,0.7723578165190054,848513,2.873371934890747,0.5147960186004639,0.5672628879547119
  -3,"graph_0000000100",0.5008307684023718,0.8605417950656046,0.7541602362579786,4464001,1.129676342010498,0.0999114513397216,0.0927531719207763
  -4,"graph_0000000101",0.4953892291079325,0.8451478525883288,0.7521660156870218,4747265,2.4354741096496584,0.3326222896575928,0.3229706287384033
  -5,"graph_0000000110",0.4939625360108449,0.853878374711708,0.7678409704359976,4747265,1.2946682929992677,0.1228387355804443,0.1221814155578613
  -6,"graph_0000000111",0.5066780965166908,0.8669320648487315,0.7852008510368043,4878849,3.18998327255249,0.4987690448760986,0.4998495578765869
  -7,"graph_0000001000",0.4967853113498542,0.8363876533519392,0.7300117493887143,856193,0.87850980758667,0.0753436088562011,0.0756309032440185
  -8,"graph_0000001001",0.491098846697756,0.8333333333333335,0.7501797338922233,1139457,2.3516160011291505,0.322490930557251,0.3631458282470703
  -9,"graph_0000001010",0.4971604796854848,0.8430922582708298,0.7483611190498872,1139457,1.2878921985626222,0.1163692474365234,0.1173317432403564
  -10,"graph_0000001011",0.4940658560724772,0.8508488865631723,0.7866863548315393,1271041,3.1489500999450684,0.5515644550323486,0.6054716110229492
  -11,"graph_0000001100",0.4875084119669936,0.8571022782332305,0.7582369565907718,4886529,1.3001375675201416,0.1155455112457275,0.1068065166473388
  -12,"graph_0000001101",0.5000618283425667,0.8509124803767661,0.7481299418881587,5169793,2.663864541053772,0.3536462783813476,0.3424663543701172
  -13,"graph_0000001110",0.499004564647584,0.8525168614454329,0.7891245117652663,5169793,1.6990623235702516,0.1553497314453125,0.1491150856018066
  -14,"graph_0000001111",0.4937861023212561,0.8663966655038082,0.7817998793306024,5301377,3.427241492271423,0.5585131645202637,0.6316640377044678
  -15,"graph_0000010100",0.5039666237492013,0.8549370602942031,0.7584744847734273,4886529,1.2759569883346558,0.1073119640350341,0.1027748584747314
  -16,"graph_0000010101",0.5038992972001862,0.8460212076283504,0.7506303388269664,5169793,2.6491000413894654,0.3501191139221191,0.3404722213745117
  -17,"graph_0000010110",0.5025831556061369,0.8511928988119464,0.7630211806547903,5169793,1.6956689596176149,0.1486804485321045,0.1469829082489013
  -18,"graph_0000010111",0.4955787583505334,0.8680101314029885,0.7930570639230256,5301377,3.387713670730591,0.6208703517913818,0.6058127880096436
  -19,"graph_0000011000",0.5063311221363684,0.8403147227551989,0.742578514496205,4886529,1.3332011699676514,0.1194381713867187,0.1262600421905517
  -20,"graph_0000011001",0.4933864568563925,0.8226834893501561,0.7368568797434187,5169793,2.676446795463562,0.3633608818054199,0.3523118495941162
  -21,"graph_0000011010",0.505228081780342,0.8456668992383278,0.7483014194531771,5169793,1.7193827629089355,0.165781021118164,0.1628642082214355
  -22,"graph_0000011011",0.5025136721425079,0.8524587185301471,0.7676688577688864,5301377,3.490634632110596,0.6372854709625244,0.6579549312591553
  -23,"graph_0000011100",0.4919375783518491,0.8643392542202066,0.7594166587278905,5018113,1.50892493724823,0.1354901790618896,0.1414186954498291
  -24,"graph_0000011101",0.5045279896646815,0.8418833701571797,0.7525096059191516,5301377,2.7733795642852783,0.3722331523895263,0.359389066696167
  -25,"graph_0000011110",0.5000429168233639,0.8515338827838828,0.768718046425963,5301377,1.7921348094940186,0.177659273147583,0.1735391616821289
  -26,"graph_0000011111",0.5072167955705602,0.8676424985948794,0.7805671461687466,5432961,3.583610987663269,0.5367321968078613,0.601048469543457
  -27,"graph_0000100000",0.5080939376371278,0.9021478961955152,0.8082309231208916,823425,1.202614951133728,0.1016128063201904,0.1117863655090332
  -28,"graph_0000100001",0.4995962332875708,0.9171057668081476,0.8071410879298848,1106689,2.6447550296783446,0.3611233234405517,0.385634183883667
  -29,"graph_0000100010",0.4910822269003304,0.9128873771730914,0.8463014829633864,1106689,1.5795106172561646,0.1462788581848144,0.1534771919250488
  -30,"graph_0000100011",0.4906474834275777,0.9156582504796792,0.8222552475310406,1238273,3.49025719165802,0.5626804828643799,0.6804769039154053
  -31,"graph_0000100100",0.5063052295319203,0.9006470821947014,0.834290432186974,4853761,1.637381911277771,0.1405572891235351,0.1427304744720459
  -32,"graph_0000100101",0.4946602690011467,0.9168501802430374,0.8008707249690388,5137025,2.892226314544678,0.3860964775085449,0.3729281425476074
  -33,"graph_0000100110",0.5017516072480342,0.9076672335600908,0.803203454955384,5137025,1.946242594718933,0.181706428527832,0.1846437454223632
  -34,"graph_0000100111",0.5042172687822198,0.9212750983584316,0.7906665396462482,5268609,3.702660822868347,0.6238236427307129,0.6894779205322266
  -35,"graph_0000101000",0.4949131961268592,0.8998839564315756,0.841759232796672,1245953,1.5726807832717895,0.134411334991455,0.1361417770385742
  -36,"graph_0000101001",0.4965095440390352,0.9098663681997016,0.8058016576164617,1529217,2.881951189041138,0.3765857219696045,0.4282455444335937
  -37,"graph_0000101010",0.4979312011256629,0.90859085799562,0.8103807437045505,1529217,1.8822896003723144,0.1764948368072509,0.1790523529052734
  -38,"graph_0000101011",0.4939745338483841,0.9173468176444368,0.8148518624368868,1660801,3.7156398057937614,0.5694370269775391,0.703594446182251
  -39,"graph_0000101100",0.5033329337905786,0.906713932011551,0.8031383569908862,5276289,1.935760736465454,0.1698579788208007,0.1614863872528076
  -40,"graph_0000101101",0.4928108495270117,0.915301519468186,0.8022889079419517,5559553,3.49897165298462,0.4247853755950928,0.4484627246856689
  -41,"graph_0000101110",0.4921004831796866,0.8986841531484389,0.8622260328347782,5559553,2.343910384178161,0.216541051864624,0.2145314216613769
  -42,"graph_0000101111",0.5017479289382911,0.9198911758435568,0.8299495093836335,5691137,4.343932557106018,0.5995376110076904,0.716588020324707
  -43,"graph_0000110100",0.5036019414850634,0.9129988177607228,0.8070426471055221,5276289,1.8289050102233888,0.1656503677368164,0.1589720249176025
  ... 385 further lines not shown (cap is 50)

[RDB2G-Bench/rel-event/user-ignore/5.csv] column change:
  removed: []
  added:   ['dataset', 'seed', 'task']
  diff --git a/RDB2G-Bench/rel-event/user-ignore/5.csv b/RDB2G-Bench/rel-event/user-ignore/5.csv
  index 225d871..8539f05 100644
  --- a/RDB2G-Bench/rel-event/user-ignore/5.csv
  +++ b/RDB2G-Bench/rel-event/user-ignore/5.csv
  @@ -1,215 +1,215 @@
  -idx,graph,train_metric,valid_metric,test_metric,params,train_time,valid_time,test_time
  -0,"graph_0000000001",0.4990454401053313,0.8587947821578774,0.7654491759550346,716929,3.23248827457428,0.4756240844726562,0.4592053890228271
  -1,"graph_0000000010",0.5010210583425375,0.8612537429501715,0.7542580419802485,716929,1.5266804337501525,0.167687177658081,0.1682257652282714
  -2,"graph_0000000011",0.4987015277734339,0.8787453727929918,0.793619129275031,848513,4.150204849243164,0.6342716217041016,0.7534770965576172
  -3,"graph_0000000100",0.4963658107156442,0.8593589501327596,0.7456740020958369,4448257,1.5017979264259338,0.1603870391845703,0.1324532032012939
  -4,"graph_0000000101",0.496781835250856,0.8683553549624979,0.7607335429170239,4731521,3.7255433320999134,0.4331932067871094,0.4894859790802002
  -5,"graph_0000000110",0.4924670912604439,0.872536799620133,0.7827474516528532,4731521,2.177612030506134,0.2498760223388672,0.2770397663116455
  -6,"graph_0000000111",0.5078288200922143,0.8764063317634747,0.7947629481439142,4863105,4.530880069732666,0.8141582012176514,0.8626186847686768
  -7,"graph_0000001000",0.488831505759039,0.8701050933193791,0.7669423009748818,856193,1.5819732904434205,0.128920316696167,0.1175029277801513
  -8,"graph_0000001001",0.505492351965943,0.8470829214876834,0.7391515036042045,1139457,3.614053928852081,0.4496762752532959,0.5194797515869141
  -9,"graph_0000001010",0.4991612490877406,0.8716159006337578,0.7869429360769744,1139457,2.166082763671875,0.1901350021362304,0.2115011215209961
  -10,"graph_0000001011",0.5021977804424234,0.8753942816442817,0.7897754914102442,1271041,4.58202829360962,0.6364388465881348,0.7850403785705566
  -11,"graph_0000001100",0.5012546310112247,0.877915019284067,0.7630802451494078,4870785,2.2089065670967103,0.2028741836547851,0.1573381423950195
  -12,"graph_0000001101",0.5045229440251385,0.8683171986743414,0.7579841859578927,5154049,4.147167706489563,0.4684240818023681,0.555819034576416
  -13,"graph_0000001110",0.5006071233183578,0.8822393986084462,0.7877101394049093,5154049,2.4711143493652346,0.2743575572967529,0.2737569808959961
  -14,"graph_0000001111",0.501804316848908,0.8828426313545362,0.7929821218760916,5285633,5.084784913063049,0.691394567489624,0.8701958656311035
  -15,"graph_0000010100",0.5007945437917604,0.8750860030621936,0.7633971610936457,4870785,1.892231571674347,0.1348688602447509,0.1280648708343505
  -16,"graph_0000010101",0.4905065810546172,0.858162175126461,0.750441713505446,5154049,4.05897034406662,0.5029237270355225,0.5193684101104736
  -17,"graph_0000010110",0.4966241782733067,0.8836639000329477,0.7921907846686356,5154049,2.44186292886734,0.2901499271392822,0.2885847091674804
  -18,"graph_0000010111",0.4876023147853569,0.8743059189487761,0.7854809310596679,5285633,5.015665817260742,0.6484048366546631,0.8019931316375732
  -19,"graph_0000011000",0.5069513698949876,0.8661544033567843,0.7609253437490077,4870785,2.1470531225204468,0.2400805950164795,0.2320146560668945
  -20,"graph_0000011001",0.5059942871805475,0.8504049411787508,0.7482233018957798,5154049,4.121136975288391,0.5107481479644775,0.5883266925811768
  -21,"graph_0000011010",0.5044361378410178,0.8582366707366706,0.7663281572512781,5154049,2.715495491027832,0.2575876712799072,0.2645373344421386
  -22,"graph_0000011011",0.5024582086238685,0.886593455045836,0.8001613159315359,5285633,5.230080449581147,0.7148058414459229,0.9114019870758056
  -23,"graph_0000011100",0.5002636346661166,0.8780700670581623,0.7677888920643994,5002369,2.381167006492615,0.2332155704498291,0.2094213962554931
  -24,"graph_0000011101",0.4907069237575363,0.8655941721417912,0.7524175161157155,5285633,4.378888022899628,0.5211794376373291,0.5962607860565186
  -25,"graph_0000011110",0.5039059123802738,0.8760950249045488,0.7783023721063161,5285633,2.79099645614624,0.2576203346252441,0.3190131187438965
  -26,"graph_0000011111",0.4960337614141225,0.8896944105277438,0.8096065542535962,5417217,5.3123627543449405,0.8075387477874756,0.9017107486724854
  -27,"graph_0000100000",0.5008335704655531,0.9200619706572088,0.7336242100917721,823425,1.701343333721161,0.1515600681304931,0.1850392818450927
  -28,"graph_0000100001",0.5010582362323756,0.9195114299280966,0.7482093296497412,1106689,3.777841818332672,0.5426654815673828,0.6480166912078857
  -29,"graph_0000100010",0.5061987126146997,0.9122538616586237,0.8366796862595662,1106689,2.299927854537964,0.2215547561645507,0.2887253761291504
  -30,"graph_0000100011",0.5036616995747643,0.9210152722057484,0.8125184973484488,1238273,4.931736767292023,0.6964085102081299,0.8816742897033691
  -31,"graph_0000100100",0.5067221206846109,0.9173740721359768,0.8095297069003842,4838017,2.5372317671775817,0.2308466434478759,0.2628369331359863
  -32,"graph_0000100101",0.4971546829774604,0.9214725420082562,0.7941970721793529,5121281,4.543386650085449,0.5757064819335938,0.6237783432006836
  -33,"graph_0000100110",0.5062129540286004,0.910541673934531,0.8137880664316789,5121281,3.085456454753876,0.2818605899810791,0.3597822189331054
  -34,"graph_0000100111",0.4959130319702506,0.9218347239180572,0.8276923565463148,5252865,5.472099113464355,0.833383321762085,0.9146344661712646
  -35,"graph_0000101000",0.4871496130726281,0.9159229218753028,0.760052713473691,1245953,2.455961072444916,0.2363729476928711,0.2459397315979004
  -36,"graph_0000101001",0.4976705611043895,0.928827015136539,0.7986592994823918,1529217,4.610142397880554,0.567192554473877,0.6557245254516602
  -37,"graph_0000101010",0.4853869805244477,0.9078592263116072,0.7755904861706518,1529217,2.8848069071769715,0.2880146503448486,0.3345413208007812
  -38,"graph_0000101011",0.4990853430256859,0.925807217473884,0.8176240830713537,1660801,5.598801028728485,0.8369131088256836,0.8976738452911377
  -39,"graph_0000101100",0.4917082906251401,0.9114955811384384,0.8046445016036328,5260545,2.873900806903839,0.2214393615722656,0.256397008895874
  -40,"graph_0000101101",0.4958271020326917,0.9203599530980484,0.7899152138706296,5543809,5.105561697483063,0.6483767032623291,0.711479663848877
  -41,"graph_0000101110",0.4952826736743795,0.9115101168672596,0.8207030580165762,5543809,3.465255951881409,0.3515069484710693,0.3864598274230957
  -42,"graph_0000101111",0.4931548677788232,0.9240465773203868,0.8033253945571751,5675393,6.000802612304687,0.7453668117523193,0.9240069389343262
  -43,"graph_0000110100",0.4911735972698391,0.9189621005097196,0.7537099488742816,5260545,3.097814834117889,0.2772386074066162,0.2695264816284179
  ... 385 further lines not shown (cap is 50)

[RDB2G-Bench/rel-event/user-ignore/6.csv] column change:
  removed: []
  added:   ['dataset', 'seed', 'task']
  diff --git a/RDB2G-Bench/rel-event/user-ignore/6.csv b/RDB2G-Bench/rel-event/user-ignore/6.csv
  index 3a18b61..ca53b15 100644
  --- a/RDB2G-Bench/rel-event/user-ignore/6.csv
  +++ b/RDB2G-Bench/rel-event/user-ignore/6.csv
  @@ -1,215 +1,215 @@
  -idx,graph,train_metric,valid_metric,test_metric,params,train_time,valid_time,test_time
  -0,"graph_0000000001",0.5014839765124324,0.8511347558966605,0.7418414785176717,716929,3.163834810256958,0.3942272663116455,0.4469003677368164
  -1,"graph_0000000010",0.4990263841498822,0.8672064267302363,0.7756355784192309,716929,1.5885353088378906,0.1277618408203125,0.1322855949401855
  -2,"graph_0000000011",0.5104450130824575,0.8817500290714575,0.7942161252421327,848513,4.109078824520111,0.6252293586730957,0.7623481750488281
  -3,"graph_0000000100",0.504761196428211,0.8739709915305153,0.76633577847639,4448257,1.5986135959625245,0.1207146644592285,0.1288955211639404
  -4,"graph_0000000101",0.5035404212731558,0.8673602631935966,0.7576323393985585,4731521,3.498289716243744,0.5016381740570068,0.51731276512146
  -5,"graph_0000000110",0.5036708760909558,0.8773844651820843,0.7908583404782319,4731521,2.307345926761627,0.1695296764373779,0.2223508358001709
  -6,"graph_0000000111",0.5006958938354302,0.8847819398414636,0.792954812486107,4863105,4.559909224510193,0.6860184669494629,0.7927656173706055
  -7,"graph_0000001000",0.5001260446977416,0.8652232082291607,0.7548321742720141,856193,1.5214299440383912,0.1178228855133056,0.1457669734954834
  -8,"graph_0000001001",0.492722743416673,0.8638014322538132,0.755380267377981,1139457,3.659719789028168,0.4174351692199707,0.5187242031097412
  -9,"graph_0000001010",0.5088297921674111,0.8619487324844469,0.7635073513067226,1139457,1.937808740139008,0.1848201751708984,0.1992979049682617
  -10,"graph_0000001011",0.5019587480836198,0.8816494902804426,0.7978285859451908,1271041,4.564990770816803,0.6453659534454346,0.8097245693206787
  -11,"graph_0000001100",0.5055905878717,0.8704890788224119,0.7594106252580102,4870785,2.113873815536499,0.1521282196044922,0.2003703117370605
  -12,"graph_0000001101",0.5074687694170461,0.8665438397581253,0.7481146994379346,5154049,4.183412361145019,0.5071206092834473,0.5392942428588867
  -13,"graph_0000001110",0.4920955627182239,0.8776497422330755,0.78296148105808,5154049,2.622716522216797,0.2226893901824951,0.264082670211792
  -14,"graph_0000001111",0.5033534052212432,0.8840472798806133,0.8002051379759296,5285633,5.207748436927796,0.7107906341552734,0.8716201782226562
  -15,"graph_0000010100",0.5049850437229702,0.8609300201562106,0.7674071957067098,4870785,2.0446794867515563,0.1956479549407959,0.1369659900665283
  -16,"graph_0000010101",0.5057724042187401,0.8598755741612886,0.758457972119018,5154049,3.857181692123413,0.4958510398864746,0.5733163356781006
  -17,"graph_0000010110",0.4994039790144533,0.8767200612438708,0.7876028071512495,5154049,2.616321420669556,0.2199177742004394,0.2451939582824707
  -18,"graph_0000010111",0.5065738424339981,0.8784383055216388,0.7959162935441872,5285633,5.042277598381043,0.8453185558319092,0.880192756652832
  -19,"graph_0000011000",0.4990934988590692,0.8727524129309844,0.7553059604331396,4870785,2.0867467045784,0.2077069282531738,0.1692903041839599
  -20,"graph_0000011001",0.5064399789207816,0.8574123737814213,0.754530500778,5154049,4.310578000545502,0.4848082065582275,0.5624387264251709
  -21,"graph_0000011010",0.5043146284414151,0.8601565982518363,0.7812448001016163,5154049,2.654001951217652,0.239086627960205,0.2878587245941162
  -22,"graph_0000011011",0.4995202405637681,0.8717264327383375,0.780483947794608,5285633,4.91519935131073,0.7380657196044922,0.936349868774414
  -23,"graph_0000011100",0.4993589726800573,0.8731085382871097,0.7493086913721382,5002369,2.32528178691864,0.2282068729400634,0.1883103847503662
  -24,"graph_0000011101",0.5072090249005008,0.8718657334728763,0.7667250960591916,5285633,4.544362366199493,0.5265171527862549,0.6195676326751709
  -25,"graph_0000011110",0.5049159069063327,0.8836778301064014,0.7942599472865264,5285633,2.8548078417778013,0.2680675983428955,0.3003160953521728
  -26,"graph_0000011111",0.5025046304334798,0.8903376165280927,0.7848375726398019,5417217,5.4941178321838375,0.7993566989898682,0.924241065979004
  -27,"graph_0000100000",0.4965390090333124,0.9119146946527898,0.8067797148391604,823425,1.866680657863617,0.1626086235046386,0.2374429702758789
  -28,"graph_0000100001",0.5030771275690201,0.9238170339360816,0.816452954812486,1106689,4.14848780632019,0.6264679431915283,0.6369330883026123
  -29,"graph_0000100010",0.5072591731652707,0.9114471287090335,0.8279692610587152,1106689,2.50356674194336,0.2130110263824463,0.3279311656951904
  -30,"graph_0000100011",0.4994612624297982,0.9223186425567378,0.8238449080689721,1238273,5.2270405173301695,0.6875362396240234,0.8796367645263672
  -31,"graph_0000100100",0.4976287227383325,0.918507253328682,0.7684128798704392,4838017,2.4387054324150084,0.2329986095428466,0.2487025260925293
  -32,"graph_0000100101",0.4962314272319406,0.9222847258561544,0.7852688069607189,5121281,4.787672221660614,0.56313157081604,0.7892756462097168
  -33,"graph_0000100110",0.4925053187203396,0.9148121499311976,0.8142516909593217,5121281,3.066739857196808,0.296217679977417,0.3420634269714355
  -34,"graph_0000100111",0.5074788992124643,0.924193751574704,0.7893569591311804,5252865,5.343402099609375,0.7865417003631592,1.076793193817139
  -35,"graph_0000101000",0.5007008431841421,0.9112418115394304,0.7922403226318631,1245953,2.47540090084076,0.2483870983123779,0.2069215774536132
  -36,"graph_0000101001",0.500790932885599,0.9232028993933756,0.8003302530881838,1529217,4.475182712078095,0.5200309753417969,0.6365258693695068
  -37,"graph_0000101010",0.4967880460094537,0.9091462439676724,0.8016303070718618,1529217,3.0663150191307067,0.2633383274078369,0.3387222290039062
  -38,"graph_0000101011",0.5053656813778,0.9280869042773804,0.8193839509701184,1660801,5.590567862987518,0.7740333080291748,0.9198939800262452
  -39,"graph_0000101100",0.4964652406277052,0.9172365883675409,0.7683579435394239,5260545,2.946630799770355,0.2241938114166259,0.2644672393798828
  -40,"graph_0000101101",0.4992527927807451,0.9154190166094928,0.8106150963767426,5543809,4.866741442680359,0.5910952091217041,0.7045526504516602
  -41,"graph_0000101110",0.496307506617491,0.9123216950597904,0.8165564764535899,5543809,3.61113942861557,0.3456425666809082,0.3976030349731445
  -42,"graph_0000101111",0.5055579741672499,0.9162857094404714,0.8022044393636276,5675393,6.0633815169334415,0.9885950088500975,0.9961142539978028
  -43,"graph_0000110100",0.4944615728714372,0.9128401360544216,0.8638141056174781,5260545,2.892688310146332,0.2665574550628662,0.2768383026123047
  ... 385 further lines not shown (cap is 50)

[RDB2G-Bench/rel-event/user-ignore/7.csv] column change:
  removed: []
  added:   ['dataset', 'seed', 'task']
  diff --git a/RDB2G-Bench/rel-event/user-ignore/7.csv b/RDB2G-Bench/rel-event/user-ignore/7.csv
  index 25b25fc..6c3bb10 100644
  --- a/RDB2G-Bench/rel-event/user-ignore/7.csv
  +++ b/RDB2G-Bench/rel-event/user-ignore/7.csv
  @@ -1,215 +1,215 @@
  -idx,graph,train_metric,valid_metric,test_metric,params,train_time,valid_time,test_time
  -0,"graph_0000000001",0.5044326617420197,0.8556565788708645,0.7608764408878728,716929,2.963801693916321,0.4123249053955078,0.4740781784057617
  -1,"graph_0000000010",0.4985447759296957,0.8550206407349263,0.7571680797688228,716929,1.5509907960891725,0.1281294822692871,0.131925344467163
  -2,"graph_0000000011",0.5002051572444677,0.8734083376940519,0.7968498936203994,848513,4.191646206378937,0.6899521350860596,0.7818412780761719
  -3,"graph_0000000100",0.5052159780228889,0.8734858615810996,0.7720288336350069,4448257,1.551044774055481,0.1224141120910644,0.1125242710113525
  -4,"graph_0000000101",0.5009487535575611,0.8572639882163692,0.7481223206630465,4731521,3.6518409729003904,0.4590322971343994,0.4921612739562988
  -5,"graph_0000000110",0.5022552082940146,0.876752766633719,0.7890482995141468,4731521,2.35790935754776,0.2341940402984619,0.2395346164703369
  -6,"graph_0000000111",0.5068799991310715,0.8840224480105432,0.8070102568987965,4863105,4.566298854351044,0.6957828998565674,0.8066811561584473
  -7,"graph_0000001000",0.5011687877354137,0.8753630903928523,0.7646419611952622,856193,1.4080316185951234,0.1085677146911621,0.0971343517303466
  -8,"graph_0000001001",0.4991574070835849,0.8563367298486347,0.7580165761646185,1139457,3.755977845191956,0.4666042327880859,0.5409896373748779
  -9,"graph_0000001010",0.505709747775027,0.8633084287846191,0.7502673779810104,1139457,1.8849865794181824,0.1714184284210205,0.1869857311248779
  -10,"graph_0000001011",0.5001635210891556,0.8839358392929821,0.8088139468419548,1271041,4.112259328365326,0.640540361404419,0.7743058204650879
  -11,"graph_0000001100",0.5021795044427049,0.8665686716281953,0.7537563113270459,4870785,2.1830659985542296,0.1785988807678222,0.1737966537475586
  -12,"graph_0000001101",0.489375510437695,0.8675758765044479,0.7614905846114763,5154049,4.023859357833862,0.4593579769134521,0.5187225341796875
  -13,"graph_0000001110",0.4994596254856717,0.8834004399480591,0.7843358419865994,5154049,2.466030442714691,0.2415871620178222,0.2150211334228515
  -14,"graph_0000001111",0.4860877851922573,0.8919704633990349,0.7930068908577054,5285633,5.356961679458618,0.8236687183380127,0.9178202152252196
  -15,"graph_0000010100",0.4975317386133782,0.8732314863267244,0.7604045600330253,4870785,1.8223854899406435,0.1576077938079834,0.1219851970672607
  -16,"graph_0000010101",0.4949032203967706,0.8569575266003837,0.7477393541011718,5154049,3.979525196552277,0.5018885135650635,0.5333144664764404
  -17,"graph_0000010110",0.4978250115972676,0.8847752776324206,0.7981944047505636,5154049,2.499519574642181,0.2323119640350341,0.2398560047149658
  -18,"graph_0000010111",0.4892926906939765,0.8777363509506366,0.7928563716617446,5285633,4.884716880321503,0.7123286724090576,0.8462240695953369
  -19,"graph_0000011000",0.4983225463208969,0.8660326666279048,0.7563919850115906,4870785,2.021638894081116,0.2045783996582031,0.1936948299407959
  -20,"graph_0000011001",0.5055574156804303,0.8591657460705081,0.7524098948906038,5154049,4.3018882274627686,0.5081918239593506,0.5921292304992676
  -21,"graph_0000011010",0.5020627132938197,0.8630564761517143,0.7703267600266742,5154049,2.5223256587982177,0.2199659347534179,0.2321815490722656
  -22,"graph_0000011011",0.4916083214844255,0.8634858858073143,0.800924708646915,5285633,4.97527791261673,0.7980432510375977,0.8821547031402588
  -23,"graph_0000011100",0.4952364540755132,0.8703013256584686,0.7650376297989903,5002369,2.209869635105133,0.1878328323364257,0.2025036811828613
  -24,"graph_0000011101",0.4967330639449691,0.8665626150745199,0.754371090152742,5285633,4.284153723716736,0.561326265335083,0.5945746898651123
  -25,"graph_0000011110",0.5015865455055831,0.8800984068841212,0.7877825410434727,5285633,2.8257295370101927,0.2710359096527099,0.2872562408447265
  -26,"graph_0000011111",0.5046687572304785,0.8872518024303738,0.7949833285700676,5417217,5.593530404567718,0.7490124702453613,0.9106662273406982
  -27,"graph_0000100000",0.4890682463960653,0.9211503333527142,0.7994195166873075,823425,1.7927541375160216,0.1657822132110595,0.1890838146209716
  -28,"graph_0000100001",0.5025984080737628,0.9226581123902552,0.803695023975104,1106689,3.8847854256629946,0.4877705574035644,0.6552622318267822
  -29,"graph_0000100010",0.5015813746879599,0.9114604531271198,0.8315594931885302,1106689,2.5106091260910035,0.2381820678710937,0.3224132061004638
  -30,"graph_0000100011",0.5009495912877904,0.9263189962594724,0.8078543075799435,1238273,4.864459538459778,0.710963249206543,0.8937506675720215
  -31,"graph_0000100100",0.497713526073169,0.9195520088377231,0.7642196183036424,4838017,2.5291777729988096,0.221743106842041,0.2611253261566162
  -32,"graph_0000100101",0.5013823800566746,0.9262996152877104,0.7580946937220158,5121281,4.662578809261322,0.5332167148590088,0.6288628578186035
  -33,"graph_0000100110",0.501628470533388,0.8990039391825106,0.8101051093963355,5121281,2.828988027572632,0.2577047348022461,0.2783513069152832
  -34,"graph_0000100111",0.4996636272401676,0.9232289425741804,0.8136553300943126,5252865,5.433812046051026,0.7295107841491699,0.8857145309448242
  -35,"graph_0000101000",0.4981821157730082,0.9170906254239588,0.7447232542631228,1245953,2.333962893486023,0.1883530616760254,0.203866958618164
  -36,"graph_0000101001",0.4906698903039447,0.9252536484679342,0.812853831253374,1529217,4.4123778462409975,0.5543053150177002,0.6168515682220459
  -37,"graph_0000101010",0.5044209335188075,0.9108632769347056,0.8266336413578482,1529217,3.014163625240326,0.2596585750579834,0.3479807376861572
  -38,"graph_0000101011",0.4988356416428109,0.9215621790026552,0.800191165729891,1660801,5.61075611114502,0.7439479827880859,0.9539129734039308
  -39,"graph_0000101100",0.5036240594889376,0.905783039711611,0.7244647677114097,5260545,2.713548004627228,0.2616684436798095,0.2774293422698974
  -40,"graph_0000101101",0.4909715117028794,0.9263117283950618,0.8065561589025436,5543809,5.010077369213104,0.5919620990753174,0.7041189670562744
  -41,"graph_0000101110",0.4946149449070084,0.9153087873325968,0.8195719411895462,5543809,3.608439421653748,0.3262503147125244,0.5529820919036865
  -42,"graph_0000101111",0.4943043877189595,0.9212296742058648,0.8158267441491219,5675393,5.707364010810852,0.898505687713623,0.989187717437744
  -43,"graph_0000110100",0.4875803027013969,0.9184242785433262,0.8223543234574958,5260545,2.839669716358185,0.2511053085327148,0.3160574436187744
  ... 385 further lines not shown (cap is 50)

[RDB2G-Bench/rel-event/user-ignore/8.csv] column change:
  removed: []
  added:   ['dataset', 'seed', 'task']
  diff --git a/RDB2G-Bench/rel-event/user-ignore/8.csv b/RDB2G-Bench/rel-event/user-ignore/8.csv
  index 014412b..a998f81 100644
  --- a/RDB2G-Bench/rel-event/user-ignore/8.csv
  +++ b/RDB2G-Bench/rel-event/user-ignore/8.csv
  @@ -1,215 +1,215 @@
  -idx,graph,train_metric,valid_metric,test_metric,params,train_time,valid_time,test_time
  -0,"graph_0000000001",0.5000792088375571,0.8592572000310094,0.7465904544155473,716929,2.945069456100464,0.4364228248596191,0.5124616622924805
  -1,"graph_0000000010",0.4916881176960516,0.8619941566370138,0.7626998189959037,716929,1.5219956636428833,0.1291489601135254,0.1870753765106201
  -2,"graph_0000000011",0.4963882657374268,0.8596593551950695,0.7705058588168049,848513,3.845754790306091,0.6401174068450928,0.8079185485839844
  -3,"graph_0000000100",0.4989632366229311,0.8679101982673412,0.7495932171096504,4448257,1.472936761379242,0.1292693614959716,0.1214447021484375
  -4,"graph_0000000101",0.497542735026275,0.864912809853286,0.7573071671271157,4731521,3.427372705936432,0.4592394828796386,0.4827008247375488
  -5,"graph_0000000110",0.5164650580602898,0.8778417349845921,0.7737074084659109,4731521,2.1924140214920045,0.1960797309875488,0.2115116119384765
  -6,"graph_0000000111",0.490962547026516,0.8884322247417487,0.7983080880251501,4863105,4.378598296642304,0.7245032787322998,0.8054776191711426
  -7,"graph_0000001000",0.4923101660932098,0.8557177500629883,0.7404785494268202,856193,1.335909903049469,0.1033182144165039,0.0950736999511718
  -8,"graph_0000001001",0.4964926064818673,0.8654367017462256,0.7633971610936457,1139457,3.353449010848999,0.5038669109344482,0.5340592861175537
  -9,"graph_0000001010",0.503265058383827,0.8683807924879353,0.7823422565177354,1139457,1.881845760345459,0.1990227699279785,0.2257416248321533
  -10,"graph_0000001011",0.5116398378585658,0.8754312266217028,0.7979829157537074,1271041,4.3366651892662045,0.7686119079589844,0.8218450546264648
  -11,"graph_0000001100",0.5032215060409786,0.8720674167102738,0.7633857292559779,4870785,2.000228536128998,0.1618707180023193,0.1465516090393066
  -12,"graph_0000001101",0.5017066394299706,0.8681576084849896,0.7500409640849766,5154049,4.075469720363617,0.5046746730804443,0.5575251579284668
  -13,"graph_0000001110",0.5066720879688381,0.8698773669011763,0.7696319583373028,5154049,2.3935652017593383,0.2282023429870605,0.2383801937103271
  -14,"graph_0000001111",0.5055193615440304,0.8752319660057756,0.8016995331999619,5285633,5.128839504718781,0.7806386947631836,0.8799088001251221
  -15,"graph_0000010100",0.491507745711476,0.8669587136849042,0.76641453113588,4870785,1.812482690811157,0.1753695011138916,0.1600470542907714
  -16,"graph_0000010101",0.5002978949437762,0.8576452482702484,0.7638449080689723,5154049,3.965525591373444,0.4595308303833008,0.5243008136749268
  -17,"graph_0000010110",0.5000966759942953,0.8723644906680621,0.7846953097710458,5154049,2.4872148990631104,0.2213129997253418,0.2316217422485351
  -18,"graph_0000010111",0.5044378999632246,0.8858188218307265,0.7875913753135817,5285633,4.96109129190445,0.67519211769104,0.8218424320220947
  -19,"graph_0000011000",0.5047839692097358,0.8668563579277864,0.7528220761487409,4870785,1.957743763923645,0.1735525131225586,0.1606547832489013
  -20,"graph_0000011001",0.5057748500058468,0.8654827315541602,0.747459274078308,5154049,4.158123779296875,0.5589475631713867,0.6200370788574219
  -21,"graph_0000011010",0.5058524604156097,0.8625755857898716,0.760045092248579,5154049,2.440904951095581,0.2587316036224365,0.286776065826416
  -22,"graph_0000011011",0.5010311592507064,0.8879458834815978,0.80587278905084,5285633,4.934037387371063,0.7019078731536865,0.8744246959686279
  -23,"graph_0000011100",0.5065315611301184,0.8745863373839565,0.7678339843129782,5002369,2.219254744052887,0.1928029060363769,0.2088015079498291
  -24,"graph_0000011101",0.5014195483174294,0.8666692104192104,0.7595948048648822,5285633,4.276682686805725,0.6148812770843506,0.601996898651123
  -25,"graph_0000011110",0.4974270415928629,0.8817167180262419,0.7857826045536821,5285633,2.691154217720032,0.2595648765563965,0.2883412837982178
  -26,"graph_0000011111",0.496424374799041,0.888850126945365,0.7926169381728114,5417217,5.446753585338593,0.7863349914550781,0.9597876071929932
  -27,"graph_0000100000",0.4951025713041306,0.913305279376708,0.8132367978152487,823425,1.754560470581055,0.1603376865386963,0.2030208110809326
  -28,"graph_0000100001",0.5016399291422736,0.922980623873481,0.7886773998920326,1106689,3.8307440757751454,0.4694609642028808,0.5515244007110596
  -29,"graph_0000100010",0.4974682540685187,0.9093297575440432,0.8288329999047348,1106689,2.46030422449112,0.2220852375030517,0.325620174407959
  -30,"graph_0000100011",0.4988830456188982,0.9287779570517666,0.8239579562414658,1238273,4.580965578556061,0.6841585636138916,0.8537042140960693
  -31,"graph_0000100100",0.5063270008888029,0.913698955365622,0.7372195230383285,4838017,2.3809490442276,0.219595193862915,0.2498171329498291
  -32,"graph_0000100101",0.5057929334239033,0.9279482091982092,0.8120682099647518,5121281,4.776470291614532,0.6582832336425781,0.72025465965271
  -33,"graph_0000100110",0.4976564737558184,0.9107536533131771,0.8187463084690864,5121281,2.86176415681839,0.2593276500701904,0.3220853805541992
  -34,"graph_0000100111",0.5054889143832773,0.9192661395042347,0.8050547775554922,5252865,5.313439357280731,0.6877851486206055,0.9165000915527344
  -35,"graph_0000101000",0.516855344056383,0.9052197802197804,0.7896281477247468,1245953,2.371397113800049,0.2052850723266601,0.22316575050354
  -36,"graph_0000101001",0.4993145729778964,0.9223501366358507,0.7638487186815281,1529217,4.259222304821014,0.5128414630889893,0.6400783061981201
  -37,"graph_0000101010",0.511175138308298,0.9102267331434,0.8261509637674256,1529217,2.780794012546539,0.2491176128387451,0.3374435901641845
  -38,"graph_0000101011",0.4957850807140558,0.9241985968176444,0.8230954875996316,1660801,5.689503049850464,0.7500693798065186,0.9718923568725586
  -39,"graph_0000101100",0.4991505800636689,0.9173456063337015,0.7927395128766948,5260545,2.8231024384498595,0.2323894500732422,0.3131520748138428
  -40,"graph_0000101101",0.5036451568100033,0.9113193354264782,0.801040932329872,5543809,4.603009247779847,0.5715875625610352,0.6637938022613525
  -41,"graph_0000101110",0.4982921761928084,0.9076236263736264,0.7973274903940809,5543809,3.478668653964996,0.3105983734130859,0.3759284019470215
  -42,"graph_0000101111",0.4961729594393748,0.9215785316975792,0.8043294909656726,5675393,5.800161063671112,0.7959535121917725,0.8887760639190674
  -43,"graph_0000110100",0.5023724616388884,0.9155625569316044,0.7841275285002064,5260545,2.78848682641983,0.2506711483001709,0.262298583984375
  ... 385 further lines not shown (cap is 50)

[RDB2G-Bench/rel-event/user-ignore/9.csv] column change:
  removed: []
  added:   ['dataset', 'seed', 'task']
  diff --git a/RDB2G-Bench/rel-event/user-ignore/9.csv b/RDB2G-Bench/rel-event/user-ignore/9.csv
  index e186841..bad7888 100644
  --- a/RDB2G-Bench/rel-event/user-ignore/9.csv
  +++ b/RDB2G-Bench/rel-event/user-ignore/9.csv
  @@ -1,215 +1,215 @@
  -idx,graph,train_metric,valid_metric,test_metric,params,train_time,valid_time,test_time
  -0,"graph_0000000001",0.4965092359083761,0.8539298554179507,0.7660645898828236,716929,3.0221330761909484,0.4234836101531982,0.4921844005584717
  -1,"graph_0000000010",0.5000896563927175,0.8563349128825319,0.7669975548569432,716929,1.549872636795044,0.1323537826538086,0.1805479526519775
  -2,"graph_0000000011",0.4908164642068493,0.877664277961897,0.7957606935314852,848513,4.083851706981659,0.6255793571472168,0.783538818359375
  -3,"graph_0000000100",0.5066520209596637,0.8699494398899159,0.7761144453970976,4448257,1.603721034526825,0.1163735389709472,0.1329610347747802
  -4,"graph_0000000101",0.5105419394329131,0.8591094201213249,0.7573332063129148,4731521,3.648519289493561,0.4591286182403564,0.532081127166748
  -5,"graph_0000000110",0.4980009156872861,0.8791366261604356,0.7890460766568226,4731521,2.040033030509949,0.1835882663726806,0.213956594467163
  -6,"graph_0000000111",0.5008183468851765,0.8851350369207511,0.8093829983169796,4863105,4.373735618591309,0.6557743549346924,0.7837300300598145
  -7,"graph_0000001000",0.4886130411217312,0.8620880332189855,0.7487599631640787,856193,1.3672755837440491,0.1284573078155517,0.0993187427520752
  -8,"graph_0000001001",0.4954556890394689,0.8503570944047135,0.7495770220062875,1139457,3.661369109153748,0.4458682537078857,0.5345699787139893
  -9,"graph_0000001010",0.5047381155160272,0.8653912775936584,0.7680905655584134,1139457,1.9789609551429748,0.206958532333374,0.202465534210205
  -10,"graph_0000001011",0.4983746685477016,0.8786139455782311,0.7783658823155823,1271041,4.701927506923676,0.6494960784912109,0.8078603744506836
  -11,"graph_0000001100",0.4992909143207267,0.8747916545535593,0.7649210885649868,4870785,1.9854390025138853,0.1783702373504638,0.1717562675476074
  -12,"graph_0000001101",0.5025012795125621,0.8749485192937575,0.7652033914451748,5154049,3.855052828788757,0.5021731853485107,0.5977520942687988
  -13,"graph_0000001110",0.4994901304209234,0.8759975143903714,0.7742008827919088,5154049,2.525890016555786,0.269519567489624,0.2490866184234619
  -14,"graph_0000001111",0.5032672152984408,0.8878665426284472,0.8022028516083961,5285633,5.004105305671692,0.6700351238250732,0.8215155601501465
  -15,"graph_0000010100",0.4986056028476203,0.8737075314456266,0.7705401543298085,4870785,1.900720655918121,0.16660737991333,0.1325294971466064
  -16,"graph_0000010101",0.498196183863413,0.8584643971548734,0.7383696929281383,5154049,4.16235374212265,0.5021529197692871,0.5823831558227539
  -17,"graph_0000010110",0.4967454180585827,0.8757164902998236,0.7841383252357816,5154049,2.2449562430381773,0.2047958374023437,0.2093129158020019
  -18,"graph_0000010111",0.5025591406728926,0.881492019884877,0.7886272268267125,5285633,4.828785014152527,0.6873040199279785,0.8286178112030029
  -19,"graph_0000011000",0.5039714479198331,0.8657322615655949,0.7545641611889111,4870785,1.9413234829902648,0.1767809391021728,0.1600186824798584
  -20,"graph_0000011001",0.4970378533122428,0.8642138835591217,0.7614029405226891,5154049,4.206776642799378,0.5450685024261475,0.5447502136230469
  -21,"graph_0000011010",0.4994470499031468,0.8617706698063842,0.7631113651519483,5154049,2.52605961561203,0.2149724960327148,0.2388081550598144
  -22,"graph_0000011011",0.5045906749956438,0.88567649281935,0.8052046616493601,5285633,5.238661444187164,0.7469062805175781,0.8821110725402832
  -23,"graph_0000011100",0.496100028763997,0.8614975192356145,0.7538458607221111,5002369,2.170897626876831,0.2128002643585205,0.1842415332794189
  -24,"graph_0000011101",0.511197054101427,0.8637856852142566,0.7534546378330317,5285633,4.062577891349792,0.4742071628570556,0.5386660099029541
  -25,"graph_0000011110",0.491664362748051,0.8727633147276005,0.7884405068114699,5285633,2.748203146457672,0.2675042152404785,0.2682745456695556
  -26,"graph_0000011111",0.5016965481508848,0.8843198247960152,0.7874325997904165,5417217,5.5654291152954105,0.7492332458496094,0.9223949909210204
  -27,"graph_0000100000",0.4970542420116741,0.9164141083783944,0.7985341843701376,823425,1.8341702818870544,0.1703171730041504,0.203653335571289
  -28,"graph_0000100001",0.5025210095038279,0.9240205341395816,0.7803537518656123,1106689,3.970633292198181,0.5208988189697266,0.6114249229431152
  -29,"graph_0000100010",0.4990756754262564,0.9121460550031978,0.816036962941793,1106689,2.3414125084877013,0.2377595901489257,0.2892980575561523
  -30,"graph_0000100011",0.4904014603544457,0.9179488390797916,0.8284906798767901,1238273,4.603355967998505,0.796788215637207,0.8326201438903809
  -31,"graph_0000100100",0.5021471699816648,0.9108317828555924,0.7740484582896701,4838017,2.403258240222931,0.2449722290039062,0.2440893650054931
  -32,"graph_0000100101",0.4956093499475331,0.9203278533635676,0.770143215521895,5121281,4.552006113529205,0.5736675262451172,0.6482691764831543
  -33,"graph_0000100110",0.5063861619753517,0.9095756536232726,0.8146410085421232,5121281,2.9286665678024293,0.2636079788208008,0.3410987854003906
  -34,"graph_0000100111",0.5091916723683678,0.9192721960579104,0.8131955161792258,5252865,5.474558746814727,0.752047061920166,0.9347000122070312
  -35,"graph_0000101000",0.4995606923418593,0.9186816820745392,0.783195833730272,1245953,2.343255877494812,0.2088069915771484,0.218766450881958
  -36,"graph_0000101001",0.5057988167936756,0.9231162906758146,0.7921698262995778,1529217,4.172532379627228,0.5639963150024414,0.6231448650360107
  -37,"graph_0000101010",0.4974518461109212,0.9118480725623582,0.8177806357371947,1529217,2.9265445351600645,0.2812929153442383,0.3390073776245117
  -38,"graph_0000101011",0.5051430184602618,0.9235687152353818,0.8007135372011049,1660801,5.47325370311737,0.7779338359832764,0.945648193359375
  -39,"graph_0000101100",0.5022824874864287,0.9224240265906932,0.7406928963830937,5260545,2.8046552896499635,0.2590906620025635,0.2794229984283447
  -40,"graph_0000101101",0.5043517774440038,0.9172717163788592,0.7894712775078594,5543809,4.97415121793747,0.6039822101593018,0.7049598693847656
  -41,"graph_0000101110",0.5071007362319903,0.9100165707308564,0.8022342891619828,5543809,3.527457523345947,0.3489675521850586,0.4090309143066406
  -42,"graph_0000101111",0.5043061163319572,0.9121696755625328,0.8409259788511003,5675393,5.8958065748214725,0.8967337608337402,1.0076205730438232
  -43,"graph_0000110100",0.5080343047255071,0.9139145686764736,0.8017408148359849,5260545,2.806393504142761,0.2559168338775635,0.265676736831665
  ... 385 further lines not shown (cap is 50)

[RDB2G-Bench/rel-event/user-repeat/0.csv] column change:
  removed: []
  added:   ['dataset', 'seed', 'task']
  diff --git a/RDB2G-Bench/rel-event/user-repeat/0.csv b/RDB2G-Bench/rel-event/user-repeat/0.csv
  index 0653644..c3568f3 100644
  --- a/RDB2G-Bench/rel-event/user-repeat/0.csv
  +++ b/RDB2G-Bench/rel-event/user-repeat/0.csv
  @@ -1,215 +1,215 @@
  -idx,graph,train_metric,valid_metric,test_metric,params,train_time,valid_time,test_time
  -0,"graph_0000000001",0.4950547886529745,0.6549052396878484,0.6998663101604279,716929,0.4507249593734741,0.0264952182769775,0.0315334796905517
  -1,"graph_0000000010",0.504911730898523,0.5925863991081384,0.6300133689839573,716929,0.211475920677185,0.0139024257659912,0.0143094062805175
  -2,"graph_0000000011",0.4891127545598473,0.6502229654403567,0.7084893048128342,848513,0.5582102060317993,0.039278507232666,0.0400998592376709
  -3,"graph_0000000100",0.4966335205708213,0.5977146042363434,0.6667780748663101,4464001,0.2458711147308349,0.0152711868286132,0.015343427658081
  -4,"graph_0000000101",0.5031416046758768,0.6326644370122632,0.6903074866310162,4747265,0.5145155191421509,0.032585859298706,0.0306928157806396
  -5,"graph_0000000110",0.4987215077316793,0.6548494983277591,0.6960561497326203,4747265,0.31883704662323,0.0194180011749267,0.0189759731292724
  -6,"graph_0000000111",0.4991040252445292,0.654180602006689,0.6961898395721926,4878849,0.6614343166351319,0.0439786911010742,0.0482349395751953
  -7,"graph_0000001000",0.4910917608276042,0.5914715719063546,0.6282085561497326,856193,0.211737060546875,0.0123331546783447,0.012117862701416
  -8,"graph_0000001001",0.4964118989785074,0.6540691192865107,0.7018716577540107,1139457,0.4687672138214111,0.0299222469329834,0.0294277667999267
  -9,"graph_0000001010",0.5119442516645341,0.6455406911928652,0.6959893048128343,1139457,0.2684713840484619,0.016737937927246,0.0166013240814209
  -10,"graph_0000001011",0.4998667559478627,0.6761426978818283,0.678409090909091,1271041,0.6224526643753052,0.0422029495239257,0.0424625873565673
  -11,"graph_0000001100",0.4801984157105988,0.6387402452619844,0.6908422459893048,4886529,0.3266970634460449,0.0177505016326904,0.018202781677246
  -12,"graph_0000001101",0.50464890260036,0.6557971014492754,0.7073529411764706,5169793,0.6017278432846069,0.0375173091888427,0.0351967811584472
  -13,"graph_0000001110",0.5091636123099612,0.6060200668896321,0.6308155080213904,5169793,0.4062433958053589,0.0235288143157959,0.0232009887695312
  -14,"graph_0000001111",0.5042613697976533,0.6428093645484949,0.7143048128342245,5301377,0.7482316493988037,0.0468659400939941,0.0506067276000976
  -15,"graph_0000010100",0.5069299106465115,0.6574136008918617,0.6943181818181818,4886529,0.3001474618911743,0.0186803340911865,0.0182020664215087
  -16,"graph_0000010101",0.5022366837276888,0.655685618729097,0.7098930481283422,5169793,0.611655855178833,0.0360891819000244,0.0361406803131103
  -17,"graph_0000010110",0.5054941822637663,0.6658305462653289,0.7094251336898396,5169793,0.3919325351715088,0.0228497982025146,0.022989273071289
  -18,"graph_0000010111",0.4936247533019584,0.6634336677814938,0.6715909090909092,5301377,0.7286288261413574,0.0464956760406494,0.0511400699615478
  -19,"graph_0000011000",0.4950476045891258,0.6626532887402453,0.7020721925133689,4886529,0.3467122316360473,0.0193243026733398,0.0193891525268554
  -20,"graph_0000011001",0.5025190309917804,0.6634336677814938,0.7161096256684493,5169793,0.6347998142242431,0.0368468761444091,0.0371475219726562
  -21,"graph_0000011010",0.5094835064737904,0.5765886287625418,0.592379679144385,5169793,0.4108039379119873,0.0232994556427001,0.023461103439331
  -22,"graph_0000011011",0.4964379242664122,0.6589743589743591,0.6801470588235294,5301377,0.7753729343414306,0.0490877628326416,0.0544333457946777
  -23,"graph_0000011100",0.4899157431304084,0.6436454849498328,0.6808155080213903,5018113,0.3590317726135253,0.0207149982452392,0.0224092006683349
  -24,"graph_0000011101",0.5079537075191394,0.635340022296544,0.6982286096256684,5301377,0.6667677402496338,0.039980411529541,0.0393104553222656
  -25,"graph_0000011110",0.4854007623240582,0.6346711259754738,0.6923796791443849,5301377,0.4464949131011962,0.0253224372863769,0.025935411453247
  -26,"graph_0000011111",0.513791776009022,0.6595317725752509,0.7064171122994651,5432961,0.7961224317550659,0.0490021705627441,0.0526542663574218
  -27,"graph_0000100000",0.4893130950573641,0.7312151616499442,0.7996657754010694,823425,0.2963517904281616,0.0192577838897705,0.0203621387481689
  -28,"graph_0000100001",0.5161175150187599,0.6940914158305462,0.7539438502673798,1106689,0.5467921257019043,0.0386354923248291,0.0388939380645751
  -29,"graph_0000100010",0.4916916979331583,0.7391304347826086,0.7921122994652406,1106689,0.3655767917633056,0.0235302448272705,0.0233914852142334
  -30,"graph_0000100011",0.4956526925329111,0.7283723522853958,0.7598262032085561,1238273,0.7016194105148316,0.0470223426818847,0.053544282913208
  -31,"graph_0000100100",0.5129408033138867,0.7396878483835005,0.8063502673796792,4853761,0.4084545612335205,0.0257055759429931,0.0273911952972412
  -32,"graph_0000100101",0.4954646869374742,0.7268673355629878,0.7849598930481284,5137025,0.6856139183044434,0.0404345989227294,0.0419957637786865
  -33,"graph_0000100110",0.5229732807044178,0.7345596432552954,0.7858288770053475,5137025,0.4783490657806396,0.0302100181579589,0.0277819633483886
  -34,"graph_0000100111",0.5068908727146544,0.7268115942028985,0.7779411764705884,5268609,0.8339522123336792,0.0560841560363769,0.0525548458099365
  -35,"graph_0000101000",0.4913056561625712,0.7319397993311038,0.7764705882352942,1245953,0.3878180742263794,0.0233378410339355,0.0246963500976562
  -36,"graph_0000101001",0.5073223231907003,0.7268115942028985,0.7590909090909091,1529217,0.6282170534133911,0.0380942821502685,0.0413572788238525
  -37,"graph_0000101010",0.4885523975796482,0.7390189520624303,0.8023395721925133,1529217,0.4783348798751831,0.0272562503814697,0.0287268161773681
  -38,"graph_0000101011",0.5017763614478735,0.7300445930880713,0.7567513368983957,1660801,0.7833142757415772,0.052718162536621,0.0580873489379882
  -39,"graph_0000101100",0.5005173881454813,0.7374581939799332,0.7953877005347594,5276289,0.5077441692352295,0.0301234722137451,0.0310161113739013
  -40,"graph_0000101101",0.498066673534451,0.6785953177257525,0.7657754010695187,5559553,0.7760554552078247,0.0455155372619628,0.0438454151153564
  -41,"graph_0000101110",0.5031220857099482,0.7191750278706801,0.778475935828877,5559553,0.5967493057250977,0.0326247215270996,0.034524917602539
  -42,"graph_0000101111",0.4840752347697846,0.7226309921962095,0.7937165775401069,5691137,0.9346663236618042,0.0593526363372802,0.06669282913208
  -43,"graph_0000110100",0.4996163981001539,0.741638795986622,0.8018048128342246,5276289,0.4591257572174072,0.0269820690155029,0.0260577201843261
  ... 385 further lines not shown (cap is 50)

[RDB2G-Bench/rel-event/user-repeat/1.csv] column change:
  removed: []
  added:   ['dataset', 'seed', 'task']
  diff --git a/RDB2G-Bench/rel-event/user-repeat/1.csv b/RDB2G-Bench/rel-event/user-repeat/1.csv
  index 21eff6b..5665b68 100644
  --- a/RDB2G-Bench/rel-event/user-repeat/1.csv
  +++ b/RDB2G-Bench/rel-event/user-repeat/1.csv
  @@ -1,215 +1,215 @@
  -idx,graph,train_metric,valid_metric,test_metric,params,train_time,valid_time,test_time
  -0,"graph_0000000001",0.5043334815328895,0.6313266443701225,0.6779411764705883,716929,0.4668584823608398,0.0274608135223388,0.0408885478973388
  -1,"graph_0000000010",0.5039897308551475,0.6544035674470459,0.6543449197860963,716929,0.1829151153564453,0.0158703327178955,0.0159864425659179
  -2,"graph_0000000011",0.4871967782862348,0.6465440356744705,0.6713235294117648,848513,0.5547919034957886,0.0390703678131103,0.0393390655517578
  -3,"graph_0000000100",0.4984504109826715,0.6406911928651059,0.6729946524064172,4464001,0.1997287273406982,0.0159134864807128,0.0146479606628417
  -4,"graph_0000000101",0.488630880088486,0.6082497212931995,0.6557486631016043,4747265,0.4735545635223389,0.0314040184020996,0.0293920040130615
  -5,"graph_0000000110",0.5097749354789738,0.6411371237458194,0.7292112299465241,4747265,0.2795522928237915,0.0215859413146972,0.0198304653167724
  -6,"graph_0000000111",0.5038852230584051,0.5954849498327759,0.6253342245989305,4878849,0.6279603242874146,0.0445814132690429,0.045346975326538
  -7,"graph_0000001000",0.5092301665618426,0.6857302118171684,0.6595588235294118,856193,0.2109739780426025,0.0133352279663085,0.0134305953979492
  -8,"graph_0000001001",0.5058902546140667,0.6574136008918617,0.7004010695187166,1139457,0.5286836624145508,0.0313889980316162,0.0299856662750244
  -9,"graph_0000001010",0.4836140991997223,0.6491638795986622,0.6855614973262031,1139457,0.3296067953109741,0.0172462463378906,0.0170624256134033
  -10,"graph_0000001011",0.5042587943785378,0.5865663322185061,0.5913101604278075,1271041,0.6950741529464721,0.0438308715820312,0.0470008850097656
  -11,"graph_0000001100",0.4935676874362922,0.6488851727982162,0.6717245989304813,4886529,0.3598271369934082,0.0208852291107177,0.0202937126159667
  -12,"graph_0000001101",0.5074807792404953,0.6797101449275362,0.707620320855615,5169793,0.6654875755310059,0.0366377830505371,0.0352759361267089
  -13,"graph_0000001110",0.4982373289379513,0.6526198439241917,0.6939839572192513,5169793,0.4627578258514404,0.0267319679260253,0.0228092670440673
  -14,"graph_0000001111",0.4968550066147607,0.594871794871795,0.6545454545454545,5301377,0.8161422491073609,0.0493769645690918,0.0531036853790283
  -15,"graph_0000010100",0.4897281441800949,0.6311594202898552,0.6568181818181819,4886529,0.3512675046920776,0.0181424617767334,0.0184204578399658
  -16,"graph_0000010101",0.5018757184063848,0.6408584169453735,0.7012700534759359,5169793,0.6667463064193726,0.0362329483032226,0.0339033603668212
  -17,"graph_0000010110",0.5066536630592726,0.6123745819397993,0.6720588235294118,5169793,0.4425332307815551,0.023050308227539,0.0227179527282714
  -18,"graph_0000010111",0.4897678598538246,0.6581939799331102,0.6968582887700535,5301377,0.7930339813232422,0.0471758842468261,0.0501141548156738
  -19,"graph_0000011000",0.4847451148365829,0.6571348940914158,0.7254010695187165,4886529,0.3835888147354126,0.0182409286499023,0.0179626941680908
  -20,"graph_0000011001",0.4888271541347676,0.6508361204013378,0.6773395721925134,5169793,0.6920026540756226,0.0377070903778076,0.0360114574432373
  -21,"graph_0000011010",0.490146446463814,0.641917502787068,0.6794786096256684,5169793,0.4842665433883667,0.0238754749298095,0.0281968116760253
  -22,"graph_0000011011",0.5051073272029322,0.6809921962095874,0.7189839572192512,5301377,0.8261274099349976,0.0484819412231445,0.0509979724884033
  -23,"graph_0000011100",0.4903812162484547,0.5470457079152732,0.5903074866310161,5018113,0.4207797527313232,0.0231978893280029,0.0263850688934326
  -24,"graph_0000011101",0.4941966318939902,0.6641025641025642,0.6863636363636364,5301377,0.7180734157562256,0.0378346443176269,0.0372853279113769
  -25,"graph_0000011110",0.5142994046715392,0.6634336677814938,0.704946524064171,5301377,0.5197595596313477,0.0270750522613525,0.0244348049163818
  -26,"graph_0000011111",0.5021104881910257,0.6599777034559644,0.6705882352941176,5432961,0.8673645257949829,0.049821138381958,0.0535159111022949
  -27,"graph_0000100000",0.5102284803400639,0.7453177257525084,0.7961229946524064,823425,0.3204569578170776,0.0201163291931152,0.0220293998718261
  -28,"graph_0000100001",0.4886296601531155,0.696711259754738,0.7572860962566844,1106689,0.5680025339126586,0.0363373756408691,0.0333294868469238
  -29,"graph_0000100010",0.4983229955106378,0.7551839464882942,0.799264705882353,1106689,0.4174933195114135,0.0238852500915527,0.023350715637207
  -30,"graph_0000100011",0.501046975644668,0.7304347826086957,0.7703877005347594,1238273,0.7491366624832153,0.0492815971374511,0.0550782680511474
  -31,"graph_0000100100",0.4917131145763299,0.7259754738015608,0.7856283422459892,4853761,0.4638679504394531,0.0268917083740234,0.0275583267211914
  -32,"graph_0000100101",0.5016616875230432,0.7190078037904125,0.7604946524064171,5137025,0.7072552919387818,0.0420634746551513,0.0441071987152099
  -33,"graph_0000100110",0.4950177839467349,0.7382385730211817,0.7799465240641712,5137025,0.5413302183151245,0.0301225185394287,0.0281169414520263
  -34,"graph_0000100111",0.5023203170747577,0.717670011148272,0.759024064171123,5268609,0.847178316116333,0.0515081882476806,0.0538437366485595
  -35,"graph_0000101000",0.5084171474115682,0.7457079152731327,0.8036764705882353,1245953,0.434883189201355,0.0272464752197265,0.0249691009521484
  -36,"graph_0000101001",0.4819597312889024,0.7360646599777034,0.8137700534759358,1529217,0.7302961111068725,0.0407435894012451,0.0405764579772949
  -37,"graph_0000101010",0.5019364440781626,0.750613154960981,0.7926470588235294,1529217,0.5240328550338745,0.0290353298187255,0.0285389423370361
  -38,"graph_0000101011",0.5032111409919973,0.7374581939799332,0.7804144385026738,1660801,0.8941108703613281,0.0511696338653564,0.0593247413635253
  -39,"graph_0000101100",0.5018591815046954,0.7241917502787069,0.783355614973262,5276289,0.5550857782363892,0.0298030376434326,0.0298418998718261
  -40,"graph_0000101101",0.5040947808453881,0.6846711259754739,0.775,5559553,0.8384898662567138,0.0457563400268554,0.0445313453674316
  -41,"graph_0000101110",0.4787733956494394,0.7405239687848384,0.7981951871657754,5559553,0.606488561630249,0.0326998233795166,0.0335369110107421
  -42,"graph_0000101111",0.4885383005486998,0.7309364548494983,0.7786096256684492,5691137,0.9879658222198486,0.0579826831817626,0.0618271827697753
  -43,"graph_0000110100",0.4896373267691774,0.7411928651059085,0.8064171122994653,5276289,0.5276584625244141,0.0277576446533203,0.0274477005004882
  ... 385 further lines not shown (cap is 50)

[RDB2G-Bench/rel-event/user-repeat/10.csv] column change:
  removed: []
  added:   ['dataset', 'seed', 'task']
  diff --git a/RDB2G-Bench/rel-event/user-repeat/10.csv b/RDB2G-Bench/rel-event/user-repeat/10.csv
  index 42c0d2e..f44889d 100644
  --- a/RDB2G-Bench/rel-event/user-repeat/10.csv
  +++ b/RDB2G-Bench/rel-event/user-repeat/10.csv
  @@ -1,215 +1,215 @@
  -idx,graph,train_metric,valid_metric,test_metric,params,train_time,valid_time,test_time
  -0,"graph_0000000001",0.5087468010583617,0.6964325529542921,0.7313502673796791,716929,0.6594220161437988,0.0321199893951416,0.0481328964233398
  -1,"graph_0000000010",0.4925414506929233,0.681716833890747,0.7279411764705882,716929,0.3905165314674377,0.020313024520874,0.0312983989715576
  -2,"graph_0000000011",0.5114604795159297,0.6903010033444816,0.689572192513369,848513,0.7280912399291992,0.0470519065856933,0.0645782947540283
  -3,"graph_0000000100",0.5022337016634496,0.6919732441471572,0.6479946524064172,4448257,0.3227824568748474,0.0339229106903076,0.024677038192749
  -4,"graph_0000000101",0.4982873462881433,0.6836677814938684,0.7090909090909092,4731521,0.6978387713432312,0.0412569046020507,0.0453274250030517
  -5,"graph_0000000110",0.4821013793402589,0.6925863991081382,0.7096256684491978,4731521,0.4094543933868408,0.0345618724822998,0.0328550338745117
  -6,"graph_0000000111",0.4989625127415472,0.6864548494983278,0.7108288770053476,4863105,0.8450259923934936,0.0523691177368164,0.0597016811370849
  -7,"graph_0000001000",0.49425681537227,0.6720178372352286,0.6967245989304813,856193,0.2840790867805481,0.0175645351409912,0.017101764678955
  -8,"graph_0000001001",0.495720466720163,0.7068004459308808,0.7379010695187166,1139457,0.6529994130134582,0.0382444858551025,0.0438857078552246
  -9,"graph_0000001010",0.5131297577479451,0.6823299888517279,0.654879679144385,1139457,0.4519351959228516,0.0411732196807861,0.0237593650817871
  -10,"graph_0000001011",0.499893730074389,0.6597547380156076,0.6268048128342246,1271041,0.847406017780304,0.0556776523590087,0.0630781650543212
  -11,"graph_0000001100",0.4846891333579128,0.6843366778149387,0.7176470588235295,4870785,0.3996960282325744,0.0234355926513671,0.0227513313293457
  -12,"graph_0000001101",0.5030735593918757,0.678149386845039,0.689639037433155,5154049,0.8003706336021423,0.0479137897491455,0.0511929988861084
  -13,"graph_0000001110",0.5013053308464726,0.6955406911928652,0.7074866310160427,5154049,0.5113105297088623,0.0510241985321044,0.0287592411041259
  -14,"graph_0000001111",0.4989267279706781,0.6799888517279822,0.6798128342245989,5285633,0.9863098621368408,0.0544686317443847,0.0571062564849853
  -15,"graph_0000010100",0.4991097182762584,0.681995540691193,0.7080882352941178,4870785,0.3847601652145386,0.0234801769256591,0.0224661827087402
  -16,"graph_0000010101",0.5062779229651478,0.6880156075808249,0.6836229946524063,5154049,0.798760986328125,0.043893814086914,0.0447981357574462
  -17,"graph_0000010110",0.5093964844173589,0.6720735785953178,0.6600935828877007,5154049,0.4928876638412475,0.031172752380371,0.0309720039367675
  -18,"graph_0000010111",0.4892076384220001,0.6778149386845039,0.7008689839572193,5285633,0.9387248039245606,0.0609481334686279,0.0762891769409179
  -19,"graph_0000011000",0.4977756511743911,0.6764214046822742,0.6779411764705884,4870785,0.5134962677955628,0.0310978889465332,0.0432815551757812
  -20,"graph_0000011001",0.5011269491856254,0.6716276477146041,0.6542112299465241,5154049,0.8163529753684997,0.0481488704681396,0.051060676574707
  -21,"graph_0000011010",0.5035275108980893,0.6551839464882944,0.6839572192513369,5154049,0.5586562395095825,0.0280604362487792,0.0371830463409423
  -22,"graph_0000011011",0.5072717636470103,0.6885172798216277,0.6837566844919787,5285633,0.997604513168335,0.0583975315093994,0.0703210830688476
  -23,"graph_0000011100",0.5114797273851093,0.6827201783723522,0.676403743315508,5002369,0.4840892791748047,0.0313150882720947,0.0288784503936767
  -24,"graph_0000011101",0.5040135873690603,0.6845596432552955,0.6692513368983956,5285633,0.8783427596092224,0.0493912696838378,0.0502562522888183
  -25,"graph_0000011110",0.4780266596542974,0.6806020066889632,0.6928475935828877,5285633,0.5771695971488953,0.0354669094085693,0.0410993099212646
  -26,"graph_0000011111",0.4950065334316511,0.6870680044593088,0.6879679144385027,5417217,0.9891885161399842,0.0588350296020507,0.0609321594238281
  -27,"graph_0000100000",0.5005412446593941,0.7368450390189522,0.8140374331550803,823425,0.4006281971931457,0.0287346839904785,0.0297071933746337
  -28,"graph_0000100001",0.5013858465809278,0.7250278706800446,0.7697192513368984,1106689,0.80036381483078,0.0467321872711181,0.0562896728515625
  -29,"graph_0000100010",0.5023982573900974,0.7447045707915273,0.7981951871657754,1106689,0.5661625623703003,0.0405724048614501,0.0331497192382812
  -30,"graph_0000100011",0.5076904725758529,0.742530657748049,0.7800802139037434,1238273,0.9379311323165892,0.0585649013519287,0.0728588104248046
  -31,"graph_0000100100",0.4811932052310829,0.7472686733556299,0.7719251336898396,4838017,0.5220321774482727,0.0293610095977783,0.0389578342437744
  -32,"graph_0000100101",0.4897879210132512,0.7161649944258641,0.7678475935828877,5121281,0.9430600762367248,0.0537531375885009,0.0652730464935302
  -33,"graph_0000100110",0.502595344726626,0.7434782608695653,0.8041443850267379,5121281,0.6935928940773011,0.039508581161499,0.0485038757324218
  -34,"graph_0000100111",0.4953604502374807,0.7387402452619845,0.7647727272727274,5252865,1.074913787841797,0.0618360042572021,0.0813517570495605
  -35,"graph_0000101000",0.4908708169771628,0.7309921962095876,0.7821524064171123,1245953,0.5118700385093689,0.0284581184387207,0.0329759120941162
  -36,"graph_0000101001",0.4965002765186839,0.7336677814938685,0.7881016042780749,1529217,0.8811065793037415,0.0494759082794189,0.0586833953857421
  -37,"graph_0000101010",0.5022026610856882,0.7410256410256411,0.7839572192513369,1529217,0.6767787098884582,0.0344743728637695,0.0382180213928222
  -38,"graph_0000101011",0.4966472109566462,0.7369007803790413,0.7794786096256684,1660801,1.1167189121246337,0.0695466995239257,0.0873060226440429
  -39,"graph_0000101100",0.4933266824264244,0.7551282051282052,0.7818850267379679,5260545,0.6439154624938965,0.0336666107177734,0.0430099964141845
  -40,"graph_0000101101",0.5026372291743477,0.7210144927536232,0.7889705882352941,5543809,1.1309589624404908,0.0748424530029296,0.0650455951690673
  -41,"graph_0000101110",0.5145004229109285,0.7482720178372353,0.8068181818181818,5543809,0.7710737228393555,0.0386266708374023,0.0389244556427001
  -42,"graph_0000101111",0.4796703192435316,0.754459308807135,0.8003342245989307,5675393,1.3038027167320252,0.0731806755065918,0.111283540725708
  -43,"graph_0000110100",0.5122340540892234,0.7432552954292085,0.7715909090909091,5260545,0.6121323466300964,0.0462563037872314,0.0445997714996337
  ... 385 further lines not shown (cap is 50)

[RDB2G-Bench/rel-event/user-repeat/11.csv] column change:
  removed: []
  added:   ['dataset', 'seed', 'task']
  diff --git a/RDB2G-Bench/rel-event/user-repeat/11.csv b/RDB2G-Bench/rel-event/user-repeat/11.csv
  index c9e8e06..c4287e4 100644
  --- a/RDB2G-Bench/rel-event/user-repeat/11.csv
  +++ b/RDB2G-Bench/rel-event/user-repeat/11.csv
  @@ -1,215 +1,215 @@
  -idx,graph,train_metric,valid_metric,test_metric,params,train_time,valid_time,test_time
  -0,"graph_0000000001",0.5078431000455442,0.6885172798216276,0.7006016042780749,716929,0.6220201849937439,0.0345058441162109,0.0574712753295898
  -1,"graph_0000000010",0.4907678002125398,0.6794314381270904,0.7484625668449197,716929,0.3776194095611572,0.02008056640625,0.0500197410583496
  -2,"graph_0000000011",0.5084330065713851,0.6860089186176144,0.6648395721925133,848513,0.7254013657569885,0.0509276390075683,0.0645127296447753
  -3,"graph_0000000100",0.4937909356091001,0.6831661092530656,0.700735294117647,4448257,0.3420551419258117,0.0182561874389648,0.0185244083404541
  -4,"graph_0000000101",0.4888432843913335,0.6862318840579711,0.6725935828877005,4731521,0.7086935639381409,0.0542201995849609,0.0433776378631591
  -5,"graph_0000000110",0.4882315545771974,0.6664437012263099,0.7200534759358289,4731521,0.4724089503288269,0.0283656120300292,0.0271482467651367
  -6,"graph_0000000111",0.4889750374113514,0.6662764771460424,0.6685160427807486,4863105,0.8286784648895263,0.0589632987976074,0.0621657371520996
  -7,"graph_0000001000",0.5122846136329133,0.6716276477146043,0.6320855614973262,856193,0.322669243812561,0.0186171531677246,0.0182356834411621
  -8,"graph_0000001001",0.4985508523281789,0.6855629877369008,0.6835561497326204,1139457,0.6738121747970581,0.0393011569976806,0.0444121360778808
  -9,"graph_0000001010",0.5000286007070203,0.6725752508361205,0.6602941176470589,1139457,0.4395004272460937,0.0273535251617431,0.0264053344726562
  -10,"graph_0000001011",0.5018323429265437,0.668617614269788,0.6467245989304813,1271041,0.8777386784553528,0.0533223152160644,0.0778276920318603
  -11,"graph_0000001100",0.4923516829686178,0.6803790412486064,0.6427807486631016,4870785,0.4473747611045837,0.0266733169555664,0.0236165523529052
  -12,"graph_0000001101",0.5025782656314386,0.6910256410256411,0.707620320855615,5154049,0.9159078001976012,0.0486891269683837,0.0516986846923828
  -13,"graph_0000001110",0.4836101682968617,0.671850613154961,0.7243315508021391,5154049,0.5708348989486695,0.0297977924346923,0.0355851650238037
  -14,"graph_0000001111",0.4915270066581361,0.6973801560758082,0.6512032085561497,5285633,1.1144050717353822,0.0659141540527343,0.0770156383514404
  -15,"graph_0000010100",0.5030091739139865,0.6732441471571906,0.6938502673796791,4870785,0.4519257307052612,0.0232925415039062,0.0229284763336181
  -16,"graph_0000010101",0.4855775174044113,0.6756410256410257,0.7011363636363637,5154049,0.8752187132835388,0.05440354347229,0.0447182655334472
  -17,"graph_0000010110",0.500520234661346,0.6830546265328874,0.6989304812834225,5154049,0.5158912658691406,0.0313215255737304,0.0348038673400878
  -18,"graph_0000010111",0.4874535069075452,0.6966555183946489,0.6732620320855615,5285633,1.0554771184921266,0.0615308284759521,0.0625317096710205
  -19,"graph_0000011000",0.5002414116549914,0.6702341137123747,0.6983957219251338,4870785,0.509978187084198,0.023660659790039,0.0253839492797851
  -20,"graph_0000011001",0.5008577501138607,0.6741360089186176,0.7302139037433155,5154049,0.875008225440979,0.0456957817077636,0.0468389987945556
  -21,"graph_0000011010",0.4998804463336876,0.6528985507246376,0.6259358288770054,5154049,0.587951409816742,0.0772457122802734,0.0435075759887695
  -22,"graph_0000011011",0.4857141501659112,0.6840579710144927,0.6493983957219251,5285633,1.1041496396064758,0.0645654201507568,0.0715110301971435
  -23,"graph_0000011100",0.5128784510616149,0.70958751393534,0.6802139037433156,5002369,0.5276222705841065,0.0606265068054199,0.031700849533081
  -24,"graph_0000011101",0.5060362402134073,0.6914158305462653,0.6606951871657754,5285633,0.8966659426689148,0.057636022567749,0.0515060424804687
  -25,"graph_0000011110",0.5038227352577587,0.6818283166109254,0.6832219251336898,5285633,0.5986586928367614,0.0307719707489013,0.0323021411895751
  -26,"graph_0000011111",0.4859066288577067,0.6767001114827201,0.6651069518716577,5417217,1.1199694871902466,0.0645685195922851,0.0928893089294433
  -27,"graph_0000100000",0.501529527857902,0.7356744704570791,0.8017379679144386,823425,0.4268906235694885,0.0237767696380615,0.031264305114746
  -28,"graph_0000100001",0.50560655186623,0.7298216276477145,0.7848262032085561,1106689,0.8376896739006042,0.0499470233917236,0.0573101043701171
  -29,"graph_0000100010",0.4924091554794075,0.7453177257525083,0.7962566844919786,1106689,0.5095391750335694,0.0299499034881591,0.042642593383789
  -30,"graph_0000100011",0.4887980112342493,0.7513935340022296,0.7954545454545455,1238273,1.0300529718399047,0.064091682434082,0.0758531093597412
  -31,"graph_0000100100",0.4950771541347676,0.747324414715719,0.7991310160427808,4838017,0.5903763175010681,0.0510706901550293,0.0391082763671875
  -32,"graph_0000100101",0.5144505411091109,0.7186733556298774,0.7820855614973262,5121281,1.0021434545516967,0.0521731376647949,0.062774658203125
  -33,"graph_0000100110",0.50999452384567,0.7494425863991081,0.7794786096256686,5121281,0.6671211838722229,0.0403242111206054,0.0363690853118896
  -34,"graph_0000100111",0.5081906460777723,0.726086956521739,0.7621657754010696,5252865,1.2423139333724975,0.0875139236450195,0.0958201885223388
  -35,"graph_0000101000",0.4962171159643453,0.7300445930880713,0.7732620320855614,1245953,0.5474268555641174,0.028735876083374,0.036787986755371
  -36,"graph_0000101001",0.505463954976252,0.7198996655518395,0.7625668449197861,1529217,0.9879088282585144,0.0649394989013671,0.0852959156036377
  -37,"graph_0000101010",0.4958352761933678,0.7409141583054626,0.772860962566845,1529217,0.6555195331573487,0.03346848487854,0.0472474098205566
  -38,"graph_0000101011",0.496745347979787,0.7402452619843924,0.7936497326203209,1660801,1.1459352374076843,0.0841445922851562,0.0894391536712646
  -39,"graph_0000101100",0.4744004695395692,0.7501114827201784,0.7337566844919786,5260545,0.657744300365448,0.0331466197967529,0.0368685722351074
  -40,"graph_0000101101",0.5090023097443015,0.7429765886287626,0.786831550802139,5543809,1.136940324306488,0.0668442249298095,0.0752177238464355
  -41,"graph_0000101110",0.5035928452146002,0.748494983277592,0.8074866310160429,5543809,0.7581483006477356,0.0450549125671386,0.0411024093627929
  -42,"graph_0000101111",0.4977854106573554,0.7437012263099221,0.7792780748663101,5675393,1.2942693471908568,0.1070189476013183,0.1527156829833984
  -43,"graph_0000110100",0.5006072567177775,0.7457079152731327,0.8048796791443851,5260545,0.6446673035621643,0.0606775283813476,0.0719566345214843
  ... 385 further lines not shown (cap is 50)

[RDB2G-Bench/rel-event/user-repeat/12.csv] column change:
  removed: []
  added:   ['dataset', 'seed', 'task']
  diff --git a/RDB2G-Bench/rel-event/user-repeat/12.csv b/RDB2G-Bench/rel-event/user-repeat/12.csv
  index d2ce43a..000505b 100644
  --- a/RDB2G-Bench/rel-event/user-repeat/12.csv
  +++ b/RDB2G-Bench/rel-event/user-repeat/12.csv
  @@ -1,215 +1,215 @@
  -idx,graph,train_metric,valid_metric,test_metric,params,train_time,valid_time,test_time
  -0,"graph_0000000001",0.50246996248021,0.6670568561872909,0.6745989304812834,716929,0.6664842367172241,0.0367474555969238,0.0456659793853759
  -1,"graph_0000000010",0.511910635667657,0.6691192865105908,0.6936497326203209,716929,0.4020934462547302,0.0213468074798584,0.0236694812774658
  -2,"graph_0000000011",0.5123073857598299,0.6799888517279822,0.7077540106951872,848513,0.7403783917427063,0.0610015392303466,0.0825560092926025
  -3,"graph_0000000100",0.4976761586675053,0.6820512820512821,0.6708556149732621,4448257,0.3172701597213745,0.0191409587860107,0.0193932056427001
  -4,"graph_0000000101",0.4864809473204797,0.6901895206243033,0.6769385026737967,4731521,0.7070119738578796,0.0470752716064453,0.0516285896301269
  -5,"graph_0000000110",0.5051047517838165,0.6740802675585285,0.7086229946524064,4731521,0.4428772211074829,0.0268046855926513,0.0273845195770263
  -6,"graph_0000000111",0.4874247706521503,0.6748606465997771,0.6798128342245988,4863105,0.8481750845909118,0.0590877532958984,0.0646674633026123
  -7,"graph_0000001000",0.5105261445704743,0.6764214046822743,0.6814171122994652,856193,0.3091729044914245,0.0210931301116943,0.0236475467681884
  -8,"graph_0000001001",0.5109985306556204,0.6759197324414715,0.6935160427807486,1139457,0.6732032179832459,0.040755271911621,0.0479710102081298
  -9,"graph_0000001010",0.502718016005552,0.6512263099219621,0.6405080213903743,1139457,0.4223160624504089,0.0265791416168212,0.0324625968933105
  -10,"graph_0000001011",0.4947946713223015,0.6983835005574136,0.6649064171122995,1271041,0.9138542532920836,0.0544476509094238,0.0674731731414794
  -11,"graph_0000001100",0.5065899553232558,0.6999442586399108,0.698529411764706,4870785,0.4433587789535522,0.023996353149414,0.0235466957092285
  -12,"graph_0000001101",0.4851258702205643,0.6793756967670012,0.6387032085561497,5154049,0.8381198644638062,0.0588443279266357,0.0432779788970947
  -13,"graph_0000001110",0.4915362239476024,0.6645484949832776,0.690975935828877,5154049,0.5380400776863098,0.0310549736022949,0.0339112281799316
  -14,"graph_0000001111",0.499046688282114,0.6829988851727983,0.6713903743315508,5285633,1.045285439491272,0.0684576034545898,0.0824010372161865
  -15,"graph_0000010100",0.49773498666204,0.6659977703455964,0.6439839572192515,4870785,0.4077788233757019,0.0269129276275634,0.0255730152130126
  -16,"graph_0000010101",0.4933235648138108,0.6804347826086957,0.6903743315508021,5154049,0.7758129596710205,0.0461208820343017,0.0542335510253906
  -17,"graph_0000010110",0.5086120659741048,0.670066889632107,0.6696524064171123,5154049,0.5095968961715698,0.0334944725036621,0.0311706066131591
  -18,"graph_0000010111",0.5031409269340041,0.6876254180602006,0.6834893048128342,5285633,0.9815006136894228,0.0611112117767334,0.0660648345947265
  -19,"graph_0000011000",0.4882315545771974,0.6870680044593088,0.7080213903743316,4870785,0.4822905421257019,0.0274610519409179,0.0250437259674072
  -20,"graph_0000011001",0.5179199017545382,0.6660535117056856,0.6983288770053474,5154049,0.8739308834075927,0.0490233898162841,0.050969123840332
  -21,"graph_0000011010",0.4953506907545165,0.679319955406912,0.6660427807486631,5154049,0.5711766719818115,0.0350677967071533,0.031583547592163
  -22,"graph_0000011011",0.4912991498405951,0.6812151616499442,0.6571524064171123,5285633,1.0757221698760986,0.062488317489624,0.0988121032714843
  -23,"graph_0000011100",0.5191467500921729,0.7001114827201784,0.6778074866310162,5002369,0.5257758498191833,0.0277042388916015,0.0297753810882568
  -24,"graph_0000011101",0.4911640081112147,0.682329988851728,0.7060160427807488,5285633,0.915804135799408,0.0516242980957031,0.0487263202667236
  -25,"graph_0000011110",0.5032072100891366,0.6704570791527313,0.693114973262032,5285633,0.6106765151023865,0.0542175769805908,0.0540301799774169
  -26,"graph_0000011111",0.4988041922401267,0.673355629877369,0.6612967914438502,5417217,1.0930383205413818,0.0667996406555175,0.0700244903564453
  -27,"graph_0000100000",0.5022856166908847,0.7414158305462654,0.8145053475935828,823425,0.4462460279464721,0.0254108905792236,0.0332114696502685
  -28,"graph_0000100001",0.4826370665162983,0.7054626532887402,0.7719919786096258,1106689,0.8115793704986572,0.0647192001342773,0.0524914264678955
  -29,"graph_0000100010",0.4843935023531198,0.7476588628762542,0.7989304812834225,1106689,0.5405523777008057,0.0304479598999023,0.0432283878326416
  -30,"graph_0000100011",0.506352474571125,0.7333333333333333,0.7621657754010694,1238273,1.0039132356643676,0.0661134719848632,0.0738420486450195
  -31,"graph_0000100100",0.4985301134268798,0.7402452619843924,0.754144385026738,4838017,0.5911559581756591,0.0347239971160888,0.0462622642517089
  -32,"graph_0000100101",0.5117059576221562,0.7273690078037903,0.7823529411764706,5121281,0.9866454601287842,0.0504324436187744,0.0616188049316406
  -33,"graph_0000100110",0.4879958359539352,0.7454292084726868,0.7919117647058823,5121281,0.7009862899780274,0.054549217224121,0.0492994785308837
  -34,"graph_0000100111",0.5156539395779566,0.7492196209587514,0.7868315508021391,5252865,1.1799217224121097,0.0746591091156005,0.093576431274414
  -35,"graph_0000101000",0.4986798943807066,0.7488294314381272,0.7909759358288772,1245953,0.5778306365013123,0.0325846672058105,0.0296237468719482
  -36,"graph_0000101001",0.5152475655511939,0.7496098104793758,0.8030748663101603,1529217,1.0111354827880858,0.0533850193023681,0.0624897480010986
  -37,"graph_0000101010",0.504247543863454,0.7471571906354515,0.788836898395722,1529217,0.6910287380218506,0.0480515956878662,0.0593554973602294
  -38,"graph_0000101011",0.498815036110087,0.7284838350055742,0.759090909090909,1660801,1.1335474729537964,0.0655887126922607,0.109708547592163
  -39,"graph_0000101100",0.4869420828905419,0.7602006688963211,0.7857620320855615,5260545,0.7185332179069519,0.0372872352600097,0.0405619144439697
  -40,"graph_0000101101",0.5046444295040013,0.7312151616499443,0.7725935828877005,5543809,1.0678669095039368,0.0564844608306884,0.106633186340332
  -41,"graph_0000101110",0.497546438873105,0.7420847268673355,0.7725267379679144,5543809,0.848341703414917,0.0526707172393798,0.0444374084472656
  -42,"graph_0000101111",0.50577869830185,0.7353400222965442,0.7704545454545454,5675393,1.328997814655304,0.0731623172760009,0.1104772090911865
  -43,"graph_0000110100",0.5016558589429396,0.7468784838350055,0.7856951871657755,5260545,0.6649948358535767,0.0379564762115478,0.0398097038269043
  ... 385 further lines not shown (cap is 50)

[RDB2G-Bench/rel-event/user-repeat/13.csv] column change:
  removed: []
  added:   ['dataset', 'seed', 'task']
  diff --git a/RDB2G-Bench/rel-event/user-repeat/13.csv b/RDB2G-Bench/rel-event/user-repeat/13.csv
  index 74af61d..4d24e66 100644
  --- a/RDB2G-Bench/rel-event/user-repeat/13.csv
  +++ b/RDB2G-Bench/rel-event/user-repeat/13.csv
  @@ -1,215 +1,215 @@
  -idx,graph,train_metric,valid_metric,test_metric,params,train_time,valid_time,test_time
  -0,"graph_0000000001",0.5014785616690884,0.670680044593088,0.6784759358288771,716929,0.663833737373352,0.0345528125762939,0.0526289939880371
  -1,"graph_0000000010",0.4914764471144462,0.6675027870680044,0.6815508021390373,716929,0.3936486482620239,0.0179126262664794,0.0306005477905273
  -2,"graph_0000000011",0.5009506007503959,0.6612040133779264,0.7008689839572192,848513,0.7435703039169311,0.0482151508331298,0.0821540355682373
  -3,"graph_0000000100",0.5083230768396625,0.6843366778149387,0.680548128342246,4448257,0.339042317867279,0.0271918773651123,0.0230915546417236
  -4,"graph_0000000101",0.5095145470515517,0.6726309921962095,0.6731951871657754,4731521,0.6396065354347229,0.038409948348999,0.0410175323486328
  -5,"graph_0000000110",0.5119866783057537,0.6536231884057971,0.6882352941176468,4731521,0.4248413801193237,0.0261149406433105,0.0277698040008544
  -6,"graph_0000000111",0.5030042941725043,0.685284280936455,0.6689171122994653,4863105,0.8229596614837646,0.0607514381408691,0.070803165435791
  -7,"graph_0000001000",0.4975758528703723,0.680211817168339,0.6479946524064171,856193,0.3001323342323303,0.0209989547729492,0.0213227272033691
  -8,"graph_0000001001",0.4958359539352404,0.6722965440356744,0.6662433155080214,1139457,0.7017585396766662,0.0426065921783447,0.0531494617462158
  -9,"graph_0000001010",0.4882502602528791,0.6822742474916389,0.6815508021390374,1139457,0.4194399714469909,0.030705451965332,0.0282380580902099
  -10,"graph_0000001011",0.5318512925892993,0.7000557413600892,0.690307486631016,1271041,0.9068619132041932,0.0694422721862793,0.0599796772003173
  -11,"graph_0000001100",0.48621039276497,0.6967670011148273,0.6982620320855615,4870785,0.4458128213882446,0.0290679931640625,0.0319461822509765
  -12,"graph_0000001101",0.5188932746318506,0.6962653288740245,0.666711229946524,5154049,0.793197512626648,0.048072338104248,0.0436384677886962
  -13,"graph_0000001110",0.5001000347003839,0.6848383500557413,0.6697860962566845,5154049,0.5413101434707641,0.0328507423400878,0.0326108932495117
  -14,"graph_0000001111",0.4951583476110954,0.6785395763656634,0.6362299465240641,5285633,0.9260288715362548,0.0580005645751953,0.0557899475097656
  -15,"graph_0000010100",0.5142661953197858,0.6996098104793758,0.6772727272727272,4870785,0.4199731707572937,0.0246665477752685,0.0230331420898437
  -16,"graph_0000010101",0.500678419614392,0.6759197324414716,0.65,5154049,0.8034514784812927,0.0441453456878662,0.044349193572998
  -17,"graph_0000010110",0.5012595154958901,0.634392419175028,0.6510026737967914,5154049,0.517588984966278,0.0338912010192871,0.0338091850280761
  -18,"graph_0000010111",0.4995192099156347,0.6643255295429209,0.627874331550802,5285633,1.0315957427024842,0.0614449977874755,0.0820529460906982
  -19,"graph_0000011000",0.507572138844911,0.6700111482720178,0.6712566844919786,4870785,0.4682104706764221,0.0273971557617187,0.0239665508270263
  -20,"graph_0000011001",0.4822873517100783,0.6836120401337793,0.668114973262032,5154049,0.8981719732284545,0.0450105667114257,0.0508418083190918
  -21,"graph_0000011010",0.5064258062417315,0.6637123745819398,0.6757352941176469,5154049,0.5704545259475708,0.0324842929840087,0.0331325531005859
  -22,"graph_0000011011",0.4904510236613242,0.6770345596432552,0.6841577540106952,5285633,1.0080310940742492,0.0603148937225341,0.0726082324981689
  -23,"graph_0000011100",0.5058608406167994,0.688628762541806,0.7095588235294118,5002369,0.5133939146995544,0.0275139808654785,0.0349960327148437
  -24,"graph_0000011101",0.4894105543386323,0.6915273132664437,0.6917780748663102,5285633,0.9340224385261536,0.0535552501678466,0.0699145793914794
  -25,"graph_0000011110",0.4972741221887267,0.6579152731326645,0.6751336898395722,5285633,0.6425938725471496,0.0333657264709472,0.0401391983032226
  -26,"graph_0000011111",0.5068286560107571,0.7124303232998885,0.6753342245989304,5417217,1.0469138145446777,0.064521312713623,0.066103458404541
  -27,"graph_0000100000",0.4972537899325511,0.7356744704570792,0.7935160427807487,823425,0.4304179072380066,0.0294973850250244,0.029750108718872
  -28,"graph_0000100001",0.5175440261120389,0.7210702341137124,0.7917780748663102,1106689,0.7884535670280457,0.048330545425415,0.0598053932189941
  -29,"graph_0000100010",0.4929682925242361,0.7384615384615385,0.7908422459893049,1106689,0.5667821168899536,0.0287482738494873,0.0350351333618164
  -30,"graph_0000100011",0.4947293370057907,0.7451505016722407,0.7846925133689839,1238273,0.9610411167144776,0.0598807334899902,0.0860469341278076
  -31,"graph_0000100100",0.4974192944978203,0.738015607580825,0.7935160427807486,4838017,0.5875307440757751,0.0330085754394531,0.0351490974426269
  -32,"graph_0000100101",0.5016127545598473,0.7260312151616499,0.7890374331550802,5121281,0.8958525419235229,0.0552301406860351,0.0606184005737304
  -33,"graph_0000100110",0.5015087889566028,0.7546265328874024,0.7954545454545454,5121281,0.6924725890159606,0.0472853183746337,0.0373783111572265
  -34,"graph_0000100111",0.5050323689518316,0.7479375696767001,0.8005347593582889,5252865,1.1453579187393188,0.0732021331787109,0.0956068038940429
  -35,"graph_0000101000",0.4904492615324557,0.732329988851728,0.7966577540106952,1245953,0.565706980228424,0.031477928161621,0.042917251586914
  -36,"graph_0000101001",0.5036017914073174,0.7134336677814939,0.7693850267379678,1529217,0.9100729823112488,0.0527131557464599,0.0664761066436767
  -37,"graph_0000101010",0.5065754516471839,0.7418060200668896,0.7910427807486631,1529217,0.6316865801811218,0.0433826446533203,0.0349011421203613
  -38,"graph_0000101011",0.5081201609230303,0.7319955406911929,0.786163101604278,1660801,1.079866635799408,0.0724263191223144,0.1022262573242187
  -39,"graph_0000101100",0.4860972098722592,0.7454292084726868,0.784157754010695,5260545,0.6969622015953064,0.037440538406372,0.0571510791778564
  -40,"graph_0000101101",0.5086627610661693,0.734113712374582,0.7940508021390374,5543809,1.045361304283142,0.060368537902832,0.070796251296997
  -41,"graph_0000101110",0.5086132859094754,0.7510033444816054,0.8002673796791444,5543809,0.7784055233001709,0.0508551597595214,0.0411427021026611
  -42,"graph_0000101111",0.5324749506603916,0.7370680044593088,0.7849598930481283,5675393,1.2274335384368895,0.0743420124053955,0.0902967453002929
  -43,"graph_0000110100",0.5013709362597324,0.753010033444816,0.7749999999999999,5260545,0.6390709042549133,0.0350949764251709,0.0358765125274658
  ... 385 further lines not shown (cap is 50)

[RDB2G-Bench/rel-event/user-repeat/14.csv] column change:
  removed: []
  added:   ['dataset', 'seed', 'task']
  diff --git a/RDB2G-Bench/rel-event/user-repeat/14.csv b/RDB2G-Bench/rel-event/user-repeat/14.csv
  index 4edf800..0e55492 100644
  --- a/RDB2G-Bench/rel-event/user-repeat/14.csv
  +++ b/RDB2G-Bench/rel-event/user-repeat/14.csv
  @@ -1,215 +1,215 @@
  -idx,graph,train_metric,valid_metric,test_metric,params,train_time,valid_time,test_time
  -0,"graph_0000000001",0.4971616170378884,0.6895763656633221,0.6713903743315508,716929,0.6710314393043518,0.0428884029388427,0.0566744804382324
  -1,"graph_0000000010",0.5003240961634388,0.6624860646599777,0.6633021390374332,716929,0.4144294261932373,0.0179088115692138,0.0443043708801269
  -2,"graph_0000000011",0.483197559044872,0.681103678929766,0.642379679144385,848513,0.753163194656372,0.0482592582702636,0.0629267692565918
  -3,"graph_0000000100",0.4930780867075842,0.6840022296544036,0.6366978609625669,4448257,0.3415388107299805,0.0341784954071044,0.0225858688354492
  -4,"graph_0000000101",0.5028789119260881,0.6783723522853958,0.7152406417112298,4731521,0.702711534500122,0.0457682609558105,0.045842170715332
  -5,"graph_0000000110",0.4938672493439459,0.6738015607580824,0.6866978609625669,4731521,0.4256244540214539,0.024707555770874,0.0241374969482421
  -6,"graph_0000000111",0.4981432583660456,0.6798216276477146,0.6903074866310159,4863105,0.8629558801651,0.0584592819213867,0.0566546916961669
  -7,"graph_0000001000",0.5042673339261315,0.6713489409141584,0.6822192513368982,856193,0.2840588569641113,0.019477367401123,0.0169970989227294
  -8,"graph_0000001001",0.5102229228567091,0.6811036789297658,0.681951871657754,1139457,0.6375450968742371,0.0431537628173828,0.0385210514068603
  -9,"graph_0000001010",0.4982015441670823,0.6659977703455965,0.6308823529411764,1139457,0.4320807099342346,0.0255200862884521,0.0257389545440673
  -10,"graph_0000001011",0.4940143193302826,0.686231884057971,0.7036764705882353,1271041,0.8584115624427795,0.0555708408355712,0.0682802200317382
  -11,"graph_0000001100",0.4939102181786636,0.6987179487179487,0.6707219251336899,4870785,0.4577248573303222,0.0270271301269531,0.029529333114624
  -12,"graph_0000001101",0.4818713537487258,0.6631549609810479,0.6887032085561497,5154049,0.8250644207000732,0.048126220703125,0.0496373176574707
  -13,"graph_0000001110",0.4975219046173198,0.6716276477146043,0.7204545454545455,5154049,0.5371471047401428,0.0315678119659423,0.034470796585083
  -14,"graph_0000001111",0.4949843034982324,0.6847268673355631,0.7050802139037434,5285633,1.008726918697357,0.0632116794586181,0.0609574317932128
  -15,"graph_0000010100",0.484959823461797,0.6800445930880714,0.6407085561497327,4870785,0.4017321228981018,0.0283048152923584,0.0324671268463134
  -16,"graph_0000010101",0.4991875230432236,0.6693979933110368,0.6665775401069518,5154049,0.7872359037399292,0.0497689247131347,0.0445709228515625
  -17,"graph_0000010110",0.507376813637251,0.6648829431438127,0.7092914438502674,5154049,0.5229801535606384,0.0288622379302978,0.0284619331359863
  -18,"graph_0000010111",0.4964095946561409,0.6917502787068004,0.7329545454545455,5285633,0.96838675737381,0.0583436489105224,0.0715165138244628
  -19,"graph_0000011000",0.4999323613611225,0.6682274247491639,0.6350267379679145,4870785,0.4969848036766052,0.0224933624267578,0.0248951911926269
  -20,"graph_0000011001",0.5000966459910213,0.69726867335563,0.6925802139037434,5154049,0.8099830627441407,0.044306993484497,0.0434749126434326
  -21,"graph_0000011010",0.5119728523715543,0.6562987736900782,0.6918449197860962,5154049,0.5575623869895935,0.036205768585205,0.0350167751312255
  -22,"graph_0000011011",0.5002067112711184,0.678149386845039,0.6711229946524063,5285633,0.9590179204940796,0.0591366291046142,0.0592372417449951
  -23,"graph_0000011100",0.5000450020603353,0.697324414715719,0.6840909090909091,5002369,0.5123812913894653,0.0351171493530273,0.0369834899902343
  -24,"graph_0000011101",0.5056446409594656,0.6896321070234114,0.7002673796791442,5285633,0.8277827620506286,0.0443720817565918,0.0483400821685791
  -25,"graph_0000011110",0.5093048537161943,0.6714604236343367,0.7066844919786096,5285633,0.5954865455627442,0.039318561553955,0.0522541999816894
  -26,"graph_0000011111",0.5025504782146653,0.6835005574136009,0.6844919786096257,5417217,1.0182261228561402,0.06142258644104,0.0654792785644531
  -27,"graph_0000100000",0.4999360211672341,0.7405797101449276,0.8003342245989304,823425,0.4183256506919861,0.0270311832427978,0.0306010246276855
  -28,"graph_0000100001",0.4949933852393242,0.7452619843924192,0.7912433155080214,1106689,0.8057828426361084,0.0465133190155029,0.0637850761413574
  -29,"graph_0000100010",0.4931892363746774,0.7544035674470457,0.8006016042780748,1106689,0.506339168548584,0.0340509414672851,0.0329368114471435
  -30,"graph_0000100011",0.4925952633976013,0.7297101449275363,0.7753342245989304,1238273,1.0696326971054078,0.0636405944824218,0.0872397422790527
  -31,"graph_0000100100",0.4958236190331605,0.7396878483835004,0.7873663101604278,4838017,0.5677049040794373,0.0293705463409423,0.0279614925384521
  -32,"graph_0000100101",0.4908975200069401,0.7443143812709031,0.7751336898395722,5121281,0.9581747770309448,0.0507929325103759,0.0719144344329834
  -33,"graph_0000100110",0.4903966687631481,0.7348940914158306,0.7768716577540107,5121281,0.6581615447998047,0.037848949432373,0.0453510284423828
  -34,"graph_0000100111",0.5070615281181547,0.743088071348941,0.8003342245989306,5252865,1.105749213695526,0.0740790367126464,0.1097168922424316
  -35,"graph_0000101000",0.4998273113708821,0.7250836120401337,0.7569518716577539,1245953,0.5198753356933594,0.0296618938446044,0.028273582458496
  -36,"graph_0000101001",0.4943386865904704,0.7371794871794872,0.7801470588235293,1529217,0.8594988226890564,0.0496482849121093,0.0622801780700683
  -37,"graph_0000101010",0.4843897069986337,0.7421404682274246,0.7945855614973262,1529217,0.6315541505813599,0.0369818210601806,0.0444648265838623
  -38,"graph_0000101011",0.4973241395389186,0.7476588628762542,0.784692513368984,1660801,1.0026116013526916,0.0629799365997314,0.0808219909667968
  -39,"graph_0000101100",0.4946924678479255,0.7384615384615385,0.7717914438502675,5260545,0.6314860224723816,0.0402588844299316,0.0421679019927978
  -40,"graph_0000101101",0.5041137576178187,0.7371794871794872,0.7871657754010696,5543809,1.071041476726532,0.0544691085815429,0.0586557388305664
  -41,"graph_0000101110",0.4985965321303867,0.7378483835005575,0.7765374331550803,5543809,0.7512214422225952,0.0421149730682373,0.0482306480407714
  -42,"graph_0000101111",0.5138107527814526,0.7307134894091416,0.7729278074866311,5675393,1.23891738653183,0.067828893661499,0.0727608203887939
  -43,"graph_0000110100",0.5041854627079312,0.7396321070234113,0.7814839572192513,5260545,0.6225159168243408,0.0372157096862793,0.0369074344635009
  ... 385 further lines not shown (cap is 50)

[RDB2G-Bench/rel-event/user-repeat/2.csv] column change:
  removed: []
  added:   ['dataset', 'seed', 'task']
  diff --git a/RDB2G-Bench/rel-event/user-repeat/2.csv b/RDB2G-Bench/rel-event/user-repeat/2.csv
  index 031d946..23ab383 100644
  --- a/RDB2G-Bench/rel-event/user-repeat/2.csv
  +++ b/RDB2G-Bench/rel-event/user-repeat/2.csv
  @@ -1,215 +1,215 @@
  -idx,graph,train_metric,valid_metric,test_metric,params,train_time,valid_time,test_time
  -0,"graph_0000000001",0.5065838556464031,0.6716276477146041,0.6655080213903743,716929,0.4541253805160522,0.0265123844146728,0.0310215950012207
  -1,"graph_0000000010",0.4914574703420156,0.5552396878483835,0.5962566844919786,716929,0.2193090915679931,0.0146656036376953,0.0149512290954589
  -2,"graph_0000000011",0.491119954889501,0.64041248606466,0.6830882352941177,848513,0.5650354146957397,0.0393691062927246,0.0386035442352294
  -3,"graph_0000000100",0.5037222939122514,0.6713489409141583,0.7016711229946524,4464001,0.2447822570800781,0.0147619247436523,0.0170013904571533
  -4,"graph_0000000101",0.5000467641892039,0.6404124860646601,0.7177139037433155,4747265,0.4863053798675537,0.0312774181365966,0.0301225185394287
  -5,"graph_0000000110",0.5148757563599297,0.5416387959866221,0.575,4747265,0.3245511293411255,0.0198225975036621,0.0209555625915527
  -6,"graph_0000000111",0.4951976566397015,0.6437569676700111,0.6823529411764706,4878849,0.6369663715362549,0.0425753593444824,0.0443122386932373
  -7,"graph_0000001000",0.5042406308963543,0.6537346711259755,0.720187165775401,856193,0.2246248245239258,0.0129549503326416,0.012697696685791
  -8,"graph_0000001001",0.5142804278991087,0.6680602006688964,0.6787433155080212,1139457,0.4713822603225708,0.0313785076141357,0.0299897193908691
  -9,"graph_0000001010",0.4947731191307554,0.6334448160535118,0.699264705882353,1139457,0.3029400110244751,0.0197803974151611,0.0201625823974609
  -10,"graph_0000001011",0.5012452829165672,0.6554069119286511,0.7103609625668449,1271041,0.6405943870544434,0.0435376167297363,0.0452520847320556
  -11,"graph_0000001100",0.4919327029430262,0.5632107023411371,0.6255347593582888,4886529,0.331728196144104,0.0190379619598388,0.0235209465026855
  -12,"graph_0000001101",0.4994733945650523,0.6621516164994425,0.6957887700534758,5169793,0.5877252817153931,0.0344095230102539,0.0334255695343017
  -13,"graph_0000001110",0.4984642369168708,0.6657190635451505,0.707687165775401,5169793,0.4304872751235962,0.0226545333862304,0.0261573791503906
  -14,"graph_0000001111",0.4963588995640765,0.6306577480490524,0.678475935828877,5301377,0.7312761068344116,0.0466330051422119,0.0489685535430908
  -15,"graph_0000010100",0.4899013750027109,0.6798216276477147,0.6993983957219251,4886529,0.3234824419021606,0.0190927982330322,0.0177595615386962
  -16,"graph_0000010101",0.5116505183369842,0.6428651059085841,0.6877673796791444,5169793,0.5665501594543457,0.0333914756774902,0.0323712825775146
  -17,"graph_0000010110",0.4951258160012145,0.628428093645485,0.6704545454545454,5169793,0.4181300401687622,0.0238234996795654,0.0255942344665527
  -18,"graph_0000010111",0.4979857511548721,0.6433667781493868,0.6953877005347593,5301377,0.7030521869659424,0.0450928211212158,0.0474615097045898
  -19,"graph_0000011000",0.4918253486304192,0.6415273132664436,0.7095588235294118,4886529,0.3499541997909546,0.019305944442749,0.0196683406829834
  -20,"graph_0000011001",0.5139639224446421,0.6758639910813823,0.7053475935828877,5169793,0.6066781282424927,0.0340597629547119,0.0337147712707519
  -21,"graph_0000011010",0.5132243705133488,0.6511705685618729,0.7052139037433155,5169793,0.4406055212020874,0.0239858627319335,0.0246438980102539
  -22,"graph_0000011011",0.5093547355180117,0.6804905239687848,0.6743983957219251,5301377,0.7463312864303588,0.047400951385498,0.0504605770111084
  -23,"graph_0000011100",0.4977096391160077,0.6174470457079153,0.6691844919786097,5018113,0.3901123523712158,0.0207102298736572,0.0252437591552734
  -24,"graph_0000011101",0.501240674271834,0.6530657748049052,0.7080213903743315,5301377,0.6377681255340576,0.0387477874755859,0.0362706184387207
  -25,"graph_0000011110",0.4912317822984666,0.5468227424749164,0.5703877005347593,5301377,0.4720295190811157,0.0283589363098144,0.0258982181549072
  -26,"graph_0000011111",0.486193720314906,0.6559085841694537,0.7137032085561497,5432961,0.7929941654205322,0.0481078624725341,0.0499079227447509
  -27,"graph_0000100000",0.4953637033984689,0.7287625418060202,0.783355614973262,823425,0.2953390598297119,0.0191469192504882,0.0217947959899902
  -28,"graph_0000100001",0.5059404075126331,0.6891304347826087,0.7646390374331551,1106689,0.5415402412414551,0.0368866920471191,0.0348799228668212
  -29,"graph_0000100010",0.5065258409421154,0.7465440356744704,0.7899732620320855,1106689,0.3475919485092163,0.022606611251831,0.0246760845184326
  -30,"graph_0000100011",0.4901539016244117,0.6935340022296544,0.743048128342246,1238273,0.6995781898498535,0.0501036643981933,0.0450396537780761
  -31,"graph_0000100100",0.4921425318267584,0.7345596432552953,0.7981951871657754,4853761,0.3792096614837646,0.0244016647338867,0.0279023647308349
  -32,"graph_0000100101",0.4970634800147476,0.7238015607580826,0.7899732620320855,5137025,0.6150544166564942,0.041299819946289,0.0371549129486084
  -33,"graph_0000100110",0.5145917825153441,0.7413600891861761,0.7923128342245989,5137025,0.449267578125,0.029590368270874,0.0280382633209228
  -34,"graph_0000100111",0.4947022273308898,0.7474358974358974,0.8136363636363636,5268609,0.7671262264251709,0.0568153858184814,0.0576555728912353
  -35,"graph_0000101000",0.5086391756490056,0.7416387959866222,0.7931149732620322,1245953,0.4017748832702636,0.023139476776123,0.0282599925994873
  -36,"graph_0000101001",0.4987770825652259,0.7374581939799331,0.7832219251336897,1529217,0.6269260168075561,0.0402948856353759,0.038712739944458
  -37,"graph_0000101010",0.499337168448676,0.739855072463768,0.7788770053475936,1529217,0.4818558931350708,0.0281589031219482,0.0256245136260986
  -38,"graph_0000101011",0.4985524789086729,0.7375696767001115,0.7816844919786097,1660801,0.7872211456298828,0.0564801692962646,0.0577037334442138
  -39,"graph_0000101100",0.5059039449998916,0.7292084726867336,0.7687165775401069,5276289,0.5028151273727417,0.0281033515930175,0.0297451019287109
  -40,"graph_0000101101",0.5117441822637663,0.7379598662207358,0.8066844919786096,5559553,0.7418189287185669,0.041377305984497,0.0458838939666748
  -41,"graph_0000101110",0.5083126396148258,0.7270345596432554,0.8001336898395722,5559553,0.5704487085342407,0.0309834480285644,0.032381534576416
  -42,"graph_0000101111",0.4909274761977055,0.7292642140468227,0.7809491978609626,5691137,0.8833586215972901,0.0544192790985107,0.060305118560791
  -43,"graph_0000110100",0.4933304777809104,0.729041248606466,0.7969251336898395,5276289,0.4722937107086181,0.0271947383880615,0.0277192592620849
  ... 385 further lines not shown (cap is 50)

[RDB2G-Bench/rel-event/user-repeat/3.csv] column change:
  removed: []
  added:   ['dataset', 'seed', 'task']
  diff --git a/RDB2G-Bench/rel-event/user-repeat/3.csv b/RDB2G-Bench/rel-event/user-repeat/3.csv
  index 5b32192..7820859 100644
  --- a/RDB2G-Bench/rel-event/user-repeat/3.csv
  +++ b/RDB2G-Bench/rel-event/user-repeat/3.csv
  @@ -1,215 +1,215 @@
  -idx,graph,train_metric,valid_metric,test_metric,params,train_time,valid_time,test_time
  -0,"graph_0000000001",0.4993026036131774,0.639659977703456,0.6619652406417113,716929,0.4509647607803345,0.0265154838562011,0.0293521881103515
  -1,"graph_0000000010",0.4865335400897872,0.6332775919732441,0.6840240641711229,716929,0.2268365859985351,0.0147867202758789,0.0141685009002685
  -2,"graph_0000000011",0.5052281008046151,0.5764771460423634,0.5925802139037433,848513,0.5621066093444824,0.0408823490142822,0.0394766330718994
  -3,"graph_0000000100",0.5013263408445205,0.5431438127090301,0.5907754010695186,4464001,0.2481964349746704,0.0156431198120117,0.0153431892395019
  -4,"graph_0000000101",0.5122851558264113,0.6617056856187291,0.6957219251336898,4747265,0.4955937147140503,0.0325675010681152,0.0323343276977539
  -5,"graph_0000000110",0.4981367520440695,0.5854515050167224,0.6616310160427807,4747265,0.3236400604248047,0.0196218490600585,0.0210871696472167
  -6,"graph_0000000111",0.4965036652280465,0.5542920847268673,0.566042780748663,4878849,0.6370241403579712,0.044954776763916,0.0447125434875488
  -7,"graph_0000001000",0.5174008870285628,0.6675585284280936,0.7088235294117646,856193,0.2260748863220215,0.0127935409545898,0.0127265453338623
  -8,"graph_0000001001",0.5016504370079594,0.6774247491638796,0.6741310160427807,1139457,0.4728771448135376,0.0315718650817871,0.0307774543762207
  -9,"graph_0000001010",0.4960823808800885,0.5663879598662206,0.5936497326203207,1139457,0.3047107934951782,0.018028974533081,0.0174384117126464
  -10,"graph_0000001011",0.5046499869873561,0.6569676700111483,0.7061497326203208,1271041,0.6294942855834961,0.0431139469146728,0.0452539920806884
  -11,"graph_0000001100",0.47698903684747,0.661371237458194,0.7174465240641711,4886529,0.3386376619338989,0.0181734561920166,0.0176730155944824
  -12,"graph_0000001101",0.5217930610076124,0.5971014492753624,0.6497326203208555,5169793,0.5902810096740723,0.038558006286621,0.0339705944061279
  -13,"graph_0000001110",0.5170199960962069,0.5347826086956522,0.5590909090909091,5169793,0.4227020025253296,0.0240838527679443,0.0221040248870849
  -14,"graph_0000001111",0.4983595935717539,0.5867335562987737,0.631885026737968,5301377,0.738138747215271,0.0476865768432617,0.0470023155212402
  -15,"graph_0000010100",0.4970628022728751,0.5973801560758083,0.6554812834224599,4886529,0.3332370996475219,0.0178639888763427,0.0194976329803466
  -16,"graph_0000010101",0.5016264449456722,0.6513377926421406,0.7019385026737968,5169793,0.567913818359375,0.0333123207092285,0.0330851078033447
  -17,"graph_0000010110",0.4918075917933592,0.6166666666666667,0.6550802139037433,5169793,0.4059813976287841,0.022231101989746,0.0216574668884277
  -18,"graph_0000010111",0.4930233251642846,0.6087513935340023,0.6461229946524063,5301377,0.7103929042816162,0.046231985092163,0.0521800518035888
  -19,"graph_0000011000",0.5219301004142358,0.6139353400222965,0.6797459893048128,4886529,0.3574823379516602,0.0244984626770019,0.0211017131805419
  -20,"graph_0000011001",0.4976621971849313,0.6729096989966555,0.7010695187165775,5169793,0.6117897510528565,0.0339038372039794,0.0343017578125
  -21,"graph_0000011010",0.4962003079659068,0.6512820512820512,0.705548128342246,5169793,0.4470008134841919,0.0251317024230957,0.0257344245910644
  -22,"graph_0000011011",0.4873397818213364,0.6477146042363433,0.6892379679144385,5301377,0.7408026218414306,0.0465319156646728,0.0503737926483154
  -23,"graph_0000011100",0.4861015474202433,0.6631549609810479,0.7015374331550801,5018113,0.3922373533248901,0.0221815109252929,0.0242137908935546
  -24,"graph_0000011101",0.5049403316055434,0.6428651059085841,0.6922459893048127,5301377,0.6331400156021119,0.0367922782897949,0.0374081134796142
  -25,"graph_0000011110",0.5056260708321586,0.5684503901895206,0.5912433155080213,5301377,0.4772418498992919,0.0251893997192382,0.0258300304412841
  -26,"graph_0000011111",0.5087400236396364,0.611092530657748,0.6471256684491977,5432961,0.7837169408798218,0.0468447208404541,0.0524580478668212
  -27,"graph_0000100000",0.5093197640373897,0.7348383500557414,0.801403743315508,823425,0.3056584596633911,0.0194113254547119,0.0211188793182373
  -28,"graph_0000100001",0.5129810611811143,0.6953734671125975,0.7703208556149732,1106689,0.5638277530670166,0.0399844646453857,0.0427632331848144
  -29,"graph_0000100010",0.4798084430371511,0.7524526198439242,0.8036764705882353,1106689,0.4014806270599365,0.0301616191864013,0.0233030319213867
  -30,"graph_0000100011",0.4964330445249301,0.6983277591973245,0.7819518716577539,1238273,0.7168851375579834,0.049034833908081,0.0475332736968994
  -31,"graph_0000100100",0.5084715023097444,0.728483835005574,0.795120320855615,4853761,0.4451333045959472,0.0268473625183105,0.0269446372985839
  -32,"graph_0000100101",0.5109276388557548,0.6977146042363433,0.7865641711229946,5137025,0.725853419303894,0.0425717830657959,0.0432231426239013
  -33,"graph_0000100110",0.5103994068403133,0.7362318840579709,0.7935160427807486,5137025,0.5235904932022095,0.031362771987915,0.0305926799774169
  -34,"graph_0000100111",0.5095970960116246,0.695484949832776,0.7640374331550802,5268609,0.8756748914718628,0.0572872161865234,0.0581364631652832
  -35,"graph_0000101000",0.5000450020603353,0.72396878483835,0.7838235294117646,1245953,0.4166981697082519,0.0224184989929199,0.0221917629241943
  -36,"graph_0000101001",0.4905553959096922,0.69314381270903,0.7727941176470589,1529217,0.6724419593811035,0.0436434745788574,0.0386726856231689
  -37,"graph_0000101010",0.4962024767398989,0.7319955406911929,0.7929144385026738,1529217,0.5021951913833618,0.0300984382629394,0.0303153991699218
  -38,"graph_0000101011",0.497005194213711,0.6931438127090301,0.7537433155080213,1660801,0.7992666959762573,0.0513451099395751,0.0544879436492919
  -39,"graph_0000101100",0.4954553340996334,0.7280936454849498,0.7762032085561498,5276289,0.5381526708602905,0.0287320613861084,0.0331916809082031
  -40,"graph_0000101101",0.5107174033268992,0.6937569676700113,0.7677139037433156,5559553,0.8146206378936768,0.0464630126953125,0.0468585491180419
  -41,"graph_0000101110",0.519186872411026,0.7256410256410257,0.7724598930481283,5559553,0.6123550176620484,0.0324742794036865,0.0370309352874755
  -42,"graph_0000101111",0.5127183684313257,0.7295986622073579,0.7685160427807487,5691137,0.9603440761566162,0.0566382408142089,0.0629987716674804
  -43,"graph_0000110100",0.4977517946604785,0.7270903010033445,0.7953208556149732,5276289,0.5054192304611206,0.0274393558502197,0.0296311378479003
  ... 385 further lines not shown (cap is 50)

[RDB2G-Bench/rel-event/user-repeat/4.csv] column change:
  removed: []
  added:   ['dataset', 'seed', 'task']
  diff --git a/RDB2G-Bench/rel-event/user-repeat/4.csv b/RDB2G-Bench/rel-event/user-repeat/4.csv
  index 68ae8e0..bac6e0b 100644
  --- a/RDB2G-Bench/rel-event/user-repeat/4.csv
  +++ b/RDB2G-Bench/rel-event/user-repeat/4.csv
  @@ -1,215 +1,215 @@
  -idx,graph,train_metric,valid_metric,test_metric,params,train_time,valid_time,test_time
  -0,"graph_0000000001",0.4999997289032509,0.6485507246376812,0.709024064171123,716929,0.4488840103149414,0.0274066925048828,0.0308132171630859
  -1,"graph_0000000010",0.5010403337743173,0.6543478260869565,0.7274064171122995,716929,0.2156060695648193,0.0146303176879882,0.0161247253417968
  -2,"graph_0000000011",0.4882916025071027,0.6526198439241918,0.6755347593582888,848513,0.5601865768432617,0.0396020412445068,0.0406343936920166
  -3,"graph_0000000100",0.4891416263636166,0.5836120401337792,0.6284759358288771,4464001,0.2407035827636718,0.0175135135650634,0.0150158405303955
  -4,"graph_0000000101",0.5162372042334469,0.6482162764771461,0.6945855614973263,4747265,0.5184367656707763,0.0325996875762939,0.0323691368103027
  -5,"graph_0000000110",0.4951129389056367,0.6347826086956523,0.6952540106951872,4747265,0.328562331199646,0.0187654495239257,0.0185472965240478
  -6,"graph_0000000111",0.4989984330607907,0.5493868450390189,0.570855614973262,4878849,0.6508782863616943,0.0445358753204345,0.0474998950958251
  -7,"graph_0000001000",0.4882276236743369,0.6649386845039019,0.680614973262032,856193,0.2197251558303833,0.0141403675079345,0.0150759220123291
  -8,"graph_0000001001",0.4951666160619402,0.6730769230769231,0.7047459893048129,1139457,0.5051121234893798,0.0303876399993896,0.03098726272583
  -9,"graph_0000001010",0.5008657474679563,0.6462653288740245,0.6897727272727272,1139457,0.297885799407959,0.0171756744384765,0.0185987949371337
  -10,"graph_0000001011",0.5004618133119347,0.6438684503901895,0.6878342245989305,1271041,0.6464722394943238,0.0475726127624511,0.0439760684967041
  -11,"graph_0000001100",0.5071488212713353,0.649665551839465,0.6682486631016042,4886529,0.3249369621276855,0.0184407234191894,0.0174782276153564
  -12,"graph_0000001101",0.516278682036045,0.6346711259754738,0.6852272727272728,5169793,0.615948224067688,0.0355963706970214,0.0354046821594238
  -13,"graph_0000001110",0.4988809126200958,0.6574136008918618,0.6879010695187164,5169793,0.4216047763824463,0.0233511924743652,0.0232853889465332
  -14,"graph_0000001111",0.5097003838729967,0.6397435897435897,0.7217914438502673,5301377,0.7726294517517089,0.0468029975891113,0.0572261810302734
  -15,"graph_0000010100",0.4878038994556377,0.6130434782608696,0.6659090909090909,4886529,0.3054708480834961,0.0202949047088623,0.0193665027618408
  -16,"graph_0000010101",0.5207435099438288,0.6355629877369007,0.6766042780748663,5169793,0.6123982906341553,0.0362970829010009,0.0363836288452148
  -17,"graph_0000010110",0.513266119412696,0.5574136008918618,0.6016042780748663,5169793,0.4468749761581421,0.0223300457000732,0.0220816135406494
  -18,"graph_0000010111",0.5029218807608059,0.6601449275362319,0.6746657754010695,5301377,0.7460471868515015,0.0484623908996582,0.0489163398742675
  -19,"graph_0000011000",0.504610406862001,0.6292642140468228,0.6717914438502673,4886529,0.3397655010223389,0.0182290077209472,0.0178418159484863
  -20,"graph_0000011001",0.5084972565009,0.6791527313266443,0.6799465240641711,5169793,0.6460504531860352,0.0382816791534423,0.0372791290283203
  -21,"graph_0000011010",0.4908682415580472,0.5842809364548496,0.6029411764705882,5169793,0.4369677305221557,0.0250520706176757,0.0243489742279052
  -22,"graph_0000011011",0.5076269003882106,0.6633779264214047,0.6919786096256685,5301377,0.7922693014144897,0.0509581565856933,0.0529420375823974
  -23,"graph_0000011100",0.4928115986033096,0.6288182831661093,0.6971925133689839,5018113,0.3803382158279419,0.0218839645385742,0.0245962142944335
  -24,"graph_0000011101",0.4966774382441605,0.5930880713489409,0.6440508021390373,5301377,0.6785641670227051,0.0390715599060058,0.039020299911499
  -25,"graph_0000011110",0.5141217007525646,0.6042920847268674,0.6626336898395722,5301377,0.4685755252838134,0.0303790569305419,0.0254721641540527
  -26,"graph_0000011111",0.483305455550977,0.629041248606466,0.6646390374331551,5432961,0.8193042039871216,0.0515377521514892,0.0547926425933837
  -27,"graph_0000100000",0.5042850907631915,0.7352842809364548,0.79177807486631,823425,0.3053240537643432,0.0208017826080322,0.0215535163879394
  -28,"graph_0000100001",0.5076332711618122,0.7369007803790412,0.7895053475935829,1106689,0.5974517107009888,0.0353767871856689,0.0364501476287841
  -29,"graph_0000100010",0.4941720976382051,0.7519509476031215,0.8074866310160428,1106689,0.3886260271072387,0.0240683555603027,0.0234196186065673
  -30,"graph_0000100011",0.5064100826302891,0.7160535117056855,0.7493983957219251,1238273,0.7479529619216919,0.048011302947998,0.0524852275848388
  -31,"graph_0000100100",0.5015132620529614,0.7306577480490525,0.7989304812834226,4853761,0.4282878398895263,0.0246577262878417,0.0276999473571777
  -32,"graph_0000100101",0.5087825858292307,0.6830546265328874,0.7631016042780748,5137025,0.7103294610977173,0.0435442924499511,0.0410621166229248
  -33,"graph_0000100110",0.5051793033897938,0.7355072463768115,0.7961898395721925,5137025,0.5026254177093505,0.0274844169616699,0.0294787883758544
  -34,"graph_0000100111",0.4939731126244334,0.6914715719063546,0.7905080213903743,5268609,0.8438246011734009,0.0530300140380859,0.0539095401763916
  -35,"graph_0000101000",0.5033659372356807,0.7275362318840579,0.7816844919786097,1245953,0.3959073305130005,0.0217328071594238,0.0229303836822509
  -36,"graph_0000101001",0.4820689832787526,0.7011984392419175,0.7674465240641711,1529217,0.6949175119400024,0.0392718315124511,0.0401887893676757
  -37,"graph_0000101010",0.4974741915894944,0.7289855072463768,0.7777406417112299,1529217,0.486266565322876,0.0270802974700927,0.0281999111175537
  -38,"graph_0000101011",0.5097952677351493,0.7302118171683388,0.7765374331550803,1660801,0.8498898983001709,0.0527114868164062,0.0590796470642089
  -39,"graph_0000101100",0.4994233772148604,0.7284838350055741,0.7892379679144385,5276289,0.5159472942352294,0.0282487869262695,0.0303230285644531
  -40,"graph_0000101101",0.4993081610965321,0.7013377926421405,0.7935160427807487,5559553,0.8038730621337891,0.0458886623382568,0.0458295345306396
  -41,"graph_0000101110",0.492064455963044,0.72123745819398,0.8008689839572193,5559553,0.603048038482666,0.0327093601226806,0.0351917743682861
  -42,"graph_0000101111",0.4965443297403977,0.715551839464883,0.7411764705882353,5691137,0.9332238912582398,0.0589654445648193,0.0614497661590576
  -43,"graph_0000110100",0.5046335856340411,0.7223522853957637,0.7800133689839572,5276289,0.4909233093261719,0.0297751426696777,0.0294699668884277
  ... 385 further lines not shown (cap is 50)

[RDB2G-Bench/rel-event/user-repeat/5.csv] column change:
  removed: []
  added:   ['dataset', 'seed', 'task']
  diff --git a/RDB2G-Bench/rel-event/user-repeat/5.csv b/RDB2G-Bench/rel-event/user-repeat/5.csv
  index 9a56d3a..3e33b1e 100644
  --- a/RDB2G-Bench/rel-event/user-repeat/5.csv
  +++ b/RDB2G-Bench/rel-event/user-repeat/5.csv
  @@ -1,215 +1,215 @@
  -idx,graph,train_metric,valid_metric,test_metric,params,train_time,valid_time,test_time
  -0,"graph_0000000001",0.5057055021796178,0.6719063545150501,0.6879010695187165,716929,0.6493374586105347,0.0374977588653564,0.0459876060485839
  -1,"graph_0000000010",0.5111152378060683,0.6668896321070235,0.6949197860962567,716929,0.3793998122215271,0.0258066654205322,0.0323288440704345
  -2,"graph_0000000011",0.4915550651716585,0.687402452619844,0.6580213903743316,848513,0.7319524168968201,0.0476751327514648,0.059913158416748
  -3,"graph_0000000100",0.5141783599731072,0.6745819397993311,0.7140374331550803,4448257,0.3161830067634582,0.0185589790344238,0.0181939601898193
  -4,"graph_0000000101",0.4952919983083563,0.6685618729096989,0.6951871657754011,4731521,0.6810441493988038,0.0390441417694091,0.0367307662963867
  -5,"graph_0000000110",0.4919768917131145,0.7017279821627648,0.6688502673796791,4731521,0.4368208289146423,0.0246038436889648,0.023879051208496
  -6,"graph_0000000111",0.5055757823852176,0.6806020066889632,0.6838235294117647,4863105,0.8374827623367309,0.0586888790130615,0.0632009506225586
  -7,"graph_0000001000",0.494274843306079,0.668283166109253,0.6740641711229947,856193,0.2801528930664062,0.0201098918914794,0.0196650028228759
  -8,"graph_0000001001",0.497667483571537,0.6954292084726867,0.6969251336898397,1139457,0.7282968282699585,0.0392618179321289,0.0469992160797119
  -9,"graph_0000001010",0.4968354876488321,0.6734113712374583,0.6837566844919786,1139457,0.4593575596809387,0.0232677459716796,0.0271966457366943
  -10,"graph_0000001011",0.5098684638573814,0.6737458193979934,0.6306149732620321,1271041,0.8948193430900574,0.0538747310638427,0.0657312870025634
  -11,"graph_0000001100",0.500555477238717,0.6829988851727982,0.6489973262032086,4870785,0.4109753251075744,0.0254356861114501,0.0271244049072265
  -12,"graph_0000001101",0.5129066451235117,0.6847268673355631,0.64451871657754,5154049,0.8615737557411194,0.046238899230957,0.0470807552337646
  -13,"graph_0000001110",0.4820788783100913,0.6962653288740245,0.7302807486631016,5154049,0.5185183763504029,0.0496966838836669,0.0286760330200195
  -14,"graph_0000001111",0.5036977596564662,0.6815496098104794,0.6693850267379678,5285633,1.0522215843200684,0.0697929859161377,0.0816802978515625
  -15,"graph_0000010100",0.5182030623088768,0.6860089186176143,0.6629010695187165,4870785,0.406439995765686,0.028231143951416,0.0344753265380859
  -16,"graph_0000010101",0.5048890943199809,0.6818283166109252,0.6783422459893048,5154049,0.8242500066757202,0.0498075485229492,0.0496788024902343
  -17,"graph_0000010110",0.5128396842265067,0.666164994425864,0.7233957219251337,5154049,0.5048371076583862,0.0389118194580078,0.0333697795867919
  -18,"graph_0000010111",0.4936365460105402,0.6811594202898551,0.711096256684492,5285633,1.0230079293251038,0.0589866638183593,0.0707678794860839
  -19,"graph_0000011000",0.4894035058231582,0.66438127090301,0.7062165775401069,4870785,0.4949923157691955,0.0246264934539794,0.0254380702972412
  -20,"graph_0000011001",0.4966440933440326,0.6735228539576367,0.6959224598930482,5154049,0.8841614842414856,0.048893928527832,0.0686664581298828
  -21,"graph_0000011010",0.4943286560107571,0.6562430323299888,0.6967914438502674,5154049,0.5127751231193542,0.0281386375427246,0.0301799774169921
  -22,"graph_0000011011",0.5001031523129975,0.6855629877369008,0.6989973262032085,5285633,1.036891806125641,0.0614106655120849,0.098391056060791
  -23,"graph_0000011100",0.49890571797263,0.6790412486064661,0.6421122994652407,5002369,0.5368083953857422,0.0288996696472167,0.0400412082672119
  -24,"graph_0000011101",0.5051927226788697,0.6787068004459309,0.6920454545454545,5285633,0.8712722659111023,0.0468175411224365,0.0549361705780029
  -25,"graph_0000011110",0.4924644592162051,0.6711817168338907,0.6887032085561496,5285633,0.6062640428543091,0.0318152904510498,0.032482624053955
  -26,"graph_0000011111",0.5067061202802056,0.6913600891861762,0.6256016042780749,5417217,1.094693899154663,0.0652801990509033,0.0798029899597168
  -27,"graph_0000100000",0.4990817953111107,0.7357302118171684,0.7933155080213904,823425,0.3962997913360596,0.0317740440368652,0.0303986072540283
  -28,"graph_0000100001",0.5059261749333102,0.7358416945373467,0.7876336898395723,1106689,0.7728416442871093,0.0515587329864501,0.0584042072296142
  -29,"graph_0000100010",0.495439339391442,0.7407469342251951,0.7948529411764707,1106689,0.5200164914131165,0.0292940139770507,0.0345370769500732
  -30,"graph_0000100011",0.4844203409312715,0.7374024526198439,0.7879010695187166,1238273,0.9554137706756592,0.0618867874145507,0.0800423622131347
  -31,"graph_0000100100",0.4905460430718514,0.7427536231884059,0.7727941176470589,4838017,0.5305689573287964,0.0323865413665771,0.0340754985809326
  -32,"graph_0000100101",0.4898237057841202,0.7437569676700111,0.7712566844919786,5121281,0.9516305208206176,0.0675814151763916,0.0702638626098632
  -33,"graph_0000100110",0.5186918497473378,0.7544035674470456,0.7841577540106952,5121281,0.6780186414718627,0.0457618236541748,0.0339298248291015
  -34,"graph_0000100111",0.4986840963803162,0.729041248606466,0.7783422459893048,5252865,1.2182148933410644,0.0889680385589599,0.0691664218902587
  -35,"graph_0000101000",0.5074589559522003,0.7293756967670011,0.7776069518716577,1245953,0.5064528942108154,0.0333690643310546,0.0292000770568847
  -36,"graph_0000101001",0.5016118057212258,0.7287625418060201,0.7806818181818183,1529217,0.9690598011016844,0.0478863716125488,0.0672774314880371
  -37,"graph_0000101010",0.4986277082565226,0.7356744704570792,0.7822860962566845,1529217,0.6564178943634034,0.043663740158081,0.0392615795135498
  -38,"graph_0000101011",0.492062287189052,0.7384057971014494,0.80548128342246,1660801,1.1138828992843628,0.066843032836914,0.0790543556213378
  -39,"graph_0000101100",0.4994805786289011,0.7446488294314382,0.7959224598930481,5260545,0.6087884306907654,0.0338637828826904,0.0415749549865722
  -40,"graph_0000101101",0.496097562298033,0.7387402452619843,0.811163101604278,5543809,1.0117076635360718,0.0567414760589599,0.0689184665679931
  -41,"graph_0000101110",0.5159700383872997,0.730546265328874,0.7791443850267379,5543809,0.7210625767707824,0.0457198619842529,0.0393970012664794
  -42,"graph_0000101111",0.5082752282634627,0.7225195094760313,0.7665106951871659,5675393,1.2715335845947269,0.1000833511352539,0.0812714099884033
  -43,"graph_0000110100",0.5054281702053829,0.7542920847268674,0.7850935828877006,5260545,0.6484500050544739,0.0371851921081543,0.0449359416961669
  ... 385 further lines not shown (cap is 50)

[RDB2G-Bench/rel-event/user-repeat/6.csv] column change:
  removed: []
  added:   ['dataset', 'seed', 'task']
  diff --git a/RDB2G-Bench/rel-event/user-repeat/6.csv b/RDB2G-Bench/rel-event/user-repeat/6.csv
  index fdb4526..2c2bf0b 100644
  --- a/RDB2G-Bench/rel-event/user-repeat/6.csv
  +++ b/RDB2G-Bench/rel-event/user-repeat/6.csv
  @@ -1,215 +1,215 @@
  -idx,graph,train_metric,valid_metric,test_metric,params,train_time,valid_time,test_time
  -0,"graph_0000000001",0.5003956657051769,0.679041248606466,0.6856283422459892,716929,0.655264949798584,0.0353608131408691,0.0516803264617919
  -1,"graph_0000000010",0.507693725736841,0.6693979933110368,0.6977272727272726,716929,0.3890641093254089,0.0229036808013916,0.0492641925811767
  -2,"graph_0000000011",0.4946881302999414,0.6722965440356744,0.65,848513,0.7429013609886169,0.0520670413970947,0.0623347759246826
  -3,"graph_0000000100",0.492724576546878,0.6826086956521739,0.6765374331550802,4448257,0.3568679571151733,0.0284802913665771,0.0483675003051757
  -4,"graph_0000000101",0.5058024192673881,0.6863991081382387,0.6981951871657754,4731521,0.6689533591270447,0.0397455692291259,0.0392258167266845
  -5,"graph_0000000110",0.5031631568674229,0.6825529542920847,0.7031417112299465,4731521,0.4581864476203918,0.0344200134277343,0.0281181335449218
  -6,"graph_0000000111",0.508706272094385,0.6785953177257525,0.6688502673796791,4863105,0.8204532265663147,0.0543115139007568,0.0559222698211669
  -7,"graph_0000001000",0.4975145850050966,0.6855629877369007,0.7007352941176471,856193,0.3229375004768371,0.0221831798553466,0.0224611759185791
  -8,"graph_0000001001",0.5162010128174543,0.6779821627647715,0.6907085561497326,1139457,0.7100761413574219,0.0395543575286865,0.0517237186431884
  -9,"graph_0000001010",0.4882958045067123,0.652396878483835,0.6868983957219251,1139457,0.3818761706352234,0.0229384899139404,0.0228936672210693
  -10,"graph_0000001011",0.5049133574790171,0.6900780379041248,0.6588235294117648,1271041,0.94588520526886,0.0608701705932617,0.0673661231994628
  -11,"graph_0000001100",0.5177317606107268,0.6970457079152732,0.6998663101604279,4870785,0.44491868019104,0.0258698463439941,0.0255446434020996
  -12,"graph_0000001101",0.4996548938385131,0.6942586399108138,0.6997994652406416,5154049,0.865031361579895,0.0476925373077392,0.0630075931549072
  -13,"graph_0000001110",0.4921531045999696,0.6636008918617615,0.7054144385026738,5154049,0.5503883481025695,0.0289971828460693,0.0295486450195312
  -14,"graph_0000001111",0.4831179921490381,0.6911371237458194,0.6519385026737968,5285633,1.1162396788597106,0.0762140750885009,0.0810799598693847
  -15,"graph_0000010100",0.492251919364983,0.6936454849498328,0.6913770053475935,4870785,0.4526525378227234,0.0244245529174804,0.0257787704467773
  -16,"graph_0000010101",0.5124756012925893,0.6644370122630993,0.6878342245989304,5154049,0.8805195331573487,0.0456442832946777,0.0541326999664306
  -17,"graph_0000010110",0.4925087835346678,0.6592530657748049,0.6106283422459893,5154049,0.4974883556365966,0.0292458534240722,0.0324141979217529
  -18,"graph_0000010111",0.4962800104101151,0.698216276477146,0.6897058823529412,5285633,1.0520556807518004,0.063291311264038,0.0804450511932373
  -19,"graph_0000011000",0.4994377453425579,0.668561872909699,0.693716577540107,4870785,0.4794368267059326,0.0249783992767334,0.0283081531524658
  -20,"graph_0000011001",0.4952837298575115,0.6916945373467113,0.7002673796791444,5154049,0.8757551550865174,0.0469751358032226,0.0488440990447998
  -21,"graph_0000011010",0.50912294779761,0.6758639910813823,0.6867647058823529,5154049,0.5830151200294494,0.0301775932312011,0.0593845844268798
  -22,"graph_0000011011",0.5021533214773689,0.6683389074693423,0.6570187165775401,5285633,1.080325984954834,0.0612659454345703,0.0714068412780761
  -23,"graph_0000011100",0.5063763310850377,0.6768673355629877,0.6709893048128344,5002369,0.5231333374977112,0.0467345714569091,0.0714969635009765
  -24,"graph_0000011101",0.5070066310264807,0.6622073578595318,0.6957219251336898,5285633,0.9119350194931032,0.0494604110717773,0.0503315925598144
  -25,"graph_0000011110",0.5031429601596218,0.6797658862876255,0.6565508021390374,5285633,0.5880086898803711,0.0339469909667968,0.0364353656768798
  -26,"graph_0000011111",0.5098641263093973,0.6976588628762542,0.6506016042780749,5417217,1.1009149432182312,0.0659940242767334,0.0711786746978759
  -27,"graph_0000100000",0.5033306946583097,0.7396878483835004,0.8093582887700533,823425,0.4398331761360168,0.0273051261901855,0.0282986164093017
  -28,"graph_0000100001",0.4853949337439545,0.718283166109253,0.7731283422459893,1106689,0.7977405309677124,0.0476455688476562,0.0542254447937011
  -29,"graph_0000100010",0.4953994881693379,0.7403010033444816,0.799331550802139,1106689,0.5562835454940795,0.0324542522430419,0.0298893451690673
  -30,"graph_0000100011",0.4899274002906156,0.7443143812709031,0.7812834224598931,1238273,0.9780821800231934,0.0638132095336914,0.0820515155792236
  -31,"graph_0000100100",0.4992978594200699,0.7439799331103678,0.7703208556149733,4838017,0.5950702071189881,0.0303335189819335,0.0351519584655761
  -32,"graph_0000100101",0.4898696566830771,0.7283166109253066,0.7953877005347594,5121281,0.9327573418617248,0.0573086738586425,0.0577027797698974
  -33,"graph_0000100110",0.5015165152139496,0.7526755852842809,0.8022058823529412,5121281,0.661295759677887,0.0384361743927001,0.0480115413665771
  -34,"graph_0000100111",0.4984542063371576,0.7288740245261984,0.7784090909090908,5252865,1.1011338710784913,0.0707621574401855,0.0704116821289062
  -35,"graph_0000101000",0.5051063783643106,0.7331661092530659,0.791644385026738,1245953,0.5310567259788513,0.0305094718933105,0.0361561775207519
  -36,"graph_0000101001",0.5035784770869027,0.732943143812709,0.7751336898395723,1529217,0.933657431602478,0.0512409210205078,0.0630059242248535
  -37,"graph_0000101010",0.5126238912142965,0.7488294314381272,0.788903743315508,1529217,0.6319131493568421,0.0370967388153076,0.037935733795166
  -38,"graph_0000101011",0.5064683684313257,0.7473244147157191,0.781283422459893,1660801,1.14165278673172,0.0741071701049804,0.0815143585205078
  -39,"graph_0000101100",0.4927461287384241,0.7513935340022297,0.7780080213903743,5260545,0.7136687994003296,0.0470330715179443,0.0450677871704101
  -40,"graph_0000101101",0.4968983820946019,0.7240802675585284,0.7729946524064171,5543809,1.1372066140174866,0.0613913536071777,0.0623893737792968
  -41,"graph_0000101110",0.4935432887288816,0.7532887402452619,0.7899064171122995,5543809,0.7813437700271606,0.0524439811706543,0.0557358264923095
  -42,"graph_0000101111",0.4820567839250471,0.7215719063545151,0.7822192513368983,5675393,1.3714436769485474,0.0786759853363037,0.1669392585754394
  -43,"graph_0000110100",0.5009857077793923,0.7403567447045708,0.7820187165775402,5260545,0.6539300322532654,0.0366802215576171,0.0426561832427978
  ... 385 further lines not shown (cap is 50)

[RDB2G-Bench/rel-event/user-repeat/7.csv] column change:
  removed: []
  added:   ['dataset', 'seed', 'task']
  diff --git a/RDB2G-Bench/rel-event/user-repeat/7.csv b/RDB2G-Bench/rel-event/user-repeat/7.csv
  index 84fc1e2..e6b6327 100644
  --- a/RDB2G-Bench/rel-event/user-repeat/7.csv
  +++ b/RDB2G-Bench/rel-event/user-repeat/7.csv
  @@ -1,215 +1,215 @@
  -idx,graph,train_metric,valid_metric,test_metric,params,train_time,valid_time,test_time
  -0,"graph_0000000001",0.4873579453035199,0.6882385730211817,0.7189171122994652,716929,0.7193470478057862,0.0329296588897705,0.0671181678771972
  -1,"graph_0000000010",0.5156990771866664,0.6526198439241918,0.681216577540107,716929,0.3978448152542114,0.0181837081909179,0.0235745906829834
  -2,"graph_0000000011",0.4932179726300722,0.6976031215161651,0.6989304812834224,848513,0.7879918336868286,0.0468811988830566,0.076371431350708
  -3,"graph_0000000100",0.4825740365221541,0.6790412486064661,0.6887032085561496,4448257,0.3334110021591187,0.0275616645812988,0.0201032161712646
  -4,"graph_0000000101",0.4924658146999501,0.6903010033444815,0.7026069518716577,4731521,0.7370645046234131,0.040985107421875,0.038405418395996
  -5,"graph_0000000110",0.4945784716649677,0.6897435897435897,0.6794117647058824,4731521,0.4377925992012024,0.0245075225830078,0.0301246643066406
  -6,"graph_0000000111",0.498643160771216,0.6778149386845039,0.6735294117647058,4863105,0.8950292587280273,0.0527400970458984,0.0549120903015136
  -7,"graph_0000001000",0.4950885401982259,0.6697324414715721,0.6508689839572193,856193,0.3135249853134155,0.0193221569061279,0.0216798782348632
  -8,"graph_0000001001",0.5000444598668372,0.6776477146042363,0.6711229946524063,1139457,0.7393877267837524,0.0382063388824462,0.0437524318695068
  -9,"graph_0000001010",0.5041979331583855,0.6545707915273133,0.705614973262032,1139457,0.3929692029953003,0.0230116844177246,0.0222706794738769
  -10,"graph_0000001011",0.5003981055759179,0.6790969899665552,0.6368315508021389,1271041,0.9564483046531678,0.051948070526123,0.0702457427978515
  -11,"graph_0000001100",0.5127713678457567,0.6977703455964325,0.6615641711229947,4870785,0.4279137134552002,0.0264685153961181,0.0262250900268554
  -12,"graph_0000001101",0.5035146338025114,0.7040691192865106,0.6855614973262032,5154049,0.885138750076294,0.0550055503845214,0.0431740283966064
  -13,"graph_0000001110",0.4938513901841289,0.6843924191750278,0.7162433155080214,5154049,0.4993607401847839,0.03751802444458,0.0370783805847168
  -14,"graph_0000001111",0.4988250666898003,0.7054626532887402,0.6762032085561498,5285633,0.9975180745124816,0.0684010982513427,0.058190107345581
  -15,"graph_0000010100",0.4848005541217549,0.6879041248606466,0.7024064171122995,4870785,0.414303171634674,0.0300521850585937,0.0285525321960449
  -16,"graph_0000010101",0.4873624183998785,0.6756967670011148,0.6898395721925134,5154049,0.8132469296455384,0.0641484260559082,0.0426256656646728
  -17,"graph_0000010110",0.4950687501355484,0.682943143812709,0.7060828877005346,5154049,0.4900077700614929,0.0280437469482421,0.0297646522521972
  -18,"graph_0000010111",0.4983826367954195,0.678149386845039,0.6459224598930482,5285633,0.9690747499465944,0.0554172992706298,0.0760719776153564
  -19,"graph_0000011000",0.5080843761521612,0.665886287625418,0.6766711229946524,4870785,0.4576687335968017,0.024099588394165,0.0246527194976806
  -20,"graph_0000011001",0.4986422119325945,0.6620401337792643,0.6896390374331551,5154049,0.8663363575935363,0.0471067428588867,0.0446918010711669
  -21,"graph_0000011010",0.5057061799214904,0.6846153846153845,0.6640374331550801,5154049,0.5485984683036804,0.0302939414978027,0.0340528488159179
  -22,"graph_0000011011",0.510425974321716,0.6735785953177258,0.6866978609625669,5285633,1.0419020771980283,0.0581855773925781,0.0804159641265869
  -23,"graph_0000011100",0.4801620887462318,0.6785395763656634,0.6439171122994652,5002369,0.487065315246582,0.0274112224578857,0.0311923027038574
  -24,"graph_0000011101",0.5067879914984059,0.6978818283166109,0.6896390374331551,5285633,0.8957124590873718,0.0469844341278076,0.0492722988128662
  -25,"graph_0000011110",0.4982416664859355,0.6740802675585287,0.6655080213903745,5285633,0.5594767689704895,0.0360994338989257,0.0337617397308349
  -26,"graph_0000011111",0.4943245895595219,0.6661649944258641,0.6691844919786096,5417217,1.084894096851349,0.0612797737121582,0.0670654773712158
  -27,"graph_0000100000",0.4988936541672992,0.7276477146042363,0.7956550802139037,823425,0.425173008441925,0.0272376537322998,0.0364470481872558
  -28,"graph_0000100001",0.5030572935869353,0.7408584169453735,0.7844251336898396,1106689,0.7991310000419617,0.0500576496124267,0.060152530670166
  -29,"graph_0000100010",0.5208310741937583,0.7414158305462654,0.801336898395722,1106689,0.5002471208572388,0.0407443046569824,0.0282869338989257
  -30,"graph_0000100011",0.4976871380858401,0.7246376811594203,0.7695855614973263,1238273,0.969337558746338,0.0609779357910156,0.0853030681610107
  -31,"graph_0000100100",0.4890113643757183,0.7472686733556299,0.7594919786096257,4838017,0.5706532239913941,0.0346031188964843,0.0381333827972412
  -32,"graph_0000100101",0.5208191459368019,0.7189520624303234,0.7651069518716578,5121281,0.8887097001075744,0.0514707565307617,0.0590121746063232
  -33,"graph_0000100110",0.5180515192261814,0.7415273132664437,0.7915106951871657,5121281,0.6389496803283692,0.0384955406188964,0.0374324321746826
  -34,"graph_0000100111",0.5172645253638118,0.7188405797101449,0.7691844919786096,5252865,1.0999016880989074,0.0663161277770996,0.069035530090332
  -35,"graph_0000101000",0.5004039341560216,0.7332775919732442,0.7959893048128343,1245953,0.5528732180595398,0.0395102500915527,0.0475604534149169
  -36,"graph_0000101001",0.4916016938124878,0.7396321070234114,0.781951871657754,1529217,0.9452947735786438,0.0502822399139404,0.0627119541168212
  -37,"graph_0000101010",0.4786593994664815,0.747603121516165,0.7840909090909092,1529217,0.6134517788887024,0.0351839065551757,0.0350096225738525
  -38,"graph_0000101011",0.5066353640287146,0.7304347826086957,0.7727941176470589,1660801,1.1403490900993347,0.0885612964630127,0.0802443027496337
  -39,"graph_0000101100",0.4976886291179596,0.7397993311036789,0.7852272727272729,5260545,0.6707644701004029,0.0376780033111572,0.0528819561004638
  -40,"graph_0000101101",0.4915561495586544,0.7399665551839466,0.806951871657754,5543809,1.063809263706207,0.0541398525238037,0.0597891807556152
  -41,"graph_0000101110",0.5098497581816999,0.7482162764771462,0.790975935828877,5543809,0.7591432929039001,0.0568673610687255,0.0410845279693603
  -42,"graph_0000101111",0.5078146348868984,0.7270903010033445,0.7756684491978609,5675393,1.2347461700439453,0.067803144454956,0.0749080181121826
  -43,"graph_0000110100",0.4968174597150231,0.750891861761427,0.7823529411764705,5260545,0.6355095982551575,0.0337576866149902,0.0372514724731445
  ... 385 further lines not shown (cap is 50)

[RDB2G-Bench/rel-event/user-repeat/8.csv] column change:
  removed: []
  added:   ['dataset', 'seed', 'task']
  diff --git a/RDB2G-Bench/rel-event/user-repeat/8.csv b/RDB2G-Bench/rel-event/user-repeat/8.csv
  index b2a2609..50a650c 100644
  --- a/RDB2G-Bench/rel-event/user-repeat/8.csv
  +++ b/RDB2G-Bench/rel-event/user-repeat/8.csv
  @@ -1,215 +1,215 @@
  -idx,graph,train_metric,valid_metric,test_metric,params,train_time,valid_time,test_time
  -0,"graph_0000000001",0.4997321564119803,0.6845039018952064,0.7026069518716578,716929,0.4782519459724426,0.0301129817962646,0.0421657562255859
  -1,"graph_0000000010",0.50064344813377,0.674247491638796,0.7048128342245991,716929,0.2839201688766479,0.0165221691131591,0.0144731998443603
  -2,"graph_0000000011",0.5053388438265849,0.679933110367893,0.6874331550802139,848513,0.585917866230011,0.0398616790771484,0.0404772758483886
  -3,"graph_0000000100",0.4774417684183131,0.6967670011148271,0.6780748663101605,4460289,0.3146149039268494,0.0170307159423828,0.0198025703430175
  -4,"graph_0000000101",0.5061567427183413,0.6799888517279822,0.6528743315508022,4743553,0.5864310264587402,0.0367658138275146,0.0401666164398193
  -5,"graph_0000000110",0.4883424331475417,0.6692307692307692,0.6641042780748663,4743553,0.4175002336502075,0.0225560665130615,0.024961233139038
  -6,"graph_0000000111",0.5077216487019888,0.6911928651059086,0.673663101604278,4875137,0.7377933144569397,0.0528483390808105,0.0524904727935791
  -7,"graph_0000001000",0.5015139397948339,0.6730769230769231,0.627005347593583,856193,0.3092713952064514,0.0150740146636962,0.0168085098266601
  -8,"graph_0000001001",0.486559023184194,0.6768115942028985,0.6925133689839572,1139457,0.5759032011032105,0.0324175357818603,0.0334594249725341
  -9,"graph_0000001010",0.5158117178858791,0.6453734671125975,0.6441176470588235,1139457,0.393962037563324,0.0206310749053955,0.0193266868591308
  -10,"graph_0000001011",0.4966169836691319,0.6802675585284281,0.6836229946524065,1271041,0.7282370090484619,0.0429279804229736,0.0479390621185302
  -11,"graph_0000001100",0.4860810796156932,0.7143255295429208,0.700735294117647,4882817,0.4428554534912109,0.0247073173522949,0.0241928100585937
  -12,"graph_0000001101",0.4913520137066516,0.6818840579710145,0.6990641711229947,5166081,0.7003345727920532,0.0402977466583251,0.0429985523223876
  -13,"graph_0000001110",0.5039714318245896,0.6533444816053511,0.6213235294117647,5166081,0.5254773259162903,0.0277867317199707,0.031595230102539
  -14,"graph_0000001111",0.5061067253681494,0.6940356744704571,0.6737299465240641,5297665,0.8132442116737366,0.0533971786499023,0.0733563899993896
  -15,"graph_0000010100",0.4993016547745559,0.6687290969899665,0.6419117647058822,4882817,0.4143005013465881,0.0228323936462402,0.0181996822357177
  -16,"graph_0000010101",0.4908142933049947,0.6740245261984392,0.6767379679144384,5166081,0.6771594762802124,0.0388362407684326,0.042079210281372
  -17,"graph_0000010110",0.5020833785161248,0.6665551839464883,0.70548128342246,5166081,0.5178058981895447,0.0281035900115966,0.0233678817749023
  -18,"graph_0000010111",0.5049499555401332,0.6925306577480491,0.6838903743315508,5297665,0.7935291528701782,0.0548007488250732,0.0602819919586181
  -19,"graph_0000011000",0.4950950465202021,0.6492753623188405,0.6780080213903743,4882817,0.4552356839179993,0.0203034877777099,0.0212326049804687
  -20,"graph_0000011001",0.495124596065844,0.6891304347826087,0.720855614973262,5166081,0.6921907901763916,0.0415561199188232,0.0431067943572998
  -21,"graph_0000011010",0.5126846168860744,0.6666109253065775,0.6879010695187165,5166081,0.5296711564064026,0.0298774242401123,0.0281786918640136
  -22,"graph_0000011011",0.4908720369125333,0.6720178372352286,0.6899732620320855,5297665,0.8470381975173951,0.0587611198425293,0.0614645481109619
  -23,"graph_0000011100",0.5095785258843175,0.6845039018952062,0.6564839572192513,5014401,0.4882797956466674,0.0237047672271728,0.0261025428771972
  -24,"graph_0000011101",0.4914150437007959,0.7005016722408026,0.69451871657754,5297665,0.7260021090507507,0.044590950012207,0.0497822761535644
  -25,"graph_0000011110",0.5111241839987855,0.6704013377926422,0.6781417112299465,5297665,0.5725210666656494,0.0258772373199462,0.0326864719390869
  -26,"graph_0000011111",0.497877854648767,0.6998885172798217,0.6939171122994653,5429249,0.850929605960846,0.0566396713256835,0.0646169185638427
  -27,"graph_0000100000",0.5093503979700275,0.7391304347826088,0.8176470588235294,823425,0.2850997328758239,0.0220606327056884,0.0281500816345214
  -28,"graph_0000100001",0.5078065019844281,0.7380713489409141,0.8011363636363635,1106689,0.7078710794448853,0.0370521545410156,0.0435016155242919
  -29,"graph_0000100010",0.4940761293890564,0.74726867335563,0.7966577540106952,1106689,0.4853652477264404,0.0278570652008056,0.0246648788452148
  -30,"graph_0000100011",0.5129337547984124,0.7483835005574137,0.7861631016042782,1238273,0.8154249072074891,0.0489332675933837,0.0508334636688232
  -31,"graph_0000100100",0.5073739671213863,0.7418617614269789,0.7663770053475935,4850049,0.5089579463005066,0.0250749588012695,0.029214859008789
  -32,"graph_0000100101",0.5154820642390856,0.7432552954292084,0.8035427807486631,5133313,0.8292236328125,0.0513379573822021,0.0472807884216308
  -33,"graph_0000100110",0.4994209373441194,0.7553511705685618,0.797192513368984,5133313,0.5909017443656921,0.0301418304443359,0.0347166061401367
  -34,"graph_0000100111",0.5010481955800385,0.7284280936454849,0.7676470588235295,5264897,0.999710178375244,0.0656006336212158,0.0747363567352294
  -35,"graph_0000101000",0.4937528465158646,0.7269230769230769,0.7840240641711229,1245953,0.4941355109214783,0.0256273746490478,0.0296447277069091
  -36,"graph_0000101001",0.5100910342883168,0.7321070234113712,0.786831550802139,1529217,0.8016042709350586,0.0481643676757812,0.047861099243164
  -37,"graph_0000101010",0.5074594981456981,0.7332775919732442,0.7879010695187166,1529217,0.581506896018982,0.0340547561645507,0.0371575355529785
  -38,"graph_0000101011",0.4924918399878548,0.7336677814938686,0.7802807486631015,1660801,0.9615896344184875,0.0579931735992431,0.0737459659576416
  -39,"graph_0000101100",0.5096480622004381,0.755072463768116,0.7671791443850269,5272577,0.6152896761894227,0.0283765792846679,0.0380053520202636
  -40,"graph_0000101101",0.5149328222255959,0.7347826086956522,0.7907085561497326,5555841,0.9523845076560974,0.0569267272949218,0.0608775615692138
  -41,"graph_0000101110",0.4957836322626819,0.7231326644370122,0.7698529411764705,5555841,0.7038900017738342,0.0354776382446289,0.0449969768524169
  -42,"graph_0000101111",0.495297555791711,0.7308807134894092,0.7744652406417113,5687425,1.1154924511909483,0.07127046585083,0.0957202911376953
  -43,"graph_0000110100",0.5081966102062504,0.7387402452619843,0.7853609625668448,5272577,0.5808058738708496,0.0334517955780029,0.0382483005523681
  ... 385 further lines not shown (cap is 50)

[RDB2G-Bench/rel-event/user-repeat/9.csv] column change:
  removed: []
  added:   ['dataset', 'seed', 'task']
  diff --git a/RDB2G-Bench/rel-event/user-repeat/9.csv b/RDB2G-Bench/rel-event/user-repeat/9.csv
  index 36dadfa..317be34 100644
  --- a/RDB2G-Bench/rel-event/user-repeat/9.csv
  +++ b/RDB2G-Bench/rel-event/user-repeat/9.csv
  @@ -1,215 +1,215 @@
  -idx,graph,train_metric,valid_metric,test_metric,params,train_time,valid_time,test_time
  -0,"graph_0000000001",0.4864566841614435,0.6767558528428094,0.63201871657754,716929,0.6658383727073669,0.0441410541534423,0.0643637180328369
  -1,"graph_0000000010",0.5140742588214882,0.6542363433667782,0.6637032085561497,716929,0.3702281355857849,0.0194408893585205,0.0375123023986816
  -2,"graph_0000000011",0.503443199809148,0.6761984392419175,0.6506684491978609,848513,0.741534161567688,0.0895924568176269,0.0682668685913086
  -3,"graph_0000000100",0.5098326790865124,0.699108138238573,0.6528743315508021,4448257,0.3059114813804626,0.0210638046264648,0.0206456184387207
  -4,"graph_0000000101",0.4888527727775488,0.6681716833890747,0.6822860962566845,4731521,0.6714274525642395,0.0410084724426269,0.050368309020996
  -5,"graph_0000000110",0.5082067763343382,0.668561872909699,0.7269385026737968,4731521,0.4653530836105347,0.0310332775115966,0.0246505737304687
  -6,"graph_0000000111",0.4958558795462925,0.6761426978818283,0.6775401069518716,4863105,0.8025673985481262,0.0623307228088378,0.0767500400543212
  -7,"graph_0000001000",0.5117574660044677,0.6772575250836121,0.6676470588235295,856193,0.2764193296432495,0.0168027877807617,0.0168135166168212
  -8,"graph_0000001001",0.4958526263853043,0.677536231884058,0.6848262032085561,1139457,0.6630540490150452,0.0361232757568359,0.0399565696716308
  -9,"graph_0000001010",0.5024940900908716,0.6681159420289855,0.6826203208556149,1139457,0.3737616896629333,0.0254702568054199,0.0267207622528076
  -10,"graph_0000001011",0.4940793825500444,0.6786510590858416,0.6637700534759358,1271041,0.848577344417572,0.0575311183929443,0.0605850219726562
  -11,"graph_0000001100",0.5077025363811837,0.6950390189520624,0.6814171122994652,4870785,0.4552510142326355,0.0302212238311767,0.0232465267181396
  -12,"graph_0000001101",0.5092054967576829,0.6628762541806021,0.712566844919786,5154049,0.7590680360794068,0.0469520092010498,0.0502212047576904
  -13,"graph_0000001110",0.5020795831616387,0.6972129319955408,0.6707887700534759,5154049,0.5086528539657593,0.0275595188140869,0.0283689498901367
  -14,"graph_0000001111",0.5015238348261728,0.682608695652174,0.6782085561497326,5285633,1.007469642162323,0.0651674270629882,0.0670845508575439
  -15,"graph_0000010100",0.5070971773406493,0.682329988851728,0.6598262032085561,4870785,0.4000947475433349,0.0283358097076416,0.0257506370544433
  -16,"graph_0000010101",0.4863828102973389,0.6906911928651059,0.6971256684491979,5154049,0.8450287699699401,0.0447614192962646,0.0641472339630127
  -17,"graph_0000010110",0.4740285247999306,0.6502229654403567,0.6602272727272727,5154049,0.5354214668273926,0.0405378341674804,0.0292973518371582
  -18,"graph_0000010111",0.493490695959574,0.694314381270903,0.6539438502673798,5285633,1.0213384628295898,0.0639815330505371,0.07672119140625
  -19,"graph_0000011000",0.5033458760762541,0.6671125975473802,0.6590240641711229,4870785,0.4451209902763366,0.0265071392059326,0.0260939598083496
  -20,"graph_0000011001",0.4895400030362836,0.6717391304347826,0.6806818181818182,5154049,0.82489013671875,0.0450208187103271,0.0486981868743896
  -21,"graph_0000011010",0.5113604448155458,0.6563545150501673,0.7053475935828877,5154049,0.5321005344390869,0.0293233394622802,0.0297155380249023
  -22,"graph_0000011011",0.48708467978052,0.6786510590858417,0.6086898395721925,5285633,1.0234390020370483,0.0573105812072753,0.061335802078247
  -23,"graph_0000011100",0.4836848554512134,0.6875696767001115,0.7288770053475935,5002369,0.5126451849937439,0.0249037742614746,0.0350763797760009
  -24,"graph_0000011101",0.4961612700340497,0.6949832775919732,0.7379010695187166,5285633,0.880005955696106,0.0471947193145751,0.0500860214233398
  -25,"graph_0000011110",0.4873593007872649,0.6765328874024527,0.6731951871657755,5285633,0.5578321099281311,0.0308220386505126,0.0340635776519775
  -26,"graph_0000011111",0.4944167624541847,0.6874581939799332,0.6677807486631017,5417217,1.059145414829254,0.0641663074493408,0.0659930706024169
  -27,"graph_0000100000",0.4955301568023596,0.7424749163879599,0.8038101604278075,823425,0.4447472214698791,0.0280947685241699,0.0335607528686523
  -28,"graph_0000100001",0.4910459454770218,0.724247491638796,0.7879679144385027,1106689,0.7770479679107666,0.0552856922149658,0.0619254112243652
  -29,"graph_0000100010",0.5073944349259364,0.7538461538461538,0.8018048128342246,1106689,0.4999176383018494,0.0308146476745605,0.0306344032287597
  -30,"graph_0000100011",0.5048739129020365,0.7352285395763657,0.7705213903743316,1238273,0.996343731880188,0.0611426830291748,0.0911736488342285
  -31,"graph_0000100100",0.51243168361925,0.7382943143812708,0.7786764705882353,4838017,0.5302905559539794,0.033414602279663,0.0360798835754394
  -32,"graph_0000100101",0.502681146847687,0.7102564102564103,0.7739304812834223,5121281,0.9315612554550172,0.0640826225280761,0.0699045658111572
  -33,"graph_0000100110",0.5021506105098787,0.7453734671125976,0.7804812834224599,5121281,0.6658268690109252,0.0369954109191894,0.0380692481994628
  -34,"graph_0000100111",0.5108030698995858,0.7320512820512821,0.7907754010695188,5252865,1.0831677198410037,0.0663182735443115,0.0752737522125244
  -35,"graph_0000101000",0.5013039753627275,0.7433110367892977,0.7931149732620321,1245953,0.499910295009613,0.0288057327270507,0.0285587310791015
  -36,"graph_0000101001",0.5040141295625582,0.7216833890746934,0.7334893048128343,1529217,0.8713044643402099,0.0586121082305908,0.0721340179443359
  -37,"graph_0000101010",0.5068855863280488,0.7374581939799332,0.786163101604278,1529217,0.6660993695259094,0.0344734191894531,0.064683198928833
  -38,"graph_0000101011",0.5002697412652628,0.7363433667781494,0.7923128342245989,1660801,1.068221962451935,0.0658869743347168,0.0761332511901855
  -39,"graph_0000101100",0.5142502006115942,0.7481605351170569,0.7506016042780748,5260545,0.621488344669342,0.0489654541015625,0.0383656024932861
  -40,"graph_0000101101",0.5079976251924787,0.7271460423634336,0.7808823529411765,5543809,1.049212670326233,0.0583457946777343,0.0643408298492431
  -41,"graph_0000101110",0.5042155544470711,0.741025641025641,0.8030080213903743,5543809,0.728684377670288,0.0404016971588134,0.0401694774627685
  -42,"graph_0000101111",0.5055953013511463,0.734726867335563,0.7782754010695186,5675393,1.1667357802391052,0.0737736225128173,0.1050570011138916
  -43,"graph_0000110100",0.4803113275065606,0.7537346711259756,0.7903743315508021,5260545,0.6414050817489624,0.0336875915527343,0.0368487834930419
  ... 385 further lines not shown (cap is 50)

[RDB2G-Bench/rel-f1/driver-dnf/0.csv] column change:
  removed: []
  added:   ['dataset', 'seed', 'task']
  diff --git a/RDB2G-Bench/rel-f1/driver-dnf/0.csv b/RDB2G-Bench/rel-f1/driver-dnf/0.csv
  index e4db908..2bc42fa 100644
  --- a/RDB2G-Bench/rel-f1/driver-dnf/0.csv
  +++ b/RDB2G-Bench/rel-f1/driver-dnf/0.csv
  @@ -1,723 +1,723 @@
  -idx,graph,train_metric,valid_metric,test_metric,params,train_time,valid_time,test_time
  -0,"graph_0000000000000010",0.5098117159236013,0.7808072562358276,0.717596252378861,954241,0.988278329372406,0.0390520095825195,0.0455427169799804
  -1,"graph_0000000000000011",0.5032837956389619,0.7516371882086167,0.716942370565559,1462529,1.8415359139442444,0.0727813243865966,0.0689938068389892
  -2,"graph_0000000000001000",0.5147891129376299,0.7425668934240363,0.7007465963987702,1185409,0.8944398760795593,0.0388262271881103,0.0385410785675048
  -3,"graph_0000000000001010",0.4985924819092248,0.7478458049886622,0.7329966329966331,1607809,1.4762913823127746,0.0575141906738281,0.0546698570251464
  -4,"graph_0000000000001011",0.5024340415043183,0.7749478458049887,0.7129312448153028,2116097,2.093582093715668,0.096804141998291,0.0953412055969238
  -5,"graph_0000000000001100",0.501161543347488,0.7406439909297053,0.7289806275313522,1693697,1.6969308376312255,0.0804548263549804,0.0799100399017334
  -6,"graph_0000000000001110",0.5010030052235905,0.7818956916099774,0.7134972917581612,2116097,2.226307761669159,0.1246838569641113,0.1186764240264892
  -7,"graph_0000000000001111",0.5185088884173097,0.7538503401360545,0.7226906748645878,2247681,2.42562255859375,0.1448016166687011,0.1349327564239502
  -8,"graph_0000000000011000",0.4973802559508313,0.76215873015873,0.7036695456985311,1666049,1.434588885307312,0.0521433353424072,0.0535883903503418
  -9,"graph_0000000000011010",0.5081138849205742,0.7812970521541951,0.7271116966769141,2088449,1.855395793914795,0.0724272727966308,0.0770094394683837
  -10,"graph_0000000000011011",0.4992554760920279,0.7870839002267573,0.6833601717659689,2596737,2.498458659648896,0.1141436100006103,0.1182441711425781
  -11,"graph_0000000000011100",0.5108802074559591,0.7789024943310656,0.682403747621139,2174337,2.054313266277313,0.1105861663818359,0.0930354595184326
  -12,"graph_0000000000011110",0.4825073526248123,0.7775419501133786,0.6668374566925293,2596737,2.480537319183349,0.1128511428833007,0.1148812770843505
  -13,"graph_0000000000011111",0.4920757555537567,0.766875283446712,0.7107646513443615,2728321,2.689021337032318,0.1332917213439941,0.1304404735565185
  -14,"graph_0000000010000000",0.5030659333366879,0.7450521541950114,0.699824330259113,921217,0.9214678049087524,0.0326936244964599,0.0362682342529296
  -15,"graph_0000000010000010",0.5000486042592354,0.7431473922902494,0.7346264578148636,1343617,1.4316091656684875,0.0548250675201416,0.0567736625671386
  -16,"graph_0000000010000011",0.4996467896029911,0.7444353741496597,0.7428829356365587,1851905,2.112960195541382,0.1164040565490722,0.0997719764709472
  -17,"graph_0000000010001000",0.4941218380796321,0.7692879818594104,0.739125555067584,1574785,1.4418173551559448,0.0582213401794433,0.0580554008483886
  -18,"graph_0000000010001010",0.4964919976168234,0.7367619047619047,0.7511394134582541,1997185,1.9029937863349915,0.0793237686157226,0.0848739147186279
  -19,"graph_0000000010001011",0.5001940524138414,0.7584399092970522,0.7361977260527985,2505473,2.559609580039978,0.1415669918060302,0.1248743534088134
  -20,"graph_0000000010001100",0.5040194956679129,0.7683265306122449,0.7402966866734983,2083073,2.114708399772644,0.1179163455963134,0.1009070873260498
  -21,"graph_0000000010001110",0.4987353412398206,0.7522176870748298,0.7501829893134241,2505473,2.536479115486145,0.1429646015167236,0.1235346794128418
  -22,"graph_0000000010001111",0.491124526810372,0.7424399092970522,0.7096130385985459,2637057,2.742748236656189,0.1622726917266845,0.1549208164215088
  -23,"graph_0000000010011000",0.5108024698110305,0.7444716553287982,0.7111647879763823,2055425,1.692529559135437,0.0697138309478759,0.0768835544586181
  -24,"graph_0000000010011010",0.4972400219065558,0.7413061224489796,0.7394476162592104,2477825,2.153020942211151,0.0911648273468017,0.0979828834533691
  -25,"graph_0000000010011011",0.4961518407267959,0.7655873015873016,0.7238130093202557,2986113,2.701872742176056,0.1456975936889648,0.1287026405334472
  -26,"graph_0000000010011100",0.5023751184113516,0.7246439909297052,0.7404723564143854,2563713,2.2009389996528625,0.1232314109802246,0.1066281795501709
  -27,"graph_0000000010011110",0.5086369732198918,0.7901859410430838,0.6831454643048844,2986113,2.638702833652496,0.1460120677947998,0.1319003105163574
  -28,"graph_0000000010011111",0.5016039770170768,0.7560816326530613,0.700614844093105,3117697,2.8178094744682314,0.1423361301422119,0.1406221389770507
  -29,"graph_0000000011000000",0.4958325402780907,0.7579138321995464,0.7182403747621139,1429505,1.1997517704963685,0.0603435039520263,0.0681581497192382
  -30,"graph_0000000011000010",0.4929478975467428,0.7633378684807257,0.7399648660518227,1851905,1.6197840213775634,0.0836386680603027,0.0918591022491455
  -31,"graph_0000000011000011",0.5065133353606378,0.7668027210884354,0.7189332942956133,1983489,2.007635998725891,0.1048114299774169,0.1066737174987793
  -32,"graph_0000000011001000",0.5031674444077391,0.7588027210884353,0.7393207436685698,2083073,1.6645650625228885,0.084531545639038,0.0943331718444824
  -33,"graph_0000000011001010",0.5137829719553788,0.7514013605442178,0.7351144293173278,2505473,2.033349645137787,0.1043105125427246,0.1145601272583007
  -34,"graph_0000000011001011",0.4911351738048931,0.7569886621315194,0.7574244864099937,2637057,2.467422807216644,0.1299068927764892,0.1280710697174072
  -35,"graph_0000000011001100",0.5034338380446284,0.7583129251700681,0.7495681452203191,2214657,1.971086072921753,0.1050214767456054,0.1073560714721679
  -36,"graph_0000000011001110",0.4821390103691517,0.774095238095238,0.7298248182306154,2637057,2.429427838325501,0.1230192184448242,0.129091739654541
  -37,"graph_0000000011001111",0.5103614946338418,0.7467029478458049,0.7469038208168644,2768641,2.5858112931251527,0.1371152400970459,0.1367828845977783
  -38,"graph_0000000011011000",0.5080259742911545,0.7535056689342403,0.7380910554823599,2563713,1.879263615608216,0.0925960540771484,0.1070699691772461
  -39,"graph_0000000011011010",0.5034316867683382,0.7560634920634919,0.7138339920948616,2986113,2.3312732934951783,0.1153845787048339,0.1268768310546875
  -40,"graph_0000000011011011",0.493946964840853,0.7752562358276645,0.7088322841946031,3117697,2.831487464904785,0.1387693881988525,0.1415674686431884
  -41,"graph_0000000011011100",0.493003757805669,0.7342040816326529,0.735426731078905,2695297,2.3329139590263366,0.1151368618011474,0.1186399459838867
  -42,"graph_0000000011011110",0.5075600224316131,0.7822222222222222,0.7569950714878252,3117697,2.9184738636016845,0.1452810764312744,0.1483261585235595
  -43,"graph_0000000011011111",0.4843874222532395,0.775328798185941,0.7139559849704777,3249281,3.074200713634491,0.1564478874206543,0.1584610939025879
  ... 1401 further lines not shown (cap is 50)

[RDB2G-Bench/rel-f1/driver-dnf/1.csv] column change:
  removed: []
  added:   ['dataset', 'seed', 'task']
  diff --git a/RDB2G-Bench/rel-f1/driver-dnf/1.csv b/RDB2G-Bench/rel-f1/driver-dnf/1.csv
  index 32459b3..781776d 100644
  --- a/RDB2G-Bench/rel-f1/driver-dnf/1.csv
  +++ b/RDB2G-Bench/rel-f1/driver-dnf/1.csv
  @@ -1,723 +1,723 @@
  -idx,graph,train_metric,valid_metric,test_metric,params,train_time,valid_time,test_time
  -0,"graph_0000000000000010",0.4916529021446402,0.7622675736961451,0.741053042502318,954241,0.973080313205719,0.036142349243164,0.0385468006134033
  -1,"graph_0000000000000011",0.5068756977974577,0.7582222222222224,0.7391450739276826,1462529,1.7521998524665832,0.0796124935150146,0.0749664306640625
  -2,"graph_0000000000001000",0.4966130524860367,0.7418049886621315,0.73631483921339,1185409,0.9852410197257996,0.0386686325073242,0.0384376049041748
  -3,"graph_0000000000001010",0.5033349887222075,0.7799546485260771,0.7337481091104281,1607809,1.504537570476532,0.0609478950500488,0.0586299896240234
  -4,"graph_0000000000001011",0.5119248526375741,0.7494240362811792,0.7281169179719904,2116097,2.218603420257568,0.1250276565551757,0.1176583766937255
  -5,"graph_0000000000001100",0.4860009159332273,0.7814784580498866,0.716669106524179,1693697,1.7603224635124206,0.0822274684906005,0.0806777477264404
  -6,"graph_0000000000001110",0.4931680205122371,0.7735510204081633,0.7308202800956424,2116097,2.180531942844391,0.1030709743499755,0.1014308929443359
  -7,"graph_0000000000001111",0.5179824091231616,0.7704308390022675,0.7466988727858292,2247681,2.375351917743683,0.1180830001831054,0.1162729263305664
  -8,"graph_0000000000011000",0.5120268012563454,0.7617414965986394,0.7243204996828185,1666049,1.3428954362869263,0.0492994785308837,0.0479841232299804
  -9,"graph_0000000000011010",0.4906088768222951,0.7598004535147392,0.7364612306641294,2088449,1.7486642360687257,0.0761311054229736,0.0759253501892089
  -10,"graph_0000000000011011",0.5090006118375618,0.7821678004535146,0.7306446103547553,2596737,2.4729021906852724,0.1140921115875244,0.1146984100341796
  -11,"graph_0000000000011100",0.492531899051907,0.7728616780045351,0.6973698336017177,2174337,2.020532429218292,0.1135687828063964,0.0947968959808349
  -12,"graph_0000000000011110",0.4918957046669568,0.7829297052154194,0.7181232616015225,2596737,2.469663691520691,0.1119840145111084,0.1124095916748046
  -13,"graph_0000000000011111",0.4982857974197811,0.8009614512471656,0.7101254086761333,2728321,2.644410574436188,0.1293768882751464,0.1286492347717285
  -14,"graph_0000000010000000",0.5121673999237208,0.7379410430839002,0.7410481627872932,921217,0.8493294835090637,0.0309674739837646,0.036229133605957
  -15,"graph_0000000010000010",0.4997252929564297,0.7337052154195011,0.7289318303811058,1343617,1.3625776886940002,0.0517904758453369,0.0556864738464355
  -16,"graph_0000000010000011",0.5021023074079017,0.7258594104308391,0.728682964914849,1851905,2.045914089679718,0.1187109947204589,0.1014890670776367
  -17,"graph_0000000010001000",0.5083521296541403,0.7856689342403629,0.7225150051237008,1574785,1.4035740733146669,0.0551986694335937,0.0562899112701416
  -18,"graph_0000000010001010",0.5021255703616843,0.7476462585034014,0.7508563899868248,1997185,1.76732337474823,0.077355146408081,0.0809822082519531
  -19,"graph_0000000010001011",0.5113400701097297,0.7401904761904762,0.7555799541306788,2505473,2.462629055976868,0.1207072734832763,0.1221168041229248
  -20,"graph_0000000010001100",0.4806923317574323,0.7353287981859411,0.735290099058215,2083073,2.063183581829071,0.1190292835235595,0.1031622886657714
  -21,"graph_0000000010001110",0.501924626571252,0.7613605442176871,0.7152735080271312,2505473,2.4737030625343324,0.1204426288604736,0.1214480400085449
  -22,"graph_0000000010001111",0.5017841372908065,0.7452698412698413,0.7452642365685843,2637057,2.6300905346870422,0.1648123264312744,0.155207872390747
  -23,"graph_0000000010011000",0.4891961446211894,0.7578412698412698,0.722183184502025,2055425,1.6069266676902771,0.0648145675659179,0.0717716217041015
  -24,"graph_0000000010011010",0.4936592407526112,0.7593106575963718,0.7247694334650856,2477825,2.0290557503700257,0.0868201255798339,0.0943050384521484
  -25,"graph_0000000010011011",0.5051486604841173,0.7602358276643991,0.7356560776850631,2986113,2.766338860988617,0.1525290012359619,0.1348123550415039
  -26,"graph_0000000010011100",0.5095694238736246,0.7753650793650795,0.7353096179183136,2563713,2.3459202885627746,0.1074929237365722,0.1126713752746582
  -27,"graph_0000000010011110",0.5100015751717921,0.7407709750566893,0.7475674620602157,2986113,2.7955848574638367,0.1298606395721435,0.1322786808013916
  -28,"graph_0000000010011111",0.5013899797196631,0.7553378684807255,0.748094471282877,3117697,2.9477184772491456,0.1482036113739013,0.1460256576538086
  -29,"graph_0000000011000000",0.4900029096923383,0.7630294784580499,0.685404772361294,1429505,1.2177717566490174,0.0649483203887939,0.0737512111663818
  -30,"graph_0000000011000010",0.5045902037440958,0.7582585034013605,0.7327087298101791,1851905,1.6703433990478516,0.0861244201660156,0.096930980682373
  -31,"graph_0000000011000011",0.501769661753735,0.7682176870748298,0.7413311862587225,1983489,2.1897660374641417,0.1366491317749023,0.1314122676849365
  -32,"graph_0000000011001000",0.5053241535821668,0.7530521541950113,0.7491924071634217,2083073,1.6913235187530518,0.0883195400238037,0.1013965606689453
  -33,"graph_0000000011001010",0.5087954384191693,0.7484625850340136,0.7246718391645929,2505473,2.099394941329956,0.1089406013488769,0.1209497451782226
  -34,"graph_0000000011001011",0.492577695713272,0.7786303854875283,0.7397989557409848,2637057,2.5550127029418945,0.1383588314056396,0.1355056762695312
  -35,"graph_0000000011001100",0.4951283436849831,0.7332244897959184,0.7376616405601912,2214657,2.083534801006317,0.1118381023406982,0.1125409603118896
  -36,"graph_0000000011001110",0.5043591056232904,0.7475736961451247,0.7235592641389743,2637057,2.505874979496002,0.1325774192810058,0.1352770328521728
  -37,"graph_0000000011001111",0.5011582252772776,0.7611428571428571,0.7392426682281754,2768641,2.6574039220809937,0.1463232040405273,0.1443681716918945
  -38,"graph_0000000011011000",0.4977906757122365,0.7567891156462585,0.7242424242424242,2563713,1.9574397087097168,0.0982909202575683,0.1089136600494384
  -39,"graph_0000000011011010",0.50616989686271,0.7359092970521541,0.7334358073488507,2986113,2.398232889175415,0.1205775737762451,0.1340527534484863
  -40,"graph_0000000011011011",0.500173086585589,0.7532154195011338,0.7533596837944664,3117697,2.852852046489716,0.143498420715332,0.147611379623413
  -41,"graph_0000000011011100",0.5050416800665656,0.7826938775510204,0.7318059825306202,2695297,2.3029898047447204,0.1221828460693359,0.1278357505798339
  -42,"graph_0000000011011110",0.5017765166680157,0.7644444444444444,0.7594544478602449,3117697,2.801593315601349,0.1417045593261718,0.1467714309692382
  -43,"graph_0000000011011111",0.4713836498626464,0.7706666666666667,0.7171765968867418,3249281,2.989539361000061,0.1820414066314697,0.1743438243865966
  ... 1401 further lines not shown (cap is 50)

[RDB2G-Bench/rel-f1/driver-dnf/10.csv] column change:
  removed: []
  added:   ['dataset', 'seed', 'task']
  diff --git a/RDB2G-Bench/rel-f1/driver-dnf/10.csv b/RDB2G-Bench/rel-f1/driver-dnf/10.csv
  index 770cd30..ac5e500 100644
  --- a/RDB2G-Bench/rel-f1/driver-dnf/10.csv
  +++ b/RDB2G-Bench/rel-f1/driver-dnf/10.csv
  @@ -1,723 +1,723 @@
  -idx,graph,train_metric,valid_metric,test_metric,params,train_time,valid_time,test_time
  -0,"graph_0000000000000010",0.500806692146529,0.7551201814058957,0.7257941736202606,954241,1.5099922299385071,0.0981550216674804,0.0671954154968261
  -1,"graph_0000000000000011",0.4894027400696721,0.7680907029478459,0.7118284292197335,1462529,2.747075688838959,0.1156082153320312,0.1920826435089111
  -2,"graph_0000000000001000",0.4835592538061182,0.749641723356009,0.7155174937783633,1185409,1.448652160167694,0.0499365329742431,0.0787887573242187
  -3,"graph_0000000000001010",0.5016046698009669,0.7574784580498866,0.7248865466256771,1607809,2.2081215739250184,0.1598539352416992,0.0750730037689209
  -4,"graph_0000000000001011",0.5073988954837054,0.7326621315192743,0.7385692675547748,2116097,3.639837825298309,0.1932532787322998,0.1838793754577636
  -5,"graph_0000000000001100",0.5118475525403656,0.7512199546485261,0.7305079783340652,1693697,2.7703517198562624,0.12105393409729,0.1252875328063964
  -6,"graph_0000000000001110",0.4997992385211178,0.7444716553287981,0.727111696676914,2116097,3.513402283191681,0.3170387744903564,0.1409170627593994
  -7,"graph_0000000000001111",0.4992919748643419,0.76,0.7253159615478455,2247681,3.799277651309967,0.1915924549102783,0.1893408298492431
  -8,"graph_0000000000011000",0.4941765680069482,0.748843537414966,0.6901039379300249,1666049,1.8790545344352725,0.0857739448547363,0.0721333026885986
  -9,"graph_0000000000011010",0.5219257714877863,0.7715192743764173,0.7168935734153126,2088449,2.705468797683716,0.1275548934936523,0.1189715862274169
  -10,"graph_0000000000011011",0.4973175043153144,0.7481360544217688,0.7111599082613576,2596737,3.9918727397918703,0.2016141414642334,0.1590898036956787
  -11,"graph_0000000000011100",0.4955526920488098,0.7499319727891156,0.6978334065290588,2174337,2.8856411576271057,0.1305568218231201,0.1905851364135742
  -12,"graph_0000000000011110",0.5070591396790879,0.7941405895691611,0.720504562533548,2596737,3.991761100292206,0.2378273010253906,0.2102746963500976
  -13,"graph_0000000000011111",0.4906937610799844,0.7695419501133787,0.6936466110379154,2728321,4.323654687404632,0.2327818870544433,0.2110042572021484
  -14,"graph_0000000010000000",0.5226201232571928,0.7420408163265307,0.7245352071439028,921217,1.2123218536376954,0.0375087261199951,0.0477223396301269
  -15,"graph_0000000010000010",0.4959273422841012,0.7526349206349205,0.7592738984043333,1343617,1.8881451725959777,0.0739636421203613,0.0940606594085693
  -16,"graph_0000000010000011",0.4847981701754347,0.7672199546485262,0.7549846288976724,1851905,3.212407088279724,0.1605136394500732,0.1756138801574707
  -17,"graph_0000000010001000",0.4867848555983137,0.7299410430839002,0.7618943053725663,1574785,2.058619201183319,0.1364953517913818,0.1020655632019043
  -18,"graph_0000000010001010",0.4964870022803528,0.776907029478458,0.7215390621187723,1997185,2.74617577791214,0.1662487983703613,0.1420209407806396
  -19,"graph_0000000010001011",0.4985967115371854,0.7310657596371881,0.7368711267261991,2505473,4.009308302402497,0.2276766300201416,0.1852028369903564
  -20,"graph_0000000010001100",0.5248474963884082,0.7459773242630385,0.7183770067828039,2083073,3.231535542011261,0.1284811496734619,0.1901285648345947
  -21,"graph_0000000010001110",0.5041099221967229,0.7292154195011339,0.740150295222759,2505473,4.087702238559723,0.1550250053405761,0.2503812313079834
  -22,"graph_0000000010001111",0.5227881780440012,0.7448707482993197,0.7430146879422243,2637057,4.4835412979125975,0.2591047286987304,0.206622838973999
  -23,"graph_0000000010011000",0.5054567670036514,0.7691972789115646,0.7242521836724735,2055425,2.210797834396362,0.0959019660949707,0.1123719215393066
  -24,"graph_0000000010011010",0.4975208546182068,0.7411700680272109,0.729844337090714,2477825,3.2696136116981505,0.1167445182800293,0.2047748565673828
  -25,"graph_0000000010011011",0.4905933074159234,0.7489523809523808,0.74750890547992,2986113,4.489210164546966,0.2121152877807617,0.2732777595520019
  -26,"graph_0000000010011100",0.4891647141099659,0.758766439909297,0.7244376128434098,2563713,3.6144507050514223,0.187197208404541,0.2087891101837158
  -27,"graph_0000000010011110",0.4966980825929661,0.7485714285714287,0.7200458693212316,2986113,4.448524332046508,0.1915147304534912,0.2167258262634277
  -28,"graph_0000000010011111",0.502504814848036,0.7576235827664399,0.7362562826330943,3117697,4.924331307411194,0.3310484886169433,0.2312488555908203
  -29,"graph_0000000011000000",0.492314437835043,0.7557551020408164,0.7003123017615771,1429505,1.829440987110138,0.1074881553649902,0.1165165901184082
  -30,"graph_0000000011000010",0.4893355035700247,0.723265306122449,0.7441370223978918,1851905,2.425695538520813,0.2168340682983398,0.1614677906036377
  -31,"graph_0000000011000011",0.4881900765635585,0.7771609977324263,0.726360220563119,1983489,3.2654563307762148,0.1716222763061523,0.2041101455688476
  -32,"graph_0000000011001000",0.5008366277030423,0.7545396825396824,0.7319962914165812,2083073,2.78417432308197,0.1546194553375244,0.1703085899353027
  -33,"graph_0000000011001010",0.4870650684506946,0.7709206349206348,0.7020006831601036,2505473,3.49450912475586,0.1441214084625244,0.2712428569793701
  -34,"graph_0000000011001011",0.5035317393469891,0.7425124716553289,0.7635778070560679,2637057,4.179500937461853,0.3235065937042236,0.2060530185699463
  -35,"graph_0000000011001100",0.4996994411786369,0.7689251700680271,0.7456058166203094,2214657,3.239169800281525,0.1714794635772705,0.2176744937896728
  -36,"graph_0000000011001110",0.4952201193192632,0.7846712018140589,0.7293466061582004,2637057,4.437385714054107,0.2325177192687988,0.2318181991577148
  -37,"graph_0000000011001111",0.511597092932948,0.7486258503401362,0.7476260186405114,2768641,4.6743611097335815,0.2501528263092041,0.2561061382293701
  -38,"graph_0000000011011000",0.4917634558685723,0.7450158730158731,0.7171277997364953,2563713,3.059536874294281,0.2057387828826904,0.2080481052398681
  -39,"graph_0000000011011010",0.4965825335325634,0.7463401360544218,0.728097399111892,2986113,3.860749542713165,0.2217390537261963,0.2136125564575195
  -40,"graph_0000000011011011",0.5035843909226351,0.7660045351473922,0.739672083150344,3117697,4.83936265707016,0.2756385803222656,0.243100881576538
  -41,"graph_0000000011011100",0.4989324929500123,0.7788480725623582,0.7296393890596788,2695297,3.847035229206085,0.1983520984649658,0.248004674911499
  -42,"graph_0000000011011110",0.4952700362216587,0.759827664399093,0.7144927536231884,3117697,4.599658679962158,0.3208599090576172,0.2202365398406982
  -43,"graph_0000000011011111",0.4951325003883235,0.761124716553288,0.7202800956424145,3249281,4.817249929904937,0.2607288360595703,0.2931864261627197
  ... 1401 further lines not shown (cap is 50)

[RDB2G-Bench/rel-f1/driver-dnf/11.csv] column change:
  removed: []
  added:   ['dataset', 'seed', 'task']
  diff --git a/RDB2G-Bench/rel-f1/driver-dnf/11.csv b/RDB2G-Bench/rel-f1/driver-dnf/11.csv
  index 3484f9c..2f1ebaf 100644
  --- a/RDB2G-Bench/rel-f1/driver-dnf/11.csv
  +++ b/RDB2G-Bench/rel-f1/driver-dnf/11.csv
  @@ -1,723 +1,723 @@
  -idx,graph,train_metric,valid_metric,test_metric,params,train_time,valid_time,test_time
  -0,"graph_0000000000000010",0.4997514728950126,0.7689251700680272,0.6959400770994975,954241,1.559427559375763,0.0833051204681396,0.0660023689270019
  -1,"graph_0000000000000011",0.5063787529744129,0.7776507936507937,0.7074464451276046,1462529,2.663193750381469,0.1348471641540527,0.1112034320831298
  -2,"graph_0000000000001000",0.4951439860159748,0.7412244897959184,0.7358073488508271,1185409,1.6339129328727722,0.0662817955017089,0.073777437210083
  -3,"graph_0000000000001010",0.5036245723882594,0.7626666666666668,0.7247987117552335,1607809,2.3184955954551696,0.1237204074859619,0.1193099021911621
  -4,"graph_0000000000001011",0.5006675884338636,0.7667845804988662,0.7412921485385253,2116097,3.676372063159943,0.1933531761169433,0.1709184646606445
  -5,"graph_0000000000001100",0.4983353132367665,0.785124716553288,0.7152247108768848,1693697,2.623429560661316,0.1335935592651367,0.1092479228973388
  -6,"graph_0000000000001110",0.4948528709329027,0.7615056689342403,0.7224076513931584,2116097,3.5647388339042663,0.1933248043060302,0.1878359317779541
  -7,"graph_0000000000001111",0.5190053592303244,0.7789750566893423,0.7131166739862392,2247681,3.9256993889808656,0.2213337421417236,0.1886065006256103
  -8,"graph_0000000000011000",0.5095686581651145,0.7689070294784581,0.6740106377787538,1666049,2.07303227186203,0.068779706954956,0.0751328468322753
  -9,"graph_0000000000011010",0.5023109812080547,0.7644988662131519,0.7268384326355342,2088449,2.4716674089431763,0.1489675045013427,0.1125311851501464
  -10,"graph_0000000000011011",0.4864645706672384,0.7323174603174603,0.7261259942419362,2596737,4.198391473293304,0.1678197383880615,0.2128903865814209
  -11,"graph_0000000000011100",0.4812026947105585,0.785233560090703,0.6849216805738545,2174337,3.1413807392120363,0.1676855087280273,0.2103962898254394
  -12,"graph_0000000000011110",0.5086707373189555,0.7910748299319726,0.7226516371443907,2596737,4.121991777420044,0.2128176689147949,0.235478401184082
  -13,"graph_0000000000011111",0.4940275830082717,0.7763265306122449,0.7173717854877275,2728321,4.063278079032898,0.19854736328125,0.1986134052276611
  -14,"graph_0000000010000000",0.4987516763547024,0.7504036281179138,0.7248523886205045,921217,1.261130142211914,0.0798571109771728,0.0524277687072753
  -15,"graph_0000000010000010",0.4969466096979535,0.729469387755102,0.753257209778949,1343617,2.054515743255615,0.1390419006347656,0.1056323051452636
  -16,"graph_0000000010000011",0.4846117019220742,0.7514557823129251,0.7297272239301225,1851905,3.384191608428955,0.1921775341033935,0.1374177932739257
  -17,"graph_0000000010001000",0.503021850403893,0.7546485260770974,0.7374078953789098,1574785,1.85896292924881,0.1076765060424804,0.1193687915802002
  -18,"graph_0000000010001010",0.4953959405781026,0.7520181405895692,0.7589030400624603,1997185,2.9529340147972105,0.1384377479553222,0.1240835189819336
  -19,"graph_0000000010001011",0.5061014935691424,0.7801360544217688,0.7264480554335626,2505473,4.19373779296875,0.236790657043457,0.1987867355346679
  -20,"graph_0000000010001100",0.4978601728751042,0.7652244897959182,0.7302835114429317,2083073,3.3541786789894106,0.1739280223846435,0.1859498023986816
  -21,"graph_0000000010001110",0.4936045108252952,0.7493333333333333,0.746240179573513,2505473,3.841036331653595,0.202730655670166,0.1855242252349853
  -22,"graph_0000000010001111",0.5056457511564021,0.7627755102040816,0.7557849021617138,2637057,4.600401771068573,0.2518026828765869,0.240103006362915
  -23,"graph_0000000010011000",0.5040500510836964,0.7574603174603174,0.7219831161860147,2055425,2.495798480510712,0.1175036430358886,0.1783127784729004
  -24,"graph_0000000010011010",0.5046113883462082,0.7571519274376417,0.749665739520812,2477825,3.4445630073547364,0.1850879192352295,0.1736245155334472
  -25,"graph_0000000010011011",0.4910942630930686,0.7750748299319727,0.7387644561557605,2986113,4.200682163238525,0.1973862648010254,0.2129549980163574
  -26,"graph_0000000010011100",0.494083771427988,0.7346031746031747,0.7450202508173522,2563713,3.74253134727478,0.1664226055145263,0.1943697929382324
  -27,"graph_0000000010011110",0.5033524906310094,0.7562267573696145,0.7281364368320891,2986113,4.528677129745484,0.2077720165252685,0.2745199203491211
  -28,"graph_0000000010011111",0.4956379773919093,0.752671201814059,0.7392817059483725,3117697,5.143748116493225,0.2216646671295166,0.2727289199829101
  -29,"graph_0000000011000000",0.4863871611830999,0.7641360544217687,0.6824135070511883,1429505,1.645553755760193,0.1073505878448486,0.1547656059265136
  -30,"graph_0000000011000010",0.5115275593077704,0.7350566893424035,0.7104962670180063,1851905,2.638972020149231,0.1104350090026855,0.1781206130981445
  -31,"graph_0000000011000011",0.4900668281217754,0.7624671201814058,0.7233347972478407,1983489,3.432019901275635,0.173349380493164,0.2340378761291504
  -32,"graph_0000000011001000",0.4936091780009757,0.7448888888888888,0.7427463036158688,2083073,2.689725756645202,0.1232645511627197,0.1421384811401367
  -33,"graph_0000000011001010",0.4959200498221003,0.7448163265306122,0.7367540135656078,2505473,3.234051597118378,0.1499097347259521,0.2179133892059326
  -34,"graph_0000000011001011",0.5020990258000013,0.7564988662131519,0.7483482164641585,2637057,4.475833487510681,0.2463624477386474,0.2333521842956543
  -35,"graph_0000000011001100",0.4922809289721493,0.7681814058956916,0.7406968233055191,2214657,3.4708929538726805,0.1696739196777343,0.2506029605865478
  -36,"graph_0000000011001110",0.5095393789301813,0.7511655328798186,0.7490411359976579,2637057,4.457532811164856,0.2270152568817138,0.2208805084228515
  -37,"graph_0000000011001111",0.4978817585626266,0.7824943310657596,0.678129117259552,2768641,4.2139972448349,0.206928014755249,0.2630972862243652
  -38,"graph_0000000011011000",0.5028846427313479,0.7331156462585033,0.741677646025472,2563713,3.1883145689964296,0.245718240737915,0.1850593090057373
  -39,"graph_0000000011011010",0.5165894394940782,0.7350566893424035,0.7402966866734982,2986113,3.895213091373444,0.1817398071289062,0.2326116561889648
  -40,"graph_0000000011011011",0.4919778907137059,0.7457414965986393,0.728956228956229,3117697,4.939252007007599,0.2434661388397216,0.2680537700653076
  -41,"graph_0000000011011100",0.4869664743644437,0.7461043083900227,0.7264187771434149,2695297,3.5114399671554564,0.2587661743164062,0.1792643070220947
  -42,"graph_0000000011011110",0.5055559444868623,0.7806077097505669,0.7363929146537842,3117697,4.813596272468567,0.325052261352539,0.2861361503601074
  -43,"graph_0000000011011111",0.5034832080123739,0.7468662131519275,0.7080905675108573,3249281,4.832684028148651,0.2115101814270019,0.3030197620391845
  ... 1401 further lines not shown (cap is 50)

[RDB2G-Bench/rel-f1/driver-dnf/12.csv] column change:
  removed: []
  added:   ['dataset', 'seed', 'task']
  diff --git a/RDB2G-Bench/rel-f1/driver-dnf/12.csv b/RDB2G-Bench/rel-f1/driver-dnf/12.csv
  index 2aa6677..2ce5e19 100644
  --- a/RDB2G-Bench/rel-f1/driver-dnf/12.csv
  +++ b/RDB2G-Bench/rel-f1/driver-dnf/12.csv
  @@ -1,723 +1,723 @@
  -idx,graph,train_metric,valid_metric,test_metric,params,train_time,valid_time,test_time
  -0,"graph_0000000000000010",0.5007412787623817,0.7731700680272109,0.7287122432049968,954241,1.5115004181861875,0.0541973114013671,0.1270051002502441
  -1,"graph_0000000000000011",0.5032008803460127,0.7521632653061225,0.697160005855658,1462529,2.670557129383087,0.1866040229797363,0.1181914806365966
  -2,"graph_0000000000001000",0.5051941654470025,0.7574603174603175,0.6950812472551602,1185409,1.6242784976959228,0.0640833377838134,0.1091094017028808
  -3,"graph_0000000000001010",0.4954537333394589,0.7839455782312924,0.727755819060167,1607809,2.334377920627594,0.1375072002410888,0.0951919555664062
  -4,"graph_0000000000001011",0.4873647157143075,0.7669115646258504,0.7167667008246719,2116097,3.552971696853638,0.222792387008667,0.1680638790130615
  -5,"graph_0000000000001100",0.4917279051163183,0.7791383219954648,0.7131557117064363,1693697,2.753791415691376,0.1912105083465576,0.1514177322387695
  -6,"graph_0000000000001110",0.5023875885213731,0.7536326530612244,0.707495242277851,2116097,3.5542616844177246,0.2041671276092529,0.1775531768798828
  -7,"graph_0000000000001111",0.508784025716138,0.7609251700680273,0.7180549455911774,2247681,3.831179702281952,0.1717667579650879,0.2334117889404297
  -8,"graph_0000000000011000",0.5030959782801312,0.7634104308390022,0.7273166447079491,1666049,1.8606624484062195,0.093273639678955,0.073885440826416
  -9,"graph_0000000000011010",0.4959210707667805,0.7739501133786848,0.7454301468794222,2088449,2.624355340003967,0.1598057746887207,0.1105904579162597
  -10,"graph_0000000000011011",0.5137273669326228,0.7708662131519274,0.7068120821744011,2596737,3.952959668636322,0.1554157733917236,0.1989338397979736
  -11,"graph_0000000000011100",0.4896258529445867,0.7509115646258503,0.71379007465964,2174337,3.010067272186279,0.1708345413208007,0.1639990806579589
  -12,"graph_0000000000011110",0.4866655873822905,0.7881179138321994,0.6921143805201777,2596737,3.932518792152405,0.2278387546539306,0.1829807758331298
  -13,"graph_0000000000011111",0.5150529177505088,0.7689977324263039,0.7132240277167813,2728321,4.207085084915161,0.2747673988342285,0.2048017978668213
  -14,"graph_0000000010000000",0.4918702904368841,0.7492789115646259,0.7178158395549701,921217,1.2023107171058656,0.0665652751922607,0.0710513591766357
  -15,"graph_0000000010000010",0.4918323696344799,0.7585668934240363,0.7425999121651297,1343617,1.9396474003791808,0.0663661956787109,0.0945386886596679
  -16,"graph_0000000010000011",0.4910310739098317,0.7552108843537414,0.7586932123164006,1851905,3.169963872432709,0.1979594230651855,0.161823034286499
  -17,"graph_0000000010001000",0.5007750428614454,0.7628480725623583,0.715810276679842,1574785,2.034599506855011,0.1223585605621337,0.0957252979278564
  -18,"graph_0000000010001010",0.5020446240334753,0.7594376417233561,0.758322353974528,1997185,2.9331412076950074,0.1032569408416748,0.2118275165557861
  -19,"graph_0000000010001011",0.4893414469265554,0.7382494331065759,0.7487581125262285,2505473,3.941274082660675,0.2261950969696045,0.184025764465332
  -20,"graph_0000000010001100",0.496488351385823,0.7447437641723356,0.7283218660030253,2083073,3.14720139503479,0.1779289245605468,0.1347284317016601
  -21,"graph_0000000010001110",0.4914536720827782,0.7602176870748298,0.7375738056897477,2505473,3.978730964660645,0.2052133083343505,0.2672052383422851
  -22,"graph_0000000010001111",0.491878640305875,0.7561904761904762,0.7660518225735617,2637057,4.603577363491058,0.2356300354003906,0.2171852588653564
  -23,"graph_0000000010011000",0.4951218533938024,0.7359637188208616,0.7091445859561802,2055425,2.357724690437317,0.1322531700134277,0.1200976371765136
  -24,"graph_0000000010011010",0.5196165040083017,0.765079365079365,0.7115551651783536,2477825,3.103175127506256,0.132383108139038,0.2161219120025634
  -25,"graph_0000000010011011",0.5024022828323047,0.7319727891156462,0.7208363831552238,2986113,4.482342600822449,0.1809651851654052,0.2339420318603515
  -26,"graph_0000000010011100",0.5028437684818333,0.7381224489795918,0.7297955399404674,2563713,3.574086415767669,0.2953712940216064,0.1687450408935547
  -27,"graph_0000000010011110",0.5146178859298509,0.7787755102040816,0.7470355731225296,2986113,4.226874971389771,0.2810699939727783,0.1793687343597412
  -28,"graph_0000000010011111",0.4951603211308567,0.7544671201814057,0.7015322305177377,3117697,4.686379635334015,0.2256214618682861,0.3203065395355224
  -29,"graph_0000000011000000",0.4926242216208372,0.75697052154195,0.6453667105841019,1429505,1.7664015889167786,0.1098325252532959,0.1258344650268554
  -30,"graph_0000000011000010",0.5075259666340693,0.737814058956916,0.7282437905626311,1851905,2.6945191502571104,0.1608235836029052,0.1592381000518798
  -31,"graph_0000000011000011",0.5089821983710099,0.7917097505668934,0.7254233152783878,1983489,3.29450523853302,0.2373468875885009,0.2257256507873535
  -32,"graph_0000000011001000",0.5012885051109219,0.7482993197278911,0.7493339188991363,2083073,2.4690415978431703,0.1395215988159179,0.1749136447906494
  -33,"graph_0000000011001010",0.501805978214499,0.7888072562358277,0.7415556531498562,2505473,3.438822877407074,0.1808724403381347,0.1916496753692627
  -34,"graph_0000000011001011",0.4950628209139059,0.74918820861678,0.71269701849412,2637057,4.409151315689087,0.2522931098937988,0.2631897926330566
  -35,"graph_0000000011001100",0.5012295820179555,0.7436734693877551,0.7186307519640853,2214657,3.218656277656556,0.2560515403747558,0.1629812717437744
  -36,"graph_0000000011001110",0.5064584231217717,0.755265306122449,0.750866149416874,2637057,3.9723129153251646,0.2820386886596679,0.1795544624328613
  -37,"graph_0000000011001111",0.5054728104200531,0.7519274376417233,0.732996632996633,2768641,4.418728971481324,0.2427923679351806,0.2432143688201904
  -38,"graph_0000000011011000",0.4916223831911668,0.7601451247165534,0.7388620504562533,2563713,2.96939013004303,0.248767614364624,0.1504185199737548
  -39,"graph_0000000011011010",0.485163230823195,0.7510748299319727,0.7389108476064998,2986113,3.851023292541504,0.2179946899414062,0.2665777206420898
  -40,"graph_0000000011011011",0.4957525784322518,0.7702675736961453,0.7270531400966184,3117697,4.428586316108704,0.1914081573486328,0.2801945209503174
  -41,"graph_0000000011011100",0.497332417400106,0.7350566893424035,0.72402771678134,2695297,3.6906733393669127,0.232924222946167,0.1992990970611572
  -42,"graph_0000000011011110",0.4932210367109829,0.7747482993197279,0.744600595325233,3117697,4.6164738774299625,0.2798588275909424,0.2655227184295654
  -43,"graph_0000000011011111",0.4805387889700053,0.7850884353741496,0.7321280437222466,3249281,4.8584339261055,0.2853057384490967,0.2252783775329589
  ... 1401 further lines not shown (cap is 50)

[RDB2G-Bench/rel-f1/driver-dnf/13.csv] column change:
  removed: []
  added:   ['dataset', 'seed', 'task']
  diff --git a/RDB2G-Bench/rel-f1/driver-dnf/13.csv b/RDB2G-Bench/rel-f1/driver-dnf/13.csv
  index daf6723..f2136aa 100644
  --- a/RDB2G-Bench/rel-f1/driver-dnf/13.csv
  +++ b/RDB2G-Bench/rel-f1/driver-dnf/13.csv
  @@ -1,723 +1,723 @@
  -idx,graph,train_metric,valid_metric,test_metric,params,train_time,valid_time,test_time
  -0,"graph_0000000000000010",0.5080679424099691,0.7604897959183674,0.7102034841165276,954241,1.5722930788993836,0.0481276512145996,0.0613689422607421
  -1,"graph_0000000000000011",0.4969954327310489,0.7452517006802719,0.7149124091153076,1462529,2.6340016603469847,0.1529419422149658,0.1816699504852295
  -2,"graph_0000000000001000",0.4912828461604093,0.7772154195011337,0.742170497242961,1185409,1.5591318726539611,0.0956096649169921,0.0591237545013427
  -3,"graph_0000000000001010",0.4950538147233349,0.7767437641723356,0.6987800712438395,1607809,2.137488460540772,0.0909876823425293,0.1107983589172363
  -4,"graph_0000000000001011",0.5108850569431895,0.7955374149659864,0.701063777875372,2116097,3.8027480244636536,0.262002944946289,0.1546928882598877
  -5,"graph_0000000000001100",0.5017103011130485,0.7544671201814059,0.7390377201971405,1693697,2.6482159018516542,0.1011340618133544,0.123392105102539
  -6,"graph_0000000000001110",0.5005839074324043,0.7771065759637188,0.7355048065192993,2116097,3.612449896335602,0.1925122737884521,0.1801562309265136
  -7,"graph_0000000000001111",0.4943127547348133,0.7638276643990929,0.729883374810911,2247681,3.5198777437210085,0.2001407146453857,0.1854550838470459
  -8,"graph_0000000000011000",0.5010045731029207,0.7756190476190477,0.679222173425072,1666049,1.9993574738502504,0.1168398857116699,0.0659430027008056
  -9,"graph_0000000000011010",0.486688522175283,0.7611609977324263,0.7137315180793442,2088449,2.5423391342163084,0.0996439456939697,0.1271603107452392
  -10,"graph_0000000000011011",0.5026896787597565,0.7840181405895691,0.7341092080222515,2596737,4.147489011287689,0.2277891635894775,0.1754379272460937
  -11,"graph_0000000000011100",0.5043538550506499,0.7903673469387755,0.7076221148684917,2174337,2.834462070465088,0.1686480045318603,0.1424610614776611
  -12,"graph_0000000000011110",0.500897957308469,0.7609433106575965,0.7284975357439126,2596737,4.171483778953553,0.1831045150756836,0.2279551029205322
  -13,"graph_0000000000011111",0.5211330079436789,0.7663673469387755,0.7218513638803494,2728321,4.036394810676574,0.2243428230285644,0.1846423149108886
  -14,"graph_0000000010000000",0.4966187406063973,0.7365442176870748,0.7394964134094569,921217,1.3053307056427002,0.09025239944458,0.0714077949523925
  -15,"graph_0000000010000010",0.4979134807723301,0.7824761904761905,0.6728883033230859,1343617,1.6961817026138306,0.1131997108459472,0.0825991630554199
  -16,"graph_0000000010000011",0.4959412708865227,0.7819682539682539,0.7367100961303861,1851905,3.5144909977912904,0.1646907329559326,0.2947213649749756
  -17,"graph_0000000010001000",0.4930445591305635,0.7524353741496599,0.7399355877616747,1574785,1.8831411480903624,0.1100523471832275,0.1126632690429687
  -18,"graph_0000000010001010",0.5052398162591274,0.7585850340136054,0.7508856682769727,1997185,2.8888437509536744,0.1436026096343994,0.2053873538970947
  -19,"graph_0000000010001011",0.5081481594919779,0.742875283446712,0.7526667642609671,2505473,3.619499146938324,0.2430706024169922,0.1813287734985351
  -20,"graph_0000000010001100",0.5191256119287178,0.7611791383219955,0.7264870931537599,2083073,3.4621031165122984,0.22910737991333,0.1877639293670654
  -21,"graph_0000000010001110",0.503920391109322,0.7720997732426303,0.7357097545503343,2505473,3.797494435310364,0.2119226455688476,0.1760613918304443
  -22,"graph_0000000010001111",0.4998292105399411,0.7617959183673468,0.7399599863367979,2637057,4.551797080039978,0.2608294486999511,0.2548165321350097
  -23,"graph_0000000010011000",0.50317594012597,0.7589659863945578,0.7083052749719416,2055425,2.142388343811035,0.1324484348297119,0.1425385475158691
  -24,"graph_0000000010011010",0.4977333569609102,0.7437641723356009,0.746947738252086,2477825,3.34442275762558,0.1109161376953125,0.2319629192352295
  -25,"graph_0000000010011011",0.4989491197633742,0.7575873015873016,0.7367637729956571,2986113,4.171455693244934,0.2224702835083007,0.2190480232238769
  -26,"graph_0000000010011100",0.5155791782707969,0.7539773242630385,0.7370370370370372,2563713,3.727608609199524,0.1908915042877197,0.1947145462036132
  -27,"graph_0000000010011110",0.4990148613083114,0.7777596371882086,0.7449128970868102,2986113,4.023018598556519,0.1836392879486084,0.2043554782867431
  -28,"graph_0000000010011111",0.5061007643229424,0.7590385487528344,0.7341775240325965,3117697,5.037643897533417,0.2446959018707275,0.2465200424194336
  -29,"graph_0000000011000000",0.4999577401827054,0.7590022675736963,0.6687015078319426,1429505,1.6772521615028382,0.1140460968017578,0.099022626876831
  -30,"graph_0000000011000010",0.4893439263636357,0.7256598639455782,0.7179085541404382,1851905,2.640495753288269,0.1355061531066894,0.1913836002349853
  -31,"graph_0000000011000011",0.4901852577046683,0.7512199546485261,0.7266920411847948,1983489,2.88666285276413,0.1689777374267578,0.1948201656341552
  -32,"graph_0000000011001000",0.5114675788078138,0.7692335600907031,0.7309178743961353,2083073,2.7785206198692323,0.1481337547302246,0.1972291469573974
  -33,"graph_0000000011001010",0.5019122293858507,0.7567619047619049,0.7387742155858099,2505473,3.214590072631836,0.1613383293151855,0.2262287139892578
  -34,"graph_0000000011001011",0.5049171248155918,0.7547936507936508,0.7343580734885082,2637057,4.392758357524872,0.2356355190277099,0.2315669059753418
  -35,"graph_0000000011001100",0.4924420559200571,0.7513469387755102,0.725911286780852,2214657,3.0304574489593508,0.1821081638336181,0.1776161193847656
  -36,"graph_0000000011001110",0.510789161067879,0.7524172335600906,0.7466598350656322,2637057,4.488928723335266,0.275127649307251,0.214116096496582
  -37,"graph_0000000011001111",0.5132256455469675,0.7422585034013606,0.7482408627336163,2768641,4.198325872421265,0.2052948474884033,0.2404203414916992
  -38,"graph_0000000011011000",0.4984065241282044,0.7584399092970521,0.7141023764212171,2563713,3.140986776351929,0.197507619857788,0.1935558319091797
  -39,"graph_0000000011011010",0.4925186267710655,0.7377959183673469,0.7396330454301469,2986113,3.3412808775901794,0.1915605068206787,0.2156662940979004
  -40,"graph_0000000011011011",0.4970746288683776,0.7540498866213152,0.7355194456643732,3117697,4.887727105617524,0.2778751850128174,0.2211012840270996
  -41,"graph_0000000011011100",0.5020639125954675,0.7494965986394557,0.7405406724247304,2695297,3.499042356014252,0.2106688022613525,0.1868150234222412
  -42,"graph_0000000011011110",0.500027820742533,0.7399546485260771,0.7239496413409457,3117697,4.7143930196762085,0.2665731906890869,0.2840669155120849
  -43,"graph_0000000011011111",0.4945408264838884,0.7900408163265307,0.7058654174596204,3249281,4.353297090530395,0.2822952270507812,0.2509999275207519
  ... 1401 further lines not shown (cap is 50)

[RDB2G-Bench/rel-f1/driver-dnf/14.csv] column change:
  removed: []
  added:   ['dataset', 'seed', 'task']
  diff --git a/RDB2G-Bench/rel-f1/driver-dnf/14.csv b/RDB2G-Bench/rel-f1/driver-dnf/14.csv
  index 95b6f67..4233a45 100644
  --- a/RDB2G-Bench/rel-f1/driver-dnf/14.csv
  +++ b/RDB2G-Bench/rel-f1/driver-dnf/14.csv
  @@ -1,723 +1,723 @@
  -idx,graph,train_metric,valid_metric,test_metric,params,train_time,valid_time,test_time
  -0,"graph_0000000000000010",0.504582291422825,0.7754557823129252,0.7208217440101499,954241,1.7678236603736877,0.1222448348999023,0.0978975296020507
  -1,"graph_0000000000000011",0.5011192470678834,0.7393922902494331,0.7006538818133021,1462529,3.114300751686096,0.1862213611602783,0.1713678836822509
  -2,"graph_0000000000001000",0.4978412124739021,0.7658049886621314,0.7097887083394331,1185409,1.831859993934632,0.1244740486145019,0.0790638923645019
  -3,"graph_0000000000001010",0.5133308028490191,0.7632834467120181,0.7332406187478652,1607809,2.984016811847687,0.1576294898986816,0.1567168235778808
  -4,"graph_0000000000001011",0.5061816012642213,0.7896417233560091,0.7203191333626117,2116097,4.391583681106567,0.2705161571502685,0.2521538734436035
  -5,"graph_0000000000001100",0.5041963743337424,0.7675827664399093,0.6776606646171864,1693697,3.4456698298454285,0.1938714981079101,0.1826570034027099
  -6,"graph_0000000000001110",0.4978812116279765,0.7753287981859409,0.7243985751232127,2116097,4.363966429233551,0.2758371829986572,0.2128832340240478
  -7,"graph_0000000000001111",0.5043574283570301,0.7713741496598641,0.713897428390182,2247681,4.630865478515625,0.2970514297485351,0.2645516395568847
  -8,"graph_0000000000011000",0.5161811345466532,0.75784126984127,0.7317181476601766,1666049,2.307742416858673,0.1487703323364257,0.1665647029876709
  -9,"graph_0000000000011010",0.4927453858769806,0.7516734693877549,0.722007514761138,2088449,3.3949081540107726,0.2146031856536865,0.146585464477539
  -10,"graph_0000000000011011",0.5088306245483232,0.7743673469387756,0.7257160981798663,2596737,4.824541306495666,0.2591395378112793,0.2667248249053955
  -11,"graph_0000000000011100",0.5056724051050151,0.7732244897959184,0.7102474015517494,2174337,3.758391726016998,0.1977272033691406,0.1844704151153564
  -12,"graph_0000000000011110",0.4952289796605942,0.7683809523809524,0.7469135802469136,2596737,4.520064163208008,0.2573039531707763,0.2413082122802734
  -13,"graph_0000000000011111",0.5042542035574088,0.7781043083900225,0.7381886497828526,2728321,4.519804680347443,0.3192856311798095,0.2834885120391845
  -14,"graph_0000000010000000",0.5037430019711524,0.7412063492063492,0.7041379983408969,921217,1.5227432012557984,0.1047570705413818,0.0939455032348632
  -15,"graph_0000000010000010",0.5015851624651146,0.7449433106575964,0.7544868979651589,1343617,2.2523122787475587,0.147134780883789,0.1375916004180908
  -16,"graph_0000000010000011",0.4969922605100785,0.7698866213151927,0.7398282340311326,1851905,3.806108796596527,0.181826114654541,0.1969497203826904
  -17,"graph_0000000010001000",0.4902527494404858,0.7553015873015873,0.7335334016493438,1574785,2.4436864972114565,0.1296565532684326,0.1438381671905517
  -18,"graph_0000000010001010",0.4938344786144905,0.7565895691609976,0.7564680622651636,1997185,3.432844877243042,0.201317548751831,0.1734564304351806
  -19,"graph_0000000010001011",0.4857217604878365,0.7582222222222222,0.7537451812814131,2505473,4.767455744743347,0.3359653949737549,0.285480260848999
  -20,"graph_0000000010001100",0.4913601097953078,0.7722993197278911,0.7469135802469137,2083073,3.907804775238037,0.2142825126647949,0.2070536613464355
  -21,"graph_0000000010001110",0.5097255919473718,0.7564988662131519,0.7496462206607134,2505473,4.60184246301651,0.208127737045288,0.208876371383667
  -22,"graph_0000000010001111",0.4969437291754632,0.7506213151927437,0.7299224125311083,2637057,4.943304169178009,0.2827076911926269,0.2603034973144531
  -23,"graph_0000000010011000",0.5123712242366434,0.7516916099773243,0.7173913043478262,2055425,3.05933895111084,0.1655488014221191,0.1211633682250976
  -24,"graph_0000000010011010",0.4964056548667339,0.7505124716553286,0.744122383252818,2477825,3.961764848232269,0.1888935565948486,0.2019519805908203
  -25,"graph_0000000010011011",0.506952013412296,0.7426575963718821,0.7292685307178061,2986113,5.077237224578857,0.2663285732269287,0.2403252124786377
  -26,"graph_0000000010011100",0.4910227605031507,0.7722993197278911,0.7228175474552286,2563713,4.343678224086761,0.2517521381378174,0.2345690727233886
  -27,"graph_0000000010011110",0.497213951354903,0.7486802721088436,0.7493827160493828,2986113,5.192079257965088,0.2266600131988525,0.2429010868072509
  -28,"graph_0000000010011111",0.4952609206441577,0.7247891156462584,0.7216171375591666,3117697,4.973365938663482,0.3062150478363037,0.3089504241943359
  -29,"graph_0000000011000000",0.506307833781455,0.7473922902494331,0.7170204460059533,1429505,2.080223786830902,0.141103982925415,0.173818826675415
  -30,"graph_0000000011000010",0.4894072613961126,0.7689160997732425,0.7320792465720002,1851905,2.970671844482422,0.1871843338012695,0.182682991027832
  -31,"graph_0000000011000011",0.5106507866014137,0.7762539682539683,0.7227980285951301,1983489,3.684855997562408,0.2449994087219238,0.2260019779205322
  -32,"graph_0000000011001000",0.5068819328524684,0.7580952380952382,0.7350997901722539,2083073,3.209935319423676,0.1566746234893798,0.194345474243164
  -33,"graph_0000000011001010",0.5063102767562254,0.7651700680272109,0.7557361050114673,2505473,3.976582372188568,0.2789998054504394,0.2519760131835937
  -34,"graph_0000000011001011",0.4954154479139548,0.742875283446712,0.7456350949104572,2637057,4.669983863830566,0.3660619258880615,0.3208827972412109
  -35,"graph_0000000011001100",0.4909968722630479,0.7582222222222221,0.6772019714048699,2214657,3.9595176100730898,0.2881886959075928,0.2171037197113037
  -36,"graph_0000000011001110",0.5041409880848463,0.7633197278911564,0.7500561167227833,2637057,4.790904033184051,0.2262837886810302,0.2805805206298828
  -37,"graph_0000000011001111",0.5056678473162647,0.7594557823129252,0.748382374469331,2768641,4.839862477779389,0.3145296573638916,0.2727918624877929
  -38,"graph_0000000011011000",0.4842592936958854,0.7679637188208617,0.7098570243497779,2563713,3.728380191326141,0.2244215011596679,0.2525150775909424
  -39,"graph_0000000011011010",0.505525863081109,0.7627210884353741,0.734987556726687,2986113,4.702192687988282,0.2322058677673339,0.2612934112548828
  -40,"graph_0000000011011011",0.4759149669760858,0.7566439909297052,0.740491875274484,3117697,5.385243916511536,0.2911102771759033,0.2882008552551269
  -41,"graph_0000000011011100",0.4969456616778934,0.7630657596371881,0.7297955399404674,2695297,4.543581128120422,0.2506628036499023,0.2166786193847656
  -42,"graph_0000000011011110",0.5019317002593928,0.7619047619047619,0.7212072414970965,3117697,5.329061424732208,0.2949693202972412,0.2918319702148437
  -43,"graph_0000000011011111",0.4938733838992648,0.7698321995464854,0.6835065632167081,3249281,5.409486937522888,0.2915196418762207,0.2640016078948974
  ... 1401 further lines not shown (cap is 50)

[RDB2G-Bench/rel-f1/driver-dnf/2.csv] column change:
  removed: []
  added:   ['dataset', 'seed', 'task']
  diff --git a/RDB2G-Bench/rel-f1/driver-dnf/2.csv b/RDB2G-Bench/rel-f1/driver-dnf/2.csv
  index 2310803..24a259b 100644
  --- a/RDB2G-Bench/rel-f1/driver-dnf/2.csv
  +++ b/RDB2G-Bench/rel-f1/driver-dnf/2.csv
  @@ -1,723 +1,723 @@
  -idx,graph,train_metric,valid_metric,test_metric,params,train_time,valid_time,test_time
  -0,"graph_0000000000000010",0.5199403257834474,0.7669297052154196,0.6698726394378568,954241,1.73202246427536,0.0898354053497314,0.0508480072021484
  -1,"graph_0000000000000011",0.4959392289971625,0.7551020408163265,0.7185331576635925,1462529,2.972839367389679,0.1498875617980957,0.1819009780883789
  -2,"graph_0000000000001000",0.4940479654395641,0.730140589569161,0.7283706631532718,1185409,1.4715906381607056,0.0866873264312744,0.0835628509521484
  -3,"graph_0000000000001010",0.5082256054384264,0.7726439909297053,0.7490020982774606,1607809,2.5465591669082643,0.1805617809295654,0.0950958728790283
  -4,"graph_0000000000001011",0.5111577585597096,0.76497052154195,0.7351437076074758,2116097,3.961575508117676,0.1766300201416015,0.1628086566925048
  -5,"graph_0000000000001100",0.4992218213798942,0.7701950113378685,0.7140828575611184,1693697,2.979736745357513,0.2715115547180176,0.1489825248718261
  -6,"graph_0000000000001110",0.5004293437002973,0.7833650793650793,0.7018347728492657,2116097,3.457105278968811,0.2045187950134277,0.1492166519165039
  -7,"graph_0000000000001111",0.5077206753694908,0.7546122448979591,0.7187966622749231,2247681,3.921835446357727,0.2317235469818115,0.1920621395111084
  -8,"graph_0000000000011000",0.5090219058266042,0.7656054421768708,0.6996486605182257,1666049,1.8798445343971253,0.0833332538604736,0.0647196769714355
  -9,"graph_0000000000011010",0.5003937929480434,0.7682358276643991,0.7458400429414922,2088449,3.355540084838867,0.2249417304992675,0.1497366428375244
  -10,"graph_0000000000011011",0.4970228888504819,0.7629569160997732,0.7410384033572439,2596737,3.874846482276917,0.1786887645721435,0.2311902046203613
  -11,"graph_0000000000011100",0.4817172508293352,0.7923809523809524,0.6851851851851852,2174337,3.5082746028900145,0.1650838851928711,0.1640901565551757
  -12,"graph_0000000000011110",0.5109904694814111,0.8037732426303855,0.7018835699995121,2596737,3.640822112560272,0.181753396987915,0.1735000610351562
  -13,"graph_0000000000011111",0.5018174638421503,0.8029387755102039,0.6730151759137266,2728321,3.821877503395081,0.2560219764709472,0.2315268516540527
  -14,"graph_0000000010000000",0.4950599039291056,0.7444897959183674,0.7084223881325331,921217,1.269657099246979,0.1028220653533935,0.0582005977630615
  -15,"graph_0000000010000010",0.4993264682096058,0.7683628117913832,0.7420631435124188,1343617,1.9970557689666748,0.1222524642944336,0.0917470455169677
  -16,"graph_0000000010000011",0.4906944174015645,0.7493877551020409,0.7147269799443712,1851905,3.2025180578231813,0.1607568264007568,0.1853337287902832
  -17,"graph_0000000010001000",0.5170372331232375,0.7521723356009069,0.7266042063143513,1574785,1.960111677646637,0.1384954452514648,0.1133809089660644
  -18,"graph_0000000010001010",0.5039999518697509,0.7608526077097505,0.7674083833504122,1997185,2.757386469841004,0.121553897857666,0.1679255962371826
  -19,"graph_0000000010001011",0.4983008563538127,0.7513650793650792,0.7364905089542771,2505473,3.7893855452537535,0.2334077358245849,0.1906719207763672
  -20,"graph_0000000010001100",0.503229904344776,0.7294421768707483,0.7466793539257308,2083073,3.222287905216217,0.1759474277496338,0.1484801769256591
  -21,"graph_0000000010001110",0.4975259228792973,0.7716099773242631,0.7352998584882642,2505473,3.510733366012573,0.1890804767608642,0.1632728576660156
  -22,"graph_0000000010001111",0.510463771413403,0.7393560090702946,0.7524081393646611,2637057,4.200422799587249,0.2586655616760254,0.1902496814727783
  -23,"graph_0000000010011000",0.4972127845609828,0.7546485260770974,0.7288293563655882,2055425,2.2523304343223574,0.1067748069763183,0.138690710067749
  -24,"graph_0000000010011010",0.494074218302767,0.7774512471655328,0.7383838383838384,2477825,2.6540467500686646,0.1659433841705322,0.147714614868164
  -25,"graph_0000000010011011",0.4923846277818008,0.7535238095238096,0.7284487385936661,2986113,3.942306208610536,0.2161242961883545,0.2219851016998291
  -26,"graph_0000000010011100",0.4969941200878887,0.7551383219954648,0.7397794368808861,2563713,3.467445373535156,0.2047197818756103,0.1887967586517334
  -27,"graph_0000000010011110",0.5070413096094959,0.7549569160997733,0.7380520177621628,2986113,4.0295265197753904,0.2295765876770019,0.1972115039825439
  -28,"graph_0000000010011111",0.4993544712636888,0.7463764172335602,0.7460157126823794,3117697,4.13420969247818,0.2315456867218017,0.2196967601776123
  -29,"graph_0000000011000000",0.4985260840427075,0.7576780045351473,0.7033084467867077,1429505,1.7720888018608094,0.0705695152282714,0.1087787151336669
  -30,"graph_0000000011000010",0.5113597232948218,0.7657687074829931,0.7434587420094667,1851905,2.629199779033661,0.1339013576507568,0.1533117294311523
  -31,"graph_0000000011000011",0.5077751865229468,0.7623038548752835,0.7480603132777046,1983489,2.666161572933197,0.1853036880493164,0.1691145896911621
  -32,"graph_0000000011001000",0.490444869351897,0.73881179138322,0.7136144049187527,2083073,2.5763245701789854,0.1531531810760498,0.1557881832122802
  -33,"graph_0000000011001010",0.4926897079296044,0.7710657596371883,0.7492851217488898,2505473,3.206080710887909,0.2400727272033691,0.1827452182769775
  -34,"graph_0000000011001011",0.4987155422054884,0.747392290249433,0.7465329624749916,2637057,4.089837765693664,0.2341890335083007,0.2394633293151855
  -35,"graph_0000000011001100",0.4940673269261763,0.7663492063492063,0.7177280046845265,2214657,3.1445612788200377,0.1999104022979736,0.1647858619689941
  -36,"graph_0000000011001110",0.4978649129754047,0.7592925170068028,0.7503879373444591,2637057,3.934698963165283,0.2185688018798828,0.1935653686523437
  -37,"graph_0000000011001111",0.4939888600350476,0.7743310657596372,0.7553945249597422,2768641,3.796867179870605,0.2102432250976562,0.189751386642456
  -38,"graph_0000000011011000",0.501778485632756,0.7770158730158729,0.7164739179231933,2563713,2.895471918582916,0.2043805122375488,0.161576509475708
  -39,"graph_0000000011011010",0.4863412186724948,0.7763356009070295,0.7509735031474163,2986113,3.658657670021057,0.2051224708557129,0.1772887706756591
  -40,"graph_0000000011011011",0.4926833270253537,0.7829115646258502,0.6790562631142342,3117697,3.992198812961578,0.2131845951080322,0.2331221103668213
  -41,"graph_0000000011011100",0.5011518079107169,0.7661133786848073,0.7405943492900015,2695297,3.722473204135895,0.1906640529632568,0.1832993030548095
  -42,"graph_0000000011011110",0.5031742263973998,0.7557006802721089,0.6997804128238911,3117697,4.259021496772766,0.2578349113464355,0.2502284049987793
  -43,"graph_0000000011011111",0.5020675588264678,0.7689433106575962,0.6861220904699166,3249281,4.195352280139924,0.2450752258300781,0.2042131423950195
  ... 1401 further lines not shown (cap is 50)

[RDB2G-Bench/rel-f1/driver-dnf/3.csv] column change:
  removed: []
  added:   ['dataset', 'seed', 'task']
  diff --git a/RDB2G-Bench/rel-f1/driver-dnf/3.csv b/RDB2G-Bench/rel-f1/driver-dnf/3.csv
  index 54c4012..2d49545 100644
  --- a/RDB2G-Bench/rel-f1/driver-dnf/3.csv
  +++ b/RDB2G-Bench/rel-f1/driver-dnf/3.csv
  @@ -1,723 +1,723 @@
  -idx,graph,train_metric,valid_metric,test_metric,params,train_time,valid_time,test_time
  -0,"graph_0000000000000010",0.5013901255689033,0.7499319727891157,0.7398965500414776,954241,1.3804303884506226,0.0650417804718017,0.0671992301940918
  -1,"graph_0000000000000011",0.4946347898567687,0.7564807256235828,0.7316742302249548,1462529,2.728780126571656,0.1275835037231445,0.134676456451416
  -2,"graph_0000000000001000",0.5067362294616923,0.7678730158730158,0.7328209632557459,1185409,1.545972216129303,0.0432531833648681,0.099865436553955
  -3,"graph_0000000000001010",0.4940334534401824,0.7570068027210884,0.7192651149172888,1607809,2.4934913516044617,0.1009087562561035,0.163461685180664
  -4,"graph_0000000000001011",0.4980274619534026,0.7335328798185943,0.7398379934611818,2116097,3.6104562282562256,0.2204053401947021,0.1435132026672363
  -5,"graph_0000000000001100",0.4882384255866239,0.7440907029478457,0.716805738544869,1693697,2.845899772644043,0.1637721061706543,0.1569204330444336
  -6,"graph_0000000000001110",0.5024909227079244,0.7576961451247165,0.756819401746938,2116097,3.7200280904769896,0.1720438003540039,0.1645328998565673
  -7,"graph_0000000000001111",0.5018198703546106,0.7793560090702947,0.7310935441370224,2247681,4.108187055587768,0.1955549716949463,0.2035999298095703
  -8,"graph_0000000000011000",0.4855549089572581,0.7858140589569163,0.7272873664178012,1666049,1.9087217688560485,0.0731651782989502,0.0540549755096435
  -9,"graph_0000000000011010",0.49509972077163,0.7832925170068027,0.7101205289611087,2088449,2.97140291929245,0.177042007446289,0.1062772274017334
  -10,"graph_0000000000011011",0.4896785045202325,0.7577142857142857,0.7268384326355339,2596737,3.9068928956985474,0.2851619720458984,0.2152206897735595
  -11,"graph_0000000000011100",0.5169629229354493,0.7886621315192742,0.6881422924901186,2174337,2.9178937911987304,0.1554470062255859,0.1613519191741943
  -12,"graph_0000000000011110",0.5040470611742759,0.7909115646258503,0.734060410872005,2596737,3.9326788067817686,0.1980769634246826,0.1807649135589599
  -13,"graph_0000000000011111",0.5048243282366316,0.7599637188208617,0.7033767627970526,2728321,4.249351799488068,0.1860628128051757,0.2019970417022705
  -14,"graph_0000000010000000",0.5131019653914338,0.7418775510204083,0.7318547796808665,921217,1.3530794620513915,0.0604746341705322,0.0552210807800293
  -15,"graph_0000000010000010",0.4992815466436808,0.7537959183673468,0.7595715610208364,1343617,2.201903343200684,0.1407325267791748,0.1364405155181884
  -16,"graph_0000000010000011",0.4869166303866681,0.747156462585034,0.71119406626653,1851905,3.1419198870658875,0.1320853233337402,0.1412107944488525
  -17,"graph_0000000010001000",0.4907646073483223,0.7210521541950112,0.7194651832332992,1574785,2.0796852231025698,0.1043434143066406,0.0946354866027832
  -18,"graph_0000000010001010",0.5015264946083182,0.7614693877551021,0.7332601376079637,1997185,3.0499375462532043,0.143930435180664,0.1631162166595459
  -19,"graph_0000000010001011",0.5048698331995166,0.7335147392290249,0.7390279607670913,2505473,4.180192637443542,0.1776716709136963,0.2190885543823242
  -20,"graph_0000000010001100",0.5025738744631836,0.7719365079365079,0.7249060654857759,2083073,3.1585060238838194,0.1346571445465088,0.1881766319274902
  -21,"graph_0000000010001110",0.4735903124017795,0.7749659863945578,0.684736251402918,2505473,4.293830478191376,0.2106742858886718,0.1742546558380127
  -22,"graph_0000000010001111",0.5016958255759768,0.7646077097505668,0.7358756648611721,2637057,4.627801287174225,0.2043471336364746,0.2224771976470947
  -23,"graph_0000000010011000",0.4879958783004771,0.756952380952381,0.7455570194700629,2055425,2.578550326824188,0.0852258205413818,0.1502759456634521
  -24,"graph_0000000010011010",0.4979101991644297,0.7377414965986395,0.758322353974528,2477825,3.0890588402748107,0.1620180606842041,0.163179874420166
  -25,"graph_0000000010011011",0.5068735100588574,0.7344580498866212,0.7311033035670718,2986113,4.41453298330307,0.2737162113189697,0.2023324966430664
  -26,"graph_0000000010011100",0.4996252039154687,0.7407891156462585,0.7441126238227687,2563713,3.5080917119979858,0.2165405750274658,0.1560521125793457
  -27,"graph_0000000010011110",0.4919560133277035,0.766312925170068,0.7163177670424048,2986113,4.173327660560608,0.2148067951202392,0.1786911487579345
  -28,"graph_0000000010011111",0.4962173634978731,0.7899138321995465,0.7332308593178158,3117697,4.5893013834953305,0.2044305801391601,0.224949836730957
  -29,"graph_0000000011000000",0.5057391311323224,0.7459954648526077,0.7099838969404186,1429505,2.183830666542053,0.1159348487854003,0.1819581985473632
  -30,"graph_0000000011000010",0.4914717573885401,0.7692698412698413,0.7482311033035671,1851905,2.682744550704956,0.1445245742797851,0.1922633647918701
  -31,"graph_0000000011000011",0.494047090344124,0.7633560090702948,0.7346557361050117,1983489,3.310246884822845,0.187807559967041,0.1586697101593017
  -32,"graph_0000000011001000",0.5027427314208123,0.7387210884353742,0.7360610940321085,2083073,2.314095366001129,0.0975203514099121,0.1684229373931884
  -33,"graph_0000000011001010",0.4921576499020258,0.7537596371882086,0.7358268677109256,2505473,3.4859870076179504,0.1516163349151611,0.1842317581176757
  -34,"graph_0000000011001011",0.4920756097045167,0.7314104308390023,0.7405211535646319,2637057,4.320729601383209,0.1821682453155517,0.2302947044372558
  -35,"graph_0000000011001100",0.5083457852121996,0.758875283446712,0.7570536280681208,2214657,3.260832750797272,0.148904800415039,0.2214529514312744
  -36,"graph_0000000011001110",0.5045624923884928,0.7427845804988662,0.7311081832820964,2637057,4.084005343914032,0.1665816307067871,0.2526266574859619
  -37,"graph_0000000011001111",0.4953507637760076,0.7637732426303854,0.7317083882301274,2768641,4.270423007011414,0.1857421398162841,0.2492685317993164
  -38,"graph_0000000011011000",0.5066047828341278,0.7590385487528345,0.7260576782315913,2563713,2.983967065811157,0.1575653553009033,0.1816298961639404
  -39,"graph_0000000011011010",0.510062977701839,0.7620136054421769,0.732586736934563,2986113,3.8061317920684816,0.267862319946289,0.23024582862854
  -40,"graph_0000000011011011",0.4947729455493739,0.7633922902494331,0.7511296540282046,3117697,4.66685996055603,0.2261044979095459,0.2625324726104736
  -41,"graph_0000000011011100",0.5094861439575753,0.7721723356009069,0.7204069682330552,2695297,3.636721253395081,0.2480733394622802,0.1685869693756103
  -42,"graph_0000000011011110",0.5042428637789975,0.7810612244897959,0.6742058263797395,3117697,4.3405268907547,0.2098650932312011,0.1917366981506347
  -43,"graph_0000000011011111",0.4989033231020091,0.7732789115646259,0.7035231542477919,3249281,5.145015692710876,0.3301959037780761,0.2867884635925293
  ... 1401 further lines not shown (cap is 50)

[RDB2G-Bench/rel-f1/driver-dnf/4.csv] column change:
  removed: []
  added:   ['dataset', 'seed', 'task']
  diff --git a/RDB2G-Bench/rel-f1/driver-dnf/4.csv b/RDB2G-Bench/rel-f1/driver-dnf/4.csv
  index adfe373..5e977b7 100644
  --- a/RDB2G-Bench/rel-f1/driver-dnf/4.csv
  +++ b/RDB2G-Bench/rel-f1/driver-dnf/4.csv
  @@ -1,723 +1,723 @@
  -idx,graph,train_metric,valid_metric,test_metric,params,train_time,valid_time,test_time
  -0,"graph_0000000000000010",0.4977693452608842,0.7541224489795919,0.7397306397306398,954241,1.4533282041549682,0.0651633739471435,0.0831573009490966
  -1,"graph_0000000000000011",0.4982137843575231,0.7833832199546484,0.7111647879763822,1462529,2.6604613423347474,0.0955743789672851,0.1110813617706298
  -2,"graph_0000000000001000",0.4922495349232358,0.7605804988662132,0.7048113990142976,1185409,1.4661717891693116,0.069176435470581,0.0933666229248046
  -3,"graph_0000000000001010",0.5079674887459081,0.758766439909297,0.7323525106133802,1607809,2.199750363826752,0.1214354038238525,0.1183016300201416
  -4,"graph_0000000000001011",0.4906301343490274,0.7542131519274377,0.7068706387546968,2116097,3.6424468517303454,0.1610724925994873,0.1859807968139648
  -5,"graph_0000000000001100",0.5097476516449242,0.7521451247165533,0.718211096471966,1693697,2.7182902574539183,0.1498606204986572,0.1160709857940673
  -6,"graph_0000000000001110",0.495699124685786,0.7760181405895691,0.7220270336212364,2116097,3.309693682193756,0.2010905742645263,0.1663424968719482
  -7,"graph_0000000000001111",0.5130711912017905,0.7505850340136053,0.749665739520812,2247681,3.531568646430969,0.2104160785675048,0.1461129188537597
  -8,"graph_0000000000011000",0.515507602756259,0.7613424036281178,0.7278241350705119,1666049,1.981084954738617,0.0655963420867919,0.1092464923858642
  -9,"graph_0000000000011010",0.4889728494347247,0.7736054421768708,0.7170985214463476,2088449,2.542101335525513,0.103093147277832,0.0938680171966552
  -10,"graph_0000000000011011",0.5134161975790484,0.7905306122448978,0.7033767627970526,2596737,3.7437929034233095,0.2013020515441894,0.1814563274383545
  -11,"graph_0000000000011100",0.5064809203670442,0.7989206349206349,0.6746547601620065,2174337,2.9265872478485107,0.1478610038757324,0.1635439395904541
  -12,"graph_0000000000011110",0.5023188206047056,0.7776145124716553,0.732381788903528,2596737,3.707769811153412,0.1974217891693115,0.1703135967254638
  -13,"graph_0000000000011111",0.4975479096522298,0.7790839002267573,0.7072414970965695,2728321,4.118787920475006,0.2175724506378173,0.1915159225463867
  -14,"graph_0000000010000000",0.5022627415719193,0.7395192743764173,0.6997511345337433,921217,1.2248863577842712,0.0665831565856933,0.0627408027648925
  -15,"graph_0000000010000010",0.5058314537012527,0.7609251700680272,0.7522080710486507,1343617,1.9144363045692443,0.1079068183898925,0.123960256576538
  -16,"graph_0000000010000011",0.4945843624820332,0.7483718820861678,0.7301468794222417,1851905,2.96104828119278,0.1187081336975097,0.1759302616119384
  -17,"graph_0000000010001000",0.5186376003716239,0.7439818594104308,0.754457619675011,1574785,2.0778062105178834,0.0811216831207275,0.1114823818206787
  -18,"graph_0000000010001010",0.5045898391209958,0.7501678004535148,0.75774654760162,1997185,2.7481999516487123,0.1185557842254638,0.1456179618835449
  -19,"graph_0000000010001011",0.4877250362617673,0.7392471655328796,0.7331039867271751,2505473,4.105377209186554,0.2194635868072509,0.2056751251220703
  -20,"graph_0000000010001100",0.4995186975079469,0.735437641723356,0.7380812960523105,2083073,3.0241051197052,0.1447465419769287,0.1736199855804443
  -21,"graph_0000000010001110",0.5007475867420124,0.7628117913832199,0.7332845361830869,2505473,3.972183120250702,0.1809980869293213,0.2074959278106689
  -22,"graph_0000000010001111",0.5132847144891739,0.7496235827664399,0.7267408383350412,2637057,4.046804082393646,0.217008352279663,0.2165076732635498
  -23,"graph_0000000010011000",0.4937160125692874,0.771609977324263,0.7405748304299028,2055425,2.368856120109558,0.1141867637634277,0.1216928958892822
  -24,"graph_0000000010011010",0.5109281189313043,0.7515827664399093,0.7285560923242083,2477825,2.981681525707245,0.1352341175079345,0.1952414512634277
  -25,"graph_0000000010011011",0.4882096568240307,0.7629931972789115,0.7384423949641341,2986113,4.21098769903183,0.2683572769165039,0.2100086212158203
  -26,"graph_0000000010011100",0.493938250348762,0.7579138321995466,0.7393305030986189,2563713,3.4139316201210024,0.2399923801422119,0.1491563320159912
  -27,"graph_0000000010011110",0.4915220024517257,0.7477551020408163,0.7511979700385497,2986113,4.185222756862641,0.2565064430236816,0.2207553386688232
  -28,"graph_0000000010011111",0.5174791927827962,0.7382131519274376,0.7349387595764408,3117697,4.442352879047394,0.2317264080047607,0.238426923751831
  -29,"graph_0000000011000000",0.4994776044845724,0.7361995464852608,0.7120187381056946,1429505,1.888136863708496,0.1147112846374511,0.1086084842681884
  -30,"graph_0000000011000010",0.512314124259177,0.757968253968254,0.7324110671936759,1851905,2.531385397911072,0.1491816043853759,0.1316730976104736
  -31,"graph_0000000011000011",0.5036472519450819,0.7263854875283446,0.713350900307422,1983489,3.315982294082642,0.2191259860992431,0.1955430507659912
  -32,"graph_0000000011001000",0.5009495150148147,0.7481360544217688,0.7433904259991215,2083073,2.4530581712722777,0.1291954517364502,0.1624276638031005
  -33,"graph_0000000011001010",0.4887220981288271,0.7623401360544217,0.7137998340896892,2505473,3.3885941982269285,0.1785869598388672,0.2119476795196533
  -34,"graph_0000000011001011",0.4918920584359565,0.7606530612244897,0.7412043136680819,2637057,4.0524708986282345,0.2014176845550537,0.1983191967010498
  -35,"graph_0000000011001100",0.4993349274655267,0.766204081632653,0.7221929439320743,2214657,3.106408393383026,0.1864643096923828,0.2203187942504882
  -36,"graph_0000000011001110",0.4885291031219759,0.7561360544217687,0.7554042843897917,2637057,4.074772083759308,0.2178990840911865,0.2391104698181152
  -37,"graph_0000000011001111",0.5063173139820561,0.7457596371882085,0.7604694285853705,2768641,4.519309937953949,0.2182183265686035,0.2170252799987793
  -38,"graph_0000000011011000",0.506478987864614,0.7583310657596372,0.7278387742155858,2563713,2.846416413784027,0.22412109375,0.1356029510498047
  -39,"graph_0000000011011010",0.5062839874307125,0.7606167800453515,0.7312399355877616,2986113,3.577344524860382,0.2606329917907715,0.2243719100952148
  -40,"graph_0000000011011011",0.5052955671311236,0.7441632653061225,0.7357243936954081,3117697,4.449459052085876,0.2411301136016845,0.2284343242645263
  -41,"graph_0000000011011100",0.5015537684162013,0.776453514739229,0.7488947445469185,2695297,3.610232734680176,0.1661350727081298,0.2324810028076172
  -42,"graph_0000000011011110",0.4997305070667602,0.7723356009070295,0.7258722490606548,3117697,4.278201985359192,0.2673864364624023,0.2159676551818847
  -43,"graph_0000000011011111",0.4978526251769333,0.7643900226757369,0.7300980822719954,3249281,4.711963880062103,0.3232402801513672,0.3341259956359863
  ... 1401 further lines not shown (cap is 50)

[RDB2G-Bench/rel-f1/driver-dnf/5.csv] column change:
  removed: []
  added:   ['dataset', 'seed', 'task']
  diff --git a/RDB2G-Bench/rel-f1/driver-dnf/5.csv b/RDB2G-Bench/rel-f1/driver-dnf/5.csv
  index 8c3b51c..53b0d1f 100644
  --- a/RDB2G-Bench/rel-f1/driver-dnf/5.csv
  +++ b/RDB2G-Bench/rel-f1/driver-dnf/5.csv
  @@ -1,723 +1,723 @@
  -idx,graph,train_metric,valid_metric,test_metric,params,train_time,valid_time,test_time
  -0,"graph_0000000000000010",0.5021242577185241,0.7549387755102039,0.7137998340896892,954241,1.8192087769508365,0.0710005760192871,0.119727611541748
  -1,"graph_0000000000000011",0.5055595177932427,0.772154195011338,0.7156248475089056,1462529,3.2350397229194643,0.2114124298095703,0.1708519458770752
  -2,"graph_0000000000001000",0.4962229422313037,0.7625578231292517,0.7221734250719758,1185409,1.7920806527137756,0.1087064743041992,0.1210770606994628
  -3,"graph_0000000000001010",0.4945402066246184,0.774312925170068,0.7261162348118869,1607809,2.833696699142456,0.1131408214569091,0.1435472965240478
  -4,"graph_0000000000001011",0.508492837708446,0.7738412698412698,0.7080222515005123,2116097,4.372079873085022,0.312680721282959,0.2200179100036621
  -5,"graph_0000000000001100",0.488357620878027,0.7696326530612245,0.7197774849948764,1693697,3.3967052817344667,0.2077655792236328,0.1738362312316894
  -6,"graph_0000000000001110",0.500653659831442,0.7562448979591836,0.7422680915434539,2116097,4.325598752498626,0.2702000141143799,0.1982016563415527
  -7,"graph_0000000000001111",0.5048559775217152,0.7687437641723356,0.7087249304640609,2247681,4.550548279285431,0.2612895965576172,0.2138655185699463
  -8,"graph_0000000000011000",0.5043747114919721,0.7761269841269841,0.7023032254916313,1666049,2.3839295148849486,0.0915603637695312,0.1223895549774169
  -9,"graph_0000000000011010",0.50498983066174,0.7967528344671202,0.7011564924608403,2088449,3.167939341068268,0.191152811050415,0.1476202011108398
  -10,"graph_0000000000011011",0.4823759789218678,0.7603083900226756,0.7328697604059924,2596737,4.667855155467987,0.2929205894470215,0.2432475090026855
  -11,"graph_0000000000011100",0.4978034739830479,0.7989478458049887,0.7006050846630556,2174337,3.6385162234306336,0.1737747192382812,0.1816084384918213
  -12,"graph_0000000000011110",0.4922018422217506,0.7628662131519275,0.7153369443224515,2596737,4.302128636837006,0.2218508720397949,0.2307121753692627
  -13,"graph_0000000000011111",0.4895482246865882,0.7537414965986395,0.7090957888059337,2728321,4.363967549800873,0.2669510841369629,0.2081918716430664
  -14,"graph_0000000010000000",0.4920392567814427,0.7345487528344671,0.7120187381056946,921217,1.5937384963035583,0.0870394706726074,0.0855674743652343
  -15,"graph_0000000010000010",0.4899069408924077,0.764843537414966,0.735275459913141,1343617,2.2153802156448363,0.1257898807525634,0.0901379585266113
  -16,"graph_0000000010000011",0.4979237996060611,0.7487165532879818,0.7663641243351389,1851905,3.745543885231018,0.220057725906372,0.1882481575012207
  -17,"graph_0000000010001000",0.4868689741474929,0.7405895691609977,0.7358268677109256,1574785,2.283913826942444,0.0828523635864257,0.1531732082366943
  -18,"graph_0000000010001010",0.5039308193299832,0.767111111111111,0.7327526472454008,1997185,3.3282229900360107,0.2128026485443115,0.1395905017852783
  -19,"graph_0000000010001011",0.4996776367172544,0.7301224489795919,0.7276972624798712,2505473,4.642967998981476,0.3268327713012695,0.2744491100311279
  -20,"graph_0000000010001100",0.5067552992498244,0.7581496598639457,0.7297857805104182,2083073,3.8485934495925904,0.2111544609069824,0.1836416721343994
  -21,"graph_0000000010001110",0.5011922081502014,0.7242993197278912,0.7503001024740156,2505473,4.529164457321167,0.2937760353088379,0.2295362949371338
  -22,"graph_0000000010001111",0.4921281883555425,0.755845804988662,0.743849119211438,2637057,4.841046690940857,0.1851115226745605,0.2286376953125
  -23,"graph_0000000010011000",0.4931132541226111,0.7377596371882087,0.7411652759478846,2055425,2.941653633117676,0.1352779865264892,0.1298573017120361
  -24,"graph_0000000010011010",0.4987018688392369,0.7625034013605443,0.7364417118040307,2477825,3.744765663146973,0.1461129188537597,0.2230005264282226
  -25,"graph_0000000010011011",0.5044207633895071,0.7559183673469387,0.7423364075537988,2986113,5.030930423736573,0.310650110244751,0.2783560752868652
  -26,"graph_0000000010011100",0.5077141486160001,0.7402811791383219,0.7210315717562095,2563713,4.245776915550232,0.2080078125,0.2017366886138916
  -27,"graph_0000000010011110",0.5073403370138388,0.7496598639455783,0.74942175376958,2986113,5.06660281419754,0.2724452018737793,0.2326807975769043
  -28,"graph_0000000010011111",0.5066403335863818,0.7273106575963719,0.7550822231981651,3117697,4.719662237167358,0.3859429359436035,0.296748399734497
  -29,"graph_0000000011000000",0.4977453165985914,0.7707029478458051,0.6834772849265603,1429505,2.100628173351288,0.1479709148406982,0.1646969318389892
  -30,"graph_0000000011000010",0.5017722505777453,0.7519637188208615,0.7499975601424876,1851905,2.89106115102768,0.2058579921722412,0.1953587532043457
  -31,"graph_0000000011000011",0.5175896006574884,0.7503129251700681,0.7122285658517542,1983489,3.5181602597236634,0.2208597660064697,0.1778891086578369
  -32,"graph_0000000011001000",0.4967575890828927,0.7673832199546485,0.7229639389059679,2083073,3.1042915105819704,0.2058188915252685,0.1934065818786621
  -33,"graph_0000000011001010",0.5104915921559362,0.7684897959183674,0.7532864880690968,2505473,3.8708698987960815,0.2395360469818115,0.2519102096557617
  -34,"graph_0000000011001011",0.4973575034693888,0.7467392290249434,0.7224759674035036,2637057,4.550745820999145,0.2990901470184326,0.2568449974060058
  -35,"graph_0000000011001100",0.4951705305776578,0.7653514739229024,0.7267213194749427,2214657,3.864522731304169,0.2536780834197998,0.2087516784667968
  -36,"graph_0000000011001110",0.4997347002324107,0.7590022675736963,0.7207290294246815,2637057,4.726009213924408,0.2533900737762451,0.2646784782409668
  -37,"graph_0000000011001111",0.5016281150662995,0.7446712018140589,0.721187722636998,2768641,4.793854582309723,0.2865118980407715,0.2364974021911621
  -38,"graph_0000000011011000",0.5064956876025958,0.7662403628117913,0.7311521007173181,2563713,3.5993019580841064,0.2161617279052734,0.2312042713165283
  -39,"graph_0000000011011010",0.5019116459888906,0.7427482993197279,0.7293758844483483,2986113,4.520175433158874,0.2288441658020019,0.2643628120422363
  -40,"graph_0000000011011011",0.4918361252524104,0.7783945578231292,0.7212365197872445,3117697,5.31086083650589,0.2878329753875732,0.2922518253326416
  -41,"graph_0000000011011100",0.5014433970038191,0.7797913832199548,0.7180939833113746,2695297,4.3537508845329285,0.2624282836914062,0.2324962615966797
  -42,"graph_0000000011011110",0.4889432785013116,0.7819863945578232,0.7305372566242132,3117697,5.245630514621735,0.2923688888549804,0.2560431957244873
  -43,"graph_0000000011011111",0.5058966483115398,0.7789931972789116,0.7364612306641293,3249281,5.2771000623703,0.2472710609436035,0.2603299617767334
  ... 1401 further lines not shown (cap is 50)

[RDB2G-Bench/rel-f1/driver-dnf/6.csv] column change:
  removed: []
  added:   ['dataset', 'seed', 'task']
  diff --git a/RDB2G-Bench/rel-f1/driver-dnf/6.csv b/RDB2G-Bench/rel-f1/driver-dnf/6.csv
  index bcba392..0b484fa 100644
  --- a/RDB2G-Bench/rel-f1/driver-dnf/6.csv
  +++ b/RDB2G-Bench/rel-f1/driver-dnf/6.csv
  @@ -1,723 +1,723 @@
  -idx,graph,train_metric,valid_metric,test_metric,params,train_time,valid_time,test_time
  -0,"graph_0000000000000010",0.4911850542449786,0.7517460317460318,0.6969599375396477,954241,1.3724303245544434,0.0510354042053222,0.0959715843200683
  -1,"graph_0000000000000011",0.4917754519685636,0.7567891156462585,0.7272580881276532,1462529,2.810372018814087,0.1702866554260254,0.1455726623535156
  -2,"graph_0000000000001000",0.5152823386050541,0.7472108843537415,0.719343190357683,1185409,1.5117874979972838,0.0622744560241699,0.0970611572265625
  -3,"graph_0000000000001010",0.5026417308221011,0.7499682539682541,0.7414873371395111,1607809,2.4072929859161376,0.1440014839172363,0.1093556880950927
  -4,"graph_0000000000001011",0.4981683523192581,0.7435646258503401,0.7459864343922314,2116097,3.637874937057495,0.1243412494659423,0.2060163021087646
  -5,"graph_0000000000001100",0.5206470747382553,0.7779047619047619,0.7116137217586493,1693697,2.674467813968658,0.1065869331359863,0.1589150428771972
  -6,"graph_0000000000001110",0.4975888932886743,0.7667120181405895,0.7360513346020592,2116097,3.403477907180786,0.1587390899658203,0.1624503135681152
  -7,"graph_0000000000001111",0.4888717394490836,0.7839637188208617,0.7242814619626214,2247681,3.777408039569855,0.2176942825317382,0.1914830207824707
  -8,"graph_0000000000011000",0.4926576575591108,0.7538321995464852,0.7024203386522228,1666049,1.870372545719147,0.0877354145050048,0.0833919048309326
  -9,"graph_0000000000011010",0.496334808598396,0.7578775510204081,0.7349290001463913,2088449,2.625276041030884,0.1240084171295166,0.1550884246826172
  -10,"graph_0000000000011011",0.4834746247845989,0.7808435374149659,0.7058068608793246,2596737,3.78439906835556,0.172713041305542,0.2068440914154052
  -11,"graph_0000000000011100",0.5011048809177417,0.7673650793650793,0.6563753476796954,2174337,3.088753700256348,0.2102317810058593,0.1207025051116943
  -12,"graph_0000000000011110",0.4842342805512226,0.7776507936507936,0.7390669984872884,2596737,3.758295893669128,0.1693811416625976,0.1638174057006836
  -13,"graph_0000000000011111",0.4871036091123688,0.7750385487528345,0.707875860049773,2728321,3.99264258146286,0.2431282997131347,0.1893587112426757
  -14,"graph_0000000010000000",0.4931891321897294,0.7449433106575963,0.7016932611135509,921217,1.1524229288101195,0.039478063583374,0.0644099712371826
  -15,"graph_0000000010000010",0.5021556517674375,0.7757278911564626,0.7478553652466696,1343617,1.7853633522987369,0.0991313457489013,0.103034496307373
  -16,"graph_0000000010000011",0.5212800604399251,0.7507845804988662,0.7457522080710486,1851905,3.044132328033448,0.1266720294952392,0.2339751720428466
  -17,"graph_0000000010001000",0.4954693027458307,0.7416961451247166,0.7326550529449081,1574785,1.906316447257996,0.1253385543823242,0.0713558197021484
  -18,"graph_0000000010001010",0.4943792619882606,0.7665124716553287,0.7304201434636217,1997185,2.647481751441956,0.1412789821624755,0.1474971771240234
  -19,"graph_0000000010001011",0.493684509133444,0.7414965986394558,0.7615624847508906,2505473,3.963435304164887,0.1948330402374267,0.2345180511474609
  -20,"graph_0000000010001100",0.5166825277715185,0.7411337868480725,0.7114380520177621,2083073,3.087134385108948,0.1702337265014648,0.1553931236267089
  -21,"graph_0000000010001110",0.4944551765176889,0.7272562358276644,0.7477431318011027,2505473,3.864286172389984,0.2688310146331787,0.2132751941680908
  -22,"graph_0000000010001111",0.5054484900592805,0.7453968253968255,0.7446884301956767,2637057,4.302254724502563,0.2823116779327392,0.228888988494873
  -23,"graph_0000000010011000",0.5108592780900167,0.7453968253968254,0.7392133899380275,2055425,2.293399405479432,0.162954568862915,0.093412160873413
  -24,"graph_0000000010011010",0.5004495802823494,0.7635555555555554,0.7386863807153662,2477825,2.949625051021576,0.1739397048950195,0.157118558883667
  -25,"graph_0000000010011011",0.5015221191311178,0.7709569160997731,0.6807348850827112,2986113,4.221383547782898,0.214977741241455,0.2306780815124511
  -26,"graph_0000000010011100",0.5059634108011571,0.7657687074829933,0.732450104913873,2563713,3.4412028193473816,0.1890695095062255,0.1653172969818115
  -27,"graph_0000000010011110",0.5047921320168981,0.7704489795918366,0.7412970282535499,2986113,4.189650857448578,0.247291088104248,0.2616217136383056
  -28,"graph_0000000010011111",0.5010589748694467,0.7562811791383219,0.7130190796857464,3117697,4.502849960327149,0.2455418109893798,0.2204103469848632
  -29,"graph_0000000011000000",0.4996005918562159,0.7551201814058957,0.7087639681842581,1429505,1.770122516155243,0.1578726768493652,0.156649112701416
  -30,"graph_0000000011000010",0.487169569431166,0.7683083900226757,0.7296589079197776,1851905,2.267699134349823,0.112952709197998,0.1740937232971191
  -31,"graph_0000000011000011",0.505735557825942,0.7576235827664399,0.7312887327380081,1983489,3.076573622226716,0.2004182338714599,0.1605439186096191
  -32,"graph_0000000011001000",0.4950659566725662,0.7474467120181406,0.7360708534621578,2083073,2.5127624750137327,0.1683869361877441,0.1740038394927978
  -33,"graph_0000000011001010",0.487886126747365,0.7459591836734694,0.747411311179427,2505473,3.3226735949516297,0.1633989810943603,0.2463223934173584
  -34,"graph_0000000011001011",0.4969462815371634,0.742766439909297,0.7508515102718002,2637057,4.07378078699112,0.1874537467956543,0.186194896697998
  -35,"graph_0000000011001100",0.4885134972532942,0.7533242630385487,0.7229932171961158,2214657,3.1890715599060058,0.1789650917053222,0.1979939937591552
  -36,"graph_0000000011001110",0.5059930546591904,0.7694875283446712,0.7437027277606988,2637057,3.827821850776672,0.2051472663879394,0.2382047176361084
  -37,"graph_0000000011001111",0.4985875230350644,0.7501496598639456,0.7094764065778558,2768641,4.271980059146881,0.2055311203002929,0.2157967090606689
  -38,"graph_0000000011011000",0.5002925006508523,0.7421859410430839,0.7276484653296248,2563713,2.8426660776138304,0.1570785045623779,0.2173044681549072
  -39,"graph_0000000011011010",0.4890288555428909,0.7731156462585034,0.7331137461572244,2986113,3.7360100030899046,0.1837077140808105,0.2314424514770507
  -40,"graph_0000000011011011",0.5032436141733375,0.7764172335600907,0.7226028399941444,3117697,4.564450204372406,0.2269558906555175,0.2438688278198242
  -41,"graph_0000000011011100",0.4950620552053958,0.7599818594104308,0.7230517737764116,2695297,3.649969959259033,0.2831642627716064,0.2148318290710449
  -42,"graph_0000000011011110",0.509409281408087,0.726766439909297,0.7421900161030595,3117697,4.414361834526062,0.2145438194274902,0.2573988437652588
  -43,"graph_0000000011011111",0.5045515901578016,0.7957732426303855,0.7269506660811009,3249281,4.33357595205307,0.2536799907684326,0.2632224559783935
  ... 1401 further lines not shown (cap is 50)

[RDB2G-Bench/rel-f1/driver-dnf/7.csv] column change:
  removed: []
  added:   ['dataset', 'seed', 'task']
  diff --git a/RDB2G-Bench/rel-f1/driver-dnf/7.csv b/RDB2G-Bench/rel-f1/driver-dnf/7.csv
  index f1c016d..248ed0a 100644
  --- a/RDB2G-Bench/rel-f1/driver-dnf/7.csv
  +++ b/RDB2G-Bench/rel-f1/driver-dnf/7.csv
  @@ -1,723 +1,723 @@
  -idx,graph,train_metric,valid_metric,test_metric,params,train_time,valid_time,test_time
  -0,"graph_0000000000000010",0.5057844173213474,0.7444897959183672,0.7273264041379983,954241,1.477997601032257,0.045483112335205,0.0501124858856201
  -1,"graph_0000000000000011",0.490907977151258,0.726984126984127,0.7043624652320305,1462529,2.617065262794495,0.121859073638916,0.1468570232391357
  -2,"graph_0000000000001000",0.5020702934997181,0.7642811791383219,0.728273068852779,1185409,1.5649650931358337,0.0670006275177002,0.0775182247161865
  -3,"graph_0000000000001010",0.4914164805265741,0.7519092970521541,0.7226809154345386,1607809,2.302425754070282,0.0994834899902343,0.0787925720214843
  -4,"graph_0000000000001011",0.5003805571295119,0.7621768707482994,0.7137656760845167,2116097,3.5524819254875184,0.1784019470214843,0.1812491416931152
  -5,"graph_0000000000001100",0.5016815688127654,0.7686349206349206,0.7192651149172888,1693697,2.4976935267448424,0.1393280029296875,0.1382217407226562
  -6,"graph_0000000000001110",0.5092975973525445,0.8007437641723356,0.7071780608012492,2116097,3.4932724118232725,0.1750812530517578,0.1859717369079589
  -7,"graph_0000000000001111",0.5195080650983498,0.7669750566893425,0.6618894256575416,2247681,3.769965720176697,0.154064655303955,0.23848557472229
  -8,"graph_0000000000011000",0.5090340842381456,0.7665850340136053,0.6996096227980286,1666049,1.8879366159439088,0.081660509109497,0.0780541896820068
  -9,"graph_0000000000011010",0.5005582015038516,0.777469387755102,0.7153613428975749,2088449,2.4135820508003234,0.0870733261108398,0.1123864650726318
  -10,"graph_0000000000011011",0.4804132492366615,0.7530521541950114,0.7262431074025277,2596737,4.049943161010742,0.2041141986846923,0.1998348236083984
  -11,"graph_0000000000011100",0.503012807751012,0.7517460317460318,0.7331771824525448,2174337,3.0095502495765687,0.1514317989349365,0.1547658443450927
  -12,"graph_0000000000011110",0.4936226690556772,0.751219954648526,0.7052993705167618,2596737,3.777592420578003,0.2108588218688964,0.2183783054351806
  -13,"graph_0000000000011111",0.5006690833885736,0.7586938775510204,0.7227199531547358,2728321,3.988707911968232,0.1973867416381836,0.2373301982879638
  -14,"graph_0000000010000000",0.5020847325744797,0.7524172335600907,0.7060362074854829,921217,1.1945382833480835,0.0598001480102539,0.0437777042388916
  -15,"graph_0000000010000010",0.5113550196568313,0.7492970521541951,0.7314741619089445,1343617,1.896622657775879,0.1177172660827636,0.1380131244659423
  -16,"graph_0000000010000011",0.5096222212985104,0.7318820861678006,0.7182696530522618,1851905,3.04217244386673,0.2100114822387695,0.1649699211120605
  -17,"graph_0000000010001000",0.5154707393608449,0.7433469387755103,0.7457424486409994,1574785,1.946905791759491,0.1232268810272216,0.1134243011474609
  -18,"graph_0000000010001010",0.4914003641855523,0.7561541950113378,0.7360220563119113,1997185,2.7751827120780943,0.1049427986145019,0.1736981868743896
  -19,"graph_0000000010001011",0.5088802132899286,0.75481179138322,0.7509735031474162,2505473,4.018382716178894,0.2248401641845703,0.2325260639190673
  -20,"graph_0000000010001100",0.5000932705889902,0.7312290249433105,0.7235104669887278,2083073,3.0275729417800905,0.2242689132690429,0.1682286262512207
  -21,"graph_0000000010001110",0.4867329697311779,0.7715374149659864,0.7471575659981456,2505473,4.052953445911408,0.2334752082824707,0.196937084197998
  -22,"graph_0000000010001111",0.4972218636761738,0.7819863945578232,0.7414287805592152,2637057,4.387333798408508,0.234912633895874,0.2261250019073486
  -23,"graph_0000000010011000",0.501071262667918,0.7583854875283447,0.721665934709413,2055425,2.395444059371948,0.0829749107360839,0.1057202816009521
  -24,"graph_0000000010011010",0.509119880053585,0.7808253968253969,0.7360903723222565,2477825,2.93658789396286,0.1765336990356445,0.1402888298034668
  -25,"graph_0000000010011011",0.4988013015586179,0.7783401360544218,0.72375445273996,2986113,4.363912260532379,0.168769359588623,0.2415881156921386
  -26,"graph_0000000010011100",0.492024380158961,0.7401541950113378,0.739672083150344,2563713,3.419947600364685,0.2106072902679443,0.1864738464355468
  -27,"graph_0000000010011110",0.4895680237209203,0.7670748299319727,0.7178499975601424,2986113,4.362083292007446,0.2029299736022949,0.2386627197265625
  -28,"graph_0000000010011111",0.4981045432767511,0.7554829931972789,0.6968769823842288,3117697,4.498758792877197,0.3158047199249267,0.2226343154907226
  -29,"graph_0000000011000000",0.4936407178991291,0.7480816326530613,0.697843165959108,1429505,1.780600333213806,0.1211194992065429,0.119457721710205
  -30,"graph_0000000011000010",0.4867208277819466,0.7261859410430839,0.7172156346069389,1851905,2.410196852684021,0.2040016651153564,0.1340832710266113
  -31,"graph_0000000011000011",0.5092504880480194,0.7685623582766441,0.7383643195237399,1983489,3.313447451591492,0.2276167869567871,0.1705882549285888
  -32,"graph_0000000011001000",0.5077757699199069,0.7525986394557822,0.7133313814473234,2083073,2.386491024494171,0.2167739868164062,0.1451570987701416
  -33,"graph_0000000011001010",0.5011351810973552,0.7528707482993198,0.7559703313326501,2505473,3.3333957195281982,0.1609413623809814,0.2141354084014892
  -34,"graph_0000000011001011",0.5028745062091667,0.7307573696145125,0.7651246767188796,2637057,4.107924926280975,0.2147176265716552,0.2072875499725341
  -35,"graph_0000000011001100",0.5162760094772836,0.7530521541950113,0.7332308593178158,2214657,3.227816271781921,0.1966719627380371,0.1848256587982177
  -36,"graph_0000000011001110",0.4969774568122169,0.7530702947845804,0.7641780120040991,2637057,4.099305868148804,0.2537615299224853,0.2368083000183105
  -37,"graph_0000000011001111",0.4968523910889031,0.7639546485260771,0.7536719855560434,2768641,4.31100606918335,0.2538566589355469,0.2290709018707275
  -38,"graph_0000000011011000",0.518439974651402,0.738920634920635,0.7395549699897526,2563713,2.696289479732513,0.2036221027374267,0.1599705219268798
  -39,"graph_0000000011011010",0.5015658009785026,0.7796462585034013,0.7397208803005905,2986113,3.887164199352264,0.2541320323944092,0.1777617931365966
  -40,"graph_0000000011011011",0.4945305076501572,0.7787936507936508,0.7048894744546917,3117697,4.659263527393341,0.2492380142211914,0.2591257095336914
  -41,"graph_0000000011011100",0.5052284400184062,0.7587301587301588,0.7314595227638706,2695297,3.657924342155456,0.2003529071807861,0.2109646797180175
  -42,"graph_0000000011011110",0.4874675394285189,0.7515827664399093,0.7404137998340897,3117697,4.411898243427276,0.2704074382781982,0.241776704788208
  -43,"graph_0000000011011111",0.5145813506952268,0.7173877551020408,0.7313472893183038,3249281,4.798788285255432,0.2551658153533935,0.2728452682495117
  ... 1401 further lines not shown (cap is 50)

[RDB2G-Bench/rel-f1/driver-dnf/8.csv] column change:
  removed: []
  added:   ['dataset', 'seed', 'task']
  diff --git a/RDB2G-Bench/rel-f1/driver-dnf/8.csv b/RDB2G-Bench/rel-f1/driver-dnf/8.csv
  index 22c59db..d8d4108 100644
  --- a/RDB2G-Bench/rel-f1/driver-dnf/8.csv
  +++ b/RDB2G-Bench/rel-f1/driver-dnf/8.csv
  @@ -1,723 +1,723 @@
  -idx,graph,train_metric,valid_metric,test_metric,params,train_time,valid_time,test_time
  -0,"graph_0000000000000010",0.499982133468098,0.768888888888889,0.7219782364709901,954241,1.5266167044639587,0.1064956188201904,0.0770709514617919
  -1,"graph_0000000000000011",0.4922636822995174,0.7620861678004535,0.7089445176401699,1462529,2.85032377243042,0.1631474494934082,0.1740703582763672
  -2,"graph_0000000000001000",0.4860482440116125,0.7475192743764173,0.7310837847069731,1185409,1.5170693516731262,0.0708146095275878,0.0725119113922119
  -3,"graph_0000000000001010",0.4973177960137944,0.7394829931972788,0.736954081881618,1607809,2.313891291618347,0.109156847000122,0.1372580528259277
  -4,"graph_0000000000001011",0.4908159462808079,0.7441814058956916,0.6899282681891379,2116097,3.7482616901397705,0.2707321643829345,0.145052433013916
  -5,"graph_0000000000001100",0.5096449373176428,0.749297052154195,0.7150880788561949,1693697,2.787980139255524,0.1034436225891113,0.1308145523071289
  -6,"graph_0000000000001110",0.4995726981890628,0.7502585034013605,0.7404430781242375,2116097,3.49966447353363,0.2076218128204345,0.1493358612060547
  -7,"graph_0000000000001111",0.4944476652818281,0.7669115646258504,0.7094080905675109,2247681,3.955057239532471,0.1802208423614502,0.2036752700805664
  -8,"graph_0000000000011000",0.5073044581007949,0.7682539682539682,0.7133996974576685,1666049,2.068514239788056,0.1132566928863525,0.1132550239562988
  -9,"graph_0000000000011010",0.5211968169861859,0.774077097505669,0.6920363050797833,2088449,2.766951394081116,0.1411809921264648,0.119011640548706
  -10,"graph_0000000000011011",0.5030000824048206,0.7602539682539682,0.720299614502513,2596737,4.139646625518799,0.2101662158966064,0.2029497623443603
  -11,"graph_0000000000011100",0.5056787130846458,0.7903310657596372,0.7117796320694871,2174337,3.170496237277985,0.2150995731353759,0.139183759689331
  -12,"graph_0000000000011110",0.504256646532179,0.7832199546485261,0.6964182891719124,2596737,4.113725030422211,0.2358229160308838,0.2123825550079345
  -13,"graph_0000000000011111",0.5009414568443037,0.759310657596372,0.7016249451032059,2728321,4.347157144546509,0.2798359394073486,0.2469604015350341
  -14,"graph_0000000010000000",0.5022198983576647,0.7368163265306122,0.7082662372517445,921217,1.271511161327362,0.0919334888458252,0.0568971633911132
  -15,"graph_0000000010000010",0.5194148674339795,0.7691972789115646,0.741419021129166,1343617,1.973145604133606,0.1357297897338867,0.093674898147583
  -16,"graph_0000000010000011",0.4964379604733975,0.7615056689342404,0.7603425559947299,1851905,3.335824751853943,0.128223180770874,0.2053346633911132
  -17,"graph_0000000010001000",0.501288906196332,0.735764172335601,0.7449519348070073,1574785,1.9881117224693297,0.0701091289520263,0.0943260192871093
  -18,"graph_0000000010001010",0.5002500949843176,0.7761632653061225,0.7374664519592056,1997185,2.967948698997497,0.1776838302612304,0.1905293464660644
  -19,"graph_0000000010001011",0.5073133184421259,0.7213061224489795,0.761884545942517,2505473,4.232379603385925,0.2307608127593994,0.2250640392303466
  -20,"graph_0000000010001100",0.5023572883417597,0.7579319727891156,0.7483774947543064,2083073,3.34769287109375,0.1713080406188964,0.155134916305542
  -21,"graph_0000000010001110",0.491824639624759,0.7599092970521542,0.7585370614356122,2505473,3.97224155664444,0.2730650901794433,0.1725180149078369
  -22,"graph_0000000010001111",0.506997190214391,0.7787755102040816,0.7287707997852925,2637057,4.54442800283432,0.3005752563476562,0.1836984157562255
  -23,"graph_0000000010011000",0.5078121957676008,0.7580408163265306,0.725081735226663,2055425,2.388788902759552,0.1013333797454834,0.119849681854248
  -24,"graph_0000000010011010",0.5185324066072622,0.744689342403628,0.7374274142390084,2477825,3.3257518768310548,0.1308269500732422,0.158074140548706
  -25,"graph_0000000010011011",0.486996555770197,0.7578775510204082,0.7032303713463134,2986113,4.412327790260315,0.2602205276489258,0.1907401084899902
  -26,"graph_0000000010011100",0.4940350213195127,0.776453514739229,0.7035817108280877,2563713,3.714287388324738,0.1953363418579101,0.1958599090576172
  -27,"graph_0000000010011110",0.4847050454356845,0.7603628117913833,0.7311521007173181,2986113,4.464472889900208,0.316800594329834,0.1982314586639404
  -28,"graph_0000000010011111",0.5134829236063558,0.759827664399093,0.724013077636266,3117697,5.022322118282318,0.2864096164703369,0.2538630962371826
  -29,"graph_0000000011000000",0.5152336978835088,0.750657596371882,0.6792953691504415,1429505,1.7921811103820802,0.1243596076965332,0.1293017864227295
  -30,"graph_0000000011000010",0.5057520752523739,0.7362539682539684,0.741555653149856,1851905,2.591705906391144,0.1357913017272949,0.1751456260681152
  -31,"graph_0000000011000011",0.5070944351951718,0.7577687074829933,0.7295320353291368,1983489,3.373716151714325,0.1892309188842773,0.179732084274292
  -32,"graph_0000000011001000",0.499065580381527,0.7425124716553289,0.7301371199921924,2083073,2.634050703048706,0.1936032772064209,0.1509904861450195
  -33,"graph_0000000011001010",0.4894629393434888,0.756390022675737,0.7409798467769482,2505473,3.3626859903335573,0.1831352710723877,0.2271668910980224
  -34,"graph_0000000011001011",0.5055878125458058,0.7634285714285716,0.7326843312350559,2637057,4.2326801180839535,0.2429723739624023,0.2554261684417724
  -35,"graph_0000000011001100",0.5055942299123666,0.7583492063492063,0.708217440101498,2214657,3.395735275745392,0.2039415836334228,0.2195305824279785
  -36,"graph_0000000011001110",0.5087528139787746,0.7678185941043084,0.7238325281803544,2637057,4.281459903717041,0.221116304397583,0.2712047100067138
  -37,"graph_0000000011001111",0.5102680417333015,0.7500408163265306,0.7374078953789098,2768641,4.576271712779999,0.2278716564178466,0.2690486907958984
  -38,"graph_0000000011011000",0.4989513804265944,0.7461224489795917,0.7218806421704973,2563713,3.0794625759124754,0.1352210044860839,0.2542998790740967
  -39,"graph_0000000011011010",0.5069371732521245,0.7653514739229026,0.737910506026448,2986113,3.9939916372299193,0.1831507682800293,0.24644136428833
  -40,"graph_0000000011011011",0.4996742092601141,0.740843537414966,0.7316205533596838,3117697,4.802405452728271,0.25679612159729,0.2559936046600342
  -41,"graph_0000000011011100",0.5187992377918716,0.7891156462585034,0.7457229297809007,2695297,3.6407959699630736,0.2750484943389892,0.1853384971618652
  -42,"graph_0000000011011110",0.4958778264671157,0.7570430839002268,0.7239203630507978,3117697,4.5846333503723145,0.2223303318023681,0.2925622463226318
  -43,"graph_0000000011011111",0.5149753988794402,0.7341496598639456,0.7398379934611818,3249281,4.979726541042328,0.2951579093933105,0.3090877532958984
  ... 1401 further lines not shown (cap is 50)

[RDB2G-Bench/rel-f1/driver-dnf/9.csv] column change:
  removed: []
  added:   ['dataset', 'seed', 'task']
  diff --git a/RDB2G-Bench/rel-f1/driver-dnf/9.csv b/RDB2G-Bench/rel-f1/driver-dnf/9.csv
  index 707585f..2e901cf 100644
  --- a/RDB2G-Bench/rel-f1/driver-dnf/9.csv
  +++ b/RDB2G-Bench/rel-f1/driver-dnf/9.csv
  @@ -1,723 +1,723 @@
  -idx,graph,train_metric,valid_metric,test_metric,params,train_time,valid_time,test_time
  -0,"graph_0000000000000010",0.5010861392903998,0.7688526077097506,0.7176840872493047,954241,1.514650547504425,0.0512824058532714,0.0878779888153076
  -1,"graph_0000000000000011",0.5077693890156562,0.7646802721088435,0.7268579514956326,1462529,2.651570475101471,0.1326780319213867,0.1098432540893554
  -2,"graph_0000000000001000",0.5010680904469477,0.7694693877551021,0.7218611233103986,1185409,1.692132592201233,0.1062579154968261,0.0687823295593261
  -3,"graph_0000000000001010",0.5088098045693109,0.770702947845805,0.7214805055384765,1607809,2.257527494430542,0.0812768936157226,0.0985009670257568
  -4,"graph_0000000000001011",0.4898624933365128,0.7551383219954648,0.7387254184355634,2116097,3.6966856479644776,0.1842782497406005,0.1747992038726806
  -5,"graph_0000000000001100",0.4936191686739168,0.7560816326530613,0.7122090469916558,1693697,2.609844172000885,0.1143140792846679,0.112833023071289
  -6,"graph_0000000000001110",0.4985915338891648,0.7594195011337868,0.745488703459718,2116097,3.627923762798309,0.1959133148193359,0.1904888153076172
  -7,"graph_0000000000001111",0.4963532220649481,0.7589841269841271,0.7328892792660908,2247681,3.717978608608246,0.2161450386047363,0.1513779163360595
  -8,"graph_0000000000011000",0.514101105610164,0.764408163265306,0.7003513394817743,1666049,1.9455253720283507,0.110757827758789,0.0998702049255371
  -9,"graph_0000000000011010",0.4834961010851912,0.78118820861678,0.7056604694285854,2088449,2.380038273334504,0.1307184696197509,0.0994598865509033
  -10,"graph_0000000000011011",0.4997928940791772,0.7627392290249433,0.7287610403552433,2596737,4.035674691200256,0.153465986251831,0.2654914855957031
  -11,"graph_0000000000011100",0.4941182647732518,0.7475555555555555,0.6660664617186356,2174337,3.0135122656822206,0.1396946907043457,0.1444592475891113
  -12,"graph_0000000000011110",0.4908059920701768,0.7722267573696145,0.711496608598058,2596737,3.9893173456192015,0.2029986381530761,0.1802637577056884
  -13,"graph_0000000000011111",0.495318093546244,0.751891156462585,0.6986531986531985,2728321,3.874817776679993,0.180431842803955,0.2068984508514404
  -14,"graph_0000000010000000",0.504881902224128,0.7513106575963718,0.7239447616259211,921217,1.3132586240768434,0.0626652240753173,0.0780725479125976
  -15,"graph_0000000010000010",0.4931698800900472,0.76518820861678,0.7504464939247548,1343617,1.9331341981887813,0.0691633224487304,0.0751614570617675
  -16,"graph_0000000010000011",0.5057569247396044,0.7605260770975055,0.7430488459473966,1851905,3.157604765892029,0.1500749588012695,0.1912357807159423
  -17,"graph_0000000010001000",0.5001259043564439,0.745142857142857,0.7326355340848094,1574785,1.7946802496910097,0.1013414859771728,0.1217565536499023
  -18,"graph_0000000010001010",0.5003922979933333,0.7659319727891156,0.7403650026838433,1997185,2.9630669593811034,0.1243996620178222,0.1633522510528564
  -19,"graph_0000000010001011",0.4970541005878454,0.7497505668934241,0.7267701166251892,2505473,4.052734792232513,0.1847491264343261,0.2125575542449951
  -20,"graph_0000000010001100",0.5238570341994591,0.7329342403628116,0.7388034938759577,2083073,3.3131691217422485,0.1166474819183349,0.2102749347686767
  -21,"graph_0000000010001110",0.4984013100178738,0.7254240362811792,0.7467769482262236,2505473,3.680524158477783,0.2008278369903564,0.1791989803314209
  -22,"graph_0000000010001111",0.4962013565437814,0.7301950113378683,0.751685941541014,2637057,4.35339663028717,0.2537777423858642,0.2506184577941894
  -23,"graph_0000000010011000",0.5019924464678596,0.7468299319727894,0.7270628995266676,2055425,2.2491557121276857,0.1108620166778564,0.1369826793670654
  -24,"graph_0000000010011010",0.4909288335925804,0.7633378684807255,0.741419021129166,2477825,3.198059296607972,0.2003884315490722,0.1602146625518798
  -25,"graph_0000000010011011",0.514192954169064,0.7319727891156462,0.7350753915971306,2986113,4.124723410606384,0.167454719543457,0.2314991950988769
  -26,"graph_0000000010011100",0.4962422672556058,0.7451609977324263,0.7210803689064559,2563713,3.528802561759949,0.2050046920776367,0.1935882568359375
  -27,"graph_0000000010011110",0.4937395307592401,0.7520181405895691,0.7697701654223394,2986113,4.295385468006134,0.2654767036437988,0.2432289123535156
  -28,"graph_0000000010011111",0.5022262792619153,0.7812426303854875,0.7297174645000732,3117697,4.819605004787445,0.2857987880706787,0.2585539817810058
  -29,"graph_0000000011000000",0.5127480257482249,0.7375600907029478,0.7001756697408872,1429505,1.640526497364044,0.1327955722808838,0.1157362461090087
  -30,"graph_0000000011000010",0.4968977502025481,0.7548843537414965,0.7508759088469233,1851905,2.6115673780441284,0.1609892845153808,0.1903047561645507
  -31,"graph_0000000011000011",0.499210846224583,0.7618321995464851,0.7391548333577319,1983489,3.222716724872589,0.1634445190429687,0.1614518165588379
  -32,"graph_0000000011001000",0.5025949132160559,0.7441814058956915,0.718825940565071,2083073,2.688616955280304,0.1414988040924072,0.1964414119720459
  -33,"graph_0000000011001010",0.4968597564755239,0.757532879818594,0.7413604645488703,2505473,3.087145972251892,0.1498572826385498,0.201045274734497
  -34,"graph_0000000011001011",0.5081085614233135,0.7375963718820862,0.7323866686185526,2637057,4.254224812984466,0.325852632522583,0.1997051239013672
  -35,"graph_0000000011001100",0.4994897828961138,0.7483900226757368,0.7420680232274435,2214657,3.199642372131348,0.2333467006683349,0.1531751155853271
  -36,"graph_0000000011001110",0.5140849528068321,0.7800453514739228,0.7122968818620992,2637057,4.215746474266052,0.270792007446289,0.222344160079956
  -37,"graph_0000000011001111",0.505788610486998,0.7334421768707483,0.7374664519592056,2768641,4.081630825996399,0.2234318256378173,0.2216663360595703
  -38,"graph_0000000011011000",0.5102023001883642,0.7512562358276644,0.7423608061289221,2563713,3.055042767524719,0.2621321678161621,0.1691451072692871
  -39,"graph_0000000011011010",0.506905560429351,0.768,0.7409115307666032,2986113,3.538309597969055,0.1455273628234863,0.2752332687377929
  -40,"graph_0000000011011011",0.5027009456135476,0.7465759637188207,0.7366173815449177,3117697,4.696161472797394,0.2952885627746582,0.2458062171936035
  -41,"graph_0000000011011100",0.5048339178241628,0.7505668934240364,0.7413702239789196,2695297,3.4150620102882385,0.169626235961914,0.2028839588165283
  -42,"graph_0000000011011110",0.4978385142629618,0.780625850340136,0.7222807788025181,3117697,4.587251543998718,0.1700515747070312,0.2099895477294922
  -43,"graph_0000000011011111",0.4897696602952426,0.7531065759637188,0.74184355633631,3249281,4.571571505069732,0.2721521854400635,0.2551343441009521
  ... 1401 further lines not shown (cap is 50)

[RDB2G-Bench/rel-f1/driver-position/0.csv] column change:
  removed: []
  added:   ['dataset', 'seed', 'task']
  diff --git a/RDB2G-Bench/rel-f1/driver-position/0.csv b/RDB2G-Bench/rel-f1/driver-position/0.csv
  index 6c09a8b..a39417b 100644
  --- a/RDB2G-Bench/rel-f1/driver-position/0.csv
  +++ b/RDB2G-Bench/rel-f1/driver-position/0.csv
  @@ -1,723 +1,723 @@
  -idx,graph,train_metric,valid_metric,test_metric,params,train_time,valid_time,test_time
  -0,"graph_0000000000000010",5.693001718144494,3.27629178167584,3.881707662657688,954241,0.6965373873710632,0.0261292457580566,0.0342135429382324
  -1,"graph_0000000000000011",5.921910939757665,3.378413326834231,3.8569110098638033,1462529,1.1257090330123902,0.0792059898376464,0.0655274391174316
  -2,"graph_0000000000001000",5.756245310809105,3.4071012159945093,3.891260513799232,1185409,0.6385037183761597,0.0269112586975097,0.0330617427825927
  -3,"graph_0000000000001010",5.860479900170388,3.3633393573060224,3.8564068519441705,1607809,0.9672188878059388,0.0434679985046386,0.0487692356109619
  -4,"graph_0000000000001011",5.818565093051172,3.2777388893769595,3.902741753092984,2116097,1.4496758937835694,0.0991599559783935,0.0892953872680664
  -5,"graph_0000000000001100",5.842093237028911,3.4381547614424406,3.97155425155372,1693697,1.1439082503318787,0.0821094512939453,0.0698418617248535
  -6,"graph_0000000000001110",5.644696759143281,3.7367577920377295,4.217261009634587,2116097,1.4167923092842103,0.0990233421325683,0.0940678119659423
  -7,"graph_0000000000001111",5.79324364106191,3.316855475388134,3.86329677410293,2247681,1.5137138962745669,0.1147935390472412,0.119666576385498
  -8,"graph_0000000000011000",5.834707641883071,3.3333279676571155,3.876223916714652,1666049,0.8826811671257019,0.0338838100433349,0.0453505516052246
  -9,"graph_0000000000011010",6.072867396300208,3.6007738745363853,4.019362874574829,2088449,1.1214351534843443,0.0514905452728271,0.0631446838378906
  -10,"graph_0000000000011011",5.775563448000809,3.293903952657818,3.85673107180679,2596737,1.5876299500465394,0.0857276916503906,0.10587739944458
  -11,"graph_0000000000011100",5.65244650719412,3.668256298286882,4.1663075679645205,2174337,1.301594650745392,0.0886580944061279,0.0798766613006591
  -12,"graph_0000000000011110",5.800129990125791,3.420696492090015,3.8844739051032486,2596737,1.5629628419876098,0.0876078605651855,0.1056253910064697
  -13,"graph_0000000000011111",5.795679557843286,3.462767886542127,3.954044591669451,2728321,1.6774207711219788,0.0985612869262695,0.1174957752227783
  -14,"graph_0000000010000000",5.705204297668888,3.3840329588136435,3.918206764647836,921217,0.5571744203567505,0.0200426578521728,0.0310821533203125
  -15,"graph_0000000010000010",5.732191074580678,3.3922580940052915,3.872991957246212,1343617,0.8876651406288147,0.0369975566864013,0.0465664863586425
  -16,"graph_0000000010000011",5.661167956560848,3.530286484682011,3.981441255034063,1851905,1.295637834072113,0.0718886852264404,0.0850293636322021
  -17,"graph_0000000010001000",5.698114276942118,3.6429027042631,4.0588834274860845,1574785,0.8915269613265991,0.039912462234497,0.0513925552368164
  -18,"graph_0000000010001010",5.900902702486457,3.552472554323429,3.891013489857056,1997185,1.1409505248069762,0.0565519332885742,0.0699300765991211
  -19,"graph_0000000010001011",5.861877153649026,3.41903731990195,3.8136383815397297,2505473,1.6015242695808412,0.0922284126281738,0.1128468513488769
  -20,"graph_0000000010001100",5.763322839553958,3.421517884707403,3.891004951669459,2083073,1.2915534496307373,0.0947475433349609,0.091745376586914
  -21,"graph_0000000010001110",5.780363697018051,3.5129764391887,3.891518841960974,2505473,1.5726478815078735,0.0915961265563964,0.1117429733276367
  -22,"graph_0000000010001111",5.723101631512427,3.4463112565462954,3.9189372878325615,2637057,1.6903145909309387,0.1049952507019043,0.1252651214599609
  -23,"graph_0000000010011000",5.616159528649297,3.745746753848069,4.130710074441475,2055425,1.0272274017333984,0.0467350482940673,0.0579822063446044
  -24,"graph_0000000010011010",5.8236067644379705,3.450222192928643,3.8918927298512376,2477825,1.3074798345565797,0.0632362365722656,0.0872509479522705
  -25,"graph_0000000010011011",5.841288786349461,3.523807265269573,3.9258055847151234,2986113,1.7766934990882874,0.09965181350708,0.1237363815307617
  -26,"graph_0000000010011100",5.8141504500599925,3.4559824893214977,3.822374205756606,2563713,1.4678767561912536,0.0815880298614502,0.1051938533782959
  -27,"graph_0000000010011110",5.8661109740696045,3.2681309721672145,3.811579897654685,2986113,1.7732163548469544,0.0988857746124267,0.1247599124908447
  -28,"graph_0000000010011111",5.6622862550044575,3.426697534294868,3.9053610091042095,3117697,1.8920320630073548,0.1116700172424316,0.1359410285949707
  -29,"graph_0000000011000000",5.64210939616774,3.415436417497471,3.9771626418096977,1429505,0.8039644122123718,0.0493698120117187,0.0653884410858154
  -30,"graph_0000000011000010",5.717995186462839,3.3432009241464704,3.817964930157913,1851905,1.0745898127555846,0.0663080215454101,0.0839841365814209
  -31,"graph_0000000011000011",5.751177236962294,3.2879398153556054,3.826326335605822,1983489,1.355399489402771,0.0837655067443847,0.1014142036437988
  -32,"graph_0000000011001000",5.834497030440647,3.327759924998822,3.8254802112830313,2083073,1.0854671478271485,0.0685243606567382,0.0868682861328125
  -33,"graph_0000000011001010",5.802366557045143,3.393455478805817,3.880009218517103,2505473,1.3545698165893554,0.0847918987274169,0.1106994152069091
  -34,"graph_0000000011001011",5.776881635796326,3.392981242560193,3.838385467111019,2637057,1.6533970475196835,0.1025257110595703,0.1235315799713134
  -35,"graph_0000000011001100",5.704939814687464,3.404410307265634,3.9335718753463342,2214657,1.3382033109664917,0.0857982635498046,0.1025097370147705
  -36,"graph_0000000011001110",5.8073184319656574,3.420942813297392,3.933056380665093,2637057,1.6340437173843383,0.1015994548797607,0.122976541519165
  -37,"graph_0000000011001111",5.806133960586705,3.5416100862588418,3.924337581207877,2768641,1.7342569351196289,0.1113207340240478,0.1315040588378906
  -38,"graph_0000000011011000",5.615184778510108,3.800576008202318,4.191908566157023,2563713,1.2571000933647156,0.0758078098297119,0.1045427322387695
  -39,"graph_0000000011011010",5.88842909180514,3.430175718117652,3.9377268126136378,2986113,1.5479363560676576,0.092968463897705,0.123772382736206
  -40,"graph_0000000011011011",5.751821388774548,3.397934242304596,3.869240576049738,3117697,1.8499865889549256,0.13362717628479,0.1367619037628173
  -41,"graph_0000000011011100",5.830737516420345,3.356834921457804,3.8769150314832994,2695297,1.5014906883239747,0.0911493301391601,0.115842580795288
  -42,"graph_0000000011011110",5.754146554916957,3.4537296886354905,3.899365704352396,3117697,1.8038824677467349,0.1090009212493896,0.134413480758667
  -43,"graph_0000000011011111",5.853944356921662,3.391608765575993,3.7834982901707033,3249281,1.923934161663056,0.1176080703735351,0.1424057483673095
  ... 1401 further lines not shown (cap is 50)

[RDB2G-Bench/rel-f1/driver-position/1.csv] column change:
  removed: []
  added:   ['dataset', 'seed', 'task']
  diff --git a/RDB2G-Bench/rel-f1/driver-position/1.csv b/RDB2G-Bench/rel-f1/driver-position/1.csv
  index b043a99..84d2cd4 100644
  --- a/RDB2G-Bench/rel-f1/driver-position/1.csv
  +++ b/RDB2G-Bench/rel-f1/driver-position/1.csv
  @@ -1,723 +1,723 @@
  -idx,graph,train_metric,valid_metric,test_metric,params,train_time,valid_time,test_time
  -0,"graph_0000000000000010",5.801183076013397,3.3930916005161977,3.865192550483503,954241,0.657299542427063,0.0247600078582763,0.0361201763153076
  -1,"graph_0000000000000011",5.801412188916702,3.409559284661241,3.894247235206136,1462529,1.1687912583351134,0.061047077178955,0.0670778751373291
  -2,"graph_0000000000001000",5.590738072163506,3.821509811793794,4.27453250207399,1185409,0.6828892588615417,0.0280666351318359,0.0375871658325195
  -3,"graph_0000000000001010",6.022729281990157,3.426337824906201,3.909161228882639,1607809,1.046464991569519,0.0432183742523193,0.0504801273345947
  -4,"graph_0000000000001011",5.778806532322334,3.4061845625251155,3.883287830771062,2116097,1.4305376529693603,0.0996944904327392,0.0889840126037597
  -5,"graph_0000000000001100",5.644088372647205,3.59849051677472,4.093538175214801,1693697,1.122157335281372,0.0617148876190185,0.0680289268493652
  -6,"graph_0000000000001110",5.8776170146972335,3.4723394235930765,3.972964432699639,2116097,1.4142783641815186,0.1013543605804443,0.0972065925598144
  -7,"graph_0000000000001111",5.801140294236452,3.359418722813975,3.9577795416848702,2247681,1.629776120185852,0.1171092987060546,0.1105828285217285
  -8,"graph_0000000000011000",5.744001193353457,3.4695595535502566,3.998025292095385,1666049,0.9479084134101868,0.0360491275787353,0.049880027770996
  -9,"graph_0000000000011010",5.816268443152775,3.352653369827117,3.8720130048718375,2088449,1.195275962352753,0.0511491298675537,0.0626666545867919
  -10,"graph_0000000000011011",5.83037279840392,3.257812945939894,3.894669692432672,2596737,1.5827250003814697,0.1057772636413574,0.1048831939697265
  -11,"graph_0000000000011100",5.608623984158692,3.858726375582382,4.294730795977408,2174337,1.2928134322166442,0.0684561729431152,0.0813665390014648
  -12,"graph_0000000000011110",5.752286712692208,3.341404966521279,3.8954444530972254,2596737,1.555705761909485,0.1055548191070556,0.1044502258300781
  -13,"graph_0000000000011111",5.674804498356086,3.47115988135736,3.994427554481907,2728321,1.6754013895988464,0.1225793361663818,0.1144158840179443
  -14,"graph_0000000010000000",5.69062667504007,3.3684839782510987,3.8944663502877215,921217,0.5526893734931946,0.0201649665832519,0.0303146839141845
  -15,"graph_0000000010000010",5.675160189808213,3.4190638763234067,3.886854497926277,1343617,0.8853708267211914,0.0376250743865966,0.0460627079010009
  -16,"graph_0000000010000011",5.717556086422117,3.3999004118746727,3.8809667015912246,1851905,1.2919729828834534,0.0924229621887207,0.0843656063079834
  -17,"graph_0000000010001000",5.825954167387226,3.506834367918984,3.885230106972812,1574785,0.8959922790527344,0.0403685569763183,0.0515363216400146
  -18,"graph_0000000010001010",5.705067723364356,3.4135916399016093,3.849027286788874,1997185,1.1288205742836,0.0569243431091308,0.0700633525848388
  -19,"graph_0000000010001011",5.9284743885345845,3.389025373847467,3.918003458182017,2505473,1.6098674416542054,0.1115922927856445,0.1134748458862304
  -20,"graph_0000000010001100",5.998183032040562,3.456166382766041,3.907116277301521,2083073,1.308765721321106,0.0944697856903076,0.0913267135620117
  -21,"graph_0000000010001110",5.895785806089369,3.462399366273033,3.9406614340397352,2505473,1.5905605912208558,0.1119570732116699,0.1132111549377441
  -22,"graph_0000000010001111",5.838750382242597,3.482333240878526,3.89096793743602,2637057,1.702073061466217,0.1294591426849365,0.1226212978363037
  -23,"graph_0000000010011000",5.903662618982317,3.349152936534079,3.799085750998112,2055425,1.0600629925727845,0.0471582412719726,0.0624940395355224
  -24,"graph_0000000010011010",5.947943158949245,3.39358868532047,3.910926352383797,2477825,1.2942860007286072,0.062528371810913,0.0870552062988281
  -25,"graph_0000000010011011",5.982852035355944,3.5576442829990835,3.900481001912502,2986113,1.77039030790329,0.1201930046081543,0.1226115226745605
  -26,"graph_0000000010011100",5.684883975760871,3.499961090724948,3.9559219850991902,2563713,1.464158797264099,0.1008474826812744,0.10296630859375
  -27,"graph_0000000010011110",5.7763365054952684,3.3845161542465627,3.943157897288339,2986113,1.757833194732666,0.1185371875762939,0.1220312118530273
  -28,"graph_0000000010011111",5.678445939084883,3.366803321825638,3.881359013674552,3117697,1.8833292722702024,0.1359550952911377,0.1318988800048828
  -29,"graph_0000000011000000",5.728000435133283,3.376418975264372,3.9729044197735033,1429505,0.8040280222892762,0.0495009422302246,0.063295841217041
  -30,"graph_0000000011000010",5.80305712388226,3.468114351668832,3.873297535285615,1851905,1.0777612686157227,0.0664396286010742,0.0802316665649414
  -31,"graph_0000000011000011",5.932152818651403,3.4003363450049715,3.8269839848970113,1983489,1.3563382148742675,0.1063344478607177,0.1001861095428466
  -32,"graph_0000000011001000",5.616203838442055,3.7245747329875,4.099508577982585,2083073,1.1041665196418762,0.0689210891723632,0.0870904922485351
  -33,"graph_0000000011001010",5.730517790732227,3.580000479347164,4.037145023011325,2505473,1.3615989565849305,0.0854222774505615,0.1117968559265136
  -34,"graph_0000000011001011",5.82968803985243,3.238102337895191,3.8490250244056967,2637057,1.681649959087372,0.1273081302642822,0.1228878498077392
  -35,"graph_0000000011001100",5.63974278895009,3.495297227577918,3.9512601499390185,2214657,1.337315058708191,0.1076743602752685,0.1024014949798584
  -36,"graph_0000000011001110",5.7435222055549575,3.3631184102060327,3.850987643233517,2637057,1.6541550278663637,0.1256530284881591,0.1223330497741699
  -37,"graph_0000000011001111",5.756390247083083,3.37620544994204,3.8098474947193215,2768641,1.757695770263672,0.1356856822967529,0.1330535411834716
  -38,"graph_0000000011011000",5.676191272651996,3.4520370231760924,3.8589460156674966,2563713,1.26566903591156,0.0752136707305908,0.1033782958984375
  -39,"graph_0000000011011010",5.760371897554263,3.3006926044115006,3.871437512573443,2986113,1.554275059700012,0.0915546417236328,0.1237621307373046
  -40,"graph_0000000011011011",5.791515786518026,3.401385560860694,3.888287802035349,3117697,1.8593873858451844,0.1331074237823486,0.1342263221740722
  -41,"graph_0000000011011100",5.837221623682646,3.4386836495332584,3.8834641893286457,2695297,1.5158320903778075,0.1146941184997558,0.1135289669036865
  -42,"graph_0000000011011110",5.872933758400789,3.5110012351948976,3.936806472811783,3117697,1.8228318095207208,0.1315386295318603,0.1335737705230713
  -43,"graph_0000000011011111",5.693850797740806,3.4861043590502336,3.939326872491,3249281,1.9428810715675355,0.1423943042755127,0.1425569057464599
  ... 1401 further lines not shown (cap is 50)

[RDB2G-Bench/rel-f1/driver-position/10.csv] column change:
  removed: []
  added:   ['dataset', 'seed', 'task']
  diff --git a/RDB2G-Bench/rel-f1/driver-position/10.csv b/RDB2G-Bench/rel-f1/driver-position/10.csv
  index dc95be3..8134c34 100644
  --- a/RDB2G-Bench/rel-f1/driver-position/10.csv
  +++ b/RDB2G-Bench/rel-f1/driver-position/10.csv
  @@ -1,723 +1,723 @@
  -idx,graph,train_metric,valid_metric,test_metric,params,train_time,valid_time,test_time
  -0,"graph_0000000000000010",5.797329078093214,3.439526786880646,3.960294797545985,954241,0.9073513507843016,0.0867688655853271,0.061577558517456
  -1,"graph_0000000000000011",5.828323929569708,3.425154434209198,3.8969757310967696,1462529,1.5669805645942687,0.0651719570159912,0.1364912986755371
  -2,"graph_0000000000001000",5.878708166103413,3.3631915400166785,3.884141461263624,1185409,0.932976484298706,0.0369527339935302,0.0774486064910888
  -3,"graph_0000000000001010",5.704391667382108,3.441396670510312,3.9801816120064046,1607809,1.404882824420929,0.0768361091613769,0.1009483337402343
  -4,"graph_0000000000001011",5.843129608442289,3.348876358177475,3.86352559717078,2116097,2.1640411257743835,0.1146237850189209,0.1347811222076416
  -5,"graph_0000000000001100",5.792989086785968,3.4195813336369194,3.905860540113951,1693697,1.5854353427886962,0.0927925109863281,0.0831148624420166
  -6,"graph_0000000000001110",5.786482735871043,3.4178604469987337,3.9153573697073423,2116097,2.147418403625488,0.1583664417266845,0.1151590347290039
  -7,"graph_0000000000001111",5.752898749420556,3.382880224382073,3.950406220126571,2247681,2.41216539144516,0.1695690155029297,0.1723275184631347
  -8,"graph_0000000000011000",5.894699830052208,3.453966870686972,4.006659602115029,1666049,1.1882652282714845,0.0497999191284179,0.1208345890045166
  -9,"graph_0000000000011010",5.872420632781089,3.470685035320784,3.946577778824589,2088449,1.5998782157897948,0.0959501266479492,0.1106917858123779
  -10,"graph_0000000000011011",5.838531834011061,3.4087343296211565,3.944221500681158,2596737,2.511096882820129,0.1238412857055664,0.2024958133697509
  -11,"graph_0000000000011100",5.747776352942824,3.86723272340172,4.412385072373507,2174337,1.946165716648102,0.1254603862762451,0.1509232521057129
  -12,"graph_0000000000011110",5.793443727567929,3.472694470043093,3.994949526619493,2596737,2.3772770047187803,0.1453866958618164,0.1794044971466064
  -13,"graph_0000000000011111",5.82480849294587,3.389716469771717,3.881877415389346,2728321,2.453068232536316,0.1992101669311523,0.157092809677124
  -14,"graph_0000000010000000",5.68450256080479,3.401884862304769,3.902687674363454,921217,0.8362440705299378,0.0286448001861572,0.0568606853485107
  -15,"graph_0000000010000010",5.771659802036275,3.345159393544984,3.866095664961296,1343617,1.331973147392273,0.0735085010528564,0.1235578060150146
  -16,"graph_0000000010000011",5.734086797719267,3.356227372054187,3.801281356267762,1851905,1.9133846044540408,0.1400732994079589,0.1412456035614013
  -17,"graph_0000000010001000",5.89441086731015,3.374294184810253,3.8910280021868258,1574785,1.25888352394104,0.0667455196380615,0.0709989070892334
  -18,"graph_0000000010001010",5.675617309721133,3.571828954412528,4.0131365980181775,1997185,1.7816490650177002,0.0979402065277099,0.1284377574920654
  -19,"graph_0000000010001011",5.7554205694983,3.5021441424617628,3.964309248631461,2505473,2.671814131736755,0.1928050518035888,0.2084698677062988
  -20,"graph_0000000010001100",5.695717730168778,3.5949380710273093,3.998165322437621,2083073,2.09287143945694,0.136155366897583,0.1727247238159179
  -21,"graph_0000000010001110",5.9032529307369295,3.459919721123053,3.908304331260815,2505473,2.396668803691864,0.1377978324890136,0.1692020893096923
  -22,"graph_0000000010001111",5.799886360072061,3.35995508186325,3.864229763516208,2637057,2.681676793098449,0.1528692245483398,0.2294440269470214
  -23,"graph_0000000010011000",5.681796148453636,3.402920479223421,3.902817061449353,2055425,1.5125264406204224,0.0864934921264648,0.108030080795288
  -24,"graph_0000000010011010",5.682088146728375,3.492947884153826,3.9408815354631663,2477825,2.0674814701080324,0.1022810935974121,0.1848502159118652
  -25,"graph_0000000010011011",5.904673509718486,3.3710966115325944,3.873508697392648,2986113,2.524640202522278,0.135392427444458,0.1846041679382324
  -26,"graph_0000000010011100",5.824967551426521,3.430316699084713,3.907614109683456,2563713,2.247799932956696,0.133277416229248,0.2221243381500244
  -27,"graph_0000000010011110",5.839115696387575,3.51575037287965,3.901382561399226,2986113,2.740313267707825,0.1941723823547363,0.2067418098449707
  -28,"graph_0000000010011111",5.743809351875656,3.325661873928929,3.838708404825445,3117697,2.9805060744285585,0.195547342300415,0.2376508712768554
  -29,"graph_0000000011000000",5.660433562713935,3.38927589115813,3.968123622902653,1429505,1.0813276410102843,0.0953576564788818,0.0748903751373291
  -30,"graph_0000000011000010",5.87901826860056,3.4795116866041047,3.889702392502835,1851905,1.6534265279769895,0.1181647777557373,0.1983458995819091
  -31,"graph_0000000011000011",5.659334980014228,3.3853192840963504,3.830669423613632,1983489,2.0650460600852965,0.1396460533142089,0.1994016170501709
  -32,"graph_0000000011001000",5.622187234634652,3.818694226297444,4.20194240402757,2083073,1.7886197686195373,0.1144928932189941,0.1561040878295898
  -33,"graph_0000000011001010",5.589585475477189,3.7837431133629567,4.127036305143123,2505473,1.962889468669892,0.1494712829589843,0.2016818523406982
  -34,"graph_0000000011001011",5.837275373119431,3.364468026336384,3.845913167752718,2637057,2.6078519940376284,0.1925153732299804,0.1642866134643554
  -35,"graph_0000000011001100",5.739445080909199,3.4109494663511186,3.882418724737669,2214657,2.021557557582855,0.1460189819335937,0.1633000373840332
  -36,"graph_0000000011001110",5.718890159405953,3.4526384997065254,3.945001959466098,2637057,2.603015756607056,0.1959221363067627,0.2180399894714355
  -37,"graph_0000000011001111",5.695667696534438,3.3845361285951827,3.858280691013002,2768641,2.441141057014465,0.1457455158233642,0.1947615146636963
  -38,"graph_0000000011011000",5.791426029288068,3.476370064640491,3.8158645839440193,2563713,1.8345285892486567,0.0961394309997558,0.1752185821533203
  -39,"graph_0000000011011010",5.764456095431688,3.5464413341555345,4.064499015515311,2986113,2.4714165806770323,0.1541075706481933,0.1989612579345703
  -40,"graph_0000000011011011",5.821974567305162,3.4027424814228064,3.837227609743152,3117697,2.9132238626480103,0.179863691329956,0.216029405593872
  -41,"graph_0000000011011100",5.793209007077559,3.3303351049990195,3.897398245878387,2695297,2.142970418930054,0.1463708877563476,0.1853117942810058
  -42,"graph_0000000011011110",5.755482284037135,3.33736675774645,3.839824970646908,3117697,2.808137822151184,0.1808130741119384,0.2144136428833007
  -43,"graph_0000000011011111",5.703737458671331,3.362716549113343,3.8708121140379657,3249281,3.038771569728852,0.1781830787658691,0.1962804794311523
  ... 1401 further lines not shown (cap is 50)

[RDB2G-Bench/rel-f1/driver-position/11.csv] column change:
  removed: []
  added:   ['dataset', 'seed', 'task']
  diff --git a/RDB2G-Bench/rel-f1/driver-position/11.csv b/RDB2G-Bench/rel-f1/driver-position/11.csv
  index a21ad4a..c65b5fc 100644
  --- a/RDB2G-Bench/rel-f1/driver-position/11.csv
  +++ b/RDB2G-Bench/rel-f1/driver-position/11.csv
  @@ -1,723 +1,723 @@
  -idx,graph,train_metric,valid_metric,test_metric,params,train_time,valid_time,test_time
  -0,"graph_0000000000000010",5.900247055974841,3.3838360004132,3.8886173154596695,954241,0.9089921474456788,0.0392184257507324,0.0679547786712646
  -1,"graph_0000000000000011",5.80617319660092,3.85552686119207,4.369934200738606,1462529,1.526892995834351,0.0713510513305664,0.1269164085388183
  -2,"graph_0000000000001000",5.897435587225247,3.369988298766519,3.926303740091491,1185409,0.902659809589386,0.071082592010498,0.0782387256622314
  -3,"graph_0000000000001010",5.826203592798514,3.399549055322457,3.9110867780969856,1607809,1.3566802859306335,0.0531322956085205,0.0758585929870605
  -4,"graph_0000000000001011",5.666621553998625,3.4482211386910584,3.954832673281954,2116097,2.187896406650544,0.1864798069000244,0.1231284141540527
  -5,"graph_0000000000001100",5.837661669732974,3.4401238560596945,3.9701021194458006,1693697,1.5243799805641174,0.1011958122253418,0.0941510200500488
  -6,"graph_0000000000001110",5.789316637779723,3.482578568468113,3.960793358610388,2116097,2.14275918006897,0.1568851470947265,0.1218252182006836
  -7,"graph_0000000000001111",5.791208523760073,3.4089069316764635,3.8979943382949167,2247681,2.3102401375770567,0.1298236846923828,0.1683242321014404
  -8,"graph_0000000000011000",5.772777620593051,3.497086016209666,4.003738247929959,1666049,1.2245341539382937,0.0383613109588623,0.065018892288208
  -9,"graph_0000000000011010",5.77350528121949,3.860785568532899,4.386330408715366,2088449,1.499528169631958,0.060866355895996,0.1508567333221435
  -10,"graph_0000000000011011",5.8129100322830025,3.4101940081130686,3.865437334336733,2596737,2.363847291469574,0.1972489356994629,0.1705145835876464
  -11,"graph_0000000000011100",5.939406272139712,3.3586335864477976,3.906943432155409,2174337,1.8284322381019595,0.0948619842529296,0.1108148097991943
  -12,"graph_0000000000011110",5.762964024896287,3.3763116967781595,3.898907491366069,2596737,2.367744565010071,0.1558308601379394,0.178600788116455
  -13,"graph_0000000000011111",5.7008068109754,3.5062057967176417,4.026439723884851,2728321,2.4203144669532777,0.1396260261535644,0.1818547248840332
  -14,"graph_0000000010000000",5.656076674489303,3.371569933665141,3.917414352391896,921217,0.7981550097465515,0.0380482673645019,0.0633418560028076
  -15,"graph_0000000010000010",5.657040078851436,3.4828645409308203,3.9363394874438895,1343617,1.2626844644546509,0.0988004207611084,0.0664777755737304
  -16,"graph_0000000010000011",5.737644680092632,3.2721017473127816,3.8167147270001855,1851905,2.017011857032776,0.1501007080078125,0.143953800201416
  -17,"graph_0000000010001000",5.632909772912079,3.595857587876763,4.0027840336582114,1574785,1.1533411622047425,0.0756046772003173,0.1259558200836181
  -18,"graph_0000000010001010",5.830903096887665,3.353492647118782,3.832148272865697,1997185,1.6922316431999207,0.0638942718505859,0.1316339969635009
  -19,"graph_0000000010001011",5.751023217809505,3.3482749385999373,3.844612564413171,2505473,2.462716674804688,0.1048653125762939,0.1946303844451904
  -20,"graph_0000000010001100",5.880926764845779,3.3661347742787817,3.888191289148833,2083073,1.9666092276573184,0.1413633823394775,0.1720445156097412
  -21,"graph_0000000010001110",5.733796260597784,3.355516002491943,3.821523889407777,2505473,2.3423762559890746,0.1170177459716796,0.1619479656219482
  -22,"graph_0000000010001111",5.859956203945912,3.4854433189652005,3.881326938428377,2637057,2.6011035799980164,0.1412363052368164,0.1808912754058838
  -23,"graph_0000000010011000",5.884607877679714,3.456982155903706,3.865302902773807,2055425,1.4865344285964963,0.0613324642181396,0.1463279724121093
  -24,"graph_0000000010011010",5.802852135637834,3.531467800994037,3.886764572461447,2477825,1.8954208612442016,0.1406333446502685,0.1656882762908935
  -25,"graph_0000000010011011",5.874505143959144,3.471608643031709,3.910809315673092,2986113,2.557684528827667,0.164243459701538,0.1833877563476562
  -26,"graph_0000000010011100",5.925362852143391,3.3994012201955184,3.8886784697833816,2563713,2.08982048034668,0.1540255546569824,0.1343846321105957
  -27,"graph_0000000010011110",5.82708570692843,3.3824358331735085,3.854612120661819,2986113,2.617695164680481,0.1700379848480224,0.195275068283081
  -28,"graph_0000000010011111",5.790751058845584,3.451370963973846,3.969965483054781,3117697,2.8423826336860656,0.181610107421875,0.2557399272918701
  -29,"graph_0000000011000000",5.682539520560535,3.377308563431184,3.862659266371476,1429505,1.091356348991394,0.062103271484375,0.0830564498901367
  -30,"graph_0000000011000010",5.665933082540814,3.397602136340552,3.9363402475808793,1851905,1.5678263783454895,0.1034121513366699,0.1341233253479004
  -31,"graph_0000000011000011",5.900344150269723,3.4168989108257,3.86189172167527,1983489,1.948068833351136,0.1545147895812988,0.1835010051727295
  -32,"graph_0000000011001000",5.655698156418658,3.404695939476202,3.933573907383701,2083073,1.7081966042518617,0.1064717769622802,0.1936826705932617
  -33,"graph_0000000011001010",5.725016686267922,3.338653958918814,3.892754954371537,2505473,1.973167872428894,0.1110646724700927,0.1606194972991943
  -34,"graph_0000000011001011",5.7348689413256215,3.434515655685761,3.8831227436818576,2637057,2.498220217227936,0.1943066120147705,0.2069776058197021
  -35,"graph_0000000011001100",5.641977543862648,3.4749722699921533,3.941814012234671,2214657,1.9790786743164064,0.1541213989257812,0.1467454433441162
  -36,"graph_0000000011001110",5.706442023694897,3.4853358054049592,3.938686406947019,2637057,2.488806176185608,0.1933176517486572,0.1715226173400879
  -37,"graph_0000000011001111",5.680113661547798,3.47161035932695,3.9528796175906535,2768641,2.504879128932953,0.1587498188018798,0.1888649463653564
  -38,"graph_0000000011011000",5.615010410376911,3.492887745910115,3.926805332041624,2563713,1.7687227487564088,0.1666929721832275,0.1581661701202392
  -39,"graph_0000000011011010",5.811163371762722,3.396861551089851,3.9134097475754586,2986113,2.332473397254944,0.1609878540039062,0.216796875
  -40,"graph_0000000011011011",5.688680474984954,3.506416141660356,3.949266802553545,3117697,2.799560165405273,0.1478278636932373,0.2277913093566894
  -41,"graph_0000000011011100",5.837957846392747,3.361981103319921,3.7778079586280016,2695297,2.140872490406037,0.1252222061157226,0.1836147308349609
  -42,"graph_0000000011011110",5.720422266860294,3.454354144512373,3.919721999335707,3117697,2.6809292674064635,0.1450753211975097,0.182236909866333
  -43,"graph_0000000011011111",5.892275174531331,3.452719518257605,3.913806035602303,3249281,2.8601460218429566,0.2158677577972412,0.2317280769348144
  ... 1401 further lines not shown (cap is 50)

[RDB2G-Bench/rel-f1/driver-position/12.csv] column change:
  removed: []
  added:   ['dataset', 'seed', 'task']
  diff --git a/RDB2G-Bench/rel-f1/driver-position/12.csv b/RDB2G-Bench/rel-f1/driver-position/12.csv
  index 467d300..9300281 100644
  --- a/RDB2G-Bench/rel-f1/driver-position/12.csv
  +++ b/RDB2G-Bench/rel-f1/driver-position/12.csv
  @@ -1,723 +1,723 @@
  -idx,graph,train_metric,valid_metric,test_metric,params,train_time,valid_time,test_time
  -0,"graph_0000000000000010",5.778397098155507,3.438393096821899,3.910643747103842,954241,0.8534128069877625,0.0310919284820556,0.0764660835266113
  -1,"graph_0000000000000011",5.778929786429623,3.33117861069276,3.8606343273530928,1462529,1.5795156240463255,0.1040916442871093,0.1105847358703613
  -2,"graph_0000000000001000",5.873274748817669,3.322007681133752,3.934691199503447,1185409,1.0397770404815674,0.0388627052307128,0.0883538722991943
  -3,"graph_0000000000001010",5.802838278782858,3.417465906327935,3.90714217303092,1607809,1.4971338033676147,0.1071569919586181,0.082585334777832
  -4,"graph_0000000000001011",5.834036943081736,3.4118870095563234,3.9317931409467737,2116097,2.1796346426010134,0.0912802219390869,0.2069399356842041
  -5,"graph_0000000000001100",6.011615395854126,3.447007384137782,3.923627196905906,1693697,1.543855893611908,0.0749180316925048,0.1184897422790527
  -6,"graph_0000000000001110",5.70921609730023,3.379316966885635,3.9223703081565993,2116097,2.158877265453339,0.1482729911804199,0.1618533134460449
  -7,"graph_0000000000001111",5.736702637045641,3.3957079421064416,3.934465613616141,2247681,2.5168567538261413,0.1743433475494384,0.1632890701293945
  -8,"graph_0000000000011000",5.70089006473001,3.398365810766329,4.00987372139044,1666049,1.2194897413253785,0.0480644702911376,0.0905413627624511
  -9,"graph_0000000000011010",5.752672230000412,3.3450806467391363,3.9070565835634863,2088449,1.6012791872024537,0.0586347579956054,0.1120948791503906
  -10,"graph_0000000000011011",5.831624117114686,3.4449058426963384,3.951985740076032,2596737,2.460802173614502,0.1374106407165527,0.1576368808746338
  -11,"graph_0000000000011100",5.692190227818204,3.595849766473254,4.112554445517691,2174337,1.926410615444184,0.1135962009429931,0.1046655178070068
  -12,"graph_0000000000011110",5.863791733055946,3.431253404050329,3.892318343697933,2596737,2.43103574514389,0.1395850181579589,0.1896548271179199
  -13,"graph_0000000000011111",5.875525065576077,3.4504404886611395,3.902306079446224,2728321,2.500644409656525,0.1710944175720214,0.1702067852020263
  -14,"graph_0000000010000000",5.648321913815529,3.357547234756276,3.92741283052846,921217,0.8204889893531799,0.0326271057128906,0.0509505271911621
  -15,"graph_0000000010000010",5.799598394335316,3.467392589158828,3.916837304433187,1343617,1.3170804858207703,0.0620291233062744,0.079857587814331
  -16,"graph_0000000010000011",5.784888448548437,3.385171282824948,3.87698478631806,1851905,1.988720452785492,0.1041505336761474,0.1578130722045898
  -17,"graph_0000000010001000",5.856523570364375,3.3117252568364064,3.8382008448399993,1574785,1.1889459371566773,0.0515854358673095,0.0877137184143066
  -18,"graph_0000000010001010",5.862796550780418,3.455388233131301,3.889502014862864,1997185,1.6969369769096374,0.1054511070251464,0.1145274639129638
  -19,"graph_0000000010001011",5.744036985813886,3.3578145608156618,3.913538316467352,2505473,2.5154031991958616,0.1335067749023437,0.1905522346496582
  -20,"graph_0000000010001100",5.784285129991731,3.399857442253179,3.8113752050148815,2083073,2.0010881185531617,0.104874849319458,0.1500589847564697
  -21,"graph_0000000010001110",5.930766093397702,3.526352957749096,3.924189235578504,2505473,2.4903735756874084,0.1355037689208984,0.228755235671997
  -22,"graph_0000000010001111",5.81072341077064,3.4352944409759663,3.8463287767192775,2637057,2.6091329574584963,0.1484317779541015,0.213449478149414
  -23,"graph_0000000010011000",5.75515353470125,3.450471674830577,3.959756506367734,2055425,1.4500837445259094,0.0523312091827392,0.0883007049560546
  -24,"graph_0000000010011010",5.8437677374892285,3.496186238762213,3.9236978604500754,2477825,1.998618876934052,0.1066851615905761,0.1222176551818847
  -25,"graph_0000000010011011",5.686695473087171,3.4451763400254283,3.892190797245293,2986113,2.70940819978714,0.1382703781127929,0.1773474216461181
  -26,"graph_0000000010011100",5.80549340055957,3.3620706196379166,3.8419698691368094,2563713,2.131782293319702,0.1646060943603515,0.2029318809509277
  -27,"graph_0000000010011110",5.825538607840941,3.367452890807657,3.815587293976232,2986113,2.555029416084289,0.1580488681793213,0.1827588081359863
  -28,"graph_0000000010011111",5.721398674492184,3.477179120521826,3.936213098868989,3117697,2.971689736843109,0.1896395683288574,0.2468819618225097
  -29,"graph_0000000011000000",5.682425263915528,3.423630586304343,3.95738836426484,1429505,1.1314661264419557,0.0779166221618652,0.1067719459533691
  -30,"graph_0000000011000010",5.757407889597968,3.325361076895205,3.860362755290249,1851905,1.6055758476257325,0.0943014621734619,0.1409327983856201
  -31,"graph_0000000011000011",5.86883155386501,3.399962808612831,3.865655213615351,1983489,1.9471397280693048,0.1129333972930908,0.1572494506835937
  -32,"graph_0000000011001000",5.636108053214136,3.4735857525266804,3.94397359856388,2083073,1.7126204252243042,0.0922968387603759,0.1926124095916748
  -33,"graph_0000000011001010",5.883609414127306,3.3750250534128967,3.843881408289859,2505473,2.097173774242401,0.1160864830017089,0.176910400390625
  -34,"graph_0000000011001011",5.709556685415745,3.346913029881581,3.89062145124402,2637057,2.592112386226654,0.1341886520385742,0.2164480686187744
  -35,"graph_0000000011001100",5.817649137481679,3.3582601645347987,3.941697781211452,2214657,1.9610889673233032,0.1678879261016845,0.1430370807647705
  -36,"graph_0000000011001110",5.712357198840695,3.290978990145819,3.832328841309799,2637057,2.642230772972107,0.1634237766265869,0.2358410358428955
  -37,"graph_0000000011001111",5.819415619942843,3.4559969289826804,3.883244383418769,2768641,2.6823175072669985,0.2125871181488037,0.2215933799743652
  -38,"graph_0000000011011000",5.678162859322064,3.4709204320837515,3.8835812482080967,2563713,1.92177711725235,0.1430847644805908,0.1805007457733154
  -39,"graph_0000000011011010",5.680821021963058,3.398351547697344,3.8647215299439015,2986113,2.472453033924103,0.1294698715209961,0.2176682949066162
  -40,"graph_0000000011011011",5.878964246812749,3.5521730263709386,3.9015376953493086,3117697,2.833486557006836,0.1261851787567138,0.2192628383636474
  -41,"graph_0000000011011100",5.789839695244155,3.394514894963266,3.879294085000691,2695297,2.299251925945282,0.1546690464019775,0.1461219787597656
  -42,"graph_0000000011011110",5.835004170100151,3.431297373277948,3.875862612598821,3117697,2.801982605457306,0.1776454448699951,0.2351737022399902
  -43,"graph_0000000011011111",5.7417736373107005,3.3820469880470374,3.866533835812619,3249281,2.9312815427780152,0.1512789726257324,0.2207434177398681
  ... 1401 further lines not shown (cap is 50)

[RDB2G-Bench/rel-f1/driver-position/13.csv] column change:
  removed: []
  added:   ['dataset', 'seed', 'task']
  diff --git a/RDB2G-Bench/rel-f1/driver-position/13.csv b/RDB2G-Bench/rel-f1/driver-position/13.csv
  index 5ee9100..b215b2d 100644
  --- a/RDB2G-Bench/rel-f1/driver-position/13.csv
  +++ b/RDB2G-Bench/rel-f1/driver-position/13.csv
  @@ -1,723 +1,723 @@
  -idx,graph,train_metric,valid_metric,test_metric,params,train_time,valid_time,test_time
  -0,"graph_0000000000000010",5.707602754264725,3.5216517942144465,4.0001178684569245,954241,0.9179346323013304,0.0602881908416748,0.0769457817077636
  -1,"graph_0000000000000011",5.911547447964492,3.4539483584478528,3.882631022386384,1462529,1.6973103404045105,0.0958280563354492,0.0944564342498779
  -2,"graph_0000000000001000",5.863597063073703,3.342824323000554,3.93055544631523,1185409,0.9612722516059876,0.0426380634307861,0.1270899772644043
  -3,"graph_0000000000001010",5.792894355504019,3.4045525894853057,3.9299937263288,1607809,1.3102249264717103,0.102818489074707,0.1033322811126709
  -4,"graph_0000000000001011",5.88953371651511,3.3893570951564995,3.896274029121064,2116097,2.185711407661438,0.1044104099273681,0.1679816246032714
  -5,"graph_0000000000001100",5.795272546808538,3.446171711378282,4.026178897640161,1693697,1.681755042076111,0.1031234264373779,0.0895388126373291
  -6,"graph_0000000000001110",5.862363234389057,3.401427309562464,3.9201359962162217,2116097,2.266902232170105,0.0972776412963867,0.2237393856048584
  -7,"graph_0000000000001111",5.903679345392937,3.594727101131687,3.9666363209172304,2247681,2.2715248703956603,0.1256535053253173,0.1757161617279052
  -8,"graph_0000000000011000",5.878141996784688,3.372022590942994,3.958646921902373,1666049,1.2110363006591798,0.059309959411621,0.0845835208892822
  -9,"graph_0000000000011010",5.815638526436404,3.298567989211761,3.9086179075324745,2088449,1.681111645698547,0.0838136672973632,0.0833034515380859
  -10,"graph_0000000000011011",5.736311878951794,3.4148968947594693,3.886673313358374,2596737,2.5879485249519347,0.142000675201416,0.2202355861663818
  -11,"graph_0000000000011100",5.626407926774333,3.8050520644,4.245477556345755,2174337,1.822591018676757,0.0974009037017822,0.1365823745727539
  -12,"graph_0000000000011110",5.708333159122171,3.36159262450122,3.930888363520305,2596737,2.3842997312545777,0.163356065750122,0.1675829887390136
  -13,"graph_0000000000011111",5.82539047475972,3.423625183041763,3.9174049775642255,2728321,2.642662501335144,0.1636767387390136,0.2234199047088623
  -14,"graph_0000000010000000",5.6332715220536445,3.443808450934564,3.954942572576958,921217,0.9222581267356872,0.058030366897583,0.0515460968017578
  -15,"graph_0000000010000010",5.618927648057984,3.689949865729792,4.088196684854072,1343617,1.201884663105011,0.046630859375,0.1230287551879882
  -16,"graph_0000000010000011",5.749424617007603,3.253978631077564,3.806303653340591,1851905,1.90144990682602,0.110260009765625,0.1171896457672119
  -17,"graph_0000000010001000",5.617813166482669,3.683907008378125,4.091394664279202,1574785,1.335463535785675,0.0682635307312011,0.1178755760192871
  -18,"graph_0000000010001010",5.624159725770482,3.631207602583096,4.024698166930885,1997185,1.7822450041770934,0.0942132472991943,0.1185016632080078
  -19,"graph_0000000010001011",5.912667967340239,3.389916429411354,3.864587426269264,2505473,2.3538400888442994,0.1487085819244384,0.1388490200042724
  -20,"graph_0000000010001100",5.699749475737004,3.4255921747975933,3.867641155761584,2083073,1.974073016643524,0.1664836406707763,0.1289498805999755
  -21,"graph_0000000010001110",5.9749243224561255,3.5078460913781093,3.926938108644987,2505473,2.405070054531097,0.1571748256683349,0.1885962486267089
  -22,"graph_0000000010001111",5.78790459847204,3.439161605108716,3.876426056100611,2637057,2.7728623270988466,0.1686763763427734,0.2077751159667968
  -23,"graph_0000000010011000",5.837905306338177,3.448591994092555,3.843838679999637,2055425,1.463941490650177,0.0625233650207519,0.063727855682373
  -24,"graph_0000000010011010",5.823518406655441,3.311514911256636,3.847650087298008,2477825,1.9676460027694704,0.1103620529174804,0.1632981300354004
  -25,"graph_0000000010011011",5.934016530271389,3.373724305032489,3.812914696785442,2986113,2.835786497592926,0.1919436454772949,0.1963477134704589
  -26,"graph_0000000010011100",5.83858272386656,3.45007502352626,3.8630250846293936,2563713,2.208213329315185,0.1586997509002685,0.1404917240142822
  -27,"graph_0000000010011110",5.827595170019052,3.4457906399397507,3.862305866333476,2986113,2.549232268333435,0.1539037227630615,0.1784088611602783
  -28,"graph_0000000010011111",5.593145629769867,3.749347931142641,4.175869602236832,3117697,3.037503588199616,0.196836233139038,0.2655587196350097
  -29,"graph_0000000011000000",5.643493427077167,3.3555301046403314,3.919789489110311,1429505,1.1451088547706605,0.1014482975006103,0.1061682701110839
  -30,"graph_0000000011000010",5.757717381319583,3.297889919637758,3.8137638562604,1851905,1.6722061157226562,0.0932898521423339,0.1498801708221435
  -31,"graph_0000000011000011",5.897514600965769,3.44610658848214,3.875551249646304,1983489,1.982304036617279,0.1196146011352539,0.1721706390380859
  -32,"graph_0000000011001000",5.80378923906645,3.418723635268992,3.933328340513664,2083073,1.850558149814605,0.1456968784332275,0.1276874542236328
  -33,"graph_0000000011001010",5.727792633244654,3.587277323863629,4.016337804668828,2505473,2.181094229221344,0.1123478412628173,0.218395709991455
  -34,"graph_0000000011001011",5.714844529121931,3.463605056067029,3.912998281487248,2637057,2.660924339294433,0.1677348613739013,0.1988580226898193
  -35,"graph_0000000011001100",5.811304841893981,3.470143158975727,3.8554286240694817,2214657,1.9682998418807984,0.1206822395324707,0.1581110954284668
  -36,"graph_0000000011001110",5.805813196305858,3.452851317322246,3.910479978804003,2637057,2.665827691555023,0.1876325607299804,0.2482581138610839
  -37,"graph_0000000011001111",5.802984662262622,3.438214162738624,3.944628595092841,2768641,2.736017608642578,0.1835567951202392,0.2186217308044433
  -38,"graph_0000000011011000",5.616332695099113,3.540043250512663,3.966827371162281,2563713,1.8902531385421752,0.1535956859588623,0.1776423454284668
  -39,"graph_0000000011011010",5.761927791511688,3.2739436695555013,3.833394063021008,2986113,2.192525255680084,0.1202502250671386,0.2117128372192382
  -40,"graph_0000000011011011",5.742175838327658,3.325912602551396,3.849289733234205,3117697,2.9791318774223328,0.1962857246398925,0.223428726196289
  -41,"graph_0000000011011100",5.866783669598547,3.484598612546443,3.890924644261076,2695297,2.290549075603485,0.1178386211395263,0.2223532199859619
  -42,"graph_0000000011011110",5.790979658639774,3.420541197153116,3.8939436836828265,3117697,2.878281641006469,0.1826758384704589,0.2312691211700439
  -43,"graph_0000000011011111",5.839258887756169,3.3952436939588613,3.87800946825429,3249281,2.7965712428092955,0.2078135013580322,0.2266621589660644
  ... 1401 further lines not shown (cap is 50)

[RDB2G-Bench/rel-f1/driver-position/14.csv] column change:
  removed: []
  added:   ['dataset', 'seed', 'task']
  diff --git a/RDB2G-Bench/rel-f1/driver-position/14.csv b/RDB2G-Bench/rel-f1/driver-position/14.csv
  index e1046b3..98aa3e5 100644
  --- a/RDB2G-Bench/rel-f1/driver-position/14.csv
  +++ b/RDB2G-Bench/rel-f1/driver-position/14.csv
  @@ -1,723 +1,723 @@
  -idx,graph,train_metric,valid_metric,test_metric,params,train_time,valid_time,test_time
  -0,"graph_0000000000000010",5.800288710838792,3.50697536111754,3.9824606259663904,954241,0.918047559261322,0.0324575901031494,0.0694570541381836
  -1,"graph_0000000000000011",5.774604331304489,3.2848084742177224,3.8521547070302464,1462529,1.634089732170105,0.1021773815155029,0.1107184886932373
  -2,"graph_0000000000001000",5.769122671397482,3.392719110936105,3.941617162269458,1185409,1.0518801927566528,0.0497703552246093,0.0888881683349609
  -3,"graph_0000000000001010",5.93349263051194,3.45006355962199,3.874810892155296,1607809,1.5021042943000793,0.0984635353088378,0.1130666732788086
  -4,"graph_0000000000001011",5.794654030827376,3.4669432064813224,3.94397133818844,2116097,2.3319559574127195,0.1768672466278076,0.1595761775970459
  -5,"graph_0000000000001100",5.733436639093853,3.4759274929304,3.9547971793643217,1693697,1.6524970531463623,0.0883049964904785,0.1391427516937255
  -6,"graph_0000000000001110",5.745072154119279,3.403116234541736,3.9484791272983215,2116097,2.2657859325408936,0.1157338619232177,0.1604492664337158
  -7,"graph_0000000000001111",5.622302574691045,3.81130854377925,4.2513360567260206,2247681,2.389752721786499,0.2100021839141845,0.1842668056488037
  -8,"graph_0000000000011000",5.847630088072012,3.397642123197506,3.918884003204212,1666049,1.2739407896995545,0.0641281604766845,0.0923163890838623
  -9,"graph_0000000000011010",5.800675261603404,3.248506310819067,3.9094321567552135,2088449,1.6046055555343628,0.0517308712005615,0.0905754566192627
  -10,"graph_0000000000011011",5.799029136240399,3.318397993331124,3.863517037776479,2596737,2.5684113025665285,0.1518561840057373,0.1622316837310791
  -11,"graph_0000000000011100",5.660798861542287,3.5381021993990016,4.046073079778438,2174337,1.9099531412124635,0.1015045642852783,0.1415269374847412
  -12,"graph_0000000000011110",5.745136869356241,3.3917638560175973,3.92415581263994,2596737,2.460506772994995,0.1988584995269775,0.1710469722747802
  -13,"graph_0000000000011111",5.791909664494763,3.3445458798226944,3.873548761208853,2728321,2.5439464807510377,0.1475329399108886,0.2049307823181152
  -14,"graph_0000000010000000",5.628717975406604,3.525368058402776,4.05769972119415,921217,0.9794193387031556,0.0311226844787597,0.0827131271362304
  -15,"graph_0000000010000010",5.955433347655023,3.461224618464529,3.8198136566396346,1343617,1.2370855212211609,0.0625984668731689,0.0738322734832763
  -16,"graph_0000000010000011",5.646083508035173,3.65725991880408,4.06783570381633,1851905,2.033569407463074,0.1099631786346435,0.1690678596496582
  -17,"graph_0000000010001000",6.005940349153524,3.489344777659567,3.846592803252371,1574785,1.2964324712753297,0.0627014636993408,0.0904128551483154
  -18,"graph_0000000010001010",5.88473753271645,3.470418874566047,3.869800718625386,1997185,2.002949476242065,0.0890552997589111,0.1707117557525634
  -19,"graph_0000000010001011",5.883704034831828,3.342466103242251,3.9289886314408817,2505473,2.410482490062713,0.1469290256500244,0.2027924060821533
  -20,"graph_0000000010001100",5.704147590493211,3.361391563007812,3.856368449403529,2083073,1.971713626384735,0.1409668922424316,0.1296544075012207
  -21,"graph_0000000010001110",5.689502229067395,3.444206514785349,3.883745736532045,2505473,2.4866116762161257,0.1036820411682128,0.1701884269714355
  -22,"graph_0000000010001111",5.814761405176902,3.429898325857036,3.938524861963172,2637057,2.866633903980256,0.2527084350585937,0.1914288997650146
  -23,"graph_0000000010011000",5.822638626466301,3.3585946239147813,3.861093613432165,2055425,1.5060295343399048,0.093482494354248,0.1217150688171386
  -24,"graph_0000000010011010",5.802860122373393,3.4609329261856234,3.82876662225054,2477825,1.999865210056305,0.0779309272766113,0.1468644142150879
  -25,"graph_0000000010011011",5.888795471878116,3.5108310554213897,3.9067560006861104,2986113,2.7149290561676027,0.1824114322662353,0.1542012691497802
  -26,"graph_0000000010011100",5.639957626425009,3.4501313353508567,3.877842500544432,2563713,2.37835693359375,0.1235272884368896,0.2291426658630371
  -27,"graph_0000000010011110",5.774470244704133,3.5173850048679305,4.049318712636044,2986113,2.5679282426834105,0.151975393295288,0.187831163406372
  -28,"graph_0000000010011111",5.839780038528821,3.4756293135638545,3.89800394990988,3117697,3.029985582828522,0.1821367740631103,0.2374000549316406
  -29,"graph_0000000011000000",5.675797272440818,3.403325762968503,3.977184302472232,1429505,1.1569164514541626,0.0884642601013183,0.1145057678222656
  -30,"graph_0000000011000010",5.906407033218308,3.443241662730673,3.891924449560935,1851905,1.8374996662139893,0.1514894962310791,0.1214580535888671
  -31,"graph_0000000011000011",5.706622711683068,3.384012850237116,3.820449302029192,1983489,1.9879217386245729,0.1406595706939697,0.1605274677276611
  -32,"graph_0000000011001000",5.625008174574297,3.464927422976446,3.9246563542098327,2083073,1.7034114003181458,0.1226398944854736,0.2105758190155029
  -33,"graph_0000000011001010",5.718960466405788,3.524685755330241,3.958462041804665,2505473,2.100687575340271,0.1781013011932373,0.2150731086730957
  -34,"graph_0000000011001011",5.725942234374729,3.482114859270747,3.897094222160808,2637057,2.727937090396881,0.2021598815917968,0.2150466442108154
  -35,"graph_0000000011001100",5.639195426823366,3.447211784638002,3.8989649225954426,2214657,1.954385769367218,0.1888327598571777,0.1424682140350341
  -36,"graph_0000000011001110",5.769063648549914,3.382529418947861,3.935700166936507,2637057,2.756877613067627,0.1879801750183105,0.214501142501831
  -37,"graph_0000000011001111",5.783888433956226,3.308818286151669,3.863088405341433,2768641,2.772024917602539,0.2200493812561035,0.1606488227844238
  -38,"graph_0000000011011000",5.773961726706081,3.325895245360309,3.873665256793039,2563713,1.9937452673912048,0.1041984558105468,0.1654846668243408
  -39,"graph_0000000011011010",5.88044058388869,3.451510205201969,3.891902800108257,2986113,2.2606779098510743,0.1547713279724121,0.2072188854217529
  -40,"graph_0000000011011011",5.779055104319015,3.3597077934122432,3.862652942925169,3117697,3.0403877019882204,0.197575569152832,0.2223968505859375
  -41,"graph_0000000011011100",5.58946957891244,3.732817848475679,4.079468363711709,2695297,2.251617586612701,0.1325404644012451,0.1817297935485839
  -42,"graph_0000000011011110",5.833346976476372,3.354701119641423,3.8375977042683385,3117697,2.9750224947929382,0.2327039241790771,0.2125666141510009
  -43,"graph_0000000011011111",5.881087376729199,3.38875282302887,3.881005944661927,3249281,2.86258670091629,0.1878070831298828,0.2094671726226806
  ... 1401 further lines not shown (cap is 50)

[RDB2G-Bench/rel-f1/driver-position/2.csv] column change:
  removed: []
  added:   ['dataset', 'seed', 'task']
  diff --git a/RDB2G-Bench/rel-f1/driver-position/2.csv b/RDB2G-Bench/rel-f1/driver-position/2.csv
  index f2cbf5f..7a3e8d1 100644
  --- a/RDB2G-Bench/rel-f1/driver-position/2.csv
  +++ b/RDB2G-Bench/rel-f1/driver-position/2.csv
  @@ -1,723 +1,723 @@
  -idx,graph,train_metric,valid_metric,test_metric,params,train_time,valid_time,test_time
  -0,"graph_0000000000000010",5.7195661582888775,3.447855102179762,3.954546808401744,954241,0.6259282350540161,0.0235319137573242,0.0332000255584716
  -1,"graph_0000000000000011",5.727176033146954,3.4103025066908312,3.885128006056736,1462529,1.1349298477172851,0.0599877834320068,0.065476655960083
  -2,"graph_0000000000001000",5.762586464824956,3.452921971210896,3.9901437558625874,1185409,0.6470880389213562,0.0265681743621826,0.0345156192779541
  -3,"graph_0000000000001010",5.844609315594012,3.4154309232631523,3.874034464024661,1607809,0.9767033815383912,0.0429718494415283,0.0500833988189697
  -4,"graph_0000000000001011",5.689972552624472,3.416004155043689,3.955864189591324,2116097,1.4518659949302672,0.0795555114746093,0.0888214111328125
  -5,"graph_0000000000001100",5.749472942477694,3.866631730843482,4.410437143643697,1693697,1.165116310119629,0.0606343746185302,0.0699424743652343
  -6,"graph_0000000000001110",5.905661276170664,3.458939207659296,3.899997664878244,2116097,1.4350985050201417,0.0976684093475341,0.0930116176605224
  -7,"graph_0000000000001111",5.698267954019322,3.328247322587069,3.8601607286302655,2247681,1.5190014839172363,0.0916812419891357,0.1053392887115478
  -8,"graph_0000000000011000",5.797693286519384,3.3530637676109056,3.9244502112739967,1666049,0.8969614624977111,0.0348095893859863,0.0461146831512451
  -9,"graph_0000000000011010",5.780034688719856,3.419144085429872,3.9121264611210735,2088449,1.1487579464912414,0.0498559474945068,0.0642938613891601
  -10,"graph_0000000000011011",5.839553771459799,3.357916462349748,3.89392230849517,2596737,1.605885398387909,0.0846719741821289,0.1034512519836425
  -11,"graph_0000000000011100",5.748960747141506,3.8631197210144976,4.3897694350962055,2174337,1.3263954758644103,0.0686268806457519,0.0807154178619384
  -12,"graph_0000000000011110",5.826576769418604,3.4567558986788685,3.9078984422014473,2596737,1.6057902693748474,0.1043541431427002,0.1019904613494873
  -13,"graph_0000000000011111",5.791708743652742,3.370691388944984,3.900609778479526,2728321,1.7141040682792663,0.095637559890747,0.113480806350708
  -14,"graph_0000000010000000",5.664787898393579,3.436435527393797,3.99370285720156,921217,0.5571679949760437,0.0202209949493408,0.0320875644683837
  -15,"graph_0000000010000010",5.770708770223911,3.4357470729626574,3.839900681679709,1343617,0.8645539879798889,0.0376183986663818,0.0445036888122558
  -16,"graph_0000000010000011",5.623316632053325,3.444566531044368,3.931206905925483,1851905,1.2883593916893006,0.0719664096832275,0.0827229022979736
  -17,"graph_0000000010001000",5.82217123880066,3.4613640248815294,3.912166261338352,1574785,0.8820391297340393,0.0401973724365234,0.051314353942871
  -18,"graph_0000000010001010",5.7654401833514495,3.301812767265794,3.861339494387308,1997185,1.136466634273529,0.0570285320281982,0.0684649944305419
  -19,"graph_0000000010001011",5.76908139627582,3.4522921096506165,3.949102630657064,2505473,1.581235134601593,0.0918071269989013,0.1102397441864013
  -20,"graph_0000000010001100",5.774040941938506,3.309243427663942,3.832344087341376,2083073,1.3101178884506226,0.0746002197265625,0.0924630165100097
  -21,"graph_0000000010001110",5.859438998473449,3.463520868030005,3.907745887689423,2505473,1.5624304294586182,0.0910561084747314,0.1118464469909668
  -22,"graph_0000000010001111",5.976191590479455,3.441544210870981,3.891264265378316,2637057,1.6752085208892822,0.1041569709777832,0.1238977909088134
  -23,"graph_0000000010011000",5.6497926421570455,3.443702198938282,3.917348519793728,2055425,1.0397601842880249,0.046166181564331,0.0575158596038818
  -24,"graph_0000000010011010",5.812312933381275,3.3845981889672494,3.828188056276556,2477825,1.3016395807266234,0.0623395442962646,0.0856285095214843
  -25,"graph_0000000010011011",5.731056012991711,3.417622053010032,3.885070848632277,2986113,1.7809494256973266,0.0989241600036621,0.1200969219207763
  -26,"graph_0000000010011100",5.789096389236324,3.413438055080497,3.814995154916194,2563713,1.4837637662887573,0.0825355052947998,0.1023509502410888
  -27,"graph_0000000010011110",5.802073504149665,3.300872543770708,3.863074151925873,2986113,1.7630522489547729,0.0972771644592285,0.1217231750488281
  -28,"graph_0000000010011111",5.796050318859521,3.392210030539798,3.8715832281949214,3117697,1.865064764022827,0.1098835468292236,0.1337349414825439
  -29,"graph_0000000011000000",5.685985831531057,3.4271816246017424,3.937196796986095,1429505,0.8029430389404297,0.0486426353454589,0.0636794567108154
  -30,"graph_0000000011000010",5.948843972235845,3.357357061076499,3.8462365066377737,1851905,1.0558096647262574,0.0661530494689941,0.082033634185791
  -31,"graph_0000000011000011",5.7216553506774845,3.3362162860139017,3.833259547551473,1983489,1.3435919046401978,0.0809552669525146,0.1011843681335449
  -32,"graph_0000000011001000",6.044317672220558,3.4263970290332457,3.8405830935428016,2083073,1.0750973582267762,0.0686535835266113,0.0866734981536865
  -33,"graph_0000000011001010",5.59537665791394,3.827372194849497,4.199331789435002,2505473,1.3474697470664978,0.0847089290618896,0.1084048748016357
  -34,"graph_0000000011001011",5.692260943756178,3.5413220793546327,3.986238717112625,2637057,1.6465468168258668,0.1022782325744628,0.1217589378356933
  -35,"graph_0000000011001100",5.886085462858098,3.4394400151315816,3.910154848056927,2214657,1.3146983981132507,0.0864088535308837,0.1003832817077636
  -36,"graph_0000000011001110",5.827245895734301,3.375772979471313,3.916086915292238,2637057,1.6064990162849426,0.1004559993743896,0.1207606792449951
  -37,"graph_0000000011001111",5.70532569689904,3.428470328209315,3.923761855844866,2768641,1.7048509478569032,0.1121711730957031,0.1285672187805175
  -38,"graph_0000000011011000",5.802544216107552,3.343790065979432,3.8910927771685415,2563713,1.2640568614006042,0.075021743774414,0.1018295288085937
  -39,"graph_0000000011011010",5.923480116224304,3.358410634720572,3.800368140120256,2986113,1.5482981562614442,0.0920438766479492,0.1224637031555175
  -40,"graph_0000000011011011",5.770239998615143,3.3400472299528663,3.8769335061207153,3117697,1.8778547763824465,0.1096889972686767,0.1320722103118896
  -41,"graph_0000000011011100",5.733291453731696,3.433001929406094,3.891341297375529,2695297,1.5260233879089355,0.0932662487030029,0.1146438121795654
  -42,"graph_0000000011011110",5.86678559306568,3.4917454597865567,3.884400441855715,3117697,1.8141106843948365,0.1077837944030761,0.1326031684875488
  -43,"graph_0000000011011111",5.727784859367973,3.469017193678944,3.961389801544056,3249281,1.9313759684562684,0.117668867111206,0.1381206512451172
  ... 1401 further lines not shown (cap is 50)

[RDB2G-Bench/rel-f1/driver-position/3.csv] column change:
  removed: []
  added:   ['dataset', 'seed', 'task']
  diff --git a/RDB2G-Bench/rel-f1/driver-position/3.csv b/RDB2G-Bench/rel-f1/driver-position/3.csv
  index 3b7af87..daebb36 100644
  --- a/RDB2G-Bench/rel-f1/driver-position/3.csv
  +++ b/RDB2G-Bench/rel-f1/driver-position/3.csv
  @@ -1,723 +1,723 @@
  -idx,graph,train_metric,valid_metric,test_metric,params,train_time,valid_time,test_time
  -0,"graph_0000000000000010",5.77944965198762,3.3420602422598287,3.857899502996813,954241,0.9742001056671142,0.0710906982421875,0.0631098747253418
  -1,"graph_0000000000000011",5.751508461159592,3.4089100057312707,3.902797463274839,1462529,1.7886115193367005,0.1188118457794189,0.1115901470184326
  -2,"graph_0000000000001000",5.667494680429487,3.5779779849565263,4.090781062025773,1185409,1.0457157850265504,0.0386240482330322,0.0667753219604492
  -3,"graph_0000000000001010",5.831376759793433,3.279565473325904,3.880267128860741,1607809,1.6198654890060424,0.1166944503784179,0.0889046192169189
  -4,"graph_0000000000001011",5.721379445745339,3.4043663263161656,3.924459304725915,2116097,2.503526198863983,0.1681749820709228,0.2040216922760009
  -5,"graph_0000000000001100",5.603791386111114,3.82322779816632,4.272240076232374,1693697,1.887746274471283,0.1074309349060058,0.1515791416168213
  -6,"graph_0000000000001110",5.743763931770381,3.356035103093965,3.92300412956037,2116097,2.485339570045471,0.1432192325592041,0.2153654098510742
  -7,"graph_0000000000001111",5.8997567942436895,3.3484019654706545,3.8685165326637136,2247681,2.5218594312667846,0.1286234855651855,0.1365368366241455
  -8,"graph_0000000000011000",5.841157876198159,3.279739926095477,3.871401926383638,1666049,1.4073683857917785,0.0490307807922363,0.1110661029815673
  -9,"graph_0000000000011010",5.8130578692171895,3.425523088642495,3.9522275911716,2088449,1.8610137939453124,0.0783252716064453,0.1311781406402588
  -10,"graph_0000000000011011",5.803251767756714,3.422292824211961,3.937461182945653,2596737,2.8482547998428345,0.1303308010101318,0.2542150020599365
  -11,"graph_0000000000011100",5.600582100665923,3.798063023502857,4.255662099854988,2174337,2.1787633419036867,0.1298117637634277,0.152644395828247
  -12,"graph_0000000000011110",5.7780025281624185,3.468569862070128,3.937206779781141,2596737,2.715179967880249,0.152388334274292,0.1358599662780761
  -13,"graph_0000000000011111",5.834579283918474,3.3580778218143847,3.905396085120085,2728321,2.64182653427124,0.1662399768829345,0.1801726818084716
  -14,"graph_0000000010000000",5.676930729051231,3.3933434005411125,3.922454221834216,921217,1.00702645778656,0.0568239688873291,0.1001830101013183
  -15,"graph_0000000010000010",5.816837152092682,3.4753501752574363,3.937574762837928,1343617,1.5086803674697875,0.0760941505432128,0.0722098350524902
  -16,"graph_0000000010000011",5.644145936904949,3.848649262713048,4.265417588300872,1851905,2.211887311935425,0.1136393547058105,0.159841775894165
  -17,"graph_0000000010001000",5.853367357831121,3.405337031077128,3.934829586681567,1574785,1.5382543087005616,0.0721919536590576,0.070406436920166
  -18,"graph_0000000010001010",6.011134893658858,3.537201678569745,3.94244656219817,1997185,2.060103738307953,0.0992689132690429,0.1291205883026123
  -19,"graph_0000000010001011",5.700766142159254,3.4421736654792534,3.8693724786189567,2505473,2.727034533023834,0.1284699440002441,0.1993236541748047
  -20,"graph_0000000010001100",5.932738505642883,3.3461342258619005,3.8804544126778313,2083073,2.3354003548622133,0.1778688430786132,0.171177864074707
  -21,"graph_0000000010001110",5.850996654232743,3.395039954660094,3.892003157347963,2505473,2.481891393661499,0.1209635734558105,0.1679961681365966
  -22,"graph_0000000010001111",5.784418654585787,3.304118094829694,3.78272288644523,2637057,3.01928528547287,0.2746107578277588,0.2329397201538086
  -23,"graph_0000000010011000",5.608952850841006,3.8314279264502313,4.238364646476612,2055425,1.5143792986869813,0.0634641647338867,0.1366457939147949
  -24,"graph_0000000010011010",5.708750916444378,3.470831514599328,3.9184958206143294,2477825,2.304764556884765,0.1305553913116455,0.1794052124023437
  -25,"graph_0000000010011011",5.812559849800366,3.3967231254220884,3.816417703712196,2986113,2.5364690899848936,0.1864099502563476,0.1640169620513916
  -26,"graph_0000000010011100",5.699082185424575,3.4300118741944545,3.928087587356567,2563713,2.496271991729736,0.1947636604309082,0.2122499942779541
  -27,"graph_0000000010011110",5.702717113119529,3.387378279750317,3.887917767323946,2986113,2.555226004123688,0.1316828727722168,0.1416285037994384
  -28,"graph_0000000010011111",5.907776403041116,3.506014278911318,3.964706936928264,3117697,3.191984510421753,0.1974594593048095,0.2764902114868164
  -29,"graph_0000000011000000",5.681185089383283,3.41899577251019,3.982691182588276,1429505,1.1603495240211488,0.0691041946411132,0.1032247543334961
  -30,"graph_0000000011000010",5.617689715933568,3.489034558552937,3.972889553120262,1851905,1.9888046145439149,0.1142897605895996,0.1564283370971679
  -31,"graph_0000000011000011",5.771416923836532,3.2910510502103656,3.8358434939384463,1983489,1.754960334300995,0.1184220314025878,0.1231586933135986
  -32,"graph_0000000011001000",5.763655714854566,3.3780917633352234,3.8898098421096807,2083073,2.021967971324921,0.1353938579559326,0.1717729568481445
  -33,"graph_0000000011001010",5.728108026887623,3.367470823643442,3.8571652706464135,2505473,1.689248585700989,0.1019747257232666,0.1447710990905761
  -34,"graph_0000000011001011",5.753072838745091,3.298944190349592,3.819077558935735,2637057,2.83377857208252,0.2269701957702636,0.2734682559967041
  -35,"graph_0000000011001100",5.869839701240287,3.394941701615104,3.9353738973851793,2214657,1.6337329745292664,0.0850529670715332,0.1303555965423584
  -36,"graph_0000000011001110",5.79584461619322,3.3170928241574296,3.8000225390886007,2637057,2.785649847984314,0.1628215312957763,0.274648904800415
  -37,"graph_0000000011001111",5.826446878400896,3.3703238572609293,3.8667293410552177,2768641,2.02263605594635,0.1237027645111084,0.1578335762023925
  -38,"graph_0000000011011000",5.867248890249475,3.4085169321390176,3.871425387441066,2563713,2.161919641494751,0.1367013454437255,0.2327978610992431
  -39,"graph_0000000011011010",5.767315538239087,3.328085313579124,3.883215275772831,2986113,1.92073872089386,0.1041514873504638,0.1401755809783935
  -40,"graph_0000000011011011",5.704554956659574,3.32594087902673,3.887386546176777,3117697,3.2811081409454346,0.1331701278686523,0.2451543807983398
  -41,"graph_0000000011011100",5.629857072924462,3.745561557558273,4.120971376519454,2695297,1.7770248293876647,0.1269280910491943,0.1605021953582763
  -42,"graph_0000000011011110",5.858363351754082,3.24914684493142,3.88218110310404,3117697,3.264897012710571,0.2410807609558105,0.1953935623168945
  -43,"graph_0000000011011111",5.701851680177584,3.3439611520939216,3.879304913888897,3249281,2.252602756023407,0.12697434425354,0.1650876998901367
  ... 1401 further lines not shown (cap is 50)

[RDB2G-Bench/rel-f1/driver-position/4.csv] column change:
  removed: []
  added:   ['dataset', 'seed', 'task']
  diff --git a/RDB2G-Bench/rel-f1/driver-position/4.csv b/RDB2G-Bench/rel-f1/driver-position/4.csv
  index bcbe1a6..ddb4eb2 100644
  --- a/RDB2G-Bench/rel-f1/driver-position/4.csv
  +++ b/RDB2G-Bench/rel-f1/driver-position/4.csv
  @@ -1,723 +1,723 @@
  -idx,graph,train_metric,valid_metric,test_metric,params,train_time,valid_time,test_time
  -0,"graph_0000000000000010",5.753263119304696,3.4450520164423493,3.946759402249989,954241,0.9704742312431336,0.0441319942474365,0.0517182350158691
  -1,"graph_0000000000000011",5.789590043751614,3.3937112040573862,3.931768585004305,1462529,1.6467200875282288,0.1056115627288818,0.1108057498931884
  -2,"graph_0000000000001000",5.802496400658509,3.864956697274146,4.421982337299146,1185409,0.9637360453605652,0.0394048690795898,0.0878078937530517
  -3,"graph_0000000000001010",5.823749656835916,3.4417074232795835,3.872409312557755,1607809,1.3598201274871826,0.0679249763488769,0.1122710704803466
  -4,"graph_0000000000001011",5.880570917002839,3.3745171153234814,3.87091287115164,2116097,2.244962251186371,0.1659994125366211,0.188941478729248
  -5,"graph_0000000000001100",5.876130771892879,3.3783009682644507,3.9036700999527647,1693697,1.6377616286277772,0.1064105033874511,0.1117503643035888
  -6,"graph_0000000000001110",5.771276527536839,3.477116778761686,3.990240254778612,2116097,2.195042192935944,0.1280872821807861,0.1333768367767334
  -7,"graph_0000000000001111",5.828743980956571,3.362180402904809,3.855104502627724,2247681,2.289458966255188,0.1557755470275879,0.1492605209350586
  -8,"graph_0000000000011000",5.828508298858462,3.3539786818510064,3.9661885249405584,1666049,1.3369415640830993,0.0580434799194335,0.0632121562957763
  -9,"graph_0000000000011010",5.76890685164527,3.294670152377509,3.924045342604319,2088449,1.642004954814911,0.081134557723999,0.1019620895385742
  -10,"graph_0000000000011011",5.834284231753281,3.4108849041288347,3.917504978807349,2596737,2.5275310635566712,0.1849122047424316,0.1441917419433593
  -11,"graph_0000000000011100",5.832071779840475,3.421781466145793,3.931695882144727,2174337,1.822615122795105,0.121049165725708,0.1085414886474609
  -12,"graph_0000000000011110",5.711222871404795,3.3055301349005384,3.874584100706536,2596737,2.824681389331817,0.1245279312133789,0.2369725704193115
  -13,"graph_0000000000011111",5.762983760516404,3.3224267121864783,3.903835596369024,2728321,2.635781466960907,0.1697103977203369,0.1774816513061523
  -14,"graph_0000000010000000",5.6764943398017085,3.404425318366938,3.959936768715841,921217,0.8289449572563171,0.0256445407867431,0.0476477146148681
  -15,"graph_0000000010000010",5.648524514086596,3.4401416545401595,3.854426863151685,1343617,1.2514467358589172,0.0439105033874511,0.0887243747711181
  -16,"graph_0000000010000011",5.698900970503514,3.3214877320355223,3.8430511688349545,1851905,2.2927797079086303,0.0834383964538574,0.1800901889801025
  -17,"graph_0000000010001000",5.84454583725886,3.4364076795941125,3.892694546172494,1574785,1.2541710495948792,0.0591137409210205,0.1011590957641601
  -18,"graph_0000000010001010",5.843924477563262,3.476552759589716,3.8817395071816025,1997185,1.7335326671600342,0.0696432590484619,0.1111841201782226
  -19,"graph_0000000010001011",5.814440355885673,3.4143536875386515,3.900240151045616,2505473,2.47657607793808,0.1640453338623047,0.1609878540039062
  -20,"graph_0000000010001100",5.775601826676359,3.3864726160236733,3.931729742393159,2083073,2.0963616371154785,0.1063730716705322,0.1646273136138916
  -21,"graph_0000000010001110",5.769108407182521,3.3584173703878504,3.8583164028117536,2505473,2.601121151447296,0.1182317733764648,0.1831860542297363
  -22,"graph_0000000010001111",5.781464559860533,3.346610474761677,3.8372293400346185,2637057,2.7003771305084228,0.1999735832214355,0.180429458618164
  -23,"graph_0000000010011000",5.76245023078753,3.53469248990178,3.868012978779642,2055425,1.5321494579315185,0.1014440059661865,0.1014084815979003
  -24,"graph_0000000010011010",5.7855750407359645,3.339592355143331,3.879626402520297,2477825,2.067310166358948,0.118765115737915,0.180992841720581
  -25,"graph_0000000010011011",5.809691229902613,3.419530226058298,3.947524818077423,2986113,2.882204365730286,0.1295685768127441,0.2030372619628906
  -26,"graph_0000000010011100",5.762342993192315,3.351994986843091,3.8863168569615016,2563713,2.22770711183548,0.113250732421875,0.1997900009155273
  -27,"graph_0000000010011110",5.785981504082962,3.3545560635481984,3.834453584394957,2986113,2.7640793085098267,0.1543047428131103,0.1771018505096435
  -28,"graph_0000000010011111",5.869368319803799,3.3592598339200577,3.886428853963552,3117697,2.9945979356765746,0.2022719383239746,0.1893846988677978
  -29,"graph_0000000011000000",5.704667738152668,3.4065848010336466,3.912343852938267,1429505,1.0866233706474304,0.0737287998199462,0.0906322002410888
  -30,"graph_0000000011000010",5.734911892737081,3.3490184754630925,3.8615090515320767,1851905,1.6302907109260558,0.1478040218353271,0.1477332115173339
  -31,"graph_0000000011000011",5.717191765418104,3.3608572433690824,3.8746298779102792,1983489,2.028554177284241,0.1091105937957763,0.1287500858306884
  -32,"graph_0000000011001000",5.777275014398158,3.4115835522363085,3.890745208096088,2083073,1.6296654105186463,0.0919752120971679,0.1646292209625244
  -33,"graph_0000000011001010",5.892709959369583,3.350947284825898,3.8621002387163936,2505473,2.187977743148804,0.1651399135589599,0.140841007232666
  -34,"graph_0000000011001011",5.725536542224769,3.416466624655561,3.918137789567312,2637057,2.65634081363678,0.2082078456878662,0.1831810474395752
  -35,"graph_0000000011001100",5.699722156970807,3.536808627401899,3.998912991055271,2214657,2.0363059997558595,0.1104304790496826,0.1496193408966064
  -36,"graph_0000000011001110",5.789711373756245,3.2537429518435266,3.793093115739656,2637057,2.624277555942536,0.2194306850433349,0.2151598930358886
  -37,"graph_0000000011001111",5.682099721495605,3.54217383691129,4.027976935202616,2768641,2.903406250476837,0.2008659839630127,0.2118632793426513
  -38,"graph_0000000011011000",5.720717888218788,3.4682038788167966,3.829486766154306,2563713,1.9395240902900697,0.1496355533599853,0.1585581302642822
  -39,"graph_0000000011011010",5.8181801165252285,3.4036686776874063,3.8599577400558873,2986113,2.475645959377289,0.1149947643280029,0.2148177623748779
  -40,"graph_0000000011011011",5.8155551284939495,3.4055025418599447,3.877060479490381,3117697,2.922863137722016,0.1697959899902343,0.2410717010498047
  -41,"graph_0000000011011100",5.790194506512766,3.306918754654084,3.855910687195628,2695297,2.36773533821106,0.1753156185150146,0.1943545341491699
  -42,"graph_0000000011011110",5.852956555029261,3.4561872544094334,3.9319975033141024,3117697,2.8194406986236573,0.160574197769165,0.2243373394012451
  -43,"graph_0000000011011111",5.68325173647855,3.4146227688811663,3.90857339817181,3249281,3.064413642883301,0.2192814350128173,0.2254548072814941
  ... 1401 further lines not shown (cap is 50)

[RDB2G-Bench/rel-f1/driver-position/5.csv] column change:
  removed: []
  added:   ['dataset', 'seed', 'task']
  diff --git a/RDB2G-Bench/rel-f1/driver-position/5.csv b/RDB2G-Bench/rel-f1/driver-position/5.csv
  index ec3106c..5274e0c 100644
  --- a/RDB2G-Bench/rel-f1/driver-position/5.csv
  +++ b/RDB2G-Bench/rel-f1/driver-position/5.csv
  @@ -1,723 +1,723 @@
  -idx,graph,train_metric,valid_metric,test_metric,params,train_time,valid_time,test_time
  -0,"graph_0000000000000010",5.826738277305468,3.452969557520701,3.871275823116303,954241,0.8131746053695679,0.0451388359069824,0.0513725280761718
  -1,"graph_0000000000000011",5.780557418401662,3.3307883516182963,3.8602874736618578,1462529,1.5886059045791625,0.0837166309356689,0.1349012851715088
  -2,"graph_0000000000001000",5.985856609475853,3.384581726076767,3.8982263682181375,1185409,1.0651580452919007,0.0444793701171875,0.068202257156372
  -3,"graph_0000000000001010",5.780598556821048,3.394974304471879,3.928115096468675,1607809,1.5015935063362122,0.1116974353790283,0.112771987915039
  -4,"graph_0000000000001011",5.739964211077195,3.3177125214097014,3.9679708099783513,2116097,2.0891783118247984,0.1318662166595459,0.1445310115814209
  -5,"graph_0000000000001100",5.900276139113167,3.4158435319532297,3.9430328854343353,1693697,1.6467224836349488,0.1044340133666992,0.1379048824310302
  -6,"graph_0000000000001110",5.833840336183927,3.31363214863565,3.902907627339949,2116097,2.229486906528473,0.1009457111358642,0.1577215194702148
  -7,"graph_0000000000001111",5.787464095089686,3.374010281699773,3.8991658708923738,2247681,2.140072691440582,0.1095829010009765,0.1583964824676513
  -8,"graph_0000000000011000",5.988236258858362,3.4106291042141863,3.941100938236504,1666049,1.243908977508545,0.0477604866027832,0.0832564830780029
  -9,"graph_0000000000011010",5.839255905053266,3.419103041313136,3.881674875041895,2088449,1.5694796562194824,0.0658028125762939,0.0873019695281982
  -10,"graph_0000000000011011",5.822903131136682,3.3571826548120858,3.8678868416736,2596737,2.542089653015137,0.1532812118530273,0.2308030128479004
  -11,"graph_0000000000011100",5.702582810649004,3.5227571316695485,4.0477634106602585,2174337,1.9236279129982,0.1050505638122558,0.1434342861175537
  -12,"graph_0000000000011110",5.7562306780610175,3.551256589564628,4.023582364634463,2596737,2.2192314743995665,0.1315879821777343,0.159698486328125
  -13,"graph_0000000000011111",5.79002752392795,3.3274151707141497,3.9142455839274217,2728321,2.2123692512512205,0.1601150035858154,0.1880362033843994
  -14,"graph_0000000010000000",5.67984118195242,3.3589448132511763,3.882836446971224,921217,0.9369250297546386,0.0480306148529052,0.0715372562408447
  -15,"graph_0000000010000010",5.853370002894332,3.481820159700607,3.94453647600977,1343617,1.23400057554245,0.057535171508789,0.0884623527526855
  -16,"graph_0000000010000011",5.936686851600932,3.451630065245236,3.875509277101149,1851905,1.8870669603347776,0.12630295753479,0.1438090801239013
  -17,"graph_0000000010001000",5.80042127737382,3.394110065949465,3.9157511727433456,1574785,1.2801367163658142,0.050424575805664,0.0930290222167968
  -18,"graph_0000000010001010",5.603944527277009,3.6331819404342136,4.03823449126461,1997185,1.9425328254699707,0.1191577911376953,0.1430273056030273
  -19,"graph_0000000010001011",5.736299097173848,3.5529352124404654,4.007363398786176,2505473,2.279642713069916,0.1599555015563964,0.2014200687408447
  -20,"graph_0000000010001100",5.59471403286844,3.5778532317422123,3.99510695122836,2083073,1.8372508525848388,0.1137869358062744,0.135632038116455
  -21,"graph_0000000010001110",5.752538034106481,3.525185166348118,3.967381821933546,2505473,2.2077667355537414,0.1157484054565429,0.166003942489624
  -22,"graph_0000000010001111",5.680846827974622,3.489827152499376,3.965048598406608,2637057,3.0778187036514284,0.1846694946289062,0.2541418075561523
  -23,"graph_0000000010011000",5.748510313953225,3.5353232918218844,3.999604431871782,2055425,1.5324823141098023,0.0855438709259033,0.0783319473266601
  -24,"graph_0000000010011010",5.906485876061791,3.513261136454428,3.879401679122657,2477825,1.8056040406227112,0.1035928726196289,0.1402373313903808
  -25,"graph_0000000010011011",5.788873562232087,3.433691328019401,3.9208677848180136,2986113,2.599637866020202,0.1368532180786132,0.1901006698608398
  -26,"graph_0000000010011100",5.670401183624452,3.5139418022904945,3.956681626805088,2563713,2.4619652032852173,0.156865119934082,0.1802146434783935
  -27,"graph_0000000010011110",5.603533240015932,3.800295387782808,4.217081147076791,2986113,2.5877347111701967,0.1281614303588867,0.1732015609741211
  -28,"graph_0000000010011111",5.856914875672529,3.4358065809658864,3.92096334005657,3117697,2.4252971410751343,0.1755588054656982,0.203338623046875
  -29,"graph_0000000011000000",5.7095315689850565,3.444267701433751,3.916167058861047,1429505,1.182450532913208,0.0831716060638427,0.1024236679077148
  -30,"graph_0000000011000010",5.821740609229616,3.4752331008095703,3.901383648755257,1851905,1.7518261194229126,0.1044445037841796,0.1715993881225586
  -31,"graph_0000000011000011",5.865173261938382,3.430397244302448,3.844444665323224,1983489,1.868820571899414,0.1202445030212402,0.1520087718963623
  -32,"graph_0000000011001000",5.772281862304379,3.425498147574599,3.883131775605052,2083073,1.5780582427978516,0.1112802028656005,0.1481451988220214
  -33,"graph_0000000011001010",5.816023092787277,3.3832851846933205,3.868499621131964,2505473,1.847701036930084,0.1507587432861328,0.171760082244873
  -34,"graph_0000000011001011",5.6768958337927895,3.449911725114964,3.951602265876636,2637057,2.694130206108093,0.1428730487823486,0.2355871200561523
  -35,"graph_0000000011001100",5.684192999106965,3.414939575157089,3.850398627791488,2214657,1.9395796418190003,0.1553888320922851,0.1735880374908447
  -36,"graph_0000000011001110",5.912477745684172,3.505410048893156,3.909629372337408,2637057,2.3955666542053224,0.1550025939941406,0.2094078063964843
  -37,"graph_0000000011001111",5.7828745470772525,3.398146090765516,3.869371584591113,2768641,2.471713876724244,0.1743044853210449,0.2400414943695068
  -38,"graph_0000000011011000",5.877104983139327,3.356127944467222,3.861020084933231,2563713,1.9976982951164248,0.1332118511199951,0.1943075656890869
  -39,"graph_0000000011011010",5.914172145815867,3.4013234939269408,3.856368966018944,2986113,2.293873119354248,0.1354312896728515,0.2172818183898925
  -40,"graph_0000000011011011",5.721734440740956,3.290947956424119,3.869060182487756,3117697,2.6133533000946043,0.1850807666778564,0.2075221538543701
  -41,"graph_0000000011011100",5.927593807982409,3.491012168647292,3.86701159590169,2695297,2.28230414390564,0.1304056644439697,0.1443212032318115
  -42,"graph_0000000011011110",5.83743931016948,3.456739453243748,3.9797227526547614,3117697,2.806665456295013,0.2065291404724121,0.2101466655731201
  -43,"graph_0000000011011111",5.711180225191296,3.3398240448716647,3.929011854288871,3249281,2.49606339931488,0.1665692329406738,0.1651496887207031
  ... 1401 further lines not shown (cap is 50)

[RDB2G-Bench/rel-f1/driver-position/6.csv] column change:
  removed: []
  added:   ['dataset', 'seed', 'task']
  diff --git a/RDB2G-Bench/rel-f1/driver-position/6.csv b/RDB2G-Bench/rel-f1/driver-position/6.csv
  index a9f6fc8..51e8d5a 100644
  --- a/RDB2G-Bench/rel-f1/driver-position/6.csv
  +++ b/RDB2G-Bench/rel-f1/driver-position/6.csv
  @@ -1,723 +1,723 @@
  -idx,graph,train_metric,valid_metric,test_metric,params,train_time,valid_time,test_time
  -0,"graph_0000000000000010",5.82487379791773,3.363064498302533,3.839944168182842,954241,0.8548235893249512,0.0389235019683837,0.0430409908294677
  -1,"graph_0000000000000011",5.790189096075546,3.49764489127384,3.9984619433838025,1462529,1.5878862023353577,0.089409589767456,0.1330230236053466
  -2,"graph_0000000000001000",5.874062195657655,3.361611208664073,3.916853885065045,1185409,1.078311026096344,0.0759897232055664,0.0879037380218505
  -3,"graph_0000000000001010",5.869914227883225,3.3170091249342355,3.891069289592274,1607809,1.4014026284217835,0.0585286617279052,0.1146905422210693
  -4,"graph_0000000000001011",5.853600862699169,3.408509514056291,3.9141343088735616,2116097,2.138770842552185,0.1035327911376953,0.1713528633117675
  -5,"graph_0000000000001100",5.742018901632673,3.8634400810491423,4.384179242201019,1693697,1.6477384209632873,0.1032660007476806,0.1603980064392089
  -6,"graph_0000000000001110",5.739974213891946,3.437357960626453,3.9370413238123847,2116097,2.230626606941223,0.1308169364929199,0.1848723888397216
  -7,"graph_0000000000001111",5.951708182911523,3.4121551676758464,3.887207173506419,2247681,2.244197034835816,0.1200530529022216,0.2035648822784423
  -8,"graph_0000000000011000",5.844261307389862,3.380186548277626,3.964770231163293,1666049,1.2033745050430298,0.0575203895568847,0.0750524997711181
  -9,"graph_0000000000011010",5.8463473264260095,3.3303844238490203,3.869663395421546,2088449,1.7628497242927552,0.1047039031982421,0.1140897274017334
  -10,"graph_0000000000011011",5.726171790432261,3.3864468672630705,3.92970095086516,2596737,2.6181415557861327,0.1502857208251953,0.1928839683532714
  -11,"graph_0000000000011100",5.827751159727684,3.381687849525141,3.888998261167292,2174337,1.8537075161933896,0.1126911640167236,0.0986723899841308
  -12,"graph_0000000000011110",5.7943782363532295,3.31188268202818,3.858223558517925,2596737,2.323366868495941,0.1646788120269775,0.165050983428955
  -13,"graph_0000000000011111",5.716683249744631,3.44917826273478,3.9666750854358335,2728321,2.3904624462127684,0.175783634185791,0.1946237087249755
  -14,"graph_0000000010000000",5.667713090457369,3.510272847355885,4.0638736176909065,921217,0.965184700489044,0.0257782936096191,0.0407066345214843
  -15,"graph_0000000010000010",5.831795842014478,3.397522530272234,3.865780715314966,1343617,1.2391958713531497,0.0434839725494384,0.0654566287994384
  -16,"graph_0000000010000011",5.868268416833087,3.571842919020312,3.968376375541352,1851905,1.9305325746536253,0.1422312259674072,0.134183645248413
  -17,"graph_0000000010001000",5.858316562032757,3.4676721206568204,3.843098972387481,1574785,1.355694305896759,0.0711359977722168,0.0846600532531738
  -18,"graph_0000000010001010",5.7525736127782,3.32920516236432,3.891463047579715,1997185,1.990814983844757,0.1247713565826416,0.1288516521453857
  -19,"graph_0000000010001011",5.80717979943242,3.332479084437898,3.8485484666573377,2505473,2.380341625213623,0.2104837894439697,0.1507115364074707
  -20,"graph_0000000010001100",5.651312319608274,3.447257079708632,3.8853049208406816,2083073,1.9653472781181336,0.1376590728759765,0.1022610664367675
  -21,"graph_0000000010001110",5.8263627232259365,3.4518037098443104,3.8706004725004495,2505473,2.489017283916473,0.1303050518035888,0.219928503036499
  -22,"graph_0000000010001111",5.772952992283032,3.2936079486497816,3.794083518647311,2637057,2.740993356704712,0.186457872390747,0.2141032218933105
  -23,"graph_0000000010011000",5.654685476008711,3.474569984746919,3.986230359286593,2055425,1.4938337683677674,0.0690064430236816,0.0662388801574707
  -24,"graph_0000000010011010",5.8208369296609765,3.3906129245847247,3.864296327515652,2477825,1.962063086032868,0.1063523292541503,0.1392765045166015
  -25,"graph_0000000010011011",5.85758276199835,3.350724897148932,3.853734288801226,2986113,2.4087943911552427,0.1293385028839111,0.2009282112121582
  -26,"graph_0000000010011100",5.837782555474402,3.31512151162626,3.8714023216147178,2563713,2.4361631989479067,0.1632990837097168,0.2096021175384521
  -27,"graph_0000000010011110",5.903793357626644,3.43174266675033,3.826921351918004,2986113,2.617715632915497,0.2026772499084472,0.1939640045166015
  -28,"graph_0000000010011111",5.768684192270866,3.3166394252178266,3.8439452191821313,3117697,3.070681893825531,0.1856467723846435,0.2521665096282959
  -29,"graph_0000000011000000",5.633514188298748,3.416120058389688,3.9435736130413255,1429505,1.1126033544540406,0.0722291469573974,0.1036338806152343
  -30,"graph_0000000011000010",5.767737426401236,3.2841334365253534,3.839387643128112,1851905,1.8565143704414369,0.1103544235229492,0.1922464370727539
  -31,"graph_0000000011000011",5.752538369332023,3.3195268383166274,3.825897517287941,1983489,2.0785808801651,0.112539529800415,0.187391996383667
  -32,"graph_0000000011001000",5.630370990223085,3.723427144766013,4.130907742015102,2083073,2.121001029014588,0.1641211509704589,0.1198928356170654
  -33,"graph_0000000011001010",5.706412538771308,3.4345535561173617,3.821710366658997,2505473,2.265292739868164,0.1207411289215087,0.2022750377655029
  -34,"graph_0000000011001011",5.69530920034402,3.424791195397386,3.852446203315467,2637057,2.84051251411438,0.1987421512603759,0.2108690738677978
  -35,"graph_0000000011001100",5.683947516483614,3.4819334458253666,3.8940211391030695,2214657,1.8615273118019104,0.1432816982269287,0.1662211418151855
  -36,"graph_0000000011001110",5.772376550468596,3.4023088572418683,3.912401390995896,2637057,2.7649455308914184,0.1385283470153808,0.1781244277954101
  -37,"graph_0000000011001111",5.71734458324153,3.451954994889682,3.870168748236539,2768641,2.6842606902122497,0.1458263397216797,0.2417495250701904
  -38,"graph_0000000011011000",6.090784757283064,3.3667693615278247,3.857176040097287,2563713,2.033171880245209,0.1342051029205322,0.1474442481994629
  -39,"graph_0000000011011010",5.90934597376053,3.485097031156939,3.885746016586036,2986113,2.245180773735046,0.1575806140899658,0.2106931209564209
  -40,"graph_0000000011011011",5.66792475543288,3.419185870125362,3.9531165285277785,3117697,3.15927847623825,0.1906788349151611,0.2660112380981445
  -41,"graph_0000000011011100",5.714678948829487,3.479402660033507,3.952921880504541,2695297,2.236303400993348,0.1485214233398437,0.1619255542755127
  -42,"graph_0000000011011110",5.797049752371092,3.38155075562502,3.876475426523309,3117697,3.1339378237724302,0.177056074142456,0.245241641998291
  -43,"graph_0000000011011111",5.75048578418353,3.4073031647171907,3.8595752621951855,3249281,2.801140832901001,0.1921303272247314,0.2335648536682129
  ... 1401 further lines not shown (cap is 50)

[RDB2G-Bench/rel-f1/driver-position/7.csv] column change:
  removed: []
  added:   ['dataset', 'seed', 'task']
  diff --git a/RDB2G-Bench/rel-f1/driver-position/7.csv b/RDB2G-Bench/rel-f1/driver-position/7.csv
  index 3b78ef8..d561448 100644
  --- a/RDB2G-Bench/rel-f1/driver-position/7.csv
  +++ b/RDB2G-Bench/rel-f1/driver-position/7.csv
  @@ -1,723 +1,723 @@
  -idx,graph,train_metric,valid_metric,test_metric,params,train_time,valid_time,test_time
  -0,"graph_0000000000000010",5.858964292245674,3.455451867416372,3.871307439720421,954241,1.009693694114685,0.0358691215515136,0.0909345149993896
  -1,"graph_0000000000000011",5.9506545417652905,3.409585223073711,3.8614200455264047,1462529,1.7329823136329652,0.1330456733703613,0.1374299526214599
  -2,"graph_0000000000001000",5.780649888141728,3.40620966766704,3.957370208648213,1185409,0.9619049668312072,0.0367293357849121,0.0477051734924316
  -3,"graph_0000000000001010",5.699481875427593,3.3615943373563537,3.895896605023167,1607809,1.3835512757301331,0.1193640232086181,0.0657696723937988
  -4,"graph_0000000000001011",5.832689947488883,3.430219423603677,3.9600687560282255,2116097,2.171767032146454,0.0998637676239013,0.1855731010437011
  -5,"graph_0000000000001100",5.601694028472116,3.83626005737162,4.273578854276423,1693697,1.713336217403412,0.0679965019226074,0.1286201477050781
  -6,"graph_0000000000001110",5.803621453209679,3.3439120683816568,3.844754298611692,2116097,2.221210873126984,0.1982526779174804,0.150331974029541
  -7,"graph_0000000000001111",5.733844596035841,3.363992959941795,3.8645432381880913,2247681,2.2203339099884034,0.1582586765289306,0.1406078338623047
  -8,"graph_0000000000011000",5.751504712531538,3.373062953235471,3.922209618593517,1666049,1.232591438293457,0.0694589614868164,0.0685997009277343
  -9,"graph_0000000000011010",5.804011411149492,3.4563317797704785,3.9384395753709898,2088449,1.6867359638214112,0.0676820278167724,0.0997030735015869
  -10,"graph_0000000000011011",5.711629525486656,3.5480479432808694,4.1111131457278605,2596737,2.554498279094696,0.1525204181671142,0.1857471466064453
  -11,"graph_0000000000011100",5.796356656925746,3.861663891111284,4.3964854938105535,2174337,1.794476580619812,0.1108834743499755,0.1450183391571045
  -12,"graph_0000000000011110",5.914035332860299,3.458023718984906,3.8695918370966327,2596737,2.313742816448212,0.1492269039154052,0.1660797595977783
  -13,"graph_0000000000011111",5.963278491420585,3.4750186286294307,3.916671955041719,2728321,2.5531484723091125,0.1489007472991943,0.2213952541351318
  -14,"graph_0000000010000000",5.737774640600308,3.4671004191508827,3.918180409105201,921217,0.8016381025314331,0.0307841300964355,0.0586543083190918
  -15,"graph_0000000010000010",5.797256971950677,3.3725088322728016,3.835127964605365,1343617,1.199568772315979,0.0449399948120117,0.0761058330535888
  -16,"graph_0000000010000011",5.721731895630356,3.4178791858390243,3.839340517939183,1851905,1.947538936138153,0.1456177234649658,0.1088247299194336
  -17,"graph_0000000010001000",5.650346390088528,3.502219587910868,3.966367482971727,1574785,1.3025574922561645,0.0523087978363037,0.0733051300048828
  -18,"graph_0000000010001010",5.83430090130983,3.394690746773698,3.8331927445478606,1997185,1.7840588212013244,0.1036429405212402,0.1080424785614013
  -19,"graph_0000000010001011",5.73342554363338,3.367721083837903,3.8468401512346775,2505473,2.36933776140213,0.1418297290802002,0.2109863758087158
  -20,"graph_0000000010001100",5.823661510880067,3.3478306860149747,3.908101428349813,2083073,1.9630611300468448,0.1465959548950195,0.1443874835968017
  -21,"graph_0000000010001110",5.90517958912708,3.6381094851649913,3.998724481724856,2505473,2.5254992485046386,0.1445920467376709,0.1986773014068603
  -22,"graph_0000000010001111",5.746516798962803,3.359368595220124,3.8494705224873726,2637057,2.710022282600403,0.1519093513488769,0.2009229660034179
  -23,"graph_0000000010011000",5.743489277913578,3.485906217953485,3.999299072717365,2055425,1.4990874648094177,0.0494720935821533,0.0897197723388671
  -24,"graph_0000000010011010",5.841259436805911,3.361981826124784,3.827535863717397,2477825,1.946057403087616,0.1406118869781494,0.1397445201873779
  -25,"graph_0000000010011011",5.909471231965836,3.347558619041162,3.837783358473527,2986113,2.6476404666900635,0.142909288406372,0.2087311744689941
  -26,"graph_0000000010011100",5.813845491739861,3.4949774903301885,3.837039825707152,2563713,2.1709829449653624,0.1409358978271484,0.2024199962615966
  -27,"graph_0000000010011110",5.798139311684133,3.487742575821912,3.896501532479336,2986113,2.6388489246368407,0.1371529102325439,0.2079606056213379
  -28,"graph_0000000010011111",5.7111881406838565,3.44010994566546,3.890718707620052,3117697,2.851875579357148,0.1966090202331543,0.2068896293640136
  -29,"graph_0000000011000000",5.695006430740353,3.439114741157832,3.892067993230987,1429505,1.201234781742096,0.0910708904266357,0.1299242973327636
  -30,"graph_0000000011000010",5.799181840308765,3.38389704149408,3.805597980273397,1851905,1.6934018731117249,0.090395450592041,0.1424300670623779
  -31,"graph_0000000011000011",5.913014940787067,3.376362438112716,3.8754949808120727,1983489,2.013359320163727,0.1623511314392089,0.1391196250915527
  -32,"graph_0000000011001000",5.7988205274671225,3.3997271575367125,3.8968397500640473,2083073,1.693363869190216,0.1773221492767334,0.1911165714263916
  -33,"graph_0000000011001010",5.890547545070624,3.433079383304777,3.918974646559932,2505473,2.0723520517349243,0.1217813491821289,0.1640584468841552
  -34,"graph_0000000011001011",5.786529561237325,3.5045732290488365,3.924835715628507,2637057,2.6935046434402468,0.1923987865447998,0.2119131088256836
  -35,"graph_0000000011001100",5.775440594028119,3.559292070723886,3.991607061018024,2214657,1.975405502319336,0.1665894985198974,0.1354060173034668
  -36,"graph_0000000011001110",5.86851772223641,3.3514928457811823,3.8949967805126255,2637057,2.537375831604004,0.2249135971069336,0.2046887874603271
  -37,"graph_0000000011001111",5.894846779543374,3.4239630862244304,3.845423381914172,2768641,2.6727588772773743,0.2267482280731201,0.1892762184143066
  -38,"graph_0000000011011000",5.717926320070402,3.649249424230439,4.004554399732958,2563713,1.9457198619842528,0.1411340236663818,0.1481735706329345
  -39,"graph_0000000011011010",5.827555551140363,3.288568585382435,3.805355465914074,2986113,2.274649906158447,0.2227141857147216,0.1611776351928711
  -40,"graph_0000000011011011",5.745738480269064,3.5504689133796368,4.000839301075851,3117697,2.850105583667755,0.1256201267242431,0.2082808017730713
  -41,"graph_0000000011011100",5.647494793172823,3.475146118449464,3.944126652751052,2695297,2.228653156757354,0.1334607601165771,0.1711478233337402
  -42,"graph_0000000011011110",5.951850092810378,3.3986805543154177,3.923660687563712,3117697,2.904428744316101,0.1586065292358398,0.2860760688781738
  -43,"graph_0000000011011111",5.803650513498892,3.413401477115506,3.842089452576219,3249281,2.901124668121338,0.1601400375366211,0.199289321899414
  ... 1401 further lines not shown (cap is 50)

[RDB2G-Bench/rel-f1/driver-position/8.csv] column change:
  removed: []
  added:   ['dataset', 'seed', 'task']
  diff --git a/RDB2G-Bench/rel-f1/driver-position/8.csv b/RDB2G-Bench/rel-f1/driver-position/8.csv
  index e19bdd1..56699d8 100644
  --- a/RDB2G-Bench/rel-f1/driver-position/8.csv
  +++ b/RDB2G-Bench/rel-f1/driver-position/8.csv
  @@ -1,723 +1,723 @@
  -idx,graph,train_metric,valid_metric,test_metric,params,train_time,valid_time,test_time
  -0,"graph_0000000000000010",5.902536154268914,3.4288613054381263,3.9136988847297536,954241,0.8441439390182495,0.0268130302429199,0.0532243251800537
  -1,"graph_0000000000000011",5.721025220965746,3.3421210784631805,3.855979980711352,1462529,1.6099015593528747,0.1153357028961181,0.0961849689483642
  -2,"graph_0000000000001000",5.935673351497694,3.4190429823830195,3.951899700415762,1185409,0.8488897562026978,0.0503435134887695,0.0871825218200683
  -3,"graph_0000000000001010",5.921304757162456,3.3764423277988063,3.87889925153632,1607809,1.3721876740455627,0.0787384510040283,0.0869894027709961
  -4,"graph_0000000000001011",5.815752789065602,3.422181831301254,3.91171161601418,2116097,2.1669491291046143,0.1125528812408447,0.1498692035675048
  -5,"graph_0000000000001100",5.7502941295335965,3.384086158933365,3.961691596717165,1693697,1.5790841937065123,0.1072156429290771,0.10532808303833
  -6,"graph_0000000000001110",5.937458989086942,3.3620101357907872,3.870300566857321,2116097,2.1656474828720094,0.1244704723358154,0.166062593460083
  -7,"graph_0000000000001111",5.825783342619671,3.4488194798818013,3.926075569370337,2247681,2.297038507461548,0.1388449668884277,0.1370637416839599
  -8,"graph_0000000000011000",5.737818181059955,3.860154856501536,4.360985280505398,1666049,1.2402313590049745,0.0482094287872314,0.0539729595184326
  -9,"graph_0000000000011010",5.745322826080446,3.3915161894095607,3.946106574326231,2088449,1.6184389114379882,0.0613648891448974,0.1136214733123779
  -10,"graph_0000000000011011",5.878565341920117,3.4417599780605728,3.895654980508905,2596737,2.463042342662811,0.1066155433654785,0.2143654823303222
  -11,"graph_0000000000011100",5.784314892542501,3.863840351729052,4.410495534612421,2174337,1.9059015035629272,0.1616060733795166,0.1021192073822021
  -12,"graph_0000000000011110",5.791355615592215,3.440741679090298,3.940543080170949,2596737,2.42319370508194,0.1201381683349609,0.1986651420593261
  -13,"graph_0000000000011111",5.77950995620256,3.2859525470313184,3.8852387215380086,2728321,2.4934322595596314,0.106067419052124,0.2177722454071045
  -14,"graph_0000000010000000",5.719351513967237,3.431073282110588,3.917040964469576,921217,0.7576265931129456,0.0221595764160156,0.0560605525970459
  -15,"graph_0000000010000010",5.740589191890252,3.383011102134893,3.861355860609757,1343617,1.2833386301994325,0.0429255962371826,0.0855360031127929
  -16,"graph_0000000010000011",5.686950848301865,3.502801279362314,3.988037627789012,1851905,1.9166393876075745,0.1261477470397949,0.1589431762695312
  -17,"graph_0000000010001000",5.848413568869746,3.362480855099583,3.889498041679985,1574785,1.2227561950683594,0.0692658424377441,0.0761504173278808
  -18,"graph_0000000010001010",5.882316646612609,3.5470243898008214,3.992936977587248,1997185,1.672779881954193,0.0656056404113769,0.0942511558532714
  -19,"graph_0000000010001011",5.804657828948051,3.4239729391389795,3.835776652955172,2505473,2.402603566646576,0.1140909194946289,0.2174808979034423
  -20,"graph_0000000010001100",5.798480114398763,3.3772156364374664,3.929459980914468,2083073,1.992036545276641,0.0780315399169921,0.1210725307464599
  -21,"graph_0000000010001110",5.868745987205995,3.437038157634442,3.948114052990027,2505473,2.381626713275909,0.1055388450622558,0.2149214744567871
  -22,"graph_0000000010001111",5.797884378203329,3.463852940166323,3.886899826986748,2637057,2.6685304284095763,0.1690418720245361,0.1848812103271484
  -23,"graph_0000000010011000",5.612193822372343,3.7932662535764887,4.169232157573365,2055425,1.5050883889198303,0.0589580535888671,0.0951766967773437
  -24,"graph_0000000010011010",5.771417403676449,3.4714208600357046,3.910762152253536,2477825,2.004924213886261,0.0771539211273193,0.1972482204437255
  -25,"graph_0000000010011011",5.712416861629788,3.359474783255884,3.859419175992932,2986113,2.67949697971344,0.1512060165405273,0.1812164783477783
  -26,"graph_0000000010011100",5.641315109180932,3.563486194419479,4.038835918861524,2563713,2.138759434223175,0.1336419582366943,0.1533715724945068
  -27,"graph_0000000010011110",5.811824320684771,3.488333852114324,3.9370967411158375,2986113,2.531844449043274,0.145270824432373,0.1733815670013427
  -28,"graph_0000000010011111",5.752622180665573,3.49415399198462,3.9261044027094254,3117697,2.890598976612091,0.2151148319244384,0.189155101776123
  -29,"graph_0000000011000000",5.702150308615065,3.422996635220412,3.892383237136038,1429505,1.115755593776703,0.054680585861206,0.1026651859283447
  -30,"graph_0000000011000010",5.810630794053235,3.294531339060568,3.797769492383589,1851905,1.5683305740356446,0.0974845886230468,0.1370439529418945
  -31,"graph_0000000011000011",5.828131816892506,3.265743151010476,3.776363154879788,1983489,2.0243452191352844,0.1228349208831787,0.2277760505676269
  -32,"graph_0000000011001000",5.742000414196038,3.346982883945177,3.833553076250512,2083073,1.7829097151756286,0.1377918720245361,0.1551196575164795
  -33,"graph_0000000011001010",5.781066852364676,3.4014677082130573,3.867839867483106,2505473,2.11581312417984,0.1406970024108886,0.1959435939788818
  -34,"graph_0000000011001011",5.819063352108578,3.1924131882692386,3.8116171180574514,2637057,2.6292816162109376,0.2003297805786132,0.1831941604614257
  -35,"graph_0000000011001100",5.859775242092539,3.401544082618668,3.831025211936549,2214657,2.024405241012573,0.1317212581634521,0.2218577861785888
  -36,"graph_0000000011001110",5.805158882357789,3.4306151246737864,3.843237275617165,2637057,2.651888167858124,0.2100727558135986,0.1509888172149658
  -37,"graph_0000000011001111",5.717733924720191,3.4013286180948525,3.8797439648394,2768641,2.645430493354797,0.2112753391265869,0.2147905826568603
  -38,"graph_0000000011011000",5.87718711379837,3.437627685715058,3.9539270429443896,2563713,1.8284589886665343,0.146564245223999,0.1513776779174804
  -39,"graph_0000000011011010",5.680427017512191,3.418973574768964,3.880597586715431,2986113,2.231881618499756,0.1305253505706787,0.2598717212677002
  -40,"graph_0000000011011011",5.74230769572123,3.462485839369779,3.8683665469654818,3117697,2.8554304122924803,0.2144045829772949,0.2356927394866943
  -41,"graph_0000000011011100",5.703189167446846,3.4575416582141947,3.960631747664067,2695297,2.302116167545319,0.1172003746032714,0.20644211769104
  -42,"graph_0000000011011110",5.807660302011564,3.3878121132681827,3.863339961202521,3117697,2.753746032714844,0.1562225818634033,0.2335197925567627
  -43,"graph_0000000011011111",5.715317433502813,3.3501327669453285,3.8669433123187016,3249281,2.8746115922927857,0.1954195499420166,0.23453950881958
  ... 1401 further lines not shown (cap is 50)

[RDB2G-Bench/rel-f1/driver-position/9.csv] column change:
  removed: []
  added:   ['dataset', 'seed', 'task']
  diff --git a/RDB2G-Bench/rel-f1/driver-position/9.csv b/RDB2G-Bench/rel-f1/driver-position/9.csv
  index f33e4f2..3650488 100644
  --- a/RDB2G-Bench/rel-f1/driver-position/9.csv
  +++ b/RDB2G-Bench/rel-f1/driver-position/9.csv
  @@ -1,723 +1,723 @@
  -idx,graph,train_metric,valid_metric,test_metric,params,train_time,valid_time,test_time
  -0,"graph_0000000000000010",5.891443818212329,3.460537765212432,3.900402850351836,954241,0.9008410096168518,0.0268712043762207,0.039942979812622
  -1,"graph_0000000000000011",5.899751201081806,3.527957859243165,3.903847616388087,1462529,1.6593934416770937,0.0910947322845459,0.1203703880310058
  -2,"graph_0000000000001000",5.612545697084133,3.803870799179944,4.25639225399285,1185409,0.9884956359863282,0.0567343235015869,0.0751585960388183
  -3,"graph_0000000000001010",5.764840555444824,3.4305332315708688,3.937296449008741,1607809,1.4412222743034362,0.0860185623168945,0.1092557907104492
  -4,"graph_0000000000001011",5.807739434267201,3.4091828420788106,3.898519224033021,2116097,2.2410709857940674,0.1346187591552734,0.134324312210083
  -5,"graph_0000000000001100",5.85678744053573,3.362979767556659,3.857581735368361,1693697,1.6577157258987427,0.1423192024230957,0.0878429412841796
  -6,"graph_0000000000001110",5.810415220902545,3.40070448972897,3.902790938385746,2116097,2.1660096883773803,0.1230125427246093,0.1496124267578125
  -7,"graph_0000000000001111",5.813258808327413,3.324237631413645,3.901497065226237,2247681,2.3589829802513123,0.1733767986297607,0.1345837116241455
  -8,"graph_0000000000011000",5.792633012588796,3.8637461329111673,4.411115525396246,1666049,1.2593019247055053,0.061241865158081,0.0526235103607177
  -9,"graph_0000000000011010",5.829818904459053,3.4090830674231967,3.87944828711058,2088449,1.6887911081314086,0.1041212081909179,0.181910753250122
  -10,"graph_0000000000011011",5.768358301496861,3.4115105887612427,3.909997507521981,2596737,2.4720930218696595,0.1460270881652832,0.1856424808502197
  -11,"graph_0000000000011100",5.679151192830635,3.571562543166982,4.059878309400458,2174337,1.8793474793434144,0.099980354309082,0.1448726654052734
  -12,"graph_0000000000011110",5.655964947506047,3.4174454971879182,3.962627614631987,2596737,2.4315330147743226,0.1443908214569091,0.1411082744598388
  -13,"graph_0000000000011111",5.704578340660828,3.3268431891579584,3.88862150016584,2728321,2.6469873189926147,0.1194491386413574,0.2404124736785888
  -14,"graph_0000000010000000",5.666498299068135,3.392164508485762,3.899165866416797,921217,0.8388110637664795,0.0617842674255371,0.0636818408966064
  -15,"graph_0000000010000010",5.840500796330125,3.38038197181666,3.804273691804785,1343617,1.306567132472992,0.0709123611450195,0.1078779697418212
  -16,"graph_0000000010000011",5.717093482913866,3.3162164202035864,3.851953834608981,1851905,1.955362951755524,0.1068611145019531,0.1377322673797607
  -17,"graph_0000000010001000",5.774956753998336,3.306860714876102,3.837260047301912,1574785,1.3510019540786744,0.055713415145874,0.0985116958618164
  -18,"graph_0000000010001010",5.874564717928015,3.4602294972202503,3.9252577798408375,1997185,1.7229519009590148,0.0775563716888427,0.1468374729156494
  -19,"graph_0000000010001011",5.688570523395314,3.369174362773806,3.889641087013379,2505473,2.4774707436561583,0.1558780670166015,0.1766321659088134
  -20,"graph_0000000010001100",5.764214395848683,3.489303497513215,3.840278581778208,2083073,1.9207581996917724,0.1190099716186523,0.1681005954742431
  -21,"graph_0000000010001110",5.81679373067278,3.444867145306441,3.9170402442363272,2505473,2.583866822719574,0.1431186199188232,0.1975681781768798
  -22,"graph_0000000010001111",5.870687165045558,3.4959706114703364,3.877384738838464,2637057,2.8281605720520018,0.1183643341064453,0.232781171798706
  -23,"graph_0000000010011000",5.667858721528659,3.452757855009539,3.900210647499352,2055425,1.5636426329612731,0.1021449565887451,0.0840399265289306
  -24,"graph_0000000010011010",5.914370545181212,3.336548215067219,3.832358448798197,2477825,1.958380961418152,0.0884284973144531,0.176152229309082
  -25,"graph_0000000010011011",5.868061095236496,3.365146510061137,3.896914578906277,2986113,2.7931917548179626,0.1589498519897461,0.1993136405944824
  -26,"graph_0000000010011100",5.853782515882182,3.4082869504878897,3.8112389161293967,2563713,2.348784708976745,0.1071805953979492,0.1262710094451904
  -27,"graph_0000000010011110",5.797134582458623,3.3194704005458635,3.7931090091822446,2986113,2.643990409374237,0.209369421005249,0.1573953628540039
  -28,"graph_0000000010011111",5.796761889858426,3.4605102912377896,3.887510341677749,3117697,2.9234866857528687,0.1863601207733154,0.2021617889404297
  -29,"graph_0000000011000000",5.686665858507551,3.4187817413009,3.879816231894912,1429505,1.2450700402259829,0.0655369758605957,0.1354022026062011
  -30,"graph_0000000011000010",5.817798568091424,3.40309902425599,3.783281419946436,1851905,1.6911357402801517,0.0854086875915527,0.1660192012786865
  -31,"graph_0000000011000011",5.843369610865474,3.377580291490676,3.778963927302444,1983489,2.1511106491088867,0.1537418365478515,0.1995060443878173
  -32,"graph_0000000011001000",5.757387592615609,3.4316308993694378,3.918391329823879,2083073,1.5886759638786316,0.1659572124481201,0.0839831829071044
  -33,"graph_0000000011001010",5.798017718072301,3.4660058010078383,3.8989497194792095,2505473,2.1776283383369446,0.1470723152160644,0.2478373050689697
  -34,"graph_0000000011001011",5.758831987637325,3.4126871225590216,3.911448669015316,2637057,2.7421803712844848,0.1465928554534912,0.157682180404663
  -35,"graph_0000000011001100",5.773472039444383,3.407906579429816,3.8859793468525536,2214657,2.1808817744255067,0.1586828231811523,0.1737174987792968
  -36,"graph_0000000011001110",5.799300707573914,3.4229948445169147,3.962543597974275,2637057,2.5916547656059263,0.1288645267486572,0.2447831630706787
  -37,"graph_0000000011001111",5.80939902109784,3.472309328383737,3.959826841772649,2768641,2.811719822883606,0.1793150901794433,0.2037091255187988
  -38,"graph_0000000011011000",5.616427589408657,3.79101036660418,4.14899160535712,2563713,1.8960870862007144,0.0908453464508056,0.1869087219238281
  -39,"graph_0000000011011010",5.625222774225643,3.5694527222780525,4.022249748581334,2986113,2.384862816333771,0.1746535301208496,0.2279670238494873
  -40,"graph_0000000011011011",5.775931861171451,3.450933474513317,3.893864711627626,3117697,2.8858728766441346,0.1523995399475097,0.2309131622314453
  -41,"graph_0000000011011100",5.920806287016263,3.432614632136995,3.891869172882616,2695297,2.464821398258209,0.1815342903137207,0.1606566905975341
  -42,"graph_0000000011011110",5.774408793448335,3.392977117170233,3.90516688171186,3117697,2.87931250333786,0.1192929744720459,0.1945350170135498
  -43,"graph_0000000011011111",5.923920379620586,3.469171309041117,3.8816677444859553,3249281,2.985859978199005,0.1687014102935791,0.2713041305541992
  ... 1401 further lines not shown (cap is 50)

[RDB2G-Bench/rel-f1/driver-top3/0.csv] column change:
  removed: []
  added:   ['dataset', 'seed', 'task']
  diff --git a/RDB2G-Bench/rel-f1/driver-top3/0.csv b/RDB2G-Bench/rel-f1/driver-top3/0.csv
  index 6269e23..9f9fccd 100644
  --- a/RDB2G-Bench/rel-f1/driver-top3/0.csv
  +++ b/RDB2G-Bench/rel-f1/driver-top3/0.csv
  @@ -1,723 +1,723 @@
  -idx,graph,train_metric,valid_metric,test_metric,params,train_time,valid_time,test_time
  -0,"graph_0000000000000010",0.5326488722210647,0.7604952428732686,0.8008073787625417,954241,0.17809818983078,0.0370378494262695,0.0380146503448486
  -1,"graph_0000000000000011",0.532506115393816,0.7529340094246655,0.8153610994983278,1462529,0.365726888179779,0.1030411720275878,0.0928449630737304
  -2,"graph_0000000000001000",0.4925110540083802,0.6955259715826629,0.7999059364548494,1185409,0.1662729859352111,0.0383937358856201,0.0373103618621826
  -3,"graph_0000000000001010",0.4861043590990115,0.7414667359481106,0.811618154264214,1607809,0.2701969981193542,0.0617668628692626,0.0582554340362548
  -4,"graph_0000000000001011",0.5355020796197266,0.7777678235473294,0.798697481187291,2116097,0.4438908696174621,0.1256570816040039,0.0978562831878662
  -5,"graph_0000000000001100",0.4772707981264131,0.7528085861210156,0.8114221885451505,1693697,0.3721015930175781,0.1062276363372802,0.0784335136413574
  -6,"graph_0000000000001110",0.4864959758007886,0.7485083585673076,0.8184573578595317,2116097,0.4177300453186035,0.1065540313720703,0.095888614654541
  -7,"graph_0000000000001111",0.50452577725305,0.7578971887262368,0.8095670464046822,2247681,0.5355224847793579,0.1464071273803711,0.1309099197387695
  -8,"graph_0000000000011000",0.5087969071926292,0.7942341115550698,0.7603535221571907,1666049,0.2205459117889404,0.0521571636199951,0.0479772090911865
  -9,"graph_0000000000011010",0.5146923783287419,0.7387611761122359,0.8151455372073578,2088449,0.3067793011665344,0.0746054649353027,0.0697920322418212
  -10,"graph_0000000000011011",0.4963519843198987,0.7776961530881009,0.7739600752508361,2596737,0.4775212883949279,0.1369266510009765,0.1081018447875976
  -11,"graph_0000000000011100",0.5155450609996065,0.7516618587733601,0.7884092809364548,2174337,0.4289893269538879,0.1171965599060058,0.0909733772277832
  -12,"graph_0000000000011110",0.4764605566744605,0.7754743688520185,0.7874751776755852,2596737,0.4766151666641235,0.141618013381958,0.1129586696624755
  -13,"graph_0000000000011111",0.5042093972575256,0.7912060346526669,0.79296875,2728321,0.5603559255599976,0.1595523357391357,0.1459262371063232
  -14,"graph_0000000010000000",0.4859480982475634,0.7663901381448102,0.8091947115384616,921217,0.1513976573944092,0.0308067798614501,0.0346367359161376
  -15,"graph_0000000010000010",0.4979859712480033,0.7616240526061171,0.8084239130434783,1343617,0.2433618426322937,0.0543301105499267,0.0576281547546386
  -16,"graph_0000000010000011",0.5298053105539736,0.755944168712261,0.7961172658862876,1851905,0.4222150564193725,0.1189897060394287,0.0923712253570556
  -17,"graph_0000000010001000",0.4861332962937241,0.7795058321836197,0.8238986726588629,1574785,0.2539610743522644,0.0560734272003173,0.056243896484375
  -18,"graph_0000000010001010",0.505339876997631,0.7341563491068068,0.8186533235785953,1997185,0.3175798535346985,0.0781114101409912,0.0748453140258789
  -19,"graph_0000000010001011",0.5100527814431558,0.7696332264248984,0.8127678198160536,2505473,0.5187269926071167,0.145045518875122,0.1211209297180175
  -20,"graph_0000000010001100",0.5019445794846864,0.767590618336887,0.8070848139632107,2083073,0.4249220967292785,0.1221396923065185,0.0945136547088623
  -21,"graph_0000000010001110",0.5147965522297073,0.7127089641826881,0.8063466764214047,2505473,0.5213842868804932,0.1464173793792724,0.1310563087463379
  -22,"graph_0000000010001111",0.4736208532999977,0.7805808890720467,0.7882394439799332,2637057,0.5674769163131714,0.1631546020507812,0.1500375270843505
  -23,"graph_0000000010011000",0.4549910873440285,0.7534177850244574,0.7770236726588631,2055425,0.3049046158790588,0.0682497024536132,0.0696916580200195
  -24,"graph_0000000010011010",0.4925226288862652,0.7732346670011289,0.7826348244147158,2477825,0.3741794347763061,0.0889995098114013,0.0888123512268066
  -25,"graph_0000000010011011",0.4842002916869227,0.785078210388633,0.8188688858695652,2986113,0.5655625104904175,0.1358339786529541,0.1290268898010254
  -26,"graph_0000000010011100",0.4924261715705566,0.8109154109404956,0.8249634197324415,2563713,0.4691518545150757,0.1328318119049072,0.1084814071655273
  -27,"graph_0000000010011110",0.5061501184495837,0.76253785096128,0.8084696383779264,2986113,0.519982659816742,0.1349921226501464,0.1277089118957519
  -28,"graph_0000000010011111",0.5492974049123782,0.7857949149809177,0.7984819188963211,3117697,0.6149706244468689,0.1743218898773193,0.1627111434936523
  -29,"graph_0000000011000000",0.5213633662831524,0.7928365376001147,0.7703739025919732,1429505,0.2607595324516296,0.0662755966186523,0.076416015625
  -30,"graph_0000000011000010",0.5317460317460317,0.7190159645947931,0.824016252090301,1851905,0.3367069363594055,0.0878584384918212,0.093036413192749
  -31,"graph_0000000011000011",0.4517404758046469,0.7671426779667091,0.784215614548495,1983489,0.4328360915184021,0.1146345138549804,0.1113944053649902
  -32,"graph_0000000011001000",0.5334205307467339,0.7637562487681641,0.8054778950668894,2083073,0.3420020341873169,0.0895862579345703,0.0928099155426025
  -33,"graph_0000000011001010",0.5117176347122872,0.7854007274551612,0.806771268812709,2505473,0.4373353242874145,0.1150474548339843,0.1140072345733642
  -34,"graph_0000000011001011",0.5075815450147001,0.723584956370608,0.8127090301003345,2637057,0.5593580603599548,0.1605796813964843,0.1494064331054687
  -35,"graph_0000000011001100",0.503287265319351,0.7890738384906202,0.7861426107859532,2214657,0.4307567000389099,0.1136474609375,0.1126956939697265
  -36,"graph_0000000011001110",0.5073191811159725,0.7902384834530827,0.7982271634615383,2637057,0.5458603978157044,0.162177562713623,0.147935152053833
  -37,"graph_0000000011001111",0.5124815766526997,0.783698554048485,0.7807274247491638,2768641,0.5489339590072632,0.1502480506896972,0.1455640792846679
  -38,"graph_0000000011011000",0.492742551566081,0.7907939295121034,0.8266683214882943,2563713,0.4056683778762817,0.10113525390625,0.1071531772613525
  -39,"graph_0000000011011010",0.4982714849025009,0.7710128827650463,0.8126175794314382,2986113,0.481113874912262,0.1247229576110839,0.126645803451538
  -40,"graph_0000000011011011",0.4929238913196133,0.7197147515722707,0.7842548076923077,3117697,0.6019490122795105,0.172438383102417,0.1624181270599365
  -41,"graph_0000000011011100",0.4626285776018396,0.7560158391714895,0.7745675689799332,2695297,0.4714470624923706,0.1270956993103027,0.1237602233886718
  -42,"graph_0000000011011110",0.5284008920372557,0.712547705649424,0.8059482127926422,3117697,0.5800985455513,0.1701421737670898,0.1578130722045898
  -43,"graph_0000000011011111",0.4747436164548464,0.7816738635752808,0.7762136810200669,3249281,0.588288688659668,0.1591401100158691,0.1544466018676757
  ... 1401 further lines not shown (cap is 50)

[RDB2G-Bench/rel-f1/driver-top3/1.csv] column change:
  removed: []
  added:   ['dataset', 'seed', 'task']
  diff --git a/RDB2G-Bench/rel-f1/driver-top3/1.csv b/RDB2G-Bench/rel-f1/driver-top3/1.csv
  index 65d4b9e..b8c1890 100644
  --- a/RDB2G-Bench/rel-f1/driver-top3/1.csv
  +++ b/RDB2G-Bench/rel-f1/driver-top3/1.csv
  @@ -1,723 +1,723 @@
  -idx,graph,train_metric,valid_metric,test_metric,params,train_time,valid_time,test_time
  -0,"graph_0000000000000010",0.5226906189473035,0.7271147264876101,0.8291701505016722,954241,0.2039734601974487,0.0363883972167968,0.0388402938842773
  -1,"graph_0000000000000011",0.4876978339545184,0.7259321639103402,0.8084173808528429,1462529,0.4175112843513489,0.1048431396484375,0.1021003723144531
  -2,"graph_0000000000001000",0.4911143520769189,0.7676264535665013,0.8377926421404682,1185409,0.1841764330863952,0.0470812320709228,0.039180040359497
  -3,"graph_0000000000001010",0.509732543155003,0.7564100266972461,0.8230756166387959,1607809,0.2841637969017029,0.064096450805664,0.0699152946472168
  -4,"graph_0000000000001011",0.5065822472239585,0.7305907437601906,0.8190125940635451,2116097,0.492670726776123,0.1532685756683349,0.1026453971862793
  -5,"graph_0000000000001100",0.4870670031097838,0.7875508412320152,0.8278375836120401,1693697,0.3928582429885864,0.1045300960540771,0.0779390335083007
  -6,"graph_0000000000001110",0.5338565178137371,0.7542240776907778,0.8024796195652174,2116097,0.4785285472869873,0.1291730403900146,0.1126832962036132
  -7,"graph_0000000000001111",0.5061829139369247,0.7572700722079877,0.8029564694816054,2247681,0.5752377510070801,0.1714274883270263,0.1651825904846191
  -8,"graph_0000000000011000",0.5197583165497605,0.7218290301195105,0.7325002612876255,1666049,0.248975670337677,0.0537765026092529,0.0551578998565673
  -9,"graph_0000000000011010",0.5093293515753409,0.7609611008582537,0.8143028846153847,2088449,0.3348743200302124,0.0739362239837646,0.0868322849273681
  -10,"graph_0000000000011011",0.5015761125386794,0.7683252405439788,0.8314041596989966,2596737,0.5014442920684814,0.1673560142517089,0.1081452369689941
  -11,"graph_0000000000011100",0.5006887052341598,0.7827310028489007,0.8199532295150501,2174337,0.4197403192520141,0.1462018489837646,0.0852785110473632
  -12,"graph_0000000000011110",0.4885678789422105,0.7578434358818155,0.8099589778428093,2596737,0.528351628780365,0.1432161331176757,0.1077713966369628
  -13,"graph_0000000000011111",0.4831431195067558,0.7875687588468223,0.7861622073578596,2728321,0.593224287033081,0.1546876430511474,0.1227548122406005
  -14,"graph_0000000010000000",0.5043367209142611,0.7578792711114297,0.7999255330267558,921217,0.1689786911010742,0.0306227207183837,0.0346264839172363
  -15,"graph_0000000010000010",0.4728144701406733,0.7186217770690366,0.8043151651337793,1343617,0.2705692052841186,0.072998046875,0.0626215934753418
  -16,"graph_0000000010000011",0.5329459607534474,0.7658167744709824,0.789931281354515,1851905,0.4647025465965271,0.1223630905151367,0.1147577762603759
  -17,"graph_0000000010001000",0.4725077358767198,0.7773019655623443,0.7956796091137124,1574785,0.2854883074760437,0.0562598705291748,0.0560770034790039
  -18,"graph_0000000010001010",0.5316958739418632,0.7745068176524342,0.7815112876254181,1997185,0.3704174995422363,0.0792455673217773,0.0899052619934082
  -19,"graph_0000000010001011",0.5465020719031415,0.7435630968805432,0.8103966346153846,2505473,0.5755880355834961,0.164168119430542,0.167060375213623
  -20,"graph_0000000010001100",0.5234468443024592,0.762358674813209,0.80852189590301,2083073,0.4762199759483337,0.123525857925415,0.1043260097503662
  -21,"graph_0000000010001110",0.4779267078732319,0.7423984519180807,0.8172489025919734,2505473,0.5617437601089478,0.1843185424804687,0.1233019828796386
  -22,"graph_0000000010001111",0.5063391747883728,0.7698124025729696,0.8104031668060201,2637057,0.6370143294334412,0.2282373905181884,0.1644127368927002
  -23,"graph_0000000010011000",0.504448611400483,0.7989106090197272,0.7636261496655519,2055425,0.3184312343597412,0.0679578781127929,0.0683784484863281
  -24,"graph_0000000010011010",0.4723283252695017,0.7342638547956497,0.8151455372073579,2477825,0.417472493648529,0.113314151763916,0.0855233669281005
  -25,"graph_0000000010011011",0.5206920233658201,0.7482037591155863,0.742736204013378,2986113,0.6233022689819336,0.1645371913909912,0.1274118423461914
  -26,"graph_0000000010011100",0.480480897593197,0.734783465625056,0.7984492579431439,2563713,0.5142091155052185,0.1315367221832275,0.1049072742462158
  -27,"graph_0000000010011110",0.4870515699392704,0.7485262761821146,0.8008922972408027,2986113,0.6179589867591858,0.1582295894622802,0.1632609367370605
  -28,"graph_0000000010011111",0.4806120795425608,0.7660317858486678,0.7744565217391304,3117697,0.632783305644989,0.1879448890686035,0.1453566551208496
  -29,"graph_0000000011000000",0.4993710983015796,0.7777678235473293,0.791753762541806,1429505,0.2761350512504578,0.0681891441345214,0.1071283817291259
  -30,"graph_0000000011000010",0.5315762668703845,0.7245166723405779,0.8227947324414716,1851905,0.3699820160865784,0.1305432319641113,0.0933995246887207
  -31,"graph_0000000011000011",0.5290066439799059,0.7328125279962732,0.817882525083612,1983489,0.4801889657974243,0.1392848491668701,0.1498076915740966
  -32,"graph_0000000011001000",0.466880416078277,0.7506226371145472,0.8132120087792643,2083073,0.3832122325897217,0.1142416000366211,0.1010103225708007
  -33,"graph_0000000011001010",0.4973609278422112,0.7856515740624608,0.8215928093645486,2505473,0.4893125057220459,0.1493575572967529,0.1317379474639892
  -34,"graph_0000000011001011",0.470314296517505,0.7856694916772679,0.8006963315217391,2637057,0.5476959109306335,0.1367685794830322,0.1486847400665283
  -35,"graph_0000000011001100",0.5211743099443634,0.7800433606278332,0.7703673704013377,2214657,0.5069959998130799,0.138340950012207,0.1552796363830566
  -36,"graph_0000000011001110",0.4840421016891605,0.7818172044937378,0.8092339046822742,2637057,0.5583202481269837,0.1448771953582763,0.1370666027069091
  -37,"graph_0000000011001111",0.5314431557747066,0.7331887979072227,0.8179739757525084,2768641,0.6692409515380859,0.1863467693328857,0.2053043842315673
  -38,"graph_0000000011011000",0.5195383938699447,0.7955779326656036,0.7672384510869567,2563713,0.4218095183372498,0.1009812355041503,0.1213994026184082
  -39,"graph_0000000011011010",0.4912378174410259,0.7167045922846751,0.8207501567725752,2986113,0.5259263753890991,0.1477274894714355,0.1351261138916015
  -40,"graph_0000000011011011",0.4986148729464237,0.7436885201841932,0.8089726170568562,3117697,0.58313547372818,0.205146312713623,0.1547954082489013
  -41,"graph_0000000011011100",0.5226095948021082,0.7842540001075057,0.7998406145484949,2695297,0.5379692316055298,0.1506416797637939,0.2006409168243408
  -42,"graph_0000000011011110",0.5238365318579222,0.7547974413646055,0.7851105246655519,3117697,0.5799356818199157,0.17191743850708,0.1432483196258545
  -43,"graph_0000000011011111",0.4924956208378668,0.7779290820805933,0.7786044627926422,3249281,0.7027820944786072,0.220534086227417,0.1740531921386718
  ... 1401 further lines not shown (cap is 50)

[RDB2G-Bench/rel-f1/driver-top3/10.csv] column change:
  removed: []
  added:   ['dataset', 'seed', 'task']
  diff --git a/RDB2G-Bench/rel-f1/driver-top3/10.csv b/RDB2G-Bench/rel-f1/driver-top3/10.csv
  index 839f327..23a8040 100644
  --- a/RDB2G-Bench/rel-f1/driver-top3/10.csv
  +++ b/RDB2G-Bench/rel-f1/driver-top3/10.csv
  @@ -1,723 +1,723 @@
  -idx,graph,train_metric,valid_metric,test_metric,params,train_time,valid_time,test_time
  -0,"graph_0000000000000010",0.483602256329529,0.7199476805647632,0.8134014423076924,954241,0.3405109882354736,0.0589847564697265,0.067652940750122
  -1,"graph_0000000000000011",0.5121979921445162,0.712547705649424,0.8092796300167223,1462529,0.5891332507133484,0.1660425662994384,0.1050183773040771
  -2,"graph_0000000000001000",0.5116790517860037,0.7668559961297953,0.822324414715719,1185409,0.3827089548110962,0.0519452095031738,0.0804584026336669
  -3,"graph_0000000000001010",0.5428019692725574,0.7635949902349,0.8139109531772576,1607809,0.5036269187927246,0.0836639404296875,0.1140844821929931
  -4,"graph_0000000000001011",0.5032062411741557,0.7832326960635001,0.7956012228260869,2116097,0.7119266510009765,0.2596471309661865,0.1398077011108398
  -5,"graph_0000000000001100",0.493379169849758,0.780330042464747,0.7755996551003345,1693697,0.5120761036872864,0.1670653820037841,0.1118993759155273
  -6,"graph_0000000000001110",0.4898546195337639,0.7630574617906865,0.7815374163879599,2116097,0.6847996950149536,0.1797103881835937,0.1333272457122802
  -7,"graph_0000000000001111",0.4858670741023682,0.7804196305387827,0.7779708403010033,2247681,0.737954604625702,0.2078666687011718,0.1925609111785888
  -8,"graph_0000000000011000",0.4857783333719163,0.8098403540520686,0.7459173808528428,1666049,0.3238830208778381,0.0889599323272705,0.0871891975402832
  -9,"graph_0000000000011010",0.4832627265782345,0.779398326494777,0.812225647993311,2088449,0.4205902457237244,0.0929465293884277,0.0967853069305419
  -10,"graph_0000000000011011",0.5100026236389873,0.762233251509559,0.7751293373745821,2596737,0.7508041381835937,0.2672359943389892,0.1597771644592285
  -11,"graph_0000000000011100",0.45518593112176,0.8127250900360143,0.7697990698160535,2174337,0.5914174437522888,0.1480486392974853,0.1196973323822021
  -12,"graph_0000000000011110",0.4932016883888542,0.7634337317016359,0.821037573160535,2596737,0.7363806247711182,0.1898806095123291,0.172633409500122
  -13,"graph_0000000000011111",0.5155894313648325,0.7782157639175074,0.7832749790969898,2728321,0.7603711128234864,0.2300996780395507,0.2247717380523681
  -14,"graph_0000000010000000",0.4311989258513323,0.7838418949669419,0.7662782190635451,921217,0.2156109929084778,0.1333160400390625,0.0525999069213867
  -15,"graph_0000000010000010",0.4902732442839395,0.6992349178477361,0.820789349916388,1343617,0.3333064198493957,0.1027975082397461,0.0716116428375244
  -16,"graph_0000000010000011",0.5242377942912703,0.7821218039454587,0.7973845108695654,1851905,0.6287294745445251,0.1839725971221923,0.1319236755371093
  -17,"graph_0000000010001000",0.5016706407080739,0.7677877120997653,0.8092665656354515,1574785,0.3169001340866089,0.0888745784759521,0.0778398513793945
  -18,"graph_0000000010001010",0.4874952735915303,0.7050402250452419,0.8068757838628763,1997185,0.4884304404258728,0.1308028697967529,0.1924066543579101
  -19,"graph_0000000010001011",0.4885871704053522,0.728960240812743,0.8224681229096988,2505473,0.7722278714179993,0.1974501609802246,0.2579183578491211
  -20,"graph_0000000010001100",0.507959657692278,0.7862607729659028,0.8115463001672241,2083073,0.6566620707511902,0.146543264389038,0.1814138889312744
  -21,"graph_0000000010001110",0.5054247594354546,0.7724642095644227,0.7735354828595318,2505473,0.7168370366096497,0.1744749546051025,0.1729843616485595
  -22,"graph_0000000010001111",0.5032293909299257,0.7690240275214564,0.7951766304347826,2637057,0.8321311354637146,0.2337446212768554,0.2226321697235107
  -23,"graph_0000000010011000",0.4820743724487039,0.7533909086022468,0.8108146948160534,2055425,0.410943341255188,0.1546652317047119,0.0988054275512695
  -24,"graph_0000000010011010",0.4994926345193725,0.7411621364963896,0.8152108591137123,2477825,0.5588909983634949,0.1133902072906494,0.1499586105346679
  -25,"graph_0000000010011011",0.5144994636973246,0.77633441436276,0.7879193666387959,2986113,0.8380237102508545,0.2534544467926025,0.2187533378601074
  -26,"graph_0000000010011100",0.5008796907192629,0.7525935747433302,0.8019701086956521,2563713,0.6863493680953979,0.158217191696167,0.2643449306488037
  -27,"graph_0000000010011110",0.4851262819177258,0.7597068678217556,0.7747308737458194,2986113,0.8400931358337402,0.2535371780395508,0.1859996318817138
  -28,"graph_0000000010011111",0.5125124429937264,0.7800254430130261,0.7744238607859532,3117697,0.9123497843742372,0.2551732063293457,0.2471492290496826
  -29,"graph_0000000011000000",0.5201518623978517,0.7920123273189873,0.7504899142976589,1429505,0.3380947113037109,0.1188406944274902,0.10709810256958
  -30,"graph_0000000011000010",0.5104443981449329,0.7213094192901041,0.808508831521739,1851905,0.4894239664077758,0.1105742454528808,0.258866548538208
  -31,"graph_0000000011000011",0.5071146916066702,0.7206823027718551,0.8230429556856187,1983489,0.6476608991622925,0.188364028930664,0.1528153419494629
  -32,"graph_0000000011001000",0.5061539767422121,0.7815663578864381,0.8262110681438128,2083073,0.5076215267181396,0.1119775772094726,0.1712992191314697
  -33,"graph_0000000011001010",0.5090245464577016,0.7531131855727365,0.8212727320234113,2505473,0.654898726940155,0.1418931484222412,0.1998534202575683
  -34,"graph_0000000011001011",0.5080676898858717,0.7769973661106233,0.7986713524247493,2637057,0.8273983716964721,0.221146821975708,0.2728655338287353
  -35,"graph_0000000011001100",0.4724170659999537,0.7491533927003637,0.8069541701505017,2214657,0.6422604203224183,0.2038061618804931,0.1404728889465332
  -36,"graph_0000000011001110",0.4622311734611199,0.7801150310870617,0.8162821383779264,2637057,0.7970036029815674,0.3166420459747314,0.2234489917755127
  -37,"graph_0000000011001111",0.5112507813042572,0.7919227392449517,0.7857245505852843,2768641,0.8362060427665711,0.2758793830871582,0.2081835269927978
  -38,"graph_0000000011011000",0.4839109197397968,0.7930157137481859,0.8370022470735786,2563713,0.5775794267654419,0.1625726222991943,0.2716412544250488
  -39,"graph_0000000011011010",0.4801915256460711,0.7415921592517605,0.8040277487458194,2986113,0.737921130657196,0.2649989128112793,0.2000768184661865
  -40,"graph_0000000011011011",0.497403369061123,0.7834118722115712,0.8064773202341138,3117697,0.8932230710983277,0.2714695930480957,0.2323675155639648
  -41,"graph_0000000011011100",0.5115864527629234,0.7697228144989339,0.814773202341137,2695297,0.6968017101287842,0.2105410099029541,0.1974179744720459
  -42,"graph_0000000011011110",0.5063468913736294,0.7826414147748652,0.7781014841137123,3117697,0.9410826802253724,0.2344727516174316,0.2599422931671142
  -43,"graph_0000000011011111",0.475029130109344,0.7812975936643314,0.8219716764214047,3249281,0.9477522373199464,0.27547287940979,0.323415994644165
  ... 1401 further lines not shown (cap is 50)

[RDB2G-Bench/rel-f1/driver-top3/11.csv] column change:
  removed: []
  added:   ['dataset', 'seed', 'task']
  diff --git a/RDB2G-Bench/rel-f1/driver-top3/11.csv b/RDB2G-Bench/rel-f1/driver-top3/11.csv
  index e47e223..c6c809b 100644
  --- a/RDB2G-Bench/rel-f1/driver-top3/11.csv
  +++ b/RDB2G-Bench/rel-f1/driver-top3/11.csv
  @@ -1,723 +1,723 @@
  -idx,graph,train_metric,valid_metric,test_metric,params,train_time,valid_time,test_time
  -0,"graph_0000000000000010",0.4526683951817641,0.6789342602712727,0.8376358695652173,954241,0.3625625729560852,0.1108975410461425,0.0657732486724853
  -1,"graph_0000000000000011",0.5056369655300137,0.7554245578828547,0.8145053825250836,1462529,0.6127321600914002,0.14213228225708,0.1342430114746093
  -2,"graph_0000000000001000",0.5013619772978062,0.752575657128523,0.8408301107859532,1185409,0.381621241569519,0.0560619831085205,0.060826301574707
  -3,"graph_0000000000001010",0.4890173700334128,0.7226353227858308,0.8207240280100334,1607809,0.4951114535331726,0.1231927871704101,0.1225247383117675
  -4,"graph_0000000000001011",0.5135040241992113,0.773575101682464,0.7900357964046822,2116097,0.685530960559845,0.2009167671203613,0.1606788635253906
  -5,"graph_0000000000001100",0.4992167665964457,0.7771765422586945,0.825564381270903,1693697,0.5254157781600952,0.1289653778076172,0.102586030960083
  -6,"graph_0000000000001110",0.5083242663456566,0.7580942824891149,0.7976849916387959,2116097,0.7305936336517334,0.1691532135009765,0.1954352855682373
  -7,"graph_0000000000001111",0.4909561620791567,0.7530056798838938,0.786155675167224,2247681,0.7459327101707458,0.2298486232757568,0.1841390132904052
  -8,"graph_0000000000011000",0.5099466783958763,0.7852394689218972,0.8364012855351171,1666049,0.3330524802207947,0.0704433917999267,0.0867121219635009
  -9,"graph_0000000000011010",0.4942627188616493,0.7185680242246153,0.8005918164715718,2088449,0.4440660953521728,0.0866079330444336,0.0860631465911865
  -10,"graph_0000000000011011",0.4732909692802741,0.7594739388292631,0.7784934155518394,2596737,0.7926607131958008,0.2059774398803711,0.1808443069458007
  -11,"graph_0000000000011100",0.5171192443919717,0.8069018652237014,0.7649848453177256,2174337,0.6028561949729919,0.1863172054290771,0.1219327449798584
  -12,"graph_0000000000011110",0.5153598629534458,0.7426313809105732,0.8205019335284282,2596737,0.737482750415802,0.1666657924652099,0.2072274684906005
  -13,"graph_0000000000011111",0.4806641664930435,0.7404275142892979,0.759275710702341,2728321,0.762230110168457,0.1864166259765625,0.213519811630249
  -14,"graph_0000000010000000",0.5164826261082945,0.7603339843400047,0.7821383779264215,921217,0.2003647208213806,0.0525753498077392,0.1161212921142578
  -15,"graph_0000000010000010",0.48642266824085,0.7923169267707082,0.7789637332775919,1343617,0.3201481103897095,0.065725564956665,0.0786876678466796
  -16,"graph_0000000010000011",0.4659081263359338,0.7679668882478365,0.7895458821070234,1851905,0.6066502213478089,0.1769831180572509,0.1532661914825439
  -17,"graph_0000000010001000",0.5072805981896891,0.7834118722115713,0.8099393812709029,1574785,0.3377132892608642,0.0973050594329834,0.1243093013763427
  -18,"graph_0000000010001010",0.5482903905363798,0.7521993872175736,0.8209265259197325,1997185,0.5070809364318848,0.1283328533172607,0.1197791099548339
  -19,"graph_0000000010001011",0.4903967096480465,0.7739872068230279,0.8014083403010034,2505473,0.7717134475708007,0.1718220710754394,0.2275817394256591
  -20,"graph_0000000010001100",0.4793581344383484,0.7677697944849581,0.8047332253344481,2083073,0.6328323125839234,0.1575293540954589,0.1224188804626464
  -21,"graph_0000000010001110",0.5032679738562091,0.7844690114851911,0.7725752508361203,2505473,0.7474044680595398,0.2047884464263916,0.1825661659240722
  -22,"graph_0000000010001111",0.504001049455595,0.8004515238931393,0.7890886287625418,2637057,0.8824671149253845,0.3106989860534668,0.2275850772857666
  -23,"graph_0000000010011000",0.4762483505799014,0.7681998172403289,0.7756388482441472,2055425,0.4008493304252624,0.0796058177947998,0.0994729995727539
  -24,"graph_0000000010011010",0.5155489192922348,0.7473078783752307,0.7728822637959866,2477825,0.558649730682373,0.1385953426361084,0.118237018585205
  -25,"graph_0000000010011011",0.4980669953931986,0.7656913511673326,0.7849406877090301,2986113,0.8410051703453064,0.2266550064086914,0.2771248817443847
  -26,"graph_0000000010011100",0.4898063908759095,0.7481679238859722,0.8131597512541806,2563713,0.716060209274292,0.1974861621856689,0.2759690284729004
  -27,"graph_0000000010011110",0.4576243720628747,0.7643296124419917,0.7862928511705686,2986113,0.8895917892456054,0.1962141990661621,0.2522473335266113
  -28,"graph_0000000010011111",0.4955822549405437,0.7356793463654119,0.8080907713210702,3117697,0.917444360256195,0.275963544845581,0.2189438343048095
  -29,"graph_0000000011000000",0.5124237022632745,0.7753310279335616,0.7864169627926422,1429505,0.3669914841651917,0.098792552947998,0.1475439071655273
  -30,"graph_0000000011000010",0.5574692686992153,0.7733780079195858,0.7998210179765887,1851905,0.5151504874229431,0.1665453910827636,0.1792900562286377
  -31,"graph_0000000011000011",0.5173391670717874,0.7843973410259626,0.8068627194816055,1983489,0.6380057215690613,0.2514424324035644,0.1548168659210205
  -32,"graph_0000000011001000",0.4579098857173723,0.7500313558259124,0.8233826295986623,2083073,0.5204067945480346,0.1630809307098388,0.1856820583343505
  -33,"graph_0000000011001010",0.5179024777955259,0.7281360305316157,0.8059351484113713,2505473,0.6144193172454834,0.2253496646881103,0.1994318962097168
  -34,"graph_0000000011001011",0.4734800256190631,0.7827847556933222,0.786456155936455,2637057,0.8263989686965942,0.3274438381195068,0.203181505203247
  -35,"graph_0000000011001100",0.4734279386685804,0.7891455089498487,0.8455136914715718,2214657,0.6740589499473572,0.2196011543273925,0.1850392818450927
  -36,"graph_0000000011001110",0.4842620243689762,0.7381340595939868,0.8095997073578596,2637057,0.8601420164108277,0.2834682464599609,0.2673826217651367
  -37,"graph_0000000011001111",0.4599547808103958,0.8007561233448603,0.7637306647157192,2768641,0.8561045289039612,0.2580575942993164,0.2647614479064941
  -38,"graph_0000000011011000",0.5072535901412907,0.7469316084642812,0.8213445861204012,2563713,0.6080382466316223,0.1480205059051513,0.1512589454650879
  -39,"graph_0000000011011010",0.540955776249894,0.7757610506889323,0.811141304347826,2986113,0.7232741117477417,0.3223147392272949,0.2104208469390869
  -40,"graph_0000000011011011",0.5068098864890309,0.737847377757073,0.7600007838628763,3117697,0.906396508216858,0.2135632038116455,0.2016823291778564
  -41,"graph_0000000011011100",0.479265535415268,0.7809213237533821,0.776331260451505,2695297,0.7112344861030578,0.2186915874481201,0.1959373950958252
  -42,"graph_0000000011011110",0.5008256746224661,0.7882675458242998,0.783941262541806,3117697,0.8964197397232055,0.2464785575866699,0.24709153175354
  -43,"graph_0000000011011111",0.5406972706437947,0.7692032036695274,0.7911332044314381,3249281,0.9817659378051756,0.3048038482666015,0.2806870937347412
  ... 1401 further lines not shown (cap is 50)

[RDB2G-Bench/rel-f1/driver-top3/12.csv] column change:
  removed: []
  added:   ['dataset', 'seed', 'task']
  diff --git a/RDB2G-Bench/rel-f1/driver-top3/12.csv b/RDB2G-Bench/rel-f1/driver-top3/12.csv
  index 29fbcfe..438661d 100644
  --- a/RDB2G-Bench/rel-f1/driver-top3/12.csv
  +++ b/RDB2G-Bench/rel-f1/driver-top3/12.csv
  @@ -1,723 +1,723 @@
  -idx,graph,train_metric,valid_metric,test_metric,params,train_time,valid_time,test_time
  -0,"graph_0000000000000010",0.5136853639527437,0.7576642597337442,0.8164258465719063,954241,0.3539780497550964,0.0491266250610351,0.051804780960083
  -1,"graph_0000000000000011",0.4780405275057681,0.7872910358173121,0.7960454117892977,1462529,0.6035117387771607,0.1448071002960205,0.1335573196411132
  -2,"graph_0000000000001000",0.5322533972266592,0.7784486929099999,0.7830855455685618,1185409,0.3887810111045837,0.0718617439270019,0.0600109100341796
  -3,"graph_0000000000001010",0.4998861803674637,0.7680385587070649,0.7922306124581939,1607809,0.496741795539856,0.1135051250457763,0.1309652328491211
  -4,"graph_0000000000001011",0.511270072767399,0.7562846033935963,0.842940008361204,2116097,0.6749638199806214,0.1434628963470459,0.1932711601257324
  -5,"graph_0000000000001100",0.5128211064039941,0.7845944347888407,0.7894348348662208,1693697,0.5825157880783081,0.1404516696929931,0.1482889652252197
  -6,"graph_0000000000001110",0.4685047572748107,0.7684864990772429,0.8301957044314382,2116097,0.6777528405189515,0.1961023807525634,0.1699578762054443
  -7,"graph_0000000000001111",0.5100469940042133,0.7392987045564494,0.8232585179765886,2247681,0.7707962155342102,0.193660020828247,0.2397077083587646
  -8,"graph_0000000000011000",0.4921676659644574,0.7798821020945692,0.7954771112040133,1666049,0.3131855010986328,0.0759804248809814,0.0899493694305419
  -9,"graph_0000000000011010",0.4708332368760176,0.75271899804698,0.8073003762541806,2088449,0.4754294514656066,0.164442777633667,0.1294472217559814
  -10,"graph_0000000000011011",0.4431673495844619,0.779398326494777,0.7882198474080269,2596737,0.7220774054527282,0.2128210067749023,0.1667859554290771
  -11,"graph_0000000000011100",0.4979280968585781,0.7175825554102238,0.7193052362040134,2174337,0.5750253200531006,0.1645398139953613,0.1795055866241455
  -12,"graph_0000000000011110",0.4916429381670023,0.7096988048950924,0.8177388168896321,2596737,0.7110448837280273,0.2801494598388672,0.1500375270843505
  -13,"graph_0000000000011111",0.5118681081247927,0.7568042142230027,0.7945364757525084,2728321,0.8221440315246582,0.2881877422332763,0.2175731658935547
  -14,"graph_0000000010000000",0.5067886658795749,0.7422192757700095,0.7940465614548494,921217,0.2042734265327453,0.0473618507385253,0.0645022392272949
  -15,"graph_0000000010000010",0.5141985168723137,0.7626095214205084,0.8007681856187292,1343617,0.324492084980011,0.0846307277679443,0.1373119354248047
  -16,"graph_0000000010000011",0.5021606438718738,0.7762627439035317,0.8072677153010034,1851905,0.5891723036766052,0.2691161632537842,0.133786916732788
  -17,"graph_0000000010001000",0.4992051917185607,0.7420759348515527,0.81647810409699,1574785,0.4051362752914428,0.0691950321197509,0.1021609306335449
  -18,"graph_0000000010001010",0.4935527930180336,0.7784307752951928,0.8160731082775919,1997185,0.4773143172264099,0.1561901569366455,0.1161198616027832
  -19,"graph_0000000010001011",0.5014622929061431,0.7643296124419916,0.8234218227424748,2505473,0.7574372291564941,0.2485077381134033,0.1695022583007812
  -20,"graph_0000000010001100",0.5190869736324282,0.7485441937969217,0.8114352529264215,2083073,0.61114661693573,0.1637978553771972,0.138552188873291
  -21,"graph_0000000010001110",0.5001234653641071,0.7726433857124939,0.8042890363712374,2505473,0.8573758482933045,0.2618496417999267,0.1662452220916748
  -22,"graph_0000000010001111",0.5207576143405019,0.7423805343032734,0.8167720526755854,2637057,0.8169293403625488,0.2333383560180664,0.1951651573181152
  -23,"graph_0000000010011000",0.4982290436835891,0.697998602426045,0.8049030622909699,2055425,0.4108842015266418,0.1437819004058838,0.1453895568847656
  -24,"graph_0000000010011010",0.5186741363211952,0.7578434358818155,0.7933802780100334,2477825,0.5585437297821045,0.1210179328918457,0.1463959217071533
  -25,"graph_0000000010011011",0.5505282002608206,0.787676264535665,0.7843985158862876,2986113,0.8992174863815308,0.2443339824676513,0.220677375793457
  -26,"graph_0000000010011100",0.5043791621331728,0.7226890756302522,0.8242122178093644,2563713,0.6759908676147461,0.2558560371398926,0.1796712875366211
  -27,"graph_0000000010011110",0.5220887252972815,0.712708964182688,0.8105860681438127,2986113,0.8351459622383117,0.2106361389160156,0.2465674877166748
  -28,"graph_0000000010011111",0.5040280575039933,0.7730196556234434,0.8167981814381271,3117697,0.9447577476501464,0.21575927734375,0.2736220359802246
  -29,"graph_0000000011000000",0.4741185730490543,0.8022074501442369,0.7585506375418061,1429505,0.3770379543304443,0.1181228160858154,0.101003885269165
  -30,"graph_0000000011000010",0.4991511756217639,0.7519306229954668,0.8108604201505016,1851905,0.4727644681930542,0.1141152381896972,0.1982121467590332
  -31,"graph_0000000011000011",0.5208424967783256,0.768826933758578,0.784953752090301,1983489,0.655673599243164,0.2043213844299316,0.1761388778686523
  -32,"graph_0000000011001000",0.4983332175845545,0.7672501836555518,0.8087439903846153,2083073,0.5205723404884338,0.1336812973022461,0.1524722576141357
  -33,"graph_0000000011001010",0.497893372224923,0.7793087384207413,0.7811846780936454,2505473,0.7073859214782715,0.2098443508148193,0.1545858383178711
  -34,"graph_0000000011001011",0.5178446034061008,0.7790578918134418,0.8264200982441472,2637057,0.8000346183776855,0.2828402519226074,0.2149398326873779
  -35,"graph_0000000011001100",0.4992360580595875,0.7962946372578883,0.7684403741638794,2214657,0.6265846967697144,0.194798469543457,0.1606292724609375
  -36,"graph_0000000011001110",0.4969480905309782,0.7503359552776334,0.8098544627926422,2637057,0.8353531002998352,0.2228801250457763,0.3025379180908203
  -37,"graph_0000000011001111",0.524781813551867,0.7792370679615128,0.7645275919732442,2768641,0.909994113445282,0.3115091323852539,0.322700023651123
  -38,"graph_0000000011011000",0.4553093964858671,0.7595993621329128,0.7886313754180602,2563713,0.5459230303764343,0.1293778419494629,0.1404459476470947
  -39,"graph_0000000011011010",0.5366344885061463,0.7511243303291466,0.8055954744983278,2986113,0.7215454816818238,0.2239477634429931,0.2466382980346679
  -40,"graph_0000000011011011",0.50249631533054,0.7711383060686962,0.7926943979933111,3117697,0.8808509230613708,0.3739078044891357,0.2737488746643066
  -41,"graph_0000000011011100",0.5145457632088648,0.7929977961333788,0.7900880539297659,2695297,0.7687746167182923,0.2181947231292724,0.2190959453582763
  -42,"graph_0000000011011110",0.4838530453503715,0.7723746214903872,0.7998471467391305,3117697,0.8819729804992675,0.2325689792633056,0.2649967670440674
  -43,"graph_0000000011011111",0.4619263683434806,0.7783411872211571,0.788944920568562,3249281,0.9325209975242614,0.2322924137115478,0.3198292255401611
  ... 1401 further lines not shown (cap is 50)

[RDB2G-Bench/rel-f1/driver-top3/13.csv] column change:
  removed: []
  added:   ['dataset', 'seed', 'task']
  diff --git a/RDB2G-Bench/rel-f1/driver-top3/13.csv b/RDB2G-Bench/rel-f1/driver-top3/13.csv
  index 7db4968..8a22a47 100644
  --- a/RDB2G-Bench/rel-f1/driver-top3/13.csv
  +++ b/RDB2G-Bench/rel-f1/driver-top3/13.csv
  @@ -1,723 +1,723 @@
  -idx,graph,train_metric,valid_metric,test_metric,params,train_time,valid_time,test_time
  -0,"graph_0000000000000010",0.5134731578581846,0.7422371933848165,0.8165238294314381,954241,0.373988389968872,0.1176319122314453,0.0934071540832519
  -1,"graph_0000000000000011",0.5241143289271631,0.7403916790596835,0.8322468122909699,1462529,0.6349809765815735,0.1987726688385009,0.1198344230651855
  -2,"graph_0000000000001000",0.469968979327268,0.765906362545018,0.7918648097826086,1185409,0.3849863409996032,0.0627350807189941,0.1022515296936035
  -3,"graph_0000000000001010",0.5019387920457439,0.7600473025030907,0.8213837792642141,1607809,0.5702454209327698,0.1091923713684082,0.1225476264953613
  -4,"graph_0000000000001011",0.514536117477294,0.7659242801598252,0.8021595422240803,2116097,0.7304960727691651,0.2457602024078369,0.1571660041809082
  -5,"graph_0000000000001100",0.5093100601121991,0.7975309526795793,0.8067712688127091,1693697,0.545464563369751,0.1743099689483642,0.1280288696289062
  -6,"graph_0000000000001110",0.4843526942457424,0.7336188206625934,0.8236635137959866,2116097,0.7121302604675293,0.2672686576843261,0.1362433433532714
  -7,"graph_0000000000001111",0.4842118665648077,0.7483291824192364,0.8144988503344481,2247681,0.7735219240188599,0.1784484386444091,0.2016298770904541
  -8,"graph_0000000000011000",0.4981730984404781,0.7699199082618121,0.8122713733277591,1666049,0.3614651083946228,0.1008379459381103,0.1011083126068115
  -9,"graph_0000000000011010",0.5358589716878487,0.769740732113741,0.8437695965719064,2088449,0.4798401713371277,0.1430418491363525,0.1180176734924316
  -10,"graph_0000000000011011",0.4930589315616053,0.7426851337549946,0.7800088837792641,2596737,0.7453070998191833,0.2206079959869384,0.236279010772705
  -11,"graph_0000000000011100",0.4886083910148081,0.7721596101127017,0.8246368102006689,2174337,0.6433335661888122,0.1513581275939941,0.2063710689544677
  -12,"graph_0000000000011110",0.4981943190499339,0.7596531149773342,0.811154368729097,2596737,0.7645365715026855,0.2776582241058349,0.2299342155456543
  -13,"graph_0000000000011111",0.4931939718035975,0.7730017380086363,0.800160691889632,2728321,0.8130807757377625,0.2535085678100586,0.2441146373748779
  -14,"graph_0000000010000000",0.4982869180730143,0.7107917793983265,0.7751815948996655,921217,0.2177697300910949,0.0586938858032226,0.0543439388275146
  -15,"graph_0000000010000010",0.5059996450370782,0.7680385587070648,0.8038252508361204,1343617,0.3455509543418884,0.079517126083374,0.1521351337432861
  -16,"graph_0000000010000011",0.4807857027108363,0.6944509146942359,0.8077772261705685,1851905,0.5790375113487244,0.1805226802825927,0.1652567386627197
  -17,"graph_0000000010001000",0.5217877784722704,0.7799716901686047,0.8188492892976589,1574785,0.3772942304611206,0.1931962966918945,0.0925390720367431
  -18,"graph_0000000010001010",0.5160389224560348,0.6875167977638816,0.812010085702341,1997185,0.5143061637878418,0.1516458988189697,0.0957772731781005
  -19,"graph_0000000010001011",0.5198007577686722,0.7562846033935963,0.7867566367056856,2505473,0.8110528826713562,0.2196555137634277,0.2023458480834961
  -20,"graph_0000000010001100",0.4757506308308447,0.7632724731683719,0.8146948160535116,2083073,0.6187153697013855,0.2879986763000488,0.1558151245117187
  -21,"graph_0000000010001110",0.5167218402512521,0.7639354249162351,0.8122517767558529,2505473,0.7384186863899231,0.1742486953735351,0.2197847366333007
  -22,"graph_0000000010001111",0.4822325624464662,0.7643296124419916,0.7826086956521741,2637057,0.8762064695358276,0.2118394374847412,0.2441177368164062
  -23,"graph_0000000010011000",0.5046608174950421,0.7917614807116877,0.7940661580267557,2055425,0.4520920872688293,0.2264554500579834,0.0850863456726074
  -24,"graph_0000000010011010",0.4988116458704694,0.7735571840676569,0.7988346571906354,2477825,0.6036269664764404,0.1565423011779785,0.2276453971862793
  -25,"graph_0000000010011011",0.5109382596013612,0.779559585028041,0.7710597826086956,2986113,0.859458041191101,0.2592320442199707,0.1864042282104492
  -26,"graph_0000000010011100",0.5189094921715243,0.7549586998978697,0.7943013168896321,2563713,0.6988101005554199,0.170055866241455,0.2315766811370849
  -27,"graph_0000000010011110",0.4981866024646774,0.7602443962659691,0.7994878762541806,2986113,0.861688780784607,0.251934289932251,0.2094495296478271
  -28,"graph_0000000010011111",0.4640098463627875,0.7563562738528247,0.8099720422240804,3117697,0.925706148147583,0.2610278129577636,0.2660362720489502
  -29,"graph_0000000011000000",0.5311788627296649,0.6761570299761697,0.7868219586120401,1429505,0.3586007237434387,0.0890746116638183,0.155081033706665
  -30,"graph_0000000011000010",0.5322206017393183,0.7349268065435128,0.8134602320234113,1851905,0.4718936800956726,0.2063808441162109,0.1135227680206298
  -31,"graph_0000000011000011",0.5069372101457663,0.758703481392557,0.7918060200668896,1983489,0.6849339008331299,0.1764030456542968,0.2583868503570556
  -32,"graph_0000000011001000",0.52517150110733,0.7926931966816578,0.772366220735786,2083073,0.5367106318473815,0.1269209384918213,0.1817846298217773
  -33,"graph_0000000011001010",0.5203100523956139,0.7418788410886743,0.8146817516722408,2505473,0.6850992441177368,0.1458451747894287,0.2003796100616455
  -34,"graph_0000000011001011",0.5047341250549807,0.7525398218989088,0.8160927048494984,2637057,0.8463979244232178,0.2276303768157959,0.2194640636444091
  -35,"graph_0000000011001100",0.5161469546496285,0.764365447671606,0.7802832357859532,2214657,0.7003554463386535,0.2399113178253173,0.2078254222869873
  -36,"graph_0000000011001110",0.490535608182667,0.7576821773485514,0.8145772366220736,2637057,0.8394715428352356,0.2198147773742675,0.2387685775756836
  -37,"graph_0000000011001111",0.4801606593050443,0.7456952930425901,0.8209199937290969,2768641,0.8571984767913818,0.2872958183288574,0.2113735675811767
  -38,"graph_0000000011011000",0.4881550416309774,0.762233251509559,0.8302153010033445,2563713,0.5804341077804566,0.1935985088348388,0.1616466045379638
  -39,"graph_0000000011011010",0.5063700411293993,0.7332067155220297,0.824826243729097,2986113,0.7617868304252624,0.1722559928894043,0.2073245048522949
  -40,"graph_0000000011011011",0.5061192521085569,0.7662826324559674,0.793648097826087,3117697,0.9112492680549622,0.2173233032226562,0.2832951545715332
  -41,"graph_0000000011011100",0.482799731462833,0.7726613033273011,0.7669249059364548,2695297,0.6941816806793213,0.2194595336914062,0.1868097782135009
  -42,"graph_0000000011011110",0.4910217530538386,0.7655838454784899,0.8042106500836121,3117697,0.8668626546859741,0.2340760231018066,0.2451324462890625
  -43,"graph_0000000011011111",0.493456335702325,0.7839673182705919,0.7794993729096991,3249281,0.9723424553871156,0.3476920127868652,0.2677154541015625
  ... 1401 further lines not shown (cap is 50)

[RDB2G-Bench/rel-f1/driver-top3/14.csv] column change:
  removed: []
  added:   ['dataset', 'seed', 'task']
  diff --git a/RDB2G-Bench/rel-f1/driver-top3/14.csv b/RDB2G-Bench/rel-f1/driver-top3/14.csv
  index 2993233..5be40a1 100644
  --- a/RDB2G-Bench/rel-f1/driver-top3/14.csv
  +++ b/RDB2G-Bench/rel-f1/driver-top3/14.csv
  @@ -1,723 +1,723 @@
  -idx,graph,train_metric,valid_metric,test_metric,params,train_time,valid_time,test_time
  -0,"graph_0000000000000010",0.4760901605821391,0.7325975166185876,0.8257930079431439,954241,0.372515344619751,0.0446057319641113,0.0680904388427734
  -1,"graph_0000000000000011",0.4974207313779507,0.7728046442457581,0.7995466659698997,1462529,0.5551356792449951,0.1262092590332031,0.1233131885528564
  -2,"graph_0000000000001000",0.4811560988031577,0.7459998924943111,0.8317895589464882,1185409,0.3349099159240722,0.09969162940979,0.0652637481689453
  -3,"graph_0000000000001010",0.5514927734179071,0.7726433857124939,0.7953791283444817,1607809,0.4348119258880615,0.0757253170013427,0.0870711803436279
  -4,"graph_0000000000001011",0.4720929694191726,0.7486516994857646,0.8290395066889632,2116097,0.727882730960846,0.2116191387176513,0.2033123970031738
  -5,"graph_0000000000001100",0.5322842635676861,0.7443335543172493,0.8253488189799332,1693697,0.4584822058677673,0.1625301837921142,0.0868995189666748
  -6,"graph_0000000000001110",0.509041908774529,0.7454623640500977,0.8147340091973244,2116097,0.6944135785102844,0.1941096782684326,0.1750481128692627
  -7,"graph_0000000000001111",0.4884039015055058,0.7669276665890236,0.788455006270903,2247681,0.6573466658592224,0.1610431671142578,0.1695261001586914
  -8,"graph_0000000000011000",0.5163880979389001,0.7766748490440953,0.7848035117056855,1666049,0.33658949136734,0.0936331748962402,0.0607433319091796
  -9,"graph_0000000000011010",0.4678932178932179,0.7580584472595008,0.829888691471572,2088449,0.3874276280403137,0.10416841506958,0.079369306564331
  -10,"graph_0000000000011011",0.4889209127177041,0.7713891526759957,0.7792054243311036,2596737,0.7619974851608277,0.1777815818786621,0.1696374416351318
  -11,"graph_0000000000011100",0.518214999498422,0.8055222088835534,0.7897614443979933,2174337,0.5206514477729798,0.1577217578887939,0.1151211261749267
  -12,"graph_0000000000011110",0.4784977351822271,0.7628603680278081,0.8048899979096991,2596737,0.7443410992622376,0.1608345508575439,0.2122910022735595
  -13,"graph_0000000000011111",0.4893916244183623,0.7726433857124939,0.7915251358695652,2728321,0.7112407326698303,0.2650978565216064,0.2035634517669677
  -14,"graph_0000000010000000",0.4840189519333904,0.7286735589758292,0.7911005434782609,921217,0.2081283688545227,0.0640602111816406,0.1203622817993164
  -15,"graph_0000000010000010",0.4978605767375821,0.7826593323896722,0.8107101797658863,1343617,0.288581919670105,0.0673768520355224,0.0735342502593994
  -16,"graph_0000000010000011",0.5023612750885478,0.6874809625342674,0.8086002821906354,1851905,0.5919630765914917,0.1547110080718994,0.1798672676086425
  -17,"graph_0000000010001000",0.4620884166338712,0.7907760118972962,0.7774547972408028,1574785,0.2914003372192383,0.079277753829956,0.0654902458190918
  -18,"graph_0000000010001010",0.497079272480342,0.7524143985952589,0.8153023097826086,1997185,0.4976263523101806,0.1916773319244384,0.1185698509216308
  -19,"graph_0000000010001011",0.491025611346467,0.7686835928401212,0.7994421509197325,2505473,0.6623495101928711,0.1698048114776611,0.181685209274292
  -20,"graph_0000000010001100",0.4825720921977607,0.7031230402608806,0.7970709657190637,2083073,0.6318863511085511,0.1855695247650146,0.1514933109283447
  -21,"graph_0000000010001110",0.4631262973508963,0.7465553385533318,0.7924135137959866,2505473,0.6776932954788208,0.1925826072692871,0.1748290061950683
  -22,"graph_0000000010001111",0.4643841007477371,0.7588109870813997,0.8018786580267558,2637057,0.8388387799263001,0.1956255435943603,0.2731242179870605
  -23,"graph_0000000010011000",0.52416834502396,0.7524502338248732,0.7771216555183946,2055425,0.3623222231864929,0.0791866779327392,0.084118366241455
  -24,"graph_0000000010011010",0.4704493367594972,0.707960796258802,0.8238856082775919,2477825,0.6048263788223267,0.252788782119751,0.1003389358520507
  -25,"graph_0000000010011011",0.4991627504996488,0.7713353998315744,0.784489966555184,2986113,0.7378410458564758,0.2199099063873291,0.1804523468017578
  -26,"graph_0000000010011100",0.4854580950837636,0.7608715127842182,0.8177388168896321,2563713,0.742525327205658,0.1817133426666259,0.2401621341705322
  -27,"graph_0000000010011110",0.4787022246915295,0.7427747218290301,0.8216385346989966,2986113,0.7117759943008423,0.1708772182464599,0.2538177967071533
  -28,"graph_0000000010011111",0.4964272210261515,0.7810467470570318,0.7759981187290969,3117697,0.9763484597206116,0.2867329120635986,0.2678968906402588
  -29,"graph_0000000011000000",0.5208887962898658,0.7901847306086615,0.7736726588628762,1429505,0.3256779432296753,0.084162950515747,0.1089389324188232
  -30,"graph_0000000011000010",0.4623816468736255,0.7809750765978033,0.8121472617056855,1851905,0.5231282591819764,0.1666359901428222,0.1393673419952392
  -31,"graph_0000000011000011",0.4963230471251861,0.814194334450198,0.7906628867056857,1983489,0.5574677944183349,0.1638159751892089,0.1323213577270507
  -32,"graph_0000000011001000",0.4914461652429566,0.7817455340345093,0.8250483382107022,2083073,0.5675060033798218,0.1082384586334228,0.2249417304992675
  -33,"graph_0000000011001010",0.502754820936639,0.7847198580924907,0.823336904264214,2505473,0.5632040143013001,0.1895239353179931,0.1694986820220947
  -34,"graph_0000000011001011",0.4558611323317205,0.7862607729659027,0.7865410744147157,2637057,0.8782810568809509,0.3164098262786865,0.2379665374755859
  -35,"graph_0000000011001100",0.5107202660678597,0.7476841482861801,0.7912507838628762,2214657,0.5506277322769165,0.1666405200958252,0.1750338077545166
  -36,"graph_0000000011001110",0.5006327599910487,0.7224203114081453,0.8213119251672242,2637057,0.8420603036880493,0.2518417835235595,0.2337470054626464
  -37,"graph_0000000011001111",0.4906745067172874,0.786457866728781,0.7722878344481605,2768641,0.7820162892341613,0.1991298198699951,0.1907191276550293
  -38,"graph_0000000011011000",0.4983679422182096,0.7818530397233521,0.8125,2563713,0.6130545616149903,0.2147719860076904,0.1753740310668945
  -39,"graph_0000000011011010",0.481673110015356,0.7645804590492913,0.812036214464883,2986113,0.6231793403625489,0.1665148735046386,0.1690430641174316
  -40,"graph_0000000011011011",0.509576282303555,0.7937324183404706,0.7789114757525084,3117697,0.9155036091804504,0.3316857814788818,0.2154631614685058
  -41,"graph_0000000011011100",0.4877306294418594,0.7685760871512785,0.7977176525919731,2695297,0.6924659848213196,0.2121105194091797,0.1611294746398925
  -42,"graph_0000000011011110",0.4566057828089913,0.768343158158786,0.8023685723244147,3117697,0.8833758711814881,0.2782862186431885,0.2398347854614257
  -43,"graph_0000000011011111",0.5012462285189558,0.7838239773521348,0.7735746760033446,3249281,0.8028579473495483,0.2448692321777343,0.1999351978302002
  ... 1401 further lines not shown (cap is 50)

[RDB2G-Bench/rel-f1/driver-top3/2.csv] column change:
  removed: []
  added:   ['dataset', 'seed', 'task']
  diff --git a/RDB2G-Bench/rel-f1/driver-top3/2.csv b/RDB2G-Bench/rel-f1/driver-top3/2.csv
  index 878bcd0..d188232 100644
  --- a/RDB2G-Bench/rel-f1/driver-top3/2.csv
  +++ b/RDB2G-Bench/rel-f1/driver-top3/2.csv
  @@ -1,723 +1,723 @@
  -idx,graph,train_metric,valid_metric,test_metric,params,train_time,valid_time,test_time
  -0,"graph_0000000000000010",0.5204624549544336,0.7188726236763362,0.78501254180602,954241,0.202679431438446,0.0393977165222168,0.0418026447296142
  -1,"graph_0000000000000011",0.4684700326411556,0.7833222841375357,0.8115332357859532,1462529,0.4206944227218628,0.102996826171875,0.0947449207305908
  -2,"graph_0000000000001000",0.4799503823567995,0.7873537474691369,0.8311232755016723,1185409,0.1977321147918701,0.0455446243286132,0.0494146347045898
  -3,"graph_0000000000001010",0.4901980075776867,0.7457490458870115,0.6986047240802676,1607809,0.2962989211082458,0.0973308086395263,0.0971908569335937
  -4,"graph_0000000000001011",0.4995466506161693,0.7917435630968805,0.7843005330267558,2116097,0.5057683110237121,0.1405625343322754,0.1033239364624023
  -5,"graph_0000000000001100",0.5188168931484439,0.7808138180645392,0.7968684678093646,1693697,0.4013443350791931,0.1107606887817382,0.0818624496459961
  -6,"graph_0000000000001110",0.4962169440779067,0.7672143484259376,0.8114744460702341,2116097,0.5258576273918152,0.1410646438598632,0.1058545112609863
  -7,"graph_0000000000001111",0.4616678627373814,0.7704753543208328,0.8090901964882943,2247681,0.5779499530792236,0.146979808807373,0.1785199642181396
  -8,"graph_0000000000011000",0.5005555941384818,0.7344430309437208,0.7488503344481605,1666049,0.247001039981842,0.0676393508911132,0.0674827098846435
  -9,"graph_0000000000011010",0.5380427653154927,0.7460536453387325,0.8233695652173912,2088449,0.346684992313385,0.1497251987457275,0.0671169757843017
  -10,"graph_0000000000011011",0.479666797848616,0.7255021411549696,0.8156419836956522,2596737,0.5298871397972107,0.1415143013000488,0.1373116970062255
  -11,"graph_0000000000011100",0.4848484848484848,0.7769794484958162,0.8232127926421405,2174337,0.4494080185890198,0.1667037010192871,0.0874581336975097
  -12,"graph_0000000000011110",0.5187763810758463,0.7035530630162513,0.8135059573578595,2596737,0.5237542271614075,0.143648624420166,0.1175458431243896
  -13,"graph_0000000000011111",0.5381160728754312,0.773861783519378,0.8167720526755852,2728321,0.6423246741294861,0.1677093505859375,0.1544427871704101
  -14,"graph_0000000010000000",0.5175397982884614,0.7502822024332121,0.8060135346989965,921217,0.1601714849472046,0.0303246974945068,0.0345416069030761
  -15,"graph_0000000010000010",0.5109498344792462,0.725430470695741,0.7879389632107023,1343617,0.2757455110549927,0.0611610412597656,0.0665550231933593
  -16,"graph_0000000010000011",0.5047727079812642,0.7538298901650213,0.7882851693143813,1851905,0.4648805856704712,0.1198654174804687,0.1224603652954101
  -17,"graph_0000000010001000",0.5217839201796421,0.6600132590349572,0.8069476379598661,1574785,0.2727795958518982,0.0742647647857666,0.0583810806274414
  -18,"graph_0000000010001010",0.4942935852026761,0.7083549837845586,0.8126959657190634,1997185,0.3735262274742126,0.0817492008209228,0.1048221588134765
  -19,"graph_0000000010001011",0.4983139261214127,0.7506405547293544,0.8157791596989967,2505473,0.6159854888916015,0.1458439826965332,0.1211996078491211
  -20,"graph_0000000010001100",0.5115825944702951,0.6694916772679221,0.7880826714046822,2083073,0.4718036770820618,0.133641242980957,0.09806489944458
  -21,"graph_0000000010001110",0.564032224460032,0.7224023937933383,0.813786841555184,2505473,0.6178454518318176,0.1488521099090576,0.127845287322998
  -22,"graph_0000000010001111",0.4933984613128997,0.7670889251222875,0.8123040342809364,2637057,0.6208170533180237,0.1978199481964111,0.1690835952758789
  -23,"graph_0000000010011000",0.4528323726184688,0.7616778054505384,0.8195417015050167,2055425,0.3268585205078125,0.0965523719787597,0.0704793930053711
  -24,"graph_0000000010011010",0.4809477510012269,0.7408575370446687,0.7918452132107023,2477825,0.4068567395210266,0.0905594825744628,0.1153891086578369
  -25,"graph_0000000010011011",0.4966934432175073,0.7272580674060668,0.7611700459866221,2986113,0.6260001540184021,0.1730706691741943,0.1375274658203125
  -26,"graph_0000000010011100",0.503622936778017,0.7396570568525918,0.8177780100334449,2563713,0.5461234331130982,0.133122444152832,0.1108999252319336
  -27,"graph_0000000010011110",0.5139554444367278,0.751805199691817,0.8009510869565218,2986113,0.614677894115448,0.1537215709686279,0.1254975795745849
  -28,"graph_0000000010011111",0.5066362633207553,0.7284047947537224,0.8102659908026756,3117697,0.616048276424408,0.1741888523101806,0.1476461887359619
  -29,"graph_0000000011000000",0.5185622458349731,0.7853648922255468,0.7519335284280936,1429505,0.2932048916816711,0.0690717697143554,0.0751881599426269
  -30,"graph_0000000011000010",0.4694963384802957,0.7340846786475784,0.8131401546822743,1851905,0.3880756974220276,0.1181533336639404,0.1009504795074462
  -31,"graph_0000000011000011",0.5180220848670046,0.7898980487717475,0.8118990384615384,1983489,0.4887421250343323,0.1134815216064453,0.1371188163757324
  -32,"graph_0000000011001000",0.477571744951424,0.7565892028453173,0.8089595526755852,2083073,0.3886130809783935,0.1220057010650634,0.099588394165039
  -33,"graph_0000000011001010",0.5168568804932441,0.7026034294314741,0.8005722198996655,2505473,0.4996489882469177,0.1372754573822021,0.136319875717163
  -34,"graph_0000000011001011",0.5319389463774491,0.7780365877694362,0.8085153637123746,2637057,0.5829225897789001,0.170245885848999,0.1379849910736084
  -35,"graph_0000000011001100",0.4616292798110981,0.787980863987386,0.7670947428929766,2214657,0.5004960417747497,0.1280434131622314,0.1590595245361328
  -36,"graph_0000000011001110",0.4987113302621324,0.7857232445216892,0.8370675689799332,2637057,0.5837014079093933,0.1720163822174072,0.1394484043121338
  -37,"graph_0000000011001111",0.5031715165405004,0.7478991596638656,0.8084696383779264,2768641,0.6474822044372559,0.1993370056152343,0.1769602298736572
  -38,"graph_0000000011011000",0.4848137602148297,0.7584526347852573,0.8073526337792643,2563713,0.4411553859710693,0.1108999252319336,0.1123292446136474
  -39,"graph_0000000011011010",0.499498421958315,0.7620003225170666,0.8063140154682275,2986113,0.5450096607208252,0.1261720657348632,0.1649835109710693
  -40,"graph_0000000011011011",0.4773093810526965,0.7633799788572145,0.7971950773411371,3117697,0.6342458128929138,0.1708505153656005,0.1524615287780761
  -41,"graph_0000000011011100",0.5048653070043444,0.7152532654852986,0.7713994565217391,2695297,0.5397891640663147,0.1231789588928222,0.1553099155426025
  -42,"graph_0000000011011110",0.4679182967953021,0.7759043916073891,0.8292028114548494,3117697,0.6104536652565002,0.1504633426666259,0.1460084915161132
  -43,"graph_0000000011011111",0.4981711692941639,0.773736360215728,0.7962152487458193,3249281,0.679905915260315,0.2130331993103027,0.1637556552886963
  ... 1401 further lines not shown (cap is 50)

[RDB2G-Bench/rel-f1/driver-top3/3.csv] column change:
  removed: []
  added:   ['dataset', 'seed', 'task']
  diff --git a/RDB2G-Bench/rel-f1/driver-top3/3.csv b/RDB2G-Bench/rel-f1/driver-top3/3.csv
  index 7397930..0460482 100644
  --- a/RDB2G-Bench/rel-f1/driver-top3/3.csv
  +++ b/RDB2G-Bench/rel-f1/driver-top3/3.csv
  @@ -1,723 +1,723 @@
  -idx,graph,train_metric,valid_metric,test_metric,params,train_time,valid_time,test_time
  -0,"graph_0000000000000010",0.4938730313061864,0.6960455824120694,0.8198944397993311,954241,0.1839487433433532,0.038856029510498,0.0408439636230468
  -1,"graph_0000000000000011",0.4671504965622612,0.6860833885793123,0.7898920882107023,1462529,0.4128842353820801,0.1066117286682128,0.0898678302764892
  -2,"graph_0000000000001000",0.5127825234777107,0.6627725717152534,0.8304243311036789,1185409,0.1763722658157348,0.0420887470245361,0.0398633480072021
  -3,"graph_0000000000001010",0.4973262032085562,0.7630574617906865,0.8204170150501673,1607809,0.2927592039108276,0.0884675979614257,0.0746359825134277
  -4,"graph_0000000000001011",0.5100604980284125,0.759456021214456,0.7810017767558528,2116097,0.4545920968055725,0.1420564651489257,0.1089768409729003
  -5,"graph_0000000000001100",0.4774559961725736,0.7931590546666428,0.783621185200669,1693697,0.4184083223342895,0.1134500503540039,0.1148416996002197
  -6,"graph_0000000000001110",0.4771704825180761,0.7957212735840605,0.7974041074414715,2116097,0.442840027809143,0.1114392280578613,0.1015431880950927
  -7,"graph_0000000000001111",0.5073616223348844,0.7853290569959327,0.788180654264214,2247681,0.6042654752731323,0.1889405250549316,0.1350274085998535
  -8,"graph_0000000000011000",0.493055073268977,0.7560516744011038,0.7904277278428093,1666049,0.2413420796394348,0.0535228252410888,0.0509533882141113
  -9,"graph_0000000000011010",0.4655010764636433,0.7274909963985594,0.8065687709030099,2088449,0.3589920401573181,0.1109168529510498,0.0671882629394531
  -10,"graph_0000000000011011",0.4972606122338743,0.7766210961996739,0.8113046091137124,2596737,0.5058730840682983,0.1429049968719482,0.111398696899414
  -11,"graph_0000000000011100",0.4827707942681204,0.724212072888857,0.7593998223244148,2174337,0.4552497863769531,0.1401236057281494,0.0944242477416992
  -12,"graph_0000000000011110",0.5165134924493213,0.7415742416369533,0.8140742579431438,2596737,0.4921837210655212,0.1419405937194824,0.1128606796264648
  -13,"graph_0000000000011111",0.5416541272156246,0.7909551880453674,0.8014344690635451,2728321,0.5896978259086609,0.1717243194580078,0.1836299896240234
  -14,"graph_0000000010000000",0.5382279633616531,0.7091433588360717,0.7762985994983277,921217,0.1580536603927612,0.03434419631958,0.0404345989227294
  -15,"graph_0000000010000010",0.4733507728160133,0.7583092938668003,0.8093188231605352,1343617,0.2783630013465881,0.0981743335723877,0.0603585243225097
  -16,"graph_0000000010000011",0.5072188655076355,0.7521814696027664,0.7935762437290969,1851905,0.4481541633605957,0.125284194946289,0.0969965457916259
  -17,"graph_0000000010001000",0.5107530615552006,0.7352134883804268,0.8010098766722407,1574785,0.287604832649231,0.1084973812103271,0.0586380958557128
  -18,"graph_0000000010001010",0.5405506555239176,0.7781261758434717,0.8325603574414716,1997185,0.3475857377052307,0.0821349620819091,0.080803632736206
  -19,"graph_0000000010001011",0.509163444992322,0.778162011073086,0.7926486726588629,2505473,0.599890410900116,0.1465258598327636,0.16420578956604
  -20,"graph_0000000010001100",0.5337099026938599,0.7718370930461737,0.8083977842809364,2083073,0.4469803690910339,0.1257219314575195,0.1007239818572998
  -21,"graph_0000000010001110",0.4914924647544968,0.7676981240257297,0.8132120087792641,2505473,0.5663521647453308,0.1516623497009277,0.1746101379394531
  -22,"graph_0000000010001111",0.5377341019052249,0.7616240526061171,0.7966202445652174,2637057,0.5832658171653747,0.1688029766082763,0.1572232246398925
  -23,"graph_0000000010011000",0.5057025565046955,0.7267742918062747,0.8061703072742474,2055425,0.3494724273681641,0.1326358318328857,0.0720129013061523
  -24,"graph_0000000010011010",0.4550933320986796,0.7591872569923491,0.806235629180602,2477825,0.3973884701728821,0.0923576354980468,0.093503713607788
  -25,"graph_0000000010011011",0.504815149200176,0.748597946641343,0.8091097930602006,2986113,0.6409584522247315,0.1591212749481201,0.1645927429199218
  -26,"graph_0000000010011100",0.5066324050281269,0.7614448764580459,0.7802636392140468,2563713,0.5073392271995545,0.1374945640563964,0.1114625930786132
  -27,"graph_0000000010011110",0.5183596854719849,0.7271684793320312,0.8155635974080268,2986113,0.5906052708625793,0.1815900802612304,0.1359519958496093
  -28,"graph_0000000010011111",0.4992244831817024,0.7344071957141065,0.808273672658863,3117697,0.6443084239959717,0.1784131526947021,0.169518232345581
  -29,"graph_0000000011000000",0.4901574955050891,0.7528981741950511,0.7882917015050168,1429505,0.3078382253646851,0.0711643695831298,0.1035723686218261
  -30,"graph_0000000011000010",0.537869142147217,0.7359839458171328,0.8117879912207359,1851905,0.3533739447593689,0.0919914245605468,0.0999541282653808
  -31,"graph_0000000011000011",0.5168414473227307,0.7728763147049865,0.7890820965719064,1983489,0.5002463936805726,0.1480820178985595,0.1177799701690673
  -32,"graph_0000000011001000",0.5035920704369903,0.7841285768038558,0.792361256270903,2083073,0.3623118758201599,0.0950980186462402,0.0967700481414794
  -33,"graph_0000000011001010",0.5279108888734557,0.732328752396481,0.8095735785953178,2505473,0.5283509731292725,0.1225297451019287,0.1747150421142578
  -34,"graph_0000000011001011",0.4929586159532684,0.7535790435577217,0.7923481918896322,2637057,0.5881816387176514,0.170741319656372,0.1583590507507324
  -35,"graph_0000000011001100",0.5011459129106188,0.759169339377542,0.8179347826086957,2214657,0.5066246151924133,0.1217212677001953,0.1615602970123291
  -36,"graph_0000000011001110",0.5309203571235657,0.7640070953754636,0.7382485890468227,2637057,0.5817748427391052,0.1670706272125244,0.1536347866058349
  -37,"graph_0000000011001111",0.5292767244638903,0.7587393166221713,0.7792707462374581,2768641,0.6420532703399658,0.2263169288635254,0.160414457321167
  -38,"graph_0000000011011000",0.5322900510066285,0.7743993119635915,0.828660639632107,2563713,0.4196799755096435,0.1057004928588867,0.1121797561645507
  -39,"graph_0000000011011010",0.4638400814871403,0.7766748490440952,0.8275632316053512,2986113,0.5690673828125,0.1642458438873291,0.132232666015625
  -40,"graph_0000000011011011",0.4884637050412451,0.7829997670710076,0.7837779577759197,3117697,0.6573010563850403,0.1805493831634521,0.1690371036529541
  -41,"graph_0000000011011100",0.4714370596723538,0.7587930694665926,0.7979136183110368,2695297,0.5630712628364563,0.1849932670593261,0.1284849643707275
  -42,"graph_0000000011011110",0.4882437823614294,0.7584705524000646,0.8018982545986623,3117697,0.6431039452552796,0.174159288406372,0.1695988178253173
  -43,"graph_0000000011011111",0.5160273475781497,0.7640250129902708,0.7830920777591973,3249281,0.646181297302246,0.1654083728790283,0.1771032810211181
  ... 1401 further lines not shown (cap is 50)

[RDB2G-Bench/rel-f1/driver-top3/4.csv] column change:
  removed: []
  added:   ['dataset', 'seed', 'task']
  diff --git a/RDB2G-Bench/rel-f1/driver-top3/4.csv b/RDB2G-Bench/rel-f1/driver-top3/4.csv
  index 92d1a92..098df5b 100644
  --- a/RDB2G-Bench/rel-f1/driver-top3/4.csv
  +++ b/RDB2G-Bench/rel-f1/driver-top3/4.csv
  @@ -1,723 +1,723 @@
  -idx,graph,train_metric,valid_metric,test_metric,params,train_time,valid_time,test_time
  -0,"graph_0000000000000010",0.4998803929285212,0.7605489957176902,0.7973649142976589,954241,0.1944357514381408,0.0374469757080078,0.038964033126831
  -1,"graph_0000000000000011",0.4552438055111852,0.7303040619232767,0.7934260033444815,1462529,0.4336777925491333,0.1421625614166259,0.0812821388244628
  -2,"graph_0000000000001000",0.4734453009854079,0.7700274139506549,0.7896634615384615,1185409,0.1943533420562744,0.0408277511596679,0.0396151542663574
  -3,"graph_0000000000001010",0.4836292643779275,0.716382075218147,0.822468122909699,1607809,0.3167101860046387,0.0614087581634521,0.0611650943756103
  -4,"graph_0000000000001011",0.4916487256059448,0.7565712852305101,0.8165956835284282,2116097,0.5333045363426209,0.1675171852111816,0.1033251285552978
  -5,"graph_0000000000001100",0.4508009815496446,0.7904714124455753,0.7880500104515049,1693697,0.4302239656448364,0.1061794757843017,0.0768358707427978
  -6,"graph_0000000000001110",0.48666766982275,0.7757610506889323,0.8175951086956521,2116097,0.5190683007240295,0.1346464157104492,0.1281425952911377
  -7,"graph_0000000000001111",0.4920557754782353,0.7118489186719464,0.8731840510033446,2247681,0.5275669097900391,0.162302017211914,0.1595721244812011
  -8,"graph_0000000000011000",0.5470557368953091,0.7701170020246905,0.7843527905518395,1666049,0.2325884461402893,0.0488936901092529,0.0470554828643798
  -9,"graph_0000000000011010",0.4868972382341366,0.76054899571769,0.8194698474080266,2088449,0.3477824687957763,0.0735211372375488,0.0789990425109863
  -10,"graph_0000000000011011",0.5152711222229939,0.7583451290964147,0.827850647993311,2596737,0.5415684819221497,0.1446509361267089,0.1352784633636474
  -11,"graph_0000000000011100",0.5254763062249693,0.7725358800236513,0.8184312290969901,2174337,0.472416341304779,0.1226129531860351,0.0902976989746093
  -12,"graph_0000000000011110",0.5074985917231907,0.7514647650104818,0.8026690530936453,2596737,0.5533003568649292,0.1518466472625732,0.1450958251953125
  -13,"graph_0000000000011111",0.4992167665964457,0.7595456092884916,0.7829287729933111,2728321,0.6376334428787231,0.2145130634307861,0.1497097015380859
  -14,"graph_0000000010000000",0.4753185020564699,0.7278493486947017,0.7715823578595318,921217,0.1710820198059082,0.033865213394165,0.0632121562957763
  -15,"graph_0000000010000010",0.4863493606809114,0.7828743437673576,0.8195678302675585,1343617,0.3098060131072998,0.0551173686981201,0.0568230152130126
  -16,"graph_0000000010000011",0.5255496137849079,0.7343713604844924,0.8045045986622074,1851905,0.4674824595451355,0.1251158714294433,0.1003496646881103
  -17,"graph_0000000010001000",0.4605180915341343,0.7941982763254556,0.7661606396321071,1574785,0.3109096884727478,0.0591473579406738,0.0864171981811523
  -18,"graph_0000000010001010",0.5048768818822296,0.7462328214868037,0.8208089464882943,1997185,0.3936470031738281,0.1160111427307128,0.0795459747314453
  -19,"graph_0000000010001011",0.4619456598066224,0.7584526347852574,0.8131989443979933,2505473,0.6118614315986634,0.1519570350646972,0.1762442588806152
  -20,"graph_0000000010001100",0.481495628554452,0.7829101789969719,0.8045045986622072,2083073,0.4827850937843322,0.1664571762084961,0.0990862846374511
  -21,"graph_0000000010001110",0.4826531163429559,0.7667484904409526,0.7900357964046822,2505473,0.6100659847259522,0.1526808738708496,0.1670382022857666
  -22,"graph_0000000010001111",0.5030789175174202,0.7566967085341599,0.8227947324414715,2637057,0.6605283737182617,0.20310640335083,0.1873362064361572
  -23,"graph_0000000010011000",0.5148312768633625,0.7561591800899465,0.7922306124581939,2055425,0.3265492558479309,0.0676636695861816,0.0957477092742919
  -24,"graph_0000000010011010",0.4867969226257996,0.6905986275107057,0.8386026337792641,2477825,0.4484170794486999,0.0966546535491943,0.0960156917572021
  -25,"graph_0000000010011011",0.5038505760430894,0.778609951443264,0.7885203281772576,2986113,0.6211588263511658,0.167365550994873,0.137160062789917
  -26,"graph_0000000010011100",0.5415538116072875,0.7546361828313415,0.8107559051003345,2563713,0.5385559439659119,0.182403564453125,0.1240937709808349
  -27,"graph_0000000010011110",0.5360133033929826,0.7414129831036892,0.8040473453177258,2986113,0.6061588048934936,0.1334738731384277,0.1753604412078857
  -28,"graph_0000000010011111",0.4767383537437013,0.7460178101091183,0.8007485890468228,3117697,0.6983834624290466,0.2010416984558105,0.1700189113616943
  -29,"graph_0000000011000000",0.5181957080352801,0.7763164967479529,0.7754363503344482,1429505,0.2552903175354004,0.1368794441223144,0.0731387138366699
  -30,"graph_0000000011000010",0.5067481538069774,0.7526831628173657,0.8134536998327759,1851905,0.3939486145973205,0.1327617168426513,0.1154067516326904
  -31,"graph_0000000011000011",0.4893781203941631,0.7678414649441866,0.7580737876254181,1983489,0.4656943559646606,0.1597189903259277,0.1103150844573974
  -32,"graph_0000000011001000",0.5245155913605112,0.7780724229990503,0.8131793478260869,2083073,0.3968718290328979,0.0981295108795166,0.0980441570281982
  -33,"graph_0000000011001010",0.5007716585256692,0.758703481392557,0.8145576400501672,2505473,0.4826974153518676,0.1145753860473632,0.1525640487670898
  -34,"graph_0000000011001011",0.5237092082011868,0.7405529375929476,0.82024064590301,2637057,0.6328818440437317,0.1711299419403076,0.1893434524536132
  -35,"graph_0000000011001100",0.4997337778086441,0.784612352403648,0.7709226066053512,2214657,0.4816341996192932,0.1260929107666015,0.1604485511779785
  -36,"graph_0000000011001110",0.5155334861217215,0.7793266560355485,0.8186794523411371,2637057,0.6361741662025452,0.1699507236480713,0.1896688938140869
  -37,"graph_0000000011001111",0.4978586475912678,0.7661213739227035,0.8030479201505017,2768641,0.6217582941055297,0.245401382446289,0.1464178562164306
  -38,"graph_0000000011011000",0.4989814107461165,0.7922452563114798,0.7812761287625417,2563713,0.4410821557044982,0.1016275882720947,0.1073851585388183
  -39,"graph_0000000011011010",0.5082297381762623,0.7043772732973786,0.7705241429765887,2986113,0.5322061657905579,0.1998553276062011,0.1263906955718994
  -40,"graph_0000000011011011",0.4845321048529605,0.7490996398559424,0.8085480246655518,3117697,0.6663908004760742,0.1691553592681884,0.1711707115173339
  -41,"graph_0000000011011100",0.4993749565942079,0.7810467470570317,0.7882002508361204,2695297,0.4910421013832092,0.1805508136749267,0.1247241497039794
  -42,"graph_0000000011011110",0.5244191340448026,0.7357689344394474,0.8059939381270902,3117697,0.6839001774787903,0.2000558376312255,0.1828987598419189
  -43,"graph_0000000011011111",0.4646927641580048,0.7675010302628514,0.7890037102842811,3249281,0.6770899176597596,0.1644911766052246,0.1679537296295166
  ... 1401 further lines not shown (cap is 50)

[RDB2G-Bench/rel-f1/driver-top3/5.csv] column change:
  removed: []
  added:   ['dataset', 'seed', 'task']
  diff --git a/RDB2G-Bench/rel-f1/driver-top3/5.csv b/RDB2G-Bench/rel-f1/driver-top3/5.csv
  index 7af9e72..81e7921 100644
  --- a/RDB2G-Bench/rel-f1/driver-top3/5.csv
  +++ b/RDB2G-Bench/rel-f1/driver-top3/5.csv
  @@ -1,723 +1,723 @@
  -idx,graph,train_metric,valid_metric,test_metric,params,train_time,valid_time,test_time
  -0,"graph_0000000000000010",0.5126108294557492,0.7509272365662683,0.8251985785953178,954241,0.3823649287223816,0.1018025875091552,0.0654225349426269
  -1,"graph_0000000000000011",0.4777569429975846,0.7341384314919998,0.8231997282608695,1462529,0.690269160270691,0.2039964199066162,0.1748864650726318
  -2,"graph_0000000000001000",0.4923335725474763,0.752414398595259,0.8299082880434783,1185409,0.4214203953742981,0.0802977085113525,0.1096405982971191
  -3,"graph_0000000000001010",0.5022493846023258,0.7029080288831951,0.8151651337792643,1607809,0.5464190006256103,0.1135456562042236,0.1236300468444824
  -4,"graph_0000000000001011",0.4700114205461799,0.7698482378025837,0.8086852006688963,2116097,0.7930646419525147,0.2486658096313476,0.1381130218505859
  -5,"graph_0000000000001100",0.500902840475033,0.7657092687821396,0.7904930497491639,1693697,0.6395871758460998,0.1851420402526855,0.1029977798461914
  -6,"graph_0000000000001110",0.5289371947125958,0.7643475300567988,0.8082018185618729,2116097,0.8047434091567993,0.2204008102416992,0.2360973358154297
  -7,"graph_0000000000001111",0.4976290791798813,0.7869774775581875,0.7839216659698997,2247681,0.8418380498886109,0.3062679767608642,0.1941444873809814
  -8,"graph_0000000000011000",0.525750245001582,0.7597964558957911,0.8142440948996655,1666049,0.3807291388511657,0.078958511352539,0.1158158779144287
  -9,"graph_0000000000011010",0.5433151221921275,0.7112934726129257,0.7668138586956521,2088449,0.5605265736579895,0.1680827140808105,0.1566145420074463
  -10,"graph_0000000000011011",0.5293442445848863,0.7722671158015445,0.8152892454013378,2596737,0.8433825969696045,0.2187261581420898,0.1679697036743164
  -11,"graph_0000000000011100",0.5320006790595027,0.8077260755048287,0.7416257316053512,2174337,0.6748599410057068,0.1452324390411377,0.2486636638641357
  -12,"graph_0000000000011110",0.4998881095137779,0.7780903406138574,0.8279878239966555,2596737,0.7957809925079345,0.221174955368042,0.17891526222229
  -13,"graph_0000000000011111",0.4959410761549799,0.7783770224507713,0.7933541492474916,2728321,0.9081276893615724,0.2985749244689941,0.277752161026001
  -14,"graph_0000000010000000",0.4948337461706446,0.7303398971528909,0.7784542224080268,921217,0.2535764336585998,0.048588752746582,0.0569894313812255
  -15,"graph_0000000010000010",0.511092591306495,0.7500313558259125,0.8098871237458194,1343617,0.390218436717987,0.1365833282470703,0.0743756294250488
  -16,"graph_0000000010000011",0.4911953762221143,0.7575030012004802,0.76764997909699,1851905,0.6781090259552002,0.2250049114227295,0.2081248760223388
  -17,"graph_0000000010001000",0.4826376831724425,0.7424342871476949,0.8075290029264215,1574785,0.4411707997322082,0.1333308219909668,0.1276402473449707
  -18,"graph_0000000010001010",0.4754072427869219,0.7279120603465266,0.8110890468227425,1997185,0.5984553694725037,0.2132318019866943,0.1629910469055175
  -19,"graph_0000000010001011",0.5064896482008782,0.7800612782426404,0.7784150292642141,2505473,0.9270140767097472,0.2399840354919433,0.2980737686157226
  -20,"graph_0000000010001100",0.4730768340394009,0.7657451040117539,0.8199401651337792,2083073,0.7350892424583435,0.2416069507598877,0.15617036819458
  -21,"graph_0000000010001110",0.520769189218387,0.7041085090752719,0.8157856918896321,2505473,0.895042085647583,0.2679698467254638,0.2807683944702148
  -22,"graph_0000000010001111",0.4909291540307583,0.7322570819372526,0.8202341137123744,2637057,0.9740244388580322,0.2551579475402832,0.2759289741516113
  -23,"graph_0000000010011000",0.5274363188801692,0.7636487430793213,0.788396216555184,2055425,0.5193544626235962,0.174393892288208,0.1022925376892089
  -24,"graph_0000000010011010",0.5329575356313324,0.7614269588432387,0.7984427257525083,2477825,0.6464476466178894,0.1438682079315185,0.2001008987426757
  -25,"graph_0000000010011011",0.4935257849696353,0.7823547329379512,0.8131858800167224,2986113,0.9767911791801452,0.3361244201660156,0.2379658222198486
  -26,"graph_0000000010011100",0.4661974982830598,0.7311999426636325,0.8071436036789298,2563713,0.8416190147399902,0.2284615039825439,0.1679098606109619
  -27,"graph_0000000010011110",0.5187474438811337,0.7436526849545788,0.8194763795986622,2986113,0.9805935859680176,0.3062138557434082,0.173973798751831
  -28,"graph_0000000010011111",0.4973377780864412,0.7585063876296787,0.8187578386287625,3117697,1.0128167867660522,0.2564654350280761,0.2457435131072998
  -29,"graph_0000000011000000",0.4500968431449715,0.75073014280339,0.7811193561872911,1429505,0.4088325500488281,0.1442046165466308,0.1311495304107666
  -30,"graph_0000000011000010",0.5370820504510344,0.7728763147049864,0.7961433946488294,1851905,0.5921549677848816,0.1777019500732422,0.1908166408538818
  -31,"graph_0000000011000011",0.5319003634511655,0.7816380283456666,0.7873314694816054,1983489,0.7631941676139832,0.2781662940979004,0.247927188873291
  -32,"graph_0000000011001000",0.4513276384934139,0.7637920839977782,0.8159359322742474,2083073,0.6377969264984131,0.1966321468353271,0.1379945278167724
  -33,"graph_0000000011001010",0.5146730868656003,0.7537223844761785,0.7946932483277593,2505473,0.7672393679618835,0.2077383995056152,0.2345755100250244
  -34,"graph_0000000011001011",0.464550007330756,0.7761731558294961,0.8165695547658862,2637057,0.9853484034538268,0.3604543209075928,0.2988612651824951
  -35,"graph_0000000011001100",0.4915233310955236,0.7718550106609807,0.8065361099498327,2214657,0.8171119093894958,0.2727007865905761,0.1860051155090332
  -36,"graph_0000000011001110",0.5063237416178592,0.7682356524699433,0.8291962792642141,2637057,0.9350083351135254,0.3150055408477783,0.2276434898376464
  -37,"graph_0000000011001111",0.4769428432530037,0.7973696941463153,0.7653833089464883,2768641,0.9426924586296082,0.310495376586914,0.3070638179779053
  -38,"graph_0000000011011000",0.5022879675286093,0.764204189138342,0.771353731187291,2563713,0.717355740070343,0.1859583854675293,0.2251403331756591
  -39,"graph_0000000011011010",0.4756618901003928,0.7486337818709574,0.782536841555184,2986113,0.8463920712471008,0.3141825199127197,0.3191523551940918
  -40,"graph_0000000011011011",0.4937264161863092,0.7528981741950511,0.7882329117892977,3117697,1.0268383502960206,0.3697385787963867,0.3088288307189941
  -41,"graph_0000000011011100",0.558626756487719,0.7957033559692535,0.769472460284281,2695297,0.8661331295967102,0.2471530437469482,0.2625482082366943
  -42,"graph_0000000011011110",0.4922371152317676,0.7806883947608896,0.7977437813545152,3117697,1.0590067267417909,0.2926585674285888,0.2757222652435303
  -43,"graph_0000000011011111",0.4882746487024562,0.7759402268370034,0.8102790551839465,3249281,1.0707787036895753,0.3233170509338379,0.3488168716430664
  ... 1401 further lines not shown (cap is 50)

[RDB2G-Bench/rel-f1/driver-top3/6.csv] column change:
  removed: []
  added:   ['dataset', 'seed', 'task']
  diff --git a/RDB2G-Bench/rel-f1/driver-top3/6.csv b/RDB2G-Bench/rel-f1/driver-top3/6.csv
  index 333ecf5..636c7d9 100644
  --- a/RDB2G-Bench/rel-f1/driver-top3/6.csv
  +++ b/RDB2G-Bench/rel-f1/driver-top3/6.csv
  @@ -1,723 +1,723 @@
  -idx,graph,train_metric,valid_metric,test_metric,params,train_time,valid_time,test_time
  -0,"graph_0000000000000010",0.4799079411378876,0.7546899356757628,0.795411789297659,954241,0.3765400886535645,0.0753340721130371,0.074594497680664
  -1,"graph_0000000000000011",0.4839707232755361,0.7463940800200677,0.8201557274247492,1462529,0.6339562177658081,0.1425230503082275,0.1191260814666748
  -2,"graph_0000000000001000",0.4942434273985077,0.7712458117575388,0.8248523724916388,1185409,0.3610346674919128,0.0884304046630859,0.071113109588623
  -3,"graph_0000000000001010",0.4957172951825358,0.7590976689183134,0.7950329222408027,1607809,0.4808434844017029,0.1001315116882324,0.0812118053436279
  -4,"graph_0000000000001011",0.5160794345286324,0.7510705774847252,0.8145903010033444,2116097,0.7299440979957581,0.2770812511444092,0.1320366859436035
  -5,"graph_0000000000001100",0.5021760770423872,0.7578613534966225,0.801329954013378,1693697,0.5539096236228943,0.1770236492156982,0.1188101768493652
  -6,"graph_0000000000001110",0.5086695835358936,0.7445844009245488,0.8305680392976589,2116097,0.6383676171302796,0.1928577423095703,0.1751189231872558
  -7,"graph_0000000000001111",0.4973763610127246,0.7934457365035567,0.7967835493311037,2247681,0.7112303018569947,0.1897757053375244,0.1636576652526855
  -8,"graph_0000000000011000",0.5125085847010982,0.7721775277275089,0.7925310932274248,1666049,0.3398006916046142,0.0867080688476562,0.0963246822357177
  -9,"graph_0000000000011010",0.4622543232168901,0.7781261758434718,0.8263939694816054,2088449,0.4520088076591492,0.1682193279266357,0.132709264755249
  -10,"graph_0000000000011011",0.5075603244052442,0.7713712350611885,0.7929883465719063,2596737,0.722068190574646,0.2036130428314209,0.156775951385498
  -11,"graph_0000000000011100",0.5367463789923683,0.7840031535002061,0.7850778637123745,2174337,0.5806347131729126,0.2022106647491455,0.1158497333526611
  -12,"graph_0000000000011110",0.5060227947928482,0.7706366128540969,0.8186402591973244,2596737,0.7604880690574646,0.2039737701416015,0.1563029289245605
  -13,"graph_0000000000011111",0.483523161330648,0.7635591550052856,0.7971624163879598,2728321,0.802557110786438,0.2169227600097656,0.2094144821166992
  -14,"graph_0000000010000000",0.4999961417073717,0.7869595599433803,0.7808058110367894,921217,0.1906093597412109,0.0470175743103027,0.041457176208496
  -15,"graph_0000000010000010",0.5125934671389217,0.6949167726792208,0.7774743938127091,1343617,0.2915559887886047,0.0900521278381347,0.0942184925079345
  -16,"graph_0000000010000011",0.4692069665331698,0.7909910232749816,0.7907804661371237,1851905,0.6051560163497924,0.2031729221343994,0.1324164867401123
  -17,"graph_0000000010001000",0.4961166284695696,0.7641862715235348,0.8045764527591973,1574785,0.3547225356101989,0.0885317325592041,0.126805305480957
  -18,"graph_0000000010001010",0.4942742937395344,0.7353389116840766,0.8126110472408027,1997185,0.4731750726699829,0.1315457820892334,0.1096155643463134
  -19,"graph_0000000010001011",0.5335015548919293,0.7908118471269105,0.7785783340301002,2505473,0.7211756467819214,0.1838281154632568,0.1455543041229248
  -20,"graph_0000000010001100",0.5310129561466459,0.779093727043056,0.8074048913043478,2083073,0.6540634512901307,0.1966235637664795,0.1560959815979004
  -21,"graph_0000000010001110",0.4864033767777083,0.7382057300532152,0.824754389632107,2505473,0.810432493686676,0.2326066493988037,0.1546025276184082
  -22,"graph_0000000010001111",0.4885755955274672,0.7466986794717887,0.7914271530100334,2637057,0.8489837169647216,0.2016148567199707,0.2800726890563965
  -23,"graph_0000000010011000",0.5109305430161045,0.7617853111393811,0.7812500000000001,2055425,0.4107980966567993,0.1704931259155273,0.0840339660644531
  -24,"graph_0000000010011010",0.4955320971363752,0.7858128325957249,0.7967966137123746,2477825,0.6154571413993836,0.1521844863891601,0.1813385486602783
  -25,"graph_0000000010011011",0.504425461644713,0.7304294852269265,0.8028192934782608,2986113,0.8612298607826233,0.2407953739166259,0.1913342475891113
  -26,"graph_0000000010011100",0.5189133504641525,0.787049148017416,0.7502874163879598,2563713,0.6685918688774108,0.2073733806610107,0.1480579376220703
  -27,"graph_0000000010011110",0.5021645021645021,0.7788787156653705,0.7705633361204013,2986113,0.7797851324081421,0.2263104915618896,0.1611988544464111
  -28,"graph_0000000010011111",0.512149763486662,0.786296608195517,0.7730455685618729,3117697,0.9356587767601012,0.308734655380249,0.2208037376403808
  -29,"graph_0000000011000000",0.4782971039655531,0.7671605955815162,0.7917211015886287,1429505,0.3491283893585205,0.1208589076995849,0.0982544422149658
  -30,"graph_0000000011000010",0.488016143096357,0.7865474548028166,0.8027082462374582,1851905,0.4866344809532165,0.1549680233001709,0.1555984020233154
  -31,"graph_0000000011000011",0.4996604702487055,0.791671892637652,0.7756061872909699,1983489,0.5550109148025513,0.1843912601470947,0.1602945327758789
  -32,"graph_0000000011001000",0.518415630715096,0.6900073462220709,0.8041779891304348,2083073,0.4757989764213562,0.1360437870025634,0.1592938899993896
  -33,"graph_0000000011001010",0.5274941932695943,0.7717116697425239,0.8189929974916388,2505473,0.6695231556892395,0.1921188831329345,0.2128939628601074
  -34,"graph_0000000011001011",0.5020564699709085,0.7444231423912848,0.7890429034280937,2637057,0.8043133020401001,0.24456787109375,0.2359130382537841
  -35,"graph_0000000011001100",0.5076085530630985,0.743849778717457,0.8077315008361204,2214657,0.6131645679473877,0.1516189575195312,0.1661198139190673
  -36,"graph_0000000011001110",0.5250518940358513,0.7906685062084535,0.780799278846154,2637057,0.7967110991477966,0.3020412921905517,0.2341864109039306
  -37,"graph_0000000011001111",0.4859866811738469,0.7551557936607478,0.7874751776755852,2768641,0.8916849255561828,0.2366082668304443,0.2800579071044922
  -38,"graph_0000000011011000",0.5069757930720498,0.7895934493200265,0.8240685096153846,2563713,0.5698047876358032,0.1629445552825927,0.1340589523315429
  -39,"graph_0000000011011010",0.4795471907771373,0.7443873071616706,0.8147666701505017,2986113,0.7236490845680237,0.2026865482330322,0.1974391937255859
  -40,"graph_0000000011011011",0.4833090260897748,0.7478633244342514,0.8114940426421404,3117697,0.8797109961509705,0.244692325592041,0.2895123958587646
  -41,"graph_0000000011011100",0.4897137918528292,0.7719804339646307,0.8156093227424749,2695297,0.7627495408058167,0.212864875793457,0.2169642448425293
  -42,"graph_0000000011011110",0.5089242308493646,0.7624303452724372,0.8075681960702342,3117697,0.8502134203910827,0.2350153923034668,0.198338508605957
  -43,"graph_0000000011011111",0.5038274262873194,0.7780365877694362,0.7665525710702341,3249281,0.9770674586296082,0.3431437015533447,0.2628395557403564
  ... 1401 further lines not shown (cap is 50)

[RDB2G-Bench/rel-f1/driver-top3/7.csv] column change:
  removed: []
  added:   ['dataset', 'seed', 'task']
  diff --git a/RDB2G-Bench/rel-f1/driver-top3/7.csv b/RDB2G-Bench/rel-f1/driver-top3/7.csv
  index fcd2404..29934a3 100644
  --- a/RDB2G-Bench/rel-f1/driver-top3/7.csv
  +++ b/RDB2G-Bench/rel-f1/driver-top3/7.csv
  @@ -1,723 +1,723 @@
  -idx,graph,train_metric,valid_metric,test_metric,params,train_time,valid_time,test_time
  -0,"graph_0000000000000010",0.5035168337307375,0.7228503341635162,0.8081822219899666,954241,0.3715710043907165,0.1252660751342773,0.0790596008300781
  -1,"graph_0000000000000011",0.49422606508168,0.735858522513483,0.8068039297658863,1462529,0.6690983295440673,0.1265885829925537,0.1764740943908691
  -2,"graph_0000000000001000",0.500445632798574,0.7695615559656699,0.8218018394648829,1185409,0.3698073625564575,0.0533273220062255,0.0899887084960937
  -3,"graph_0000000000001010",0.5146943074750561,0.7519843758398882,0.8131336224916389,1607809,0.497440230846405,0.1107058525085449,0.0749101638793945
  -4,"graph_0000000000001011",0.5102900664397991,0.7818888749529663,0.7917080372073579,2116097,0.707096540927887,0.2101836204528808,0.1459431648254394
  -5,"graph_0000000000001100",0.4889209127177041,0.7491175574707495,0.827517506270903,1693697,0.5636944532394409,0.1479525566101074,0.1784639358520507
  -6,"graph_0000000000001110",0.5092000987722913,0.77832326960635,0.823363033026756,2116097,0.681336522102356,0.1920897960662841,0.1585836410522461
  -7,"graph_0000000000001111",0.5101646719293778,0.6972102273745319,0.8139828072742475,2247681,0.7633180141448974,0.1848781108856201,0.2448227405548095
  -8,"graph_0000000000011000",0.4968072628500436,0.7400870796079626,0.7605886810200668,1666049,0.3484065532684326,0.0816981792449951,0.1234533786773681
  -9,"graph_0000000000011010",0.5116481854449769,0.7540449015427066,0.8269426734949833,2088449,0.4469568490982055,0.1746852397918701,0.0979163646697998
  -10,"graph_0000000000011011",0.4988907408693505,0.7268817974951175,0.8237223035117057,2596737,0.7100052118301392,0.2118263244628906,0.1515581607818603
  -11,"graph_0000000000011100",0.5181957080352801,0.7398720682302773,0.7849145589464882,2174337,0.5935800194740295,0.1658596992492675,0.1160368919372558
  -12,"graph_0000000000011110",0.5148563557654467,0.7257171525326549,0.8165368938127089,2596737,0.7775763154029847,0.2567625045776367,0.1517531871795654
  -13,"graph_0000000000011111",0.521236042626417,0.7501567791295622,0.8255513168896321,2728321,0.8242240190505982,0.2787714004516601,0.2446110248565673
  -14,"graph_0000000010000000",0.491739395482711,0.7523606457508377,0.7818052362040134,921217,0.2222709655761718,0.0412116050720214,0.052947998046875
  -15,"graph_0000000010000010",0.4858747906876248,0.7276522549318234,0.8074898097826086,1343617,0.3156179428100586,0.1108691692352294,0.1071577072143554
  -16,"graph_0000000010000011",0.4904391508669583,0.7811184175162602,0.7946867161371238,1851905,0.616012716293335,0.259207010269165,0.1428749561309814
  -17,"graph_0000000010001000",0.5030827758100485,0.7756356273852825,0.7917211015886287,1574785,0.352838909626007,0.07033371925354,0.1623487472534179
  -18,"graph_0000000010001010",0.5194766611878912,0.7578613534966224,0.8220892558528428,1997185,0.4939878582954407,0.1503846645355224,0.1428813934326172
  -19,"graph_0000000010001011",0.5135387488328664,0.7320958234039885,0.8268054974916389,2505473,0.7481882452964783,0.1994919776916504,0.1966829299926757
  -20,"graph_0000000010001100",0.4625784197976711,0.7636666606941284,0.8234871446488294,2083073,0.6586222648620605,0.2375617027282714,0.1495640277862548
  -21,"graph_0000000010001110",0.5132802432267674,0.7768181899625521,0.8275436350334447,2505473,0.784865427017212,0.1949167251586914,0.2312662601470947
  -22,"graph_0000000010001111",0.5020140287519967,0.767895217788608,0.8012972930602007,2637057,0.836484408378601,0.2774345874786377,0.1801574230194091
  -23,"graph_0000000010011000",0.4657306448750299,0.7352672412248482,0.79499372909699,2055425,0.4313409566879272,0.1097326278686523,0.0936784744262695
  -24,"graph_0000000010011010",0.5004398453596315,0.7624482628872444,0.8120688754180602,2477825,0.5751863718032837,0.1335594654083252,0.1496481895446777
  -25,"graph_0000000010011011",0.4671736463180314,0.7400512443783485,0.8038448474080268,2986113,0.8393369674682617,0.2971575260162353,0.240354299545288
  -26,"graph_0000000010011100",0.5093216349900842,0.7614986293024673,0.8049749163879598,2563713,0.679676628112793,0.227830171585083,0.1336243152618408
  -27,"graph_0000000010011110",0.5145226134530948,0.7653867517156117,0.8172423704013378,2986113,0.8580653429031372,0.2841198444366455,0.2308902740478515
  -28,"graph_0000000010011111",0.5320952072288971,0.7008654207951837,0.812976849916388,3117697,0.942811644077301,0.2506732940673828,0.2404141426086425
  -29,"graph_0000000011000000",0.5181224004753416,0.7720700220386663,0.8135059573578596,1429505,0.3882628202438354,0.0930624008178711,0.1314847469329834
  -30,"graph_0000000011000010",0.4816383853817009,0.751966458225081,0.8138521634615384,1851905,0.4838174104690552,0.1239526271820068,0.18825364112854
  -31,"graph_0000000011000011",0.4944016173962697,0.7396570568525918,0.7841306960702341,1983489,0.6356193065643311,0.180762767791748,0.1901533603668213
  -32,"graph_0000000011001000",0.5233465286941223,0.7682894053143645,0.8250614025919731,2083073,0.5023024320602417,0.1496253013610839,0.1348237991333007
  -33,"graph_0000000011001010",0.5075236706252749,0.6770708283313325,0.8107036475752507,2505473,0.6749940276145935,0.2068209648132324,0.1564280986785888
  -34,"graph_0000000011001011",0.4984643995339182,0.7791653975022844,0.8167263273411373,2637057,0.827491044998169,0.2751660346984863,0.2182936668395996
  -35,"graph_0000000011001100",0.4989929856240017,0.7795775026428482,0.8272562186454848,2214657,0.6203964829444886,0.1993708610534668,0.1788239479064941
  -36,"graph_0000000011001110",0.4667801004699401,0.728333124294494,0.8145053825250835,2637057,0.8255620956420898,0.2173104286193847,0.2073452472686767
  -37,"graph_0000000011001111",0.5163861687925859,0.7503717905072477,0.7880304138795987,2768641,0.8982660174369812,0.2486732006072998,0.2573344707489013
  -38,"graph_0000000011011000",0.5243998425816607,0.7486696171005717,0.7596219168060201,2563713,0.5891142129898072,0.221794843673706,0.1444513797760009
  -39,"graph_0000000011011010",0.4602132864164949,0.7608356775546039,0.8035704954013377,2986113,0.7388040661811829,0.2738280296325683,0.1952824592590332
  -40,"graph_0000000011011011",0.4734510884243504,0.7750443460966476,0.779355664715719,3117697,0.9105333924293518,0.2039005756378173,0.2581739425659179
  -41,"graph_0000000011011100",0.4912532506115393,0.7818888749529662,0.77712818770903,2695297,0.7563827991485595,0.2061209678649902,0.2165231704711914
  -42,"graph_0000000011011110",0.4817232678195245,0.7534177850244577,0.8085676212374581,3117697,0.8818997025489808,0.3158216476440429,0.3149755001068115
  -43,"graph_0000000011011111",0.5160466390412914,0.7245525075701922,0.812976849916388,3249281,0.9852284073829652,0.3575541973114013,0.2844626903533935
  ... 1401 further lines not shown (cap is 50)

[RDB2G-Bench/rel-f1/driver-top3/8.csv] column change:
  removed: []
  added:   ['dataset', 'seed', 'task']
  diff --git a/RDB2G-Bench/rel-f1/driver-top3/8.csv b/RDB2G-Bench/rel-f1/driver-top3/8.csv
  index 39f2532..23edf12 100644
  --- a/RDB2G-Bench/rel-f1/driver-top3/8.csv
  +++ b/RDB2G-Bench/rel-f1/driver-top3/8.csv
  @@ -1,723 +1,723 @@
  -idx,graph,train_metric,valid_metric,test_metric,params,train_time,valid_time,test_time
  -0,"graph_0000000000000010",0.5130352416448674,0.7369156617871029,0.8201883883779265,954241,0.3485246062278747,0.0590405464172363,0.0622470378875732
  -1,"graph_0000000000000011",0.5106701082636911,0.7714608231352242,0.8141461120401338,1462529,0.6857154130935669,0.1541290283203125,0.1634094715118408
  -2,"graph_0000000000001000",0.4840536765670455,0.7740409596674491,0.8116704117892977,1185409,0.4014132857322693,0.1178505420684814,0.0702991485595703
  -3,"graph_0000000000001010",0.5014700094913999,0.732490010929745,0.839236256270903,1607809,0.5002154588699341,0.1899511814117431,0.0955543518066406
  -4,"graph_0000000000001011",0.4622176694369208,0.741699664940603,0.8190191262541807,2116097,0.7170357823371887,0.1813387870788574,0.1557981967926025
  -5,"graph_0000000000001100",0.4657846609718267,0.764831305656591,0.815452550167224,1693697,0.590315306186676,0.2268745899200439,0.1187038421630859
  -6,"graph_0000000000001110",0.4992823575711276,0.7608356775546039,0.8337688127090301,2116097,0.6928019165992737,0.1636855602264404,0.1808068752288818
  -7,"graph_0000000000001111",0.4531776898087059,0.7671964308111304,0.7781210806856187,2247681,0.7402105450630188,0.2367386817932129,0.2145898342132568
  -8,"graph_0000000000011000",0.4956439876225972,0.7748830875633835,0.7998602111204014,1666049,0.3441812634468079,0.0762810707092285,0.0776448249816894
  -9,"graph_0000000000011010",0.5038814423841163,0.7509989070254968,0.7984165969899666,2088449,0.5006489038467408,0.0906338691711425,0.133101224899292
  -10,"graph_0000000000011011",0.4983660130718954,0.7216319363566323,0.7449898097826088,2596737,0.7144175171852112,0.1705086231231689,0.1957416534423828
  -11,"graph_0000000000011100",0.5047437707865515,0.7582734586371862,0.8031589673913042,2174337,0.5774612426757812,0.1627333164215088,0.1827633380889892
  -12,"graph_0000000000011110",0.5174414118264385,0.7382594828976368,0.830136914715719,2596737,0.7391601800918579,0.2472050189971923,0.1707866191864013
  -13,"graph_0000000000011111",0.5045605018867051,0.7800971134722545,0.8120427466555185,2728321,0.8149146199226379,0.2266466617584228,0.2558960914611816
  -14,"graph_0000000010000000",0.4889922911313286,0.7610148537026751,0.7838171509197325,921217,0.1887384533882141,0.0414552688598632,0.0472064018249511
  -15,"graph_0000000010000010",0.4887569352809994,0.7624303452724374,0.7999451295986623,1343617,0.3195363402366638,0.0657806396484375,0.0984210968017578
  -16,"graph_0000000010000011",0.5271045057141314,0.7734138431492,0.7856984218227425,1851905,0.5988913893699646,0.189652681350708,0.1284685134887695
  -17,"graph_0000000010001000",0.5253219745198354,0.7872820770099084,0.810808162625418,1574785,0.3458450198173523,0.0895345211029052,0.0890545845031738
  -18,"graph_0000000010001010",0.5154408870986411,0.7802583720055187,0.8272562186454849,1997185,0.4744412660598754,0.0914990901947021,0.138148546218872
  -19,"graph_0000000010001011",0.4751680286439644,0.7430972388955581,0.8085806856187291,2505473,0.7497872114181519,0.3149197101593017,0.1926095485687255
  -20,"graph_0000000010001100",0.5003086634102677,0.7437243554138073,0.7976719272575249,2083073,0.5988569140434266,0.2116398811340332,0.1640243530273437
  -21,"graph_0000000010001110",0.499922834147433,0.7631828850943362,0.8122517767558528,2505473,0.7823424220085144,0.2346422672271728,0.1850073337554931
  -22,"graph_0000000010001111",0.5091595866996936,0.7256813173030406,0.8044915342809364,2637057,0.839383327960968,0.2510385513305664,0.263662576675415
  -23,"graph_0000000010011000",0.4741494393900811,0.6836645105803515,0.7751554661371238,2055425,0.4348682284355163,0.0822589397430419,0.16387939453125
  -24,"graph_0000000010011010",0.5148544266191325,0.7539373958538639,0.7940334970735785,2477825,0.6071996092796326,0.1658267974853515,0.1118292808532714
  -25,"graph_0000000010011011",0.5151978146630554,0.7315941301893891,0.7943992997491638,2986113,0.8528517961502076,0.2370922565460205,0.16432785987854
  -26,"graph_0000000010011100",0.5245078747752545,0.7576821773485514,0.8020223662207357,2563713,0.6956799745559692,0.1989142894744873,0.1724724769592285
  -27,"graph_0000000010011110",0.4719656457624372,0.7521456343731522,0.8146098975752508,2986113,0.8519702434539795,0.3295221328735351,0.2132461071014404
  -28,"graph_0000000010011111",0.4961764320053089,0.7818888749529662,0.7833990907190634,3117697,0.9357809782028198,0.2464501857757568,0.3372399806976318
  -29,"graph_0000000011000000",0.4961571405421673,0.7957391911988676,0.7643838837792643,1429505,0.3344132781028747,0.1093940734863281,0.1190085411071777
  -30,"graph_0000000011000010",0.5179179109660395,0.7414309007184963,0.8036031563545151,1851905,0.4882317900657654,0.1315212249755859,0.2204093933105468
  -31,"graph_0000000011000011",0.4988849534304079,0.8091774023042053,0.7628488189799332,1983489,0.6570529222488404,0.2235963344573974,0.1704559326171875
  -32,"graph_0000000011001000",0.4950266608020618,0.7724462919496157,0.8183855037625418,2083073,0.5408006191253663,0.1576535701751709,0.1421866416931152
  -33,"graph_0000000011001010",0.5078169008650293,0.7560516744011037,0.7777095526755854,2505473,0.6098546981811523,0.2111756801605224,0.1809337139129638
  -34,"graph_0000000011001011",0.4517134677562485,0.7752951927039472,0.8305549749163881,2637057,0.8727654337882995,0.2955021858215332,0.2276060581207275
  -35,"graph_0000000011001100",0.4544026977182058,0.7835193779004139,0.7792511496655519,2214657,0.6875857949256897,0.231903076171875,0.1463990211486816
  -36,"graph_0000000011001110",0.5048556612727736,0.7170450269660104,0.8106709866220735,2637057,0.8211797595024108,0.2288351058959961,0.2124993801116943
  -37,"graph_0000000011001111",0.4863956601924516,0.7783053519915429,0.8149691680602007,2768641,0.8639072775840759,0.2619609832763672,0.1995494365692138
  -38,"graph_0000000011011000",0.5255650469554213,0.7605489957176902,0.7877364653010033,2563713,0.5763826608657837,0.1217639446258544,0.2112579345703125
  -39,"graph_0000000011011010",0.551234267811808,0.7523427281360306,0.8159685932274248,2986113,0.7370227217674256,0.245901346206665,0.1720013618469238
  -40,"graph_0000000011011011",0.4740066825628323,0.7493504864632421,0.790956835284281,3117697,0.939482045173645,0.2429811954498291,0.2711350917816162
  -41,"graph_0000000011011100",0.5032255326372974,0.7380265539051442,0.7592757107023412,2695297,0.7358675837516785,0.1999242305755615,0.2242186069488525
  -42,"graph_0000000011011110",0.4817657090384363,0.7962408844134669,0.8083193979933111,3117697,0.9334176778793336,0.2397053241729736,0.2771613597869873
  -43,"graph_0000000011011111",0.5379424497071555,0.71623873429969,0.8307182796822742,3249281,0.9468138575553894,0.2340281009674072,0.2983088493347168
  ... 1401 further lines not shown (cap is 50)

[RDB2G-Bench/rel-f1/driver-top3/9.csv] column change:
  removed: []
  added:   ['dataset', 'seed', 'task']
  diff --git a/RDB2G-Bench/rel-f1/driver-top3/9.csv b/RDB2G-Bench/rel-f1/driver-top3/9.csv
  index 1e34966..7579000 100644
  --- a/RDB2G-Bench/rel-f1/driver-top3/9.csv
  +++ b/RDB2G-Bench/rel-f1/driver-top3/9.csv
  @@ -1,723 +1,723 @@
  -idx,graph,train_metric,valid_metric,test_metric,params,train_time,valid_time,test_time
  -0,"graph_0000000000000010",0.4898411155095647,0.7184246833061583,0.6874869356187292,954241,0.3526567459106445,0.0546386241912841,0.0669665336608886
  -1,"graph_0000000000000011",0.5005883896258227,0.7445485656949348,0.8279355664715718,1462529,0.6245183706283569,0.1277945041656494,0.1787896156311035
  -2,"graph_0000000000001000",0.4952157171408509,0.7758506387629679,0.8348792851170569,1185409,0.388987922668457,0.051131248474121,0.0828778743743896
  -3,"graph_0000000000001010",0.5330887175806962,0.7543315833796205,0.8165172972408027,1607809,0.4813658595085144,0.0926353931427002,0.1464705467224121
  -4,"graph_0000000000001011",0.4583478019306896,0.7141782085968715,0.8050271739130435,2116097,0.7104421973228454,0.1898267269134521,0.1612148284912109
  -5,"graph_0000000000001100",0.5348461698729079,0.787980863987386,0.7765990802675586,1693697,0.5349455952644349,0.1343872547149658,0.1214377880096435
  -6,"graph_0000000000001110",0.5197718205739597,0.7545913887943236,0.8207240280100335,2116097,0.6830945134162902,0.2059640884399414,0.1875033378601074
  -7,"graph_0000000000001111",0.5184677176655786,0.7783232696063499,0.8134536998327759,2247681,0.7343238949775696,0.2169556617736816,0.2025885581970214
  -8,"graph_0000000000011000",0.5075198123326465,0.7917793983264948,0.7745414402173914,1666049,0.3179201602935791,0.1123011112213134,0.0845625400543212
  -9,"graph_0000000000011010",0.5069121312436822,0.7562666857787892,0.7855743102006689,2088449,0.4368387818336486,0.1080303192138671,0.0933313369750976
  -10,"graph_0000000000011011",0.4958349731077003,0.7201447743276415,0.7548860785953178,2596737,0.748525607585907,0.259702205657959,0.1696736812591552
  -11,"graph_0000000000011100",0.5150241914947797,0.7692390388991417,0.7769910117056856,2174337,0.5796674489974976,0.155266523361206,0.1539602279663086
  -12,"graph_0000000000011110",0.522731131019901,0.753507373098493,0.821324989548495,2596737,0.7610660195350647,0.1856226921081543,0.180866003036499
  -13,"graph_0000000000011111",0.5332835613584277,0.7618928168282239,0.7905322428929765,2728321,0.7919575214385987,0.2561647891998291,0.2306718826293945
  -14,"graph_0000000010000000",0.4833013095045181,0.7417713353998315,0.7692373014214046,921217,0.2149356245994567,0.0588686466217041,0.0660171508789062
  -15,"graph_0000000010000010",0.5185931121759999,0.7715862464388741,0.8109257420568562,1343617,0.3144761800765991,0.0864372253417968,0.0676567554473877
  -16,"graph_0000000010000011",0.4966702934617373,0.7366468975649961,0.784607545986622,1851905,0.5811301827430725,0.1800036430358886,0.1488561630249023
  -17,"graph_0000000010001000",0.5101704593683204,0.7541344896167421,0.8238072219899666,1574785,0.3421532869338989,0.066666841506958,0.1242623329162597
  -18,"graph_0000000010001010",0.5115517281292683,0.7334754797441364,0.8171182587792641,1997185,0.471890652179718,0.1377625465393066,0.1133365631103515
  -19,"graph_0000000010001011",0.533042418069156,0.7828564261525506,0.7676173181438126,2505473,0.7091746926307678,0.1889562606811523,0.2025668621063232
  -20,"graph_0000000010001100",0.5028898611786312,0.7417355001702174,0.8075159385451505,2083073,0.6031084060668945,0.1884510517120361,0.1695597171783447
  -21,"graph_0000000010001110",0.4808435771002616,0.7381878124384081,0.8075943248327759,2505473,0.7541406869888305,0.1950697898864746,0.1396534442901611
  -22,"graph_0000000010001111",0.5104289649744195,0.6797763881672072,0.8023163147993311,2637057,0.8466452956199646,0.2134606838226318,0.2140178680419922
  -23,"graph_0000000010011000",0.4745236937750307,0.7803300424647471,0.7890167746655519,2055425,0.3797280311584473,0.085900068283081,0.1290709972381591
  -24,"graph_0000000010011010",0.5189172087567809,0.7496730035297701,0.8051839464882943,2477825,0.5900721549987793,0.1349613666534423,0.122772216796875
  -25,"graph_0000000010011011",0.4963384802956995,0.7706007776244826,0.7859074519230769,2986113,0.812329363822937,0.2427937984466552,0.17006516456604
  -26,"graph_0000000010011100",0.4529635545678326,0.7357151815950259,0.7927074623745819,2563713,0.6680568337440491,0.1807305812835693,0.1613166332244873
  -27,"graph_0000000010011110",0.4818081502573481,0.7551916288903621,0.80280622909699,2986113,0.7830321192741394,0.2413821220397949,0.22322678565979
  -28,"graph_0000000010011111",0.4593143042340903,0.7770511189550448,0.8076204535953178,3117697,0.9194285988807678,0.2621743679046631,0.2667429447174072
  -29,"graph_0000000011000000",0.4829733546311086,0.7578434358818155,0.8077772261705686,1429505,0.3697221279144287,0.1564922332763672,0.128016710281372
  -30,"graph_0000000011000010",0.4914500235355851,0.6826252889215387,0.8080189172240803,1851905,0.5058574676513672,0.1465485095977783,0.1989760398864746
  -31,"graph_0000000011000011",0.5089936801166748,0.7656913511673326,0.7994682796822743,1983489,0.6684363484382629,0.188199758529663,0.1919276714324951
  -32,"graph_0000000011001000",0.5087698991442307,0.7701349196394975,0.8218018394648829,2083073,0.5392727375030517,0.1351349353790283,0.1915132999420166
  -33,"graph_0000000011001010",0.4603058854395752,0.7192847288168999,0.8051970108695652,2505473,0.6667046189308167,0.1857264041900634,0.1663305759429931
  -34,"graph_0000000011001011",0.4544798635707726,0.7696332264248983,0.7896895903010034,2637057,0.8468710064888001,0.247354507446289,0.2336623668670654
  -35,"graph_0000000011001100",0.5137702463905672,0.7659780330042464,0.7943078490802676,2214657,0.6789633631706238,0.2498292922973632,0.1988637447357177
  -36,"graph_0000000011001110",0.5207190314142185,0.7293185931088855,0.8122648411371237,2637057,0.7961566567420959,0.2398085594177246,0.2290046215057373
  -37,"graph_0000000011001111",0.5296239708004414,0.7463582447904534,0.8017545464046822,2768641,0.8581696510314941,0.2648510932922363,0.2008438110351562
  -38,"graph_0000000011011000",0.476522289356514,0.7844690114851911,0.8057849080267558,2563713,0.5824326276779175,0.1168129444122314,0.1876640319824218
  -39,"graph_0000000011011010",0.5289294781273391,0.7760118972962319,0.7640834030100334,2986113,0.6727771282196044,0.1847164630889892,0.228257417678833
  -40,"graph_0000000011011011",0.4917278206048259,0.7547795237497984,0.8009314903846153,3117697,0.8864590883255005,0.2573897838592529,0.2539145946502685
  -41,"graph_0000000011011100",0.5272318293708669,0.7922273386966727,0.7747765990802676,2695297,0.7163248538970948,0.2375338077545166,0.1578989028930664
  -42,"graph_0000000011011110",0.4925573535199203,0.7375069430757377,0.7971754807692306,3117697,0.8885153770446778,0.2395145893096923,0.2046194076538086
  -43,"graph_0000000011011111",0.5339182504957907,0.7664976438336528,0.7978744251672242,3249281,0.9229975461959838,0.2367417812347412,0.2946057319641113
  ... 1401 further lines not shown (cap is 50)

[RDB2G-Bench/rel-stack/post-post-related/0.csv] column change:
  removed: []
  added:   ['dataset', 'seed', 'task']
  diff --git a/RDB2G-Bench/rel-stack/post-post-related/0.csv b/RDB2G-Bench/rel-stack/post-post-related/0.csv
  index 100044f..317f04e 100644
  --- a/RDB2G-Bench/rel-stack/post-post-related/0.csv
  +++ b/RDB2G-Bench/rel-stack/post-post-related/0.csv
  @@ -1,7980 +1,7980 @@
  -idx,graph,train_metric,valid_metric,test_metric,params,train_time,valid_time,test_time
  -0,"graph_0000000000000010",0.0002885607497178,0.0001832484133369,5.617346365576902e-05,899841,0.5587648272514343,0.0319945812225341,0.0402865409851074
  -1,"graph_0000000000000011",0.0001177665567204,0.0001832484133369,5.617346365576902e-05,1541377,0.6358795285224914,0.0305879116058349,0.040778636932373
  -2,"graph_0000000000000100",0.0001573259904411,0.0001832484133369,5.617346365576902e-05,675073,0.4295513391494751,0.0256423950195312,0.0320065021514892
  -3,"graph_0000000000000110",0.0001977346776018,0.0001832484133369,5.617346365576902e-05,1031425,0.6444831252098083,0.0307679176330566,0.0427055358886718
  -4,"graph_0000000000000111",0.000171003479513,0.0001832484133369,5.617346365576902e-05,1672961,0.7797937870025635,0.0350611209869384,0.0516026020050048
  -5,"graph_0000000000001000",0.0001517028667632,0.0075554217602629,0.0073666816462569,1185025,1.0650852918624878,0.0402023792266845,0.0549559593200683
  -6,"graph_0000000000001001",9.40939500458445e-05,0.0129303933962965,0.005983176047635,1541377,1.0708534955978393,0.0418663024902343,0.0600886344909668
  -7,"graph_0000000000001010",0.0001070136496649,0.0122982821447162,0.006779133965686,1541377,1.1262973427772522,0.0431475639343261,0.0641324520111084
  -8,"graph_0000000000001011",9.629916175784794e-05,0.0122350710195582,0.0053192566337156,1672961,1.1726242303848269,0.0436232089996337,0.0598435401916503
  -9,"graph_0000000000001100",0.0001088366150715,0.0105283706402915,0.0063815395273939,1316609,1.044734489917755,0.0401136875152587,0.0519490242004394
  -10,"graph_0000000000001101",9.030494708571128e-05,0.0116029597679779,0.0035977573104721,1672961,1.1926705598831178,0.0454189777374267,0.0497858524322509
  -11,"graph_0000000000001110",8.838612867262016e-05,0.0081368830718127,0.0050787832827772,1672961,1.283233141899109,0.0516035556793212,0.0672883987426757
  -12,"graph_0000000000001111",0.0001078489957887,0.0113395800798195,0.0055133616243323,1804545,1.2810144662857057,0.05694580078125,0.0713071823120117
  -13,"graph_0000000000010000",0.0001174099926887,0.0001832484133369,5.617346365576902e-05,675073,0.3514847517013549,0.0249018669128417,0.0281686782836914
  -14,"graph_0000000000010010",0.0001170473320016,0.0001832484133369,5.617346365576902e-05,1031425,0.5302409172058106,0.0343639850616455,0.0367605686187744
  -15,"graph_0000000000010011",0.0001167844522712,0.0001832484133369,5.617346365576902e-05,1672961,0.6582629323005676,0.03403902053833,0.0420727729797363
  -16,"graph_0000000000010100",0.0001149041569838,0.0001832484133369,5.617346365576902e-05,806657,0.4421645164489746,0.0262477397918701,0.0299687385559082
  -17,"graph_0000000000010110",0.0001141897250986,0.0001832484133369,5.617346365576902e-05,1163009,0.6010219693183899,0.0329256057739257,0.0391921997070312
  -18,"graph_0000000000010111",0.0001142721626281,0.0001832484133369,5.617346365576902e-05,1804545,0.7812981724739074,0.0369954109191894,0.0435194969177246
  -19,"graph_0000000000011000",0.0001035077604218,0.0090218388240251,0.0053208851921157,1316609,0.8583380818367005,0.0400519371032714,0.0582373142242431
  -20,"graph_0000000000011001",9.763737798336873e-05,0.0103562959106946,0.0046510779132113,1672961,0.9348721861839294,0.0425200462341308,0.0523664951324462
  -21,"graph_0000000000011010",9.092435515561152e-05,0.0128145063335068,0.0070645881755588,1672961,1.2164673566818238,0.0511131286621093,0.0715124607086181
  -22,"graph_0000000000011011",8.283026644165015e-05,0.0104967650777125,0.0054810618827302,1804545,1.289155220985413,0.0487213134765625,0.0663537979125976
  -23,"graph_0000000000011100",0.0001092951058776,0.0080578691653652,0.0042141440460449,1448193,0.9843424558639526,0.0432465076446533,0.0582733154296875
  -24,"graph_0000000000011101",9.341691774202914e-05,0.0119716913313998,0.0061116059725766,1804545,1.0479372978210448,0.0446999073028564,0.052109956741333
  -25,"graph_0000000000011110",0.0001381808670129,0.0156168662155127,0.0107444515937943,1804545,1.3379195094108582,0.0491247177124023,0.0585095882415771
  -26,"graph_0000000000011111",0.0002081049032567,0.0128145063335068,0.0060516207381728,1936129,1.397806978225708,0.0558221340179443,0.0703048706054687
  -27,"graph_0000000000100000",0.0002885607497178,0.0001832484133369,5.617346365576902e-05,899969,0.4419627547264099,0.0257351398468017,0.0314686298370361
  -28,"graph_0000000000100010",0.0002885607497178,0.0001832484133369,5.617346365576902e-05,1256321,0.637985908985138,0.0315876007080078,0.0380706787109375
  -29,"graph_0000000000100011",0.0002031636532191,0.0001832484133369,5.617346365576902e-05,1897857,0.8212756514549255,0.0378556251525878,0.0478572845458984
  -30,"graph_0000000000100100",0.0002015953897171,0.0001832484133369,5.617346365576902e-05,1031553,0.551330828666687,0.0276799201965332,0.0334253311157226
  -31,"graph_0000000000100110",0.0002870616154677,0.0001832484133369,5.617346365576902e-05,1387905,0.7726659417152405,0.0352673530578613,0.0534999370574951
  -32,"graph_0000000000100111",0.0001109629034245,0.0001832484133369,5.617346365576902e-05,2029441,0.8592137455940246,0.0401952266693115,0.0591650009155273
  -33,"graph_0000000000101000",0.000105409261109,0.0130692663227801,0.0051338982639352,1541505,0.929220736026764,0.0420143604278564,0.0561296939849853
  -34,"graph_0000000000101001",0.0001101492697074,0.0087268535732877,0.0064532002095197,1897857,1.0566776275634766,0.0458128452301025,0.0567543506622314
  -35,"graph_0000000000101010",9.51322057089338e-05,0.0127407600208224,0.005458231550972,1897857,1.3234015345573424,0.0487868785858154,0.0671727657318115
  -36,"graph_0000000000101011",8.546615284790774e-05,0.0079767482214124,0.0071834131490349,2029441,1.2954035758972169,0.0484101772308349,0.0674233436584472
  -37,"graph_0000000000101100",9.923013796278187e-05,0.0130357452715599,0.0055297373674522,1673089,1.0950308203697203,0.0476016998291015,0.0626163482666015
  -38,"graph_0000000000101101",9.21094662617145e-05,0.0129619989588755,0.0065403465902707,2029441,1.1966277599334716,0.0507853031158447,0.0677549839019775
  -39,"graph_0000000000101110",0.0001586394460604,0.0189354502863092,0.0053856308279968,2029441,1.4876638889312743,0.0525031089782714,0.0735325813293457
  -40,"graph_0000000000101111",0.0001157465605892,0.0097171612007634,0.0037429582550917,2161025,1.4966549634933473,0.0563030242919921,0.0757398605346679
  -41,"graph_0000000000110000",0.0001172488210004,0.0001832484133369,5.617346365576902e-05,1031553,0.4807830810546875,0.0260446071624755,0.0314888954162597
  -42,"graph_0000000000110010",0.0002874493874016,0.0001832484133369,5.617346365576902e-05,1387905,0.7068995833396912,0.0327730178833007,0.0444629192352294
  -43,"graph_0000000000110011",0.000202208296333,0.0001832484133369,5.617346365576902e-05,2029441,0.8040339946746826,0.0402021408081054,0.0482511520385742
  ... 15915 further lines not shown (cap is 50)

[RDB2G-Bench/rel-stack/post-post-related/1.csv] column change:
  removed: []
  added:   ['dataset', 'seed', 'task']
  diff --git a/RDB2G-Bench/rel-stack/post-post-related/1.csv b/RDB2G-Bench/rel-stack/post-post-related/1.csv
  index cad4015..9116be6 100644
  --- a/RDB2G-Bench/rel-stack/post-post-related/1.csv
  +++ b/RDB2G-Bench/rel-stack/post-post-related/1.csv
  @@ -1,7980 +1,7980 @@
  -idx,graph,train_metric,valid_metric,test_metric,params,train_time,valid_time,test_time
  -0,"graph_0000000000000010",0.0002885607497178,0.0001832484133369,5.617346365576902e-05,899841,0.6728712797164917,0.0302515029907226,0.0390949249267578
  -1,"graph_0000000000000011",0.0001604651049697,0.0001832484133369,5.617346365576902e-05,1541377,0.7854385375976562,0.0439355373382568,0.0465269088745117
  -2,"graph_0000000000000100",0.0002839737004026,0.0001832484133369,5.617346365576902e-05,675073,0.5410501837730408,0.0283827781677246,0.0364937782287597
  -3,"graph_0000000000000110",0.0003703836234889,0.0001832484133369,5.617346365576902e-05,1031425,0.7230839371681214,0.0335240364074707,0.0404450893402099
  -4,"graph_0000000000000111",0.0002004531999315,0.0001832484133369,5.617346365576902e-05,1672961,0.9158068895339966,0.050100564956665,0.0486795902252197
  -5,"graph_0000000000001000",9.604135763409418e-05,0.0145659812597605,0.0063776943200603,1185025,0.9570066571235656,0.0374529361724853,0.0493223667144775
  -6,"graph_0000000000001001",0.000110570111895,0.0083054460722342,0.0085064010999299,1541377,1.141715157032013,0.0443987846374511,0.0624516010284423
  -7,"graph_0000000000001010",0.0001122262980089,0.0152481346520909,0.0062577238512526,1541377,1.3796408534049989,0.0634496212005615,0.0801601409912109
  -8,"graph_0000000000001011",0.0002867574128607,0.0126670137081381,0.0061901880279028,1672961,1.4823525547981262,0.0491368770599365,0.0946369171142578
  -9,"graph_0000000000001100",0.0001005636898843,0.0137732083984036,0.0067583698460847,1316609,1.3015384793281557,0.043940782546997,0.0727055072784423
  -10,"graph_0000000000001101",0.0003119792630664,0.0106725111605382,0.0070565213070268,1672961,1.515558421611786,0.0477993488311767,0.0817430019378662
  -11,"graph_0000000000001110",0.0002133501370254,0.0134044768349817,0.0061977386168488,1672961,1.4050009965896606,0.0573158264160156,0.0763461589813232
  -12,"graph_0000000000001111",0.000129115144886,0.0151427827768275,0.0060875290589648,1804545,1.580748212337494,0.0571365356445312,0.0803771018981933
  -13,"graph_0000000000010000",0.0001167444539799,0.0001832484133369,5.617346365576902e-05,675073,0.3010429859161377,0.0245680809020996,0.0261521339416503
  -14,"graph_0000000000010010",0.0004584037350165,0.0001832484133369,5.617346365576902e-05,1031425,0.6793623566627502,0.030043601989746,0.047647476196289
  -15,"graph_0000000000010011",0.0002874878955226,0.0001832484133369,5.617346365576902e-05,1672961,0.866519820690155,0.0413823127746582,0.0684249401092529
  -16,"graph_0000000000010100",0.0001578947219891,0.0001832484133369,5.617346365576902e-05,806657,0.6070478081703186,0.0298302173614501,0.0471105575561523
  -17,"graph_0000000000010110",0.0001130251367985,0.0001832484133369,5.617346365576902e-05,1163009,0.7956278562545777,0.0363023281097412,0.0536494255065918
  -18,"graph_0000000000010111",0.0002851246902622,0.0001832484133369,5.617346365576902e-05,1804545,0.8298528552055359,0.0442759990692138,0.0543239116668701
  -19,"graph_0000000000011000",0.0001435438834332,0.0072589507779512,0.0056733921622698,1316609,1.168782639503479,0.0469892024993896,0.0492191314697265
  -20,"graph_0000000000011001",0.0002938055389048,0.0087584591358667,0.0058474760343341,1672961,1.3075752139091492,0.0549569129943847,0.0719740390777587
  -21,"graph_0000000000011010",0.0001754336749095,0.0076891376019434,0.0031060736065791,1672961,1.1740179896354674,0.0469260215759277,0.0581452846527099
  -22,"graph_0000000000011011",0.00010532686574,0.0163543293423564,0.0053041124325249,1804545,1.4875694274902345,0.0536646842956543,0.1065318584442138
  -23,"graph_0000000000011100",0.0002252628352468,0.0082843756971815,0.0071914800175669,1448193,1.3473233342170716,0.0457339286804199,0.0620076656341552
  -24,"graph_0000000000011101",0.0001254377926937,0.0085372201978136,0.0061088917085764,1804545,3.167641544342041,0.0646455287933349,0.1113815307617187
  -25,"graph_0000000000011110",0.0001175416738307,0.0159118514662502,0.0056645831418328,1804545,1.4224576115608216,0.0552718639373779,0.0664596557617187
  -26,"graph_0000000000011111",9.206073661734824e-05,0.0159855977789345,0.0072697824214507,1936129,1.7003678321838378,0.0582311153411865,0.0801551342010498
  -27,"graph_0000000000100000",0.000544752039214,0.0001832484133369,5.617346365576902e-05,899969,0.4355800509452819,0.0260353088378906,0.0283737182617187
  -28,"graph_0000000000100010",0.0002885607497178,0.0001832484133369,5.617346365576902e-05,1256321,0.6655407428741456,0.0344126224517822,0.047760009765625
  -29,"graph_0000000000100011",0.0001177665567204,0.0001832484133369,5.617346365576902e-05,1897857,0.7530212998390198,0.0353574752807617,0.0445246696472168
  -30,"graph_0000000000100100",0.0001712528292908,0.0001832484133369,5.617346365576902e-05,1031553,0.5648268580436706,0.0298569202423095,0.0392639636993408
  -31,"graph_0000000000100110",0.0002853421800851,0.0001832484133369,5.617346365576902e-05,1387905,0.9587204098701476,0.0368440151214599,0.0606539249420166
  -32,"graph_0000000000100111",0.0001137715841203,0.0001832484133369,5.617346365576902e-05,2029441,1.1236696362495422,0.0508966445922851,0.0722177028656005
  -33,"graph_0000000000101000",0.0001035278916216,0.0131832378969286,0.0087340373740778,1541505,1.043918800354004,0.0546329021453857,0.0648097991943359
  -34,"graph_0000000000101001",0.0001765460791333,0.0115608190178726,0.0069492319555514,1897857,1.3211422443389893,0.0567657947540283,0.0807809829711914
  -35,"graph_0000000000101010",0.0001150117570075,0.0064407178800723,0.0029634948681733,1897857,1.423883068561554,0.055873155593872,0.0718169212341308
  -36,"graph_0000000000101011",0.0002712110743874,0.0134044768349817,0.0050937106772727,2029441,1.5952707290649415,0.0599772930145263,0.09332275390625
  -37,"graph_0000000000101100",0.000118653697349,0.0116029597679779,0.0037127978470243,1673089,1.015939712524414,0.0456733703613281,0.0545544624328613
  -38,"graph_0000000000101101",0.0001050641544918,0.0153956272774596,0.0053269244295161,2029441,1.403762948513031,0.0623989105224609,0.0818879604339599
  -39,"graph_0000000000101110",8.962658292917487e-05,0.0094959222627103,0.0054607135606683,2029441,1.660514760017395,0.0618426799774169,0.0920584201812744
  -40,"graph_0000000000101111",0.0001278988275741,0.0099805408889219,0.0070975171329064,2161025,3.5416916012763977,0.0658783912658691,0.1055324077606201
  -41,"graph_0000000000110000",0.00028813429227,0.0001832484133369,5.617346365576902e-05,1031553,0.5426846981048584,0.0361218452453613,0.0356280803680419
  -42,"graph_0000000000110010",0.0001171726616,0.0001832484133369,5.617346365576902e-05,1387905,0.8570521354675293,0.0370888710021972,0.0477347373962402
  -43,"graph_0000000000110011",0.000116770422,0.0001832484133369,5.617346365576902e-05,2029441,0.8364523649215698,0.0490386486053466,0.0503251552581787
  ... 15915 further lines not shown (cap is 50)

[RDB2G-Bench/rel-stack/post-post-related/2.csv] column change:
  removed: []
  added:   ['dataset', 'seed', 'task']
  diff --git a/RDB2G-Bench/rel-stack/post-post-related/2.csv b/RDB2G-Bench/rel-stack/post-post-related/2.csv
  index bf15d4f..437d095 100644
  --- a/RDB2G-Bench/rel-stack/post-post-related/2.csv
  +++ b/RDB2G-Bench/rel-stack/post-post-related/2.csv
  @@ -1,7980 +1,7980 @@
  -idx,graph,train_metric,valid_metric,test_metric,params,train_time,valid_time,test_time
  -0,"graph_0000000000000010",0.0001177665567204,0.0001832484133369,5.617346365576902e-05,899841,0.6061118721961976,0.0323283672332763,0.0368492603302001
  -1,"graph_0000000000000011",0.0002031636532191,0.0001832484133369,5.617346365576902e-05,1541377,0.8487514615058899,0.0410904884338378,0.0624737739562988
  -2,"graph_0000000000000100",0.0002863777208585,0.0001832484133369,5.617346365576902e-05,675073,0.4808780312538147,0.0275430679321289,0.0421476364135742
  -3,"graph_0000000000000110",0.0001157217011145,0.0001832484133369,5.617346365576902e-05,1031425,0.7088830471038818,0.035630464553833,0.0498650074005126
  -4,"graph_0000000000000111",0.0003063406639542,0.0001832484133369,5.617346365576902e-05,1672961,0.8784140348434448,0.0399360656738281,0.0578641891479492
  -5,"graph_0000000000001000",0.0001261522049379,0.012445774770085,0.0083530785169867,1185025,1.0577875018119811,0.0431632995605468,0.0582635402679443
  -6,"graph_0000000000001001",0.0001235198254832,0.014879403088669,0.0053471723553145,1541377,1.1720368146896365,0.0435421466827392,0.0594348907470703
  -7,"graph_0000000000001010",0.0001327293162821,0.0141419399618254,0.0056503209182683,1541377,1.3850878715515136,0.0456655025482177,0.0828199386596679
  -8,"graph_0000000000001011",0.0002681864703844,0.0129303933962965,0.0061659245856467,1672961,1.432262194156647,0.0608243942260742,0.0883355140686035
  -9,"graph_0000000000001100",8.711640577155463e-05,0.0141419399618254,0.0061492890044457,1316609,1.343995106220245,0.0456829071044921,0.0650470256805419
  -10,"graph_0000000000001101",0.0002856529980998,0.0128145063335068,0.0063492397857918,1672961,1.3211969137191772,0.0509631633758544,0.0667288303375244
  -11,"graph_0000000000001110",0.0002649606247174,0.0153710451732315,0.0065484215256712,1672961,1.5406408429145813,0.052046775817871,0.0763840675354003
  -12,"graph_0000000000001111",0.0001170940395611,0.0110077216727398,0.0050797186034799,1804545,1.5485645294189454,0.0561826229095459,0.0881052017211914
  -13,"graph_0000000000010000",0.0002021625379556,0.0001832484133369,5.617346365576902e-05,675073,0.4547757506370544,0.0369539260864257,0.0431883335113525
  -14,"graph_0000000000010010",0.0001170027801198,0.0001832484133369,5.617346365576902e-05,1031425,0.6535221576690674,0.0358650684356689,0.0387270450592041
  -15,"graph_0000000000010011",0.0003093382921818,0.0001832484133369,5.617346365576902e-05,1672961,0.8509117126464844,0.036625862121582,0.0653038024902343
  -16,"graph_0000000000010100",0.0001152218386116,0.0001832484133369,5.617346365576902e-05,806657,0.4457803130149841,0.025688886642456,0.028348684310913
  -17,"graph_0000000000010110",0.000169195840847,0.0001832484133369,5.617346365576902e-05,1163009,0.7720787763595581,0.0326340198516845,0.0474050045013427
  -18,"graph_0000000000010111",0.0001154346077678,0.0001832484133369,5.617346365576902e-05,1804545,0.7839040517807007,0.0375881195068359,0.0463860034942626
  -19,"graph_0000000000011000",8.860593960012291e-05,0.0134044768349817,0.0089862829751606,1316609,1.2358793139457702,0.0426785945892334,0.0588445663452148
  -20,"graph_0000000000011001",0.0002679289717408,0.0131586557927005,0.0050235785764097,1672961,1.3334222555160522,0.0510556697845459,0.0603115558624267
  -21,"graph_0000000000011010",9.739111944682474e-05,0.0155115143402493,0.0059854831720352,1672961,1.3047316908836364,0.0494282245635986,0.0739948749542236
  -22,"graph_0000000000011011",9.824989666377668e-05,0.01104124272396,0.005256878401795,1804545,1.310823106765747,0.0529506206512451,0.0722970962524414
  -23,"graph_0000000000011100",9.541038671268454e-05,0.0145106715252472,0.0072913155825188,1448193,1.4894263029098511,0.0543510913848876,0.1341233253479004
  -24,"graph_0000000000011101",0.0001037247695934,0.0089428249175776,0.0081604722656289,1804545,1.183772969245911,0.0516595840454101,0.0791020393371582
  -25,"graph_0000000000011110",0.0001121905367588,0.0134044768349817,0.0051481218389578,1804545,1.655806338787079,0.0540769100189209,0.0808861255645752
  -26,"graph_0000000000011111",0.0002693483497256,0.0187142113482561,0.006451522300865,1936129,1.4352316975593566,0.057401418685913,0.0711238384246826
  -27,"graph_0000000000100000",0.0001177665567204,0.0001832484133369,5.617346365576902e-05,899969,0.4615475296974182,0.0277149677276611,0.0345451831817626
  -28,"graph_0000000000100010",0.0005732177380469,0.0001832484133369,5.617346365576902e-05,1256321,0.7265891075134278,0.0354783535003662,0.0469379425048828
  -29,"graph_0000000000100011",0.0001177665567204,0.0001832484133369,5.617346365576902e-05,1897857,0.8105380892753601,0.0384316444396972,0.0477981567382812
  -30,"graph_0000000000100100",0.0001998964526186,0.0001832484133369,5.617346365576902e-05,1031553,0.4945457220077515,0.0284986495971679,0.0320632457733154
  -31,"graph_0000000000100110",0.0003290899590105,0.0001832484133369,5.617346365576902e-05,1387905,0.859630012512207,0.0418951511383056,0.0522429943084716
  -32,"graph_0000000000100111",0.0001151322506057,0.0001832484133369,5.617346365576902e-05,2029441,0.8755556583404541,0.0410327911376953,0.0538880825042724
  -33,"graph_0000000000101000",0.0001185989642462,0.0127091544582434,0.0055516469823851,1541505,1.3560755848884585,0.0588185787200927,0.0760159492492675
  -34,"graph_0000000000101001",0.0001142354688323,0.012337324310255,0.0054542007922576,1897857,1.155784022808075,0.0513708591461181,0.0651485919952392
  -35,"graph_0000000000101010",9.987211098581353e-05,0.0142894325871941,0.0052874426025136,1897857,1.5860273718833924,0.0530729293823242,0.0697467327117919
  -36,"graph_0000000000101011",8.106880118345445e-05,0.0100140619401421,0.0062684904317866,2029441,1.6207746505737304,0.0576059818267822,0.0968556404113769
  -37,"graph_0000000000101100",0.0001835479976572,0.0110077216727398,0.0054688271321233,1673089,1.1968067646026612,0.056838035583496,0.0648236274719238
  -38,"graph_0000000000101101",0.0001007820917322,0.0122982821447162,0.0033431965181206,2029441,1.2379235863685607,0.0546908378601074,0.0699493885040283
  -39,"graph_0000000000101110",9.322438072612324e-05,0.0156168662155127,0.0060997745653964,2029441,1.7317465901374818,0.0895078182220459,0.0771503448486328
  -40,"graph_0000000000101111",9.168705980892468e-05,0.012445774770085,0.0070998242573065,2161025,1.613349974155426,0.053337812423706,0.0949563980102539
  -41,"graph_0000000000110000",0.0001172600857135,0.0001832484133369,5.617346365576902e-05,1031553,0.5017010807991028,0.0269370079040527,0.0311744213104248
  -42,"graph_0000000000110010",0.0003729996817232,0.0001832484133369,5.617346365576902e-05,1387905,0.8013591885566711,0.0355832576751709,0.0467348098754882
  -43,"graph_0000000000110011",0.0002881306186028,0.0001832484133369,5.617346365576902e-05,2029441,0.9503665804862976,0.0408222675323486,0.0557875633239746
  ... 15915 further lines not shown (cap is 50)

[RDB2G-Bench/rel-stack/post-post-related/3.csv] column change:
  removed: []
  added:   ['dataset', 'seed', 'task']
  diff --git a/RDB2G-Bench/rel-stack/post-post-related/3.csv b/RDB2G-Bench/rel-stack/post-post-related/3.csv
  index 076f335..d31c2f1 100644
  --- a/RDB2G-Bench/rel-stack/post-post-related/3.csv
  +++ b/RDB2G-Bench/rel-stack/post-post-related/3.csv
  @@ -1,7980 +1,7980 @@
  -idx,graph,train_metric,valid_metric,test_metric,params,train_time,valid_time,test_time
  -0,"graph_0000000000000010",0.0001177665567204,0.0001832484133369,5.617346365576902e-05,899841,0.5710804104804993,0.0338871479034423,0.0453767776489257
  -1,"graph_0000000000000011",0.0001177665567204,0.0001832484133369,5.617346365576902e-05,1541377,0.7034274220466614,0.0319628715515136,0.0635530948638916
  -2,"graph_0000000000000100",0.0001147865738975,0.0001832484133369,5.617346365576902e-05,675073,0.4704085111618042,0.0229544639587402,0.0296614170074462
  -3,"graph_0000000000000110",0.0001142565825409,0.0001832484133369,5.617346365576902e-05,1031425,0.7155737996101379,0.0315473079681396,0.0484611988067626
  -4,"graph_0000000000000111",0.000112442972529,0.0001832484133369,5.617346365576902e-05,1672961,0.895048987865448,0.0403609275817871,0.0531322956085205
  -5,"graph_0000000000001000",0.0002800985387567,0.0147872201978136,0.0061608246264464,1185025,1.0355548501014709,0.0403203964233398,0.0529944896697998
  -6,"graph_0000000000001001",9.178830485501817e-05,0.0185667187228873,0.0062020263947344,1541377,1.1953433632850647,0.0510947704315185,0.0822594165802002
  -7,"graph_0000000000001010",9.178830485501817e-05,0.0085740933541558,0.0057195346502727,1541377,1.3017562627792358,0.0450899600982666,0.0609095096588134
  -8,"graph_0000000000001011",0.0001305227022074,0.0131832378969286,0.0064143716823191,1672961,1.1771572709083558,0.045339822769165,0.0701310634613037
  -9,"graph_0000000000001100",0.0001947401862619,0.0141419399618254,0.0056491287200137,1316609,1.2164438009262084,0.0431256294250488,0.058051586151123
  -10,"graph_0000000000001101",0.0001321119873942,0.0141530296329057,0.0065242854550235,1672961,1.464146876335144,0.0509712696075439,0.065181016921997
  -11,"graph_0000000000001110",0.0001231228193417,0.015281655703311,0.0049188829274077,1672961,1.4193278074264526,0.0555989742279052,0.0908586978912353
  -12,"graph_0000000000001111",0.0001124290374246,0.0130357452715599,0.0055840435264095,1804545,1.5973591685295103,0.0579564571380615,0.0927605628967285
  -13,"graph_0000000000010000",0.0005153660099183,0.0001832484133369,5.617346365576902e-05,675073,0.3396628618240356,0.025707721710205,0.0277230739593505
  -14,"graph_0000000000010010",0.0001167417934599,0.0001832484133369,5.617346365576902e-05,1031425,0.677080225944519,0.0400149822235107,0.0376644134521484
  -15,"graph_0000000000010011",0.000116561657001,0.0001832484133369,5.617346365576902e-05,1672961,0.8106805920600891,0.0354430675506591,0.0702219009399414
  -16,"graph_0000000000010100",0.0001156646708306,0.0001832484133369,5.617346365576902e-05,806657,0.4110484838485718,0.0246169567108154,0.0269210338592529
  -17,"graph_0000000000010110",0.000115008595614,0.0001832484133369,5.617346365576902e-05,1163009,0.6215008139610291,0.0367665290832519,0.0518453121185302
  -18,"graph_0000000000010111",0.0001992174363968,0.0001832484133369,5.617346365576902e-05,1804545,0.78053138256073,0.0394208431243896,0.0411875247955322
  -19,"graph_0000000000011000",0.0001130008179307,0.0106021169529758,0.009613960637722,1316609,1.1052395462989808,0.0431559085845947,0.0613882541656494
  -20,"graph_0000000000011001",0.0002809014489693,0.0057643588408814,0.0068391192000898,1672961,1.3252813816070557,0.0547964572906494,0.076939582824707
  -21,"graph_0000000000011010",8.404041188873398e-05,0.0079921387562335,0.0050169112502809,1672961,1.250136935710907,0.047494888305664,0.0739078521728515
  -22,"graph_0000000000011011",0.0002998785815246,0.0170917924692,0.0056759735602,1804545,1.3910763621330262,0.0525801181793212,0.0896463394165039
  -23,"graph_0000000000011100",0.0001060422538562,0.0115608190178726,0.0070299813095566,1448193,1.267688226699829,0.0476927757263183,0.0602991580963134
  -24,"graph_0000000000011101",0.0002608726766623,0.0131832378969286,0.0050639122478993,1804545,1.365919291973114,0.0500228404998779,0.0708122253417968
  -25,"graph_0000000000011110",0.0001258556102443,0.0057069563056028,0.0032912335721858,1804545,1.4144568920135498,0.0584468841552734,0.0740163326263427
  -26,"graph_0000000000011111",0.0001034518221843,0.0124211926658569,0.0072929934911734,1936129,1.528121292591095,0.0623090267181396,0.0771174430847168
  -27,"graph_0000000000100000",0.0001177665567204,0.0001832484133369,5.617346365576902e-05,899969,0.4967045187950134,0.0258293151855468,0.0330796241760253
  -28,"graph_0000000000100010",0.0006301491357127,0.0001832484133369,5.617346365576902e-05,1256321,0.7142584681510925,0.0333223342895507,0.0473561286926269
  -29,"graph_0000000000100011",0.0003739578462165,0.0001832484133369,5.617346365576902e-05,1897857,0.8373935222625732,0.0442564487457275,0.0503478050231933
  -30,"graph_0000000000100100",0.0002858124558667,0.0001832484133369,5.617346365576902e-05,1031553,0.5752185583114624,0.0291790962219238,0.0339818000793457
  -31,"graph_0000000000100110",0.0006271305654003,0.0001832484133369,5.617346365576902e-05,1387905,0.7824718475341796,0.0366268157958984,0.0469245910644531
  -32,"graph_0000000000100111",0.0001160531513741,0.0001832484133369,5.617346365576902e-05,2029441,0.9220718383789064,0.0459439754486084,0.0588176250457763
  -33,"graph_0000000000101000",0.0001048502037073,0.0092147137956612,0.0068281079245437,1541505,0.9676259517669678,0.0448219776153564,0.0613744258880615
  -34,"graph_0000000000101001",0.0005019417176454,0.0082106293844971,0.0051917224654706,1897857,1.1528319120407104,0.0562789440155029,0.0755281448364257
  -35,"graph_0000000000101010",0.0001014661695803,0.0089796980739198,0.0038323333444668,1897857,1.5214430212974548,0.056971788406372,0.0855767726898193
  -36,"graph_0000000000101011",8.980694067941808e-05,0.0097171612007634,0.0069729324152984,2029441,1.6514880061149595,0.0608196258544921,0.0793533325195312
  -37,"graph_0000000000101100",8.539346134887653e-05,0.0141419399618254,0.006451522300865,1673089,1.1137819647789002,0.0507612228393554,0.0653412342071533
  -38,"graph_0000000000101101",8.487984223780483e-05,0.0153956272774596,0.0058735238945492,2029441,1.327517771720886,0.0563924312591552,0.0687377452850341
  -39,"graph_0000000000101110",0.0001471015660119,0.0123318031959364,0.0051854434185071,2029441,1.6658849358558654,0.0633635520935058,0.0802972316741943
  -40,"graph_0000000000101111",0.0001214144155864,0.012851379489849,0.0054410146191012,2161025,1.7318605303764345,0.0623128414154052,0.0843899250030517
  -41,"graph_0000000000110000",0.0002878236560438,0.0001832484133369,5.617346365576902e-05,1031553,0.5914938807487488,0.0316026210784912,0.0381639003753662
  -42,"graph_0000000000110010",0.0001164220401174,0.0001832484133369,5.617346365576902e-05,1387905,0.8229006409645081,0.0387706756591796,0.0510730743408203
  -43,"graph_0000000000110011",0.0004589876212938,0.0001832484133369,5.617346365576902e-05,2029441,0.995339059829712,0.0445184707641601,0.0535504817962646
  ... 15915 further lines not shown (cap is 50)

[RDB2G-Bench/rel-stack/post-post-related/4.csv] column change:
  removed: []
  added:   ['dataset', 'seed', 'task']
  diff --git a/RDB2G-Bench/rel-stack/post-post-related/4.csv b/RDB2G-Bench/rel-stack/post-post-related/4.csv
  index 5b1a08b..335e537 100644
  --- a/RDB2G-Bench/rel-stack/post-post-related/4.csv
  +++ b/RDB2G-Bench/rel-stack/post-post-related/4.csv
  @@ -1,7980 +1,7980 @@
  -idx,graph,train_metric,valid_metric,test_metric,params,train_time,valid_time,test_time
  -0,"graph_0000000000000010",0.0001177665567204,0.0001832484133369,5.617346365576902e-05,899841,0.5612169146537781,0.0309016704559326,0.0402319431304931
  -1,"graph_0000000000000011",0.0002885607497178,0.0001832484133369,5.617346365576902e-05,1541377,0.6813764095306396,0.0310626029968261,0.0390493869781494
  -2,"graph_0000000000000100",0.000114892625664,0.0001832484133369,5.617346365576902e-05,675073,0.4163462042808533,0.025334358215332,0.0325961112976074
  -3,"graph_0000000000000110",0.0001146446339799,0.0001832484133369,5.617346365576902e-05,1031425,0.687540078163147,0.0328240394592285,0.0461659431457519
  -4,"graph_0000000000000111",0.000114973793981,0.0001832484133369,5.617346365576902e-05,1672961,0.7772095441818238,0.0361771583557128,0.0502161979675293
  -5,"graph_0000000000001000",0.0001199657888591,0.0076994911483055,0.0061654388752467,1185025,0.9780025124549866,0.0365452766418457,0.0495476722717285
  -6,"graph_0000000000001001",0.0001063110277629,0.0130073813051428,0.0066022544283413,1541377,1.2343693017959594,0.0568044185638427,0.0564463138580322
  -7,"graph_0000000000001010",0.0001052161931924,0.0156168662155127,0.0086571332274062,1541377,1.16564519405365,0.0469958782196044,0.0695648193359375
  -8,"graph_0000000000001011",0.0001086770784401,0.0107477186472501,0.0059762546744346,1672961,1.0928627133369446,0.0457148551940918,0.0603125095367431
  -9,"graph_0000000000001100",9.167387405707904e-05,0.0107311730001735,0.005466071742911,1316609,1.116997504234314,0.0400388240814209,0.0569596290588378
  -10,"graph_0000000000001101",8.876899666633764e-05,0.0080420663840757,0.0070490675205033,1672961,1.1998000264167783,0.0441582202911376,0.0535511970520019
  -11,"graph_0000000000001110",9.773457315463958e-05,0.0096118093255001,0.0050374647821563,1672961,1.3289382457733154,0.0475490093231201,0.0701081752777099
  -12,"graph_0000000000001111",9.643930115085182e-05,0.0086662762450112,0.0056310249687398,1804545,1.3213014483451844,0.0488312244415283,0.0670893192291259
  -13,"graph_0000000000010000",0.0004587426440742,0.0001832484133369,5.617346365576902e-05,675073,0.3079462051391601,0.0240030288696289,0.0266129970550537
  -14,"graph_0000000000010010",0.000116996771367,0.0001832484133369,5.617346365576902e-05,1031425,0.5659924387931824,0.0290651321411132,0.0321962833404541
  -15,"graph_0000000000010011",0.0001172580167367,0.0001832484133369,5.617346365576902e-05,1672961,0.6816170573234558,0.0332772731781005,0.0418534278869628
  -16,"graph_0000000000010100",0.0001740889157894,0.0001832484133369,5.617346365576902e-05,806657,0.4257736802101135,0.0260450839996337,0.031388521194458
  -17,"graph_0000000000010110",0.0001146826368113,0.0001832484133369,5.617346365576902e-05,1163009,0.6191613793373107,0.032473087310791,0.0381121635437011
  -18,"graph_0000000000010111",0.0001152179796363,0.0001832484133369,5.617346365576902e-05,1804545,0.7613064527511597,0.0378065109252929,0.0411276817321777
  -19,"graph_0000000000011000",9.323971889357724e-05,0.0141419399618254,0.0057624611466876,1316609,0.8422780394554138,0.0401690006256103,0.056441307067871
  -20,"graph_0000000000011001",0.0002950472238329,0.0083528544161027,0.0027267506189275,1672961,0.9631170630455016,0.0424864292144775,0.0530610084533691
  -21,"graph_0000000000011010",0.000135902222864,0.0119880794008852,0.0058803913758413,1672961,1.173904812335968,0.0456938743591308,0.0542221069335937
  -22,"graph_0000000000011011",0.0001300212228074,0.0153956272774596,0.0053578485327726,1804545,1.336089277267456,0.0496323108673095,0.0777614116668701
  -23,"graph_0000000000011100",0.0001859178825618,0.0098646538261322,0.00543884258179,1448193,1.1083995580673218,0.0451343059539794,0.0601511001586914
  -24,"graph_0000000000011101",0.0002134870855325,0.0153710451732315,0.0073074654533198,1804545,1.0448529839515686,0.0476627349853515,0.0583291053771972
  -25,"graph_0000000000011110",8.659281491257407e-05,0.0119295505812944,0.0079742244049625,1804545,1.3604446649551392,0.0481469631195068,0.0678548812866211
  -26,"graph_0000000000011111",0.000112026217674,0.0092869743767713,0.0044812380631389,1936129,1.4291039943695067,0.0496940612792968,0.0629348754882812
  -27,"graph_0000000000100000",0.0001177665567204,0.0001832484133369,5.617346365576902e-05,899969,0.4532797932624817,0.0252346992492675,0.0344796180725097
  -28,"graph_0000000000100010",0.0004024235450494,0.0001832484133369,5.617346365576902e-05,1256321,0.6782932758331299,0.0318207740783691,0.0376887321472168
  -29,"graph_0000000000100011",0.0001177665567204,0.0001832484133369,5.617346365576902e-05,1897857,0.7618799567222595,0.0353963375091552,0.0465872287750244
  -30,"graph_0000000000100100",0.000114205826733,0.0001832484133369,5.617346365576902e-05,1031553,0.6042968988418579,0.0391714572906494,0.0380995273590087
  -31,"graph_0000000000100110",0.000197219481002,0.0001832484133369,5.617346365576902e-05,1387905,0.7619150638580322,0.0413970947265625,0.0453913211822509
  -32,"graph_0000000000100111",0.0001710572480595,0.0001832484133369,5.617346365576902e-05,2029441,0.8622712969779969,0.0413436889648437,0.0484888553619384
  -33,"graph_0000000000101000",0.0003203617195803,0.0098400717219041,0.0049110458800876,1541505,0.9290005087852478,0.0409655570983886,0.0557730197906494
  -34,"graph_0000000000101001",0.0001097600112832,0.0129830693339282,0.0058309757500859,1897857,1.063276958465576,0.0457451343536376,0.0576395988464355
  -35,"graph_0000000000101010",0.0001012844529552,0.0087584591358667,0.0063869228176609,1897857,1.3313362360000611,0.0468068122863769,0.0649621486663818
  -36,"graph_0000000000101011",0.000274619141294,0.0163543293423564,0.0062460914268295,2029441,1.351059973239899,0.0503413677215576,0.0695924758911132
  -37,"graph_0000000000101100",9.011537028720005e-05,0.0200416449765747,0.0056134069278659,1673089,1.0087368726730346,0.0449352264404296,0.0515058040618896
  -38,"graph_0000000000101101",0.0001817314521384,0.016248977467093,0.006130202793499,2029441,1.2247352719306943,0.0526983737945556,0.0726895332336425
  -39,"graph_0000000000101110",9.721967174090044e-05,0.0079156441337596,0.0052735317247896,2029441,1.4860294580459594,0.0545394420623779,0.0757422447204589
  -40,"graph_0000000000101111",8.519636973277868e-05,0.0189354502863092,0.0063020916281785,2161025,1.513162577152252,0.0563018321990966,0.0721011161804199
  -41,"graph_0000000000110000",0.0002022655795722,0.0001832484133369,5.617346365576902e-05,1031553,0.4964145898818969,0.0271480083465576,0.0335497856140136
  -42,"graph_0000000000110010",0.0002019337716986,0.0001832484133369,5.617346365576902e-05,1387905,0.7304732084274292,0.0337893962860107,0.0396738052368164
  -43,"graph_0000000000110011",0.0002025139842912,0.0001832484133369,5.617346365576902e-05,2029441,0.8166691064834595,0.0375785827636718,0.0450384616851806
  ... 15915 further lines not shown (cap is 50)

[RDB2G-Bench/rel-trial/study-outcome/0.csv] column change:
  removed: []
  added:   ['dataset', 'seed', 'task']
  diff --git a/RDB2G-Bench/rel-trial/study-outcome/0.csv b/RDB2G-Bench/rel-trial/study-outcome/0.csv
  index 6f79bdd..10c07d0 100644
  --- a/RDB2G-Bench/rel-trial/study-outcome/0.csv
  +++ b/RDB2G-Bench/rel-trial/study-outcome/0.csv
  @@ -1,36864 +1,36864 @@
  -idx,graph,train_metric,valid_metric,test_metric,params,train_time,valid_time,test_time
  -0,"graph_00000000000000000010",0.5041196986574827,0.6350591273191892,0.6551584274696403,1801345,1.0151833295822144,0.0351514816284179,0.0391888618469238
  -1,"graph_00000000000000000011",0.5019570260784492,0.6416710224759761,0.6679258532805444,2210689,1.2608642578125,0.0426437854766845,0.0400440692901611
  -2,"graph_00000000000000000100",0.5045226587036106,0.629291589043911,0.6469858220430303,1900673,0.887309467792511,0.0319712162017822,0.0292048454284667
  -3,"graph_00000000000000000110",0.4946396536932183,0.638472294819044,0.6657949220878283,2257153,1.196025788784027,0.0361332893371582,0.0343368053436279
  -4,"graph_00000000000000000111",0.5024032904162082,0.6395802340074785,0.6641059169663288,2666497,1.2855606079101562,0.0412800312042236,0.0398368835449218
  -5,"graph_00000000000000001000",0.5001833550937775,0.6241316303235808,0.6688036516411802,2409857,0.8152547836303711,0.0257143974304199,0.0266652107238769
  -6,"graph_00000000000000001010",0.4941585383503498,0.6321954619168241,0.6602557117431258,2766337,1.115166199207306,0.0366199016571044,0.0321879386901855
  -7,"graph_00000000000000001011",0.500542514480916,0.6411170528817588,0.6787863378252394,3175681,1.3057547330856325,0.0434424877166748,0.040764570236206
  -8,"graph_00000000000000001100",0.4936114211902955,0.6324724467139329,0.657198551935394,2865665,1.0287554860115051,0.0301947593688964,0.0284090042114257
  -9,"graph_00000000000000001110",0.5016760821537916,0.6363412988799986,0.6672478297192256,3222145,1.2578826904296876,0.0405092239379882,0.0361678600311279
  -10,"graph_00000000000000001111",0.4997170856473453,0.6385616447535953,0.6628104076616662,3631489,1.4760164380073548,0.0460278987884521,0.04313325881958
  -11,"graph_00000000000000011000",0.4954372558718679,0.6273214229870577,0.6600196142530239,3673345,1.0219040274620057,0.0326285362243652,0.0296480655670166
  -12,"graph_00000000000000011010",0.4956967958343888,0.6275671353070734,0.666969355756541,4029825,1.2643906235694886,0.0378754138946533,0.0390357971191406
  -13,"graph_00000000000000011011",0.4981634708580769,0.6456247570798654,0.6516290726817043,4439169,1.4759017467498778,0.0475625991821289,0.043680191040039
  -14,"graph_00000000000000011100",0.4995759819447426,0.6301091409450542,0.6811473127262601,4129153,1.2424889087677002,0.0374019145965576,0.0333430767059326
  -15,"graph_00000000000000011110",0.5015389945143586,0.6404692658562627,0.6783444117540227,4485633,1.4287624597549438,0.0431561470031738,0.0429682731628418
  -16,"graph_00000000000000011111",0.4916028932380897,0.6422875370243791,0.666497160776337,4894977,1.565456223487854,0.0546920299530029,0.0484509468078613
  -17,"graph_00000000000000100000",0.5038627307803626,0.63264221158958,0.6521315365708958,2708353,0.8336385726928711,0.0253472328186035,0.0250341892242431
  -18,"graph_00000000000000100010",0.5000840364978618,0.6330532212885154,0.6835385565362683,3064833,1.131898868083954,0.0382163524627685,0.0368857383728027
  -19,"graph_00000000000000100011",0.5001033797833907,0.6455086021649489,0.6762316419066994,3474177,1.4929783582687377,0.0499923229217529,0.0541610717773437
  -20,"graph_00000000000000100100",0.4980360548614084,0.6279647425158261,0.6584637923310692,3164161,1.0723674893379211,0.0318162441253662,0.0304453372955322
  -21,"graph_00000000000000100110",0.5025037972854963,0.6300734009712338,0.6548194156889808,3520641,1.264283525943756,0.0387189388275146,0.0422232151031494
  -22,"graph_00000000000000100111",0.508752235044444,0.6385929172306881,0.6713038635235431,3929985,1.535844802856445,0.0545845031738281,0.0612788200378418
  -23,"graph_00000000000000101000",0.4977451083824142,0.6311768726629408,0.6588209654571211,3673345,1.2032968401908877,0.0360414981842041,0.0344932079315185
  -24,"graph_00000000000000101010",0.5031154873264027,0.6308641478920117,0.6746152821667697,4029825,1.388315749168396,0.039149522781372,0.0403759479522705
  -25,"graph_00000000000000101011",0.4948612441150009,0.6326824190601281,0.6741551947501604,4439169,1.4887929439544678,0.0483603477478027,0.0504732131958007
  -26,"graph_00000000000000101100",0.5003111922506285,0.6271471906146829,0.6519196542079837,4129153,1.244079065322876,0.0360076427459716,0.0339610576629638
  -27,"graph_00000000000000101110",0.5093046919139561,0.6315253374076903,0.6665607254852106,4485633,1.456978976726532,0.0441577434539794,0.0446195602416992
  -28,"graph_00000000000000101111",0.4958268440821985,0.6427566241807728,0.633261898708123,4894977,1.5833163738250733,0.0523610115051269,0.053558349609375
  -29,"graph_00000000000000110000",0.4963146679051183,0.625940966498242,0.6717397358129623,3673345,1.0358328819274902,0.0313344001770019,0.0293769836425781
  -30,"graph_00000000000000110010",0.5065791989166316,0.6344828202413342,0.6714975845410628,4029825,1.2702398300170898,0.0385751724243164,0.0362629890441894
  -31,"graph_00000000000000110011",0.4912622799404202,0.6349876473715483,0.6665455910307169,4439169,1.4768389463424685,0.0466303825378418,0.0507519245147705
  -32,"graph_00000000000000110100",0.5087410893410405,0.627732432685993,0.6335403726708075,4129153,1.2464921474456787,0.0377440452575683,0.0334742069244384
  -33,"graph_00000000000000110110",0.502619872040105,0.6370605658531354,0.6749785090746189,4485633,1.4313462734222413,0.043053388595581,0.0443522930145263
  -34,"graph_00000000000000110111",0.5046120800352355,0.6368863334807606,0.6658736212511958,4894977,1.5577228665351868,0.0515880584716796,0.0516235828399658
  -35,"graph_00000000000000111000",0.5002235006840393,0.6279602750190987,0.6565931737556451,3804929,1.1176327824592591,0.0324339866638183,0.0327529907226562
  -36,"graph_00000000000000111010",0.5169490199737924,0.6350769973060995,0.6622655672998923,4161409,1.318981695175171,0.0399196147918701,0.0410358905792236
  -37,"graph_00000000000000111011",0.4857361168531789,0.6419748122534501,0.669530105456879,4570753,1.537758505344391,0.0496869087219238,0.0481843948364257
  -38,"graph_00000000000000111100",0.4985343926474577,0.6309892378003834,0.6617873185378906,4260737,1.2855069756507873,0.0396881103515625,0.0377566814422607
  -39,"graph_00000000000000111110",0.4974870274390973,0.6261151988706168,0.6587059436029687,4617217,1.474641239643097,0.0461328029632568,0.0428340435028076
  -40,"graph_00000000000000111111",0.4993764121839354,0.6402726960002502,0.6588875570568934,5026561,1.637579584121704,0.0533528327941894,0.0544571876525878
  -41,"graph_00000000000001000000",0.4956649079919928,0.616912155611846,0.6596140108725921,1751681,0.8709600925445556,0.0278220176696777,0.0269033908843994
  -42,"graph_00000000000001000010",0.4996304620226477,0.6302789058207015,0.6509026188660056,2108161,1.1557037591934205,0.0377867221832275,0.0359778404235839
  -43,"graph_00000000000001000011",0.4963539410921447,0.6335647496638209,0.6488080103640745,2517505,1.3398313403129578,0.0448799133300781,0.0414645671844482
  ... 73683 further lines not shown (cap is 50)

[RDB2G-Bench/rel-trial/study-outcome/1.csv] column change:
  removed: []
  added:   ['dataset', 'seed', 'task']
  diff --git a/RDB2G-Bench/rel-trial/study-outcome/1.csv b/RDB2G-Bench/rel-trial/study-outcome/1.csv
  index 3fe9f21..19181d8 100644
  --- a/RDB2G-Bench/rel-trial/study-outcome/1.csv
  +++ b/RDB2G-Bench/rel-trial/study-outcome/1.csv
  @@ -1,36864 +1,36864 @@
  -idx,graph,train_metric,valid_metric,test_metric,params,train_time,valid_time,test_time
  -0,"graph_00000000000000000010",0.5108414753373561,0.6335669834121846,0.6701233760730329,1801601,1.0165250897407532,0.0331640243530273,0.0361363887786865
  -1,"graph_00000000000000000011",0.5059540467913174,0.647420690764344,0.6533362391485962,2210945,1.1600626826286315,0.0402300357818603,0.0401163101196289
  -2,"graph_00000000000000000100",0.4950928671739902,0.63264221158958,0.6655346094705363,1900929,0.8009198307991028,0.0268640518188476,0.0261235237121582
  -3,"graph_00000000000000000110",0.5021535424279324,0.6269014782946671,0.6586635671303863,2257409,1.1349340319633483,0.0383772850036621,0.03635835647583
  -4,"graph_00000000000000000111",0.4981344860126535,0.6550333051881039,0.6605826159601904,2666753,1.3316771745681764,0.0445151329040527,0.0432865619659423
  -5,"graph_00000000000000001000",0.5004904259911908,0.6314404549698668,0.6688278667683702,2410113,0.8227374792098999,0.0272102355957031,0.0270025730133056
  -6,"graph_00000000000000001010",0.507058343831503,0.6292603165668181,0.6666848280120592,2766593,1.1380584716796875,0.0372047424316406,0.0348834991455078
  -7,"graph_00000000000000001011",0.4975502917150963,0.6392273017660015,0.6613756613756614,3175937,1.3615020275115968,0.0443418025970459,0.0416429042816162
  -8,"graph_00000000000000001100",0.4938072606751997,0.6269774257390357,0.654807308125386,2865921,1.0524364948272704,0.0319929122924804,0.0311281681060791
  -9,"graph_00000000000000001110",0.4981466695750786,0.6327092240404935,0.6594323974186675,3222401,1.293884015083313,0.0420699119567871,0.0397782325744628
  -10,"graph_00000000000000001111",0.4926610732382817,0.6404826683464455,0.6654922329979538,3631745,1.4958100199699402,0.0505468845367431,0.0479216575622558
  -11,"graph_00000000000000011000",0.4970216905616408,0.6271069831441349,0.6760197595437869,3710849,1.0551868200302124,0.0325498580932617,0.030787706375122
  -12,"graph_00000000000000011010",0.496133147866422,0.6281300398947458,0.6554913854685022,4067329,1.311566174030304,0.0412108898162841,0.0396223068237304
  -13,"graph_00000000000000011011",0.496882677618516,0.6362072739781718,0.6633885438233265,4476673,1.5016674637794494,0.0499980449676513,0.0482614040374755
  -14,"graph_00000000000000011100",0.5100451215978192,0.630962432820018,0.6635187001319723,4166657,1.253554618358612,0.0394387245178222,0.0371685028076171
  -15,"graph_00000000000000011110",0.5038422593872016,0.6336295283663704,0.674100710713983,4523137,1.4974517703056336,0.0464148521423339,0.0441827774047851
  -16,"graph_00000000000000011111",0.5068839383916055,0.6427789616644107,0.6598561621444917,4932481,1.612902820110321,0.0559720993041992,0.0525949001312255
  -17,"graph_00000000000000100000",0.4994083000263315,0.6247481448719838,0.6651047909629144,2745857,0.8612650156021118,0.0292372703552246,0.0274379253387451
  -18,"graph_00000000000000100010",0.499882105231745,0.6388497982925228,0.6571803905900016,3102337,1.0731266498565677,0.0372917652130126,0.0354573726654052
  -19,"graph_00000000000000100011",0.4990291956962603,0.6447714652049017,0.6518712239536039,3511681,1.282930314540863,0.0446348190307617,0.0427174568176269
  -20,"graph_00000000000000100100",0.5084377487195302,0.6298723636184937,0.6628043538798689,3201665,1.0166372418403626,0.0326614379882812,0.032289981842041
  -21,"graph_00000000000000100110",0.5062492650378778,0.6320636707633611,0.6675989490634799,3558145,1.3087189555168153,0.0414459705352783,0.0441508293151855
  -22,"graph_00000000000000100111",0.4950704403942673,0.6414565826330532,0.665728330488056,3967489,1.4944936990737916,0.0494904518127441,0.0477488040924072
  -23,"graph_00000000000000101000",0.5041497213619273,0.6221391267830896,0.6441102756892231,3710849,1.0900548219680786,0.0330896377563476,0.0323591232299804
  -24,"graph_00000000000000101010",0.5016514142002397,0.625829279080053,0.662435073190222,4067329,1.3062117099761963,0.0412397384643554,0.0430045127868652
  -25,"graph_00000000000000101011",0.5077776102161908,0.6344515477642413,0.6532212172944438,4476673,1.5055614829063415,0.0498476028442382,0.0644276142120361
  -26,"graph_00000000000000101100",0.5049386446325286,0.6266021560139208,0.6638879808216193,4166657,1.2586793303489685,0.0378530025482177,0.0368378162384033
  -27,"graph_00000000000000101110",0.511390818629804,0.6338216307256556,0.6575738864068383,4523137,1.496322655677795,0.0463087558746337,0.0445818901062011
  -28,"graph_00000000000000101111",0.5051660410482569,0.6404290583857147,0.6713099173053408,4932481,1.686193549633026,0.0577812194824218,0.0536861419677734
  -29,"graph_00000000000000110000",0.5008554966623207,0.632753899007769,0.6729747072996501,3710849,1.0526004314422608,0.0321786403656005,0.0312433242797851
  -30,"graph_00000000000000110010",0.5003095376927684,0.631914009622988,0.6721695543205841,4067329,1.2970327019691468,0.0405244827270507,0.0540235042572021
  -31,"graph_00000000000000110011",0.4977367904688081,0.6474608982348921,0.6571077452084317,4476673,1.505366587638855,0.0510385036468505,0.0474770069122314
  -32,"graph_00000000000000110100",0.4978077409181394,0.6288984493318859,0.6686946835688254,4166657,1.2490835666656497,0.0368070602416992,0.0350241661071777
  -33,"graph_00000000000000110110",0.5012028936472168,0.6459062093737016,0.6574043805165086,4523137,1.4454510927200317,0.0441291332244873,0.0414137840270996
  -34,"graph_00000000000000110111",0.5065922097579867,0.6430202064876986,0.6578039301151429,4932481,1.5654831290245057,0.0522189140319824,0.0509648323059082
  -35,"graph_00000000000000111000",0.5051947701892835,0.6289609942860717,0.6549525988885256,3842433,1.1123661041259765,0.0478613376617431,0.0328125953674316
  -36,"graph_00000000000000111010",0.5094357629793521,0.631650427316062,0.6710193357790611,4198913,1.3251158237457277,0.0411944389343261,0.0385012626647949
  -37,"graph_00000000000000111011",0.4968988622026756,0.6291128891748087,0.6548799535069558,4608257,1.5070717811584473,0.0488908290863037,0.0455086231231689
  -38,"graph_00000000000000111100",0.4966282667853616,0.6339913956013027,0.6612364243943192,4298241,1.2583088636398316,0.0403201580047607,0.0367662906646728
  -39,"graph_00000000000000111110",0.4922661453184932,0.6242879927090453,0.6458719261922923,4654721,1.5038005590438843,0.0467641353607177,0.0454421043395996
  -40,"graph_00000000000000111111",0.5080279749033054,0.6422160570767382,0.6718426501035197,5064065,1.6764675378799438,0.0542387962341308,0.0519392490386962
  -41,"graph_00000000000001000000",0.5035517641512604,0.6240914228530328,0.6666787742302616,1751937,0.8554311990737915,0.0274004936218261,0.0258362293243408
  -42,"graph_00000000000001000010",0.50599676446698,0.6258337465767806,0.6589420410930709,2108417,1.1858194231987,0.0350933074951171,0.0373995304107666
  -43,"graph_00000000000001000011",0.4887185626861886,0.6361625990108963,0.6452060101945686,2517761,1.3206124305725098,0.0457773208618164,0.0431416034698486
  ... 73683 further lines not shown (cap is 50)

[RDB2G-Bench/rel-trial/study-outcome/2.csv] column change:
  removed: []
  added:   ['dataset', 'seed', 'task']
  diff --git a/RDB2G-Bench/rel-trial/study-outcome/2.csv b/RDB2G-Bench/rel-trial/study-outcome/2.csv
  index 7c68757..0f418e3 100644
  --- a/RDB2G-Bench/rel-trial/study-outcome/2.csv
  +++ b/RDB2G-Bench/rel-trial/study-outcome/2.csv
  @@ -1,36864 +1,36864 @@
  -idx,graph,train_metric,valid_metric,test_metric,params,train_time,valid_time,test_time
  -0,"graph_00000000000000000010",0.4966165043831193,0.6283578822278513,0.65797948978727,1801601,0.7736110925674439,0.0315327644348144,0.0396316051483154
  -1,"graph_00000000000000000011",0.5056661085993419,0.6383695423943102,0.6734469022798542,2210945,1.006888735294342,0.0426294803619384,0.0416345596313476
  -2,"graph_00000000000000000100",0.500982250835845,0.637471575552071,0.6579007906239027,1900929,0.7137989163398742,0.0288653373718261,0.0298547744750976
  -3,"graph_00000000000000000110",0.4986196926258672,0.6307971354410983,0.6588088578935261,2257409,0.9744330525398256,0.0403316020965576,0.0392646789550781
  -4,"graph_00000000000000000111",0.4968372224016665,0.6431050889255224,0.6648444783456225,2666753,1.1694029092788696,0.0482566356658935,0.0476698875427246
  -5,"graph_00000000000000001000",0.5055470706820199,0.6346302476333436,0.6745426367851997,2338177,0.7259123921394348,0.0312802791595459,0.0293173789978027
  -6,"graph_00000000000000001010",0.5070099254519402,0.6282238573260245,0.6732955577349171,2694657,1.0037685990333558,0.0384442806243896,0.03794527053833
  -7,"graph_00000000000000001011",0.5026433517202844,0.6425109118607572,0.6705229256716672,3104001,1.1975818037986756,0.0489997863769531,0.047433853149414
  -8,"graph_00000000000000001100",0.5019396532209173,0.631498532427325,0.6750874771469737,2793985,0.9143013596534728,0.0352003574371337,0.0332357883453369
  -9,"graph_00000000000000001110",0.4994233715442941,0.6287644244300591,0.6545651568534864,3150465,1.153846526145935,0.042966604232788,0.0430107116699218
  -10,"graph_00000000000000001111",0.4945902576203745,0.6356220319068617,0.6529306357681643,3559809,1.3458599209785462,0.0539577007293701,0.051102876663208
  -11,"graph_00000000000000011000",0.4998482469613519,0.6252038295381949,0.6691366096400422,3602433,0.9133478283882142,0.0358643531799316,0.0361702442169189
  -12,"graph_00000000000000011010",0.5101913243469182,0.6274911878627049,0.6619568244282203,3958913,1.1282591223716736,0.0442228317260742,0.049945592880249
  -13,"graph_00000000000000011011",0.4953413968060234,0.644637440303075,0.6715339072318478,4368257,1.3315887808799745,0.054948091506958,0.0636868476867675
  -14,"graph_00000000000000011100",0.4914848480554838,0.6285767895675016,0.6712130567965808,4058241,1.020584273338318,0.0405905246734619,0.0405466556549072
  -15,"graph_00000000000000011110",0.5072565297802817,0.6324009667662919,0.6709709055246813,4414721,1.2864632725715637,0.0514531135559082,0.0548717975616455
  -16,"graph_00000000000000011111",0.4945335363686408,0.6487251998087913,0.6777874638286537,4824065,1.6013060331344604,0.0637164115905761,0.0639233589172363
  -17,"graph_00000000000000100000",0.4991577548419958,0.6259543689884247,0.678459433608175,2709377,0.6880816578865051,0.0274651050567626,0.0262355804443359
  -18,"graph_00000000000000100010",0.4907544359673924,0.6272454755426892,0.6646870800188878,3065857,0.9297730445861816,0.0360798835754394,0.036973237991333
  -19,"graph_00000000000000100011",0.4962488616265886,0.6461295842100796,0.6593173755645152,3475201,1.0893059134483338,0.0450260639190673,0.0433747768402099
  -20,"graph_00000000000000100100",0.5032728658617754,0.6324367067401123,0.6623442664632596,3165185,0.831174635887146,0.0324788093566894,0.0308036804199218
  -21,"graph_00000000000000100110",0.4963732994191088,0.6329906763343296,0.6594384512004648,3521665,1.0530561089515686,0.0399329662322998,0.0384430885314941
  -22,"graph_00000000000000100111",0.5084002203389744,0.6373777581207922,0.6589602024384634,3931009,1.3033150553703308,0.0490026473999023,0.0480048656463623
  -23,"graph_00000000000000101000",0.4976547996061189,0.6266915059484719,0.658869395711501,3602433,0.8608769774436951,0.0330073833465576,0.0317664146423339
  -24,"graph_00000000000000101010",0.5003089811596699,0.6324635117204778,0.6635973992953397,3958913,1.0645874619483948,0.0415244102478027,0.0402898788452148
  -25,"graph_00000000000000101011",0.4970203518739177,0.6415906075348801,0.6667332582664391,4368257,1.3102056860923768,0.0493354797363281,0.0490062236785888
  -26,"graph_00000000000000101100",0.4905966663547073,0.6269997632226734,0.6588270192389185,4058241,1.0197058200836182,0.0379390716552734,0.0375425815582275
  -27,"graph_00000000000000101110",0.4928093667468586,0.6323428893088336,0.6640332715847591,4414721,1.291689920425415,0.0487477779388427,0.0493097305297851
  -28,"graph_00000000000000101111",0.4980902341106115,0.6366852961280206,0.6668724952477814,4824065,1.545272207260132,0.054387092590332,0.0616540908813476
  -29,"graph_00000000000000110000",0.5066411094634723,0.6221167892994518,0.6708619374523266,3602433,0.8025558114051818,0.0324659347534179,0.0313770771026611
  -30,"graph_00000000000000110010",0.495272356618949,0.6345408976987925,0.6573620040439263,3958913,1.044690990447998,0.041264533996582,0.0385243892669677
  -31,"graph_00000000000000110011",0.4935598591507985,0.6320748395051801,0.6451636337219862,4368257,1.2968260049819946,0.0489344596862793,0.0509901046752929
  -32,"graph_00000000000000110100",0.50363464245862,0.6262090163018956,0.6674899809911252,4058241,1.014515042304993,0.0377662181854248,0.0379614830017089
  -33,"graph_00000000000000110110",0.4991633201729801,0.6379942726691953,0.6753054132916834,4414721,1.27542564868927,0.0476484298706054,0.0461764335632324
  -34,"graph_00000000000000110111",0.5005099196910705,0.643605448559009,0.6637971740946569,4824065,1.4767149209976196,0.0532441139221191,0.0542154312133789
  -35,"graph_00000000000000111000",0.4998339876808841,0.6290235392402574,0.6683193490973811,3734017,0.9166826367378236,0.035252571105957,0.0368494987487793
  -36,"graph_00000000000000111010",0.5040176425203802,0.6351752822341058,0.660788444541305,4090497,1.1291513442993164,0.0432181358337402,0.0412681102752685
  -37,"graph_00000000000000111011",0.4993324009448548,0.6447133877474435,0.6713825626869105,4499841,1.3314477682113648,0.0521144866943359,0.0536112785339355
  -38,"graph_00000000000000111100",0.5036979669003594,0.6262670937593539,0.6680166600075066,4189825,1.052953314781189,0.0383608341217041,0.0374758243560791
  -39,"graph_00000000000000111110",0.4968284983693128,0.6321820594266415,0.6817224219970216,4546305,1.286993110179901,0.0481605529785156,0.0470397472381591
  -40,"graph_00000000000000111111",0.5115388413925493,0.6401878135624267,0.6451091496858088,4955649,1.5434157848358154,0.0560817718505859,0.0592348575592041
  -41,"graph_00000000000001000000",0.5047746779485853,0.6214198598099527,0.6465196808446236,1751937,0.7077375769615173,0.0289087295532226,0.0329809188842773
  -42,"graph_00000000000001000010",0.5115136921130746,0.6329772738441469,0.6571924981535966,2108417,0.9749303817749024,0.0378122329711914,0.0427901744842529
  -43,"graph_00000000000001000011",0.4915136072793807,0.6263966511644531,0.645520806848038,2517761,1.1388012051582337,0.0459311008453369,0.0508785247802734
  ... 73683 further lines not shown (cap is 50)

[RDB2G-Bench/rel-trial/study-outcome/3.csv] column change:
  removed: []
  added:   ['dataset', 'seed', 'task']
  diff --git a/RDB2G-Bench/rel-trial/study-outcome/3.csv b/RDB2G-Bench/rel-trial/study-outcome/3.csv
  index 96a1c74..79d80b8 100644
  --- a/RDB2G-Bench/rel-trial/study-outcome/3.csv
  +++ b/RDB2G-Bench/rel-trial/study-outcome/3.csv
  @@ -1,36864 +1,36864 @@
  -idx,graph,train_metric,valid_metric,test_metric,params,train_time,valid_time,test_time
  -0,"graph_00000000000000000010",0.5002095873565788,0.6381953100219354,0.6610487571585969,1872641,0.9710245132446288,0.0396676063537597,0.0569145679473876
  -1,"graph_00000000000000000011",0.5002963764370625,0.6398840237849526,0.6708558836705291,2281985,1.1967806696891783,0.0430371761322021,0.0493144989013671
  -2,"graph_00000000000000000100",0.5067303954221813,0.6236804131540974,0.6453331396123159,1971969,0.8733830332756043,0.0328493118286132,0.037628173828125
  -3,"graph_00000000000000000110",0.4934612174194619,0.6320033595575392,0.670892206361314,2328449,1.141614520549774,0.0389463901519775,0.0474796295166015
  -4,"graph_00000000000000000111",0.4973233315009857,0.6303771907487078,0.6476880607315391,2737793,1.42632657289505,0.0544123649597168,0.0652163028717041
  -5,"graph_00000000000000001000",0.5017092485181704,0.6312304826236715,0.6699054399283233,2481153,0.8960744261741638,0.0344839096069335,0.0382740497589111
  -6,"graph_00000000000000001010",0.4981080582111962,0.6350323223388239,0.6693061155303719,2837633,1.2163633584976197,0.0424511432647705,0.052567720413208
  -7,"graph_00000000000000001011",0.4945939878962774,0.6265262085695522,0.6519983533713511,3246977,1.4467299222946166,0.0548624992370605,0.0587852001190185
  -8,"graph_00000000000000001100",0.4985752903094742,0.6281032349143805,0.6712433257055683,2936961,1.0151601910591126,0.0360145568847656,0.0394086837768554
  -9,"graph_00000000000000001110",0.5027551396658918,0.6338797081831138,0.669209255021612,3293441,1.2701564311981202,0.0466392040252685,0.0440983772277832
  -10,"graph_00000000000000001111",0.504278957372242,0.6336786708303737,0.6634642160957951,3702785,1.4669392704963684,0.054373025894165,0.0528204441070556
  -11,"graph_00000000000000011000",0.502690115541987,0.6313332350484053,0.6546680711440436,3815937,1.0224605441093444,0.0360338687896728,0.0409328937530517
  -12,"graph_00000000000000011010",0.4970545109730127,0.6326198741059422,0.6729020619180801,4172417,1.2543397903442384,0.0471243858337402,0.0508599281311035
  -13,"graph_00000000000000011011",0.4939527113525442,0.6380166101528331,0.6645478430375454,4581761,1.4702480912208558,0.0556881427764892,0.0544922351837158
  -14,"graph_00000000000000011100",0.5035429649117313,0.6285946595544118,0.6571864443717991,4271745,1.2145484328269958,0.0452637672424316,0.0443673133850097
  -15,"graph_00000000000000011110",0.4987196128791866,0.6346838575940743,0.6580763502960298,4628225,1.4921631574630738,0.0568475723266601,0.0573844909667968
  -16,"graph_00000000000000011111",0.5049367794945772,0.6417380349268893,0.6612364243943191,5037569,1.6338449239730837,0.0626528263092041,0.0670218467712402
  -17,"graph_00000000000000100000",0.497155393878178,0.6256237742305853,0.6617328345017133,2850945,0.8254820108413696,0.0350487232208251,0.038536787033081
  -18,"graph_00000000000000100010",0.4973409901457843,0.6334240235169027,0.6714975845410628,3207425,1.0848023653030396,0.0446178913116455,0.042788028717041
  -19,"graph_00000000000000100011",0.5014139550644346,0.6437484084542908,0.6656072548521061,3616769,1.3089603662490843,0.0507311820983886,0.0552473068237304
  -20,"graph_00000000000000100100",0.5095432039502178,0.6219916993910803,0.6599772377804416,3306753,1.003530752658844,0.0377345085144043,0.0359914302825927
  -21,"graph_00000000000000100110",0.5008786905552332,0.6330755587721533,0.6620718462823726,3663233,1.2938464522361754,0.0454251766204834,0.0429937839508056
  -22,"graph_00000000000000100111",0.5020435293716661,0.6336920733205562,0.659414236073275,4072577,1.4712257742881776,0.0557000637054443,0.060380220413208
  -23,"graph_00000000000000101000",0.4943501963162984,0.6309937052971109,0.6677624011720122,3815937,1.0688422679901124,0.0403757095336914,0.0389261245727539
  -24,"graph_00000000000000101010",0.4976838446172826,0.6374447705717055,0.672181661884179,4172417,1.2758672833442688,0.0469202995300293,0.0446152687072753
  -25,"graph_00000000000000101011",0.4987405355154004,0.6463440240530023,0.6704381727265023,4581761,1.5322796940803527,0.0626142024993896,0.0603702068328857
  -26,"graph_00000000000000101100",0.5054081931118108,0.6272186705623239,0.6507573281028658,4271745,1.123205733299255,0.0427143573760986,0.0426669120788574
  -27,"graph_00000000000000101110",0.5193498736775156,0.6394596115958345,0.6706258399622245,4628225,1.5020472288131714,0.0525901317596435,0.0536835193634033
  -28,"graph_00000000000000101111",0.4957828328431179,0.6368059185396647,0.6650926833993196,5037569,1.656544017791748,0.0603060722351074,0.0643208026885986
  -29,"graph_00000000000000110000",0.5016060943563062,0.631853698417166,0.6672357221556307,3815937,1.0263559937477111,0.0356624126434326,0.0357782840728759
  -30,"graph_00000000000000110010",0.4975432673649081,0.6320078270542666,0.6723269526473187,4172417,1.298790943622589,0.0479660034179687,0.0455410480499267
  -31,"graph_00000000000000110011",0.5045143859143097,0.632905793896506,0.6574043805165087,4581761,1.4898382425308228,0.059485912322998,0.0605924129486084
  -32,"graph_00000000000000110100",0.5029292593185225,0.6257399291455019,0.649595001997748,4271745,1.2018118262290955,0.0458552837371826,0.0474638938903808
  -33,"graph_00000000000000110110",0.5046666202788809,0.6340807455358539,0.669826740764956,4628225,1.4156342506408692,0.0512030124664306,0.0489003658294677
  -34,"graph_00000000000000110111",0.496783133401074,0.6425779243116705,0.6789982201881515,5037569,1.6077239155769347,0.0589885711669921,0.0626599788665771
  -35,"graph_00000000000000111000",0.4969825527475302,0.6208569552222803,0.6368336299686415,3947521,1.076578950881958,0.0388319492340087,0.0364654064178466
  -36,"graph_00000000000000111010",0.504558667899222,0.6374581730618883,0.6616783504655359,4304001,1.3299496173858645,0.048349380493164,0.0522468090057373
  -37,"graph_00000000000000111011",0.4992424230801315,0.6479523228749234,0.660764229414115,4713345,1.5329604506492616,0.05538010597229,0.0535306930541992
  -38,"graph_00000000000000111100",0.4980044979305843,0.6295462363573818,0.6558182896855667,4403329,1.227917778491974,0.0455384254455566,0.0466861724853515
  -39,"graph_00000000000000111110",0.4999964803041884,0.6387850195899731,0.6703957962539198,4759809,1.512246549129486,0.0548691749572753,0.0544912815093994
  -40,"graph_00000000000000111111",0.5037196716911978,0.6396383114649369,0.6605584008330004,5169153,1.7003217816352845,0.0667197704315185,0.0739188194274902
  -41,"graph_00000000000001000000",0.4954089930153291,0.6276341477579869,0.6570532611722544,1822977,0.8945426106452942,0.0417907238006591,0.0404582023620605
  -42,"graph_00000000000001000010",0.5000178090591494,0.6329817413408746,0.6508118121390433,2179457,1.1006816506385804,0.0414648056030273,0.0404088497161865
  -43,"graph_00000000000001000011",0.5056276326083753,0.6406524332220926,0.6744518300582374,2588801,1.3374289870262146,0.0529298782348632,0.0539395809173584
  ... 73683 further lines not shown (cap is 50)

[RDB2G-Bench/rel-trial/study-outcome/4.csv] column change:
  removed: []
  added:   ['dataset', 'seed', 'task']
  diff --git a/RDB2G-Bench/rel-trial/study-outcome/4.csv b/RDB2G-Bench/rel-trial/study-outcome/4.csv
  index d4c9e26..1a42c88 100644
  --- a/RDB2G-Bench/rel-trial/study-outcome/4.csv
  +++ b/RDB2G-Bench/rel-trial/study-outcome/4.csv
  @@ -1,36864 +1,36864 @@
  -idx,graph,train_metric,valid_metric,test_metric,params,train_time,valid_time,test_time
  -0,"graph_00000000000000000010",0.5066745616151179,0.6349519073977279,0.6681558969888489,1872641,1.0763765454292298,0.0386731624603271,0.0405497550964355
  -1,"graph_00000000000000000011",0.5006848515811962,0.6531658915559844,0.6663700313585897,2281985,1.2603607535362245,0.0457808971405029,0.058692455291748
  -2,"graph_00000000000000000100",0.502572386229518,0.6140261527258432,0.656344968701948,1971969,0.9225143432617188,0.0346956253051757,0.0376827716827392
  -3,"graph_00000000000000000110",0.501545898533066,0.6445614928587066,0.6608974126136599,2328449,1.2441027283668518,0.0453922748565673,0.0536401271820068
  -4,"graph_00000000000000000111",0.5013791341421955,0.637096305826956,0.6707166466891867,2737793,1.485275101661682,0.052811861038208,0.0612130165100097
  -5,"graph_00000000000000001000",0.4874750270813518,0.6294970938933787,0.6556064073226545,2481153,0.983344268798828,0.0433223247528076,0.0472393035888671
  -6,"graph_00000000000000001010",0.5039592817522213,0.6305290856374448,0.6481178792391609,2837633,1.2786019444465635,0.04600191116333,0.0489428043365478
  -7,"graph_00000000000000001011",0.4996803544628495,0.6531569565625293,0.664354122020026,3246977,1.518400990962982,0.05595064163208,0.0641062259674072
  -8,"graph_00000000000000001100",0.5024968631839186,0.6292781865537284,0.6457024203019627,2936961,1.0174513936042786,0.0519542694091796,0.0424222946166992
  -9,"graph_00000000000000001110",0.502938946002722,0.6394462091056518,0.6600559369438088,3293441,1.3178393602371217,0.0513570308685302,0.0466260910034179
  -10,"graph_00000000000000001111",0.5047718050344827,0.6484571500051376,0.672514619883041,3702785,1.5308709502220157,0.0544958114624023,0.0690734386444091
  -11,"graph_00000000000000011000",0.4944723026863792,0.6245828474930641,0.6551221047788554,3815937,1.068240761756897,0.0430271625518798,0.0397388935089111
  -12,"graph_00000000000000011010",0.5007585094888443,0.6337635532681973,0.6610729722857869,4172417,1.3686707258224486,0.049992561340332,0.0548176765441894
  -13,"graph_00000000000000011011",0.5054768873458784,0.6466299438435662,0.6499642826873949,4581761,1.5496147274971008,0.0724458694458007,0.0666120052337646
  -14,"graph_00000000000000011100",0.4938241522068087,0.6340405380653058,0.6696148584020438,4271745,1.293222963809967,0.0465264320373535,0.0494472980499267
  -15,"graph_00000000000000011110",0.5092386600139001,0.634321990359142,0.6547649316528035,4628225,1.5155202984809877,0.057124376296997,0.0586936473846435
  -16,"graph_00000000000000011111",0.4953949142320826,0.6374358355782503,0.6592326226193503,5037569,1.717241394519806,0.0680992603302002,0.064532995223999
  -17,"graph_00000000000000100000",0.4996595822409867,0.631467259950232,0.6658554599058032,2850945,0.8788545727729797,0.0334541797637939,0.03155517578125
  -18,"graph_00000000000000100010",0.5101461699587705,0.6355862919330412,0.6697480416015886,3207425,1.1475111722946167,0.0449380874633789,0.0406394004821777
  -19,"graph_00000000000000100011",0.5032541543165203,0.6297517412068495,0.6594323974186674,3616769,1.4273853421211242,0.0564186573028564,0.0620059967041015
  -20,"graph_00000000000000100100",0.49549533085276,0.6389101094983448,0.6692637390577894,3306753,1.107619333267212,0.04913330078125,0.0471408367156982
  -21,"graph_00000000000000100110",0.5043865337160236,0.6340182005816681,0.6618841790466504,3663233,1.4043164253234863,0.0543224811553955,0.0501477718353271
  -22,"graph_00000000000000100111",0.4980809685865945,0.6425600543247603,0.6595353117092246,4072577,1.565507996082306,0.0634562969207763,0.0645630359649658
  -23,"graph_00000000000000101000",0.504240391132665,0.6282864022802104,0.6663155473224123,3815937,1.0637958288192748,0.040088415145874,0.0385181903839111
  -24,"graph_00000000000000101010",0.5077669759215804,0.6319988920608115,0.6517925247902364,4172417,1.3168496012687685,0.0567009449005126,0.0559890270233154
  -25,"graph_00000000000000101011",0.4957010976848253,0.6506015484343657,0.6569685082270894,4581761,1.5577335119247435,0.05971360206604,0.0610978603363037
  -26,"graph_00000000000000101100",0.5000454852997197,0.6256997216749539,0.6589541486566659,4271745,1.3179287433624267,0.0455408096313476,0.0459105968475341
  -27,"graph_00000000000000101110",0.4976307784342763,0.632753899007769,0.6578160376787379,4628225,1.5693230152130129,0.0613937377929687,0.068138837814331
  -28,"graph_00000000000000101111",0.4938640872169791,0.6463886990202781,0.6650563607085345,5037569,1.7351965308189392,0.0786731243133544,0.0821731090545654
  -29,"graph_00000000000000110000",0.5007671883968926,0.6249112085025397,0.6722845761747365,3815937,1.1087404489517212,0.0428526401519775,0.0432593822479248
  -30,"graph_00000000000000110010",0.4973481949931936,0.6200885457851402,0.656193624157011,4172417,1.33951096534729,0.0534813404083251,0.0510814189910888
  -31,"graph_00000000000000110011",0.4986358320857215,0.6457632494784198,0.6495889482159505,4581761,1.568259835243225,0.0588016510009765,0.0640592575073242
  -32,"graph_00000000000000110100",0.4969673759395219,0.6287197494627836,0.6449578051408715,4271745,1.2535532355308532,0.0479552745819091,0.0517373085021972
  -33,"graph_00000000000000110110",0.5012151975411224,0.6292781865537284,0.6636155606407323,4628225,1.465234124660492,0.0546951293945312,0.0545387268066406
  -34,"graph_00000000000000110111",0.4970289405333554,0.6488145497433424,0.6648505321274201,5037569,1.640103030204773,0.0605161190032959,0.06113862991333
  -35,"graph_00000000000000111000",0.498604049533371,0.6340762780391264,0.647191650624145,3947521,1.1681108832359317,0.0460715293884277,0.0481472015380859
  -36,"graph_00000000000000111010",0.4946915917685927,0.6373598881338819,0.6659886431053479,4304001,1.396919882297516,0.0560874938964843,0.050832986831665
  -37,"graph_00000000000000111011",0.5110736248465737,0.642510911860757,0.6669088179385663,4713345,1.5268951654434204,0.0670642852783203,0.0587952136993408
  -38,"graph_00000000000000111100",0.5041697264706003,0.6357873292857813,0.6647899943094452,4403329,1.318235433101654,0.0492582321166992,0.0505313873291015
  -39,"graph_00000000000000111110",0.5006638988621124,0.6272499430394167,0.6665213759035269,4759809,1.5940066814422609,0.0629384517669677,0.0588297843933105
  -40,"graph_00000000000000111111",0.5017740620619839,0.6398348813209495,0.6637669051856695,5169153,1.905848038196564,0.0811989307403564,0.084733247756958
  -41,"graph_00000000000001000000",0.4945878209078896,0.632298214341558,0.6610548109403945,1822977,0.8902848124504089,0.0378191471099853,0.037402868270874
  -42,"graph_00000000000001000010",0.497637246251366,0.6332721286281658,0.6697964718559685,2179457,1.152508020401001,0.0428240299224853,0.0453889369964599
  -43,"graph_00000000000001000011",0.4856219072365216,0.6336920733205564,0.6565326359376702,2588801,1.4388803601264957,0.0598437786102294,0.0638704299926757
  ... 73683 further lines not shown (cap is 50)
