dataset:    staxjp/tick
commit:     082eed36505334fe5c121dc3b162554feeb3872f
type:       merge
message:    Upload mergedALL_data.csv
status:     archived
hub:        reachable (HTTP 200)
generated:  2026-07-31T18:08:54Z by analysis/archive_evidence.py, wrapping inspect_commit.py --download --show_rows
============================================================
# staxjp/tick @ 082eed3650
message: Upload mergedALL_data.csv 

file changes:
M	mergedALL_data.csv   [stored in Git LFS]

[mergedALL_data.csv] no column-set change (values may still differ)
  payload size 166,483,642 -> 3,150,603,315 bytes (+2,984,119,673): the data did change
  first 20 lines at each revision (head sample, not a diff of the whole file):
  --- mergedALL_data.csv@5d35c004cc
  +++ mergedALL_data.csv@082eed3650
  @@ -1,20 +1,20 @@
   0,1,2,3,4,5,6,7,8,9,10,11,12,13,14,15,16,17,18,19,20,21,22,23,24,25,26,27,28,29,30,31,32,33,34,35,36,37,38,39,40,41,42,43,44,45,46,47,48,49,50,51,52,53,54,55,56,57,58,59,60,61,62,63,64,65,66,67,68,69,70,71,72,73,74,75,76,77,78,79,80,81,82,83,84,85,86,87,88,89,90,91,92,93,94,95,96,97,98,99,100,101,102,103,104,105,106,107,108,109,110,111,112,113,114,115,116,117,118,119,120,121,122,123,124,125,126,127,128,129,130,131,132,133,134,135,136,137,138,139,140,141,142,143,144,145,146,147,148,149,150,151,152,153,154,155,156,157,158,159,160,161,162,163,164,165,166,167,168,169,170,171,172,173,174,175,176,177,178,179,180,181,182,183,184,185,186,187,188,189,190,191,192,193,194,195,196,197,198,199,200,201,202,203,204,205,206,207,208,209,210,211,212,213,214,215,216,217,218,219,220,221,222,223,224,225,226,227,228,229,230,231,232,233,234,235,236,237,238,239,240,241,242,243,244,245,246,247,248,249,250,251,252,253,254,255,256,257,258,259,260,261,262,263,264,265,266,267,268,269,270,271,272,273,274,275,276,277,278,279,280,281,282,283,284,285,286,287,288,289,290,291,292,293,294,295,296,297,298,299,300,301,302,303,304,305,306,307,308,309,310,311,312,313,314,315,316,317,318,319,320,321,322,323,324,325,326,327,328,329,330,331,332,333,334,335,336,337,338,339,340,341,342,343,344,345,346,347,348,349,350,351,352,353,354,355,356,357,358,359,360,361,362,363,364,365,366,367,368,369,370,371,372,373,374,375,376,377,378,379,380,381,382,383,384,385,386,387,388,389,390,391,392,393,394,395,396,397,398,399,400,401,402,403,404,405,406,407,408,409,410,411,412,413,414,415,416,417,418,419,420,421,422,423,424,425,426,427,428,429,430,431,432,433,434,435,436,437,438,439,440,441,442,443,444,445,446,447,448,449,450,451,452,453,454,455,456,457,458,459,460,461,462,463,464,465,466,467,468,469,470,471,472,473,474,475,476,477,478,479,480,481,482,483,484,485,486,487,488,489,490,491,492,493,494,495,496,497,498,499,500,501,502,503,504,505,506,507,508,509,510,511,512,513,514,515,516,517,518,519,520,521,522,523,524,525,526,527,528,529,530,531,532,533,534,535,536,537,538,539,540,541,542,543,544,545,546,547,548,549,550,551,552,553,554,555,556,557,558,559,560,561,562,563,564,565,566,567,568,569,570,571,572,573,574,575,576,577,578,579,580,581,582,583,584,585,586,587,588,589,590,591,592,593,594,595,596,597,598,599,600,601,602,603,604,605,606,607,608,609,610,611,612,613,614,615,616,617,618,619,620,621,622,623,624,625,626,627,628,629,630,631,632,633,634,635,636,637,638,639,640,641,642,643,644,645,646,647,648,649,650,651,652,653,654,655,656,657,658,659,660,661,662,663,664,665,666,667,668,669,670,671,672,673,674,675,676,677,678,679,680,681,682,683,684,685,686,687,688,689,690,691,692,693,694,695,696,697,698,699,700,701,702,703,704,705,706,707,708,709,710,711,712,713,714,715,716,717,718,719,720,721,722,723,724,725,726,727,728,729,730,731,732,733,734,735,736,737,738,739,740,741,742,743,744,745,746,747,748,749,750,751,752,753,754,755,756,757,758,759,760,761,762,763,764,765,766,767,768,769,770,771,772,773,774,775,776,777,778,779,780,781,782,783,784,785,786,787,788,789,790,791,792,793,794,795,796,797,798,799,800
  -415.1359802246094,415.1099853515625,415.1119873046875,415.07802734375,415.0460021972656,415.0309997558594,415.0349975585938,415.00099487304686,415.0449951171875,415.072998046875,415.0978820800781,415.1038818359375,415.10687866210935,415.06788330078126,415.0498840332031,415.0260009765625,415.0460021972656,415.1630065917969,415.2640014648438,415.377001953125,415.4950012207031,415.6450012207032,415.7029968261719,415.7529968261719,415.7679931640625,415.78599243164064,415.7659912109375,415.7729919433594,415.8649963378906,415.9510009765625,416.0350036621094,416.1530029296875,416.2972045898438,416.4092041015625,416.522802734375,416.6538024902344,416.71380615234375,416.7166076660157,416.6816040039063,416.6980041503906,416.71900634765626,416.8010009765625,416.8950012207032,417.0121643066406,417.1271606445313,417.2451599121094,417.2731628417969,417.31915893554685,417.3561767578125,417.34515991210935,417.33515625,417.34715576171874,417.3331604003906,417.2759826660157,417.1830017089844,417.0450012207031,416.908984375,416.84398193359374,416.8379821777344,416.87498168945314,416.9549865722656,417.0410217285156,417.0300231933594,417.022021484375,417.0320190429687,417.0318176269531,417.07379760742185,417.1177978515625,417.141796875,417.1617980957032,417.18999633789065,417.22999877929686,417.3717590332032,417.51976318359374,417.659765625,417.7817687988281,417.84376831054686,417.8490051269531,417.8350036621094,417.8240051269531,417.81000366210935,417.8080017089844,417.741064453125,417.6730651855469,417.5900634765625,417.5040649414062,417.4640441894532,417.4539855957031,417.4579833984375,417.47998046875,417.4879760742188,417.475,417.4489990234375,417.3585205078125,417.3105224609375,417.2265258789063,417.1695251464844,417.1445251464844,417.2100036621094,417.2130065917969,417.2410034179687,417.2590026855469,417.2660034179688,417.2692016601562,417.2658203125,417.2718200683594,417.2958190917969,417.334814453125,417.3266174316406,417.318994140625,417.3219970703125,417.2880004882812,417.2726623535156,417.2816589355469,417.3076599121094,417.36265869140624,417.4686584472656,417.5369995117188,417.64150390625,417.7374877929688,417.823486328125,417.846484375,417.896484375,417.9009826660157,417.9219970703125,417.9429992675781,417.8260009765625,417.672998046875,417.46099853515625,417.2859985351562,417.0889770507813,417.00697631835936,416.9629760742188,417.0029724121094,416.9789733886719,416.918994140625,416.8714538574219,416.78345947265626,416.6674621582032,416.5914611816406,416.5754638671875,416.58900146484376,416.65700073242186,416.63099975585936,416.5330017089844,416.4130004882812,416.3070007324219,416.1760009765625,416.1780029296875,416.2240051269531,416.2740051269531,416.25400390625,416.28900146484375,416.275,416.2950012207031,416.2529968261719,416.2869995117188,416.2460021972656,416.1980041503906,416.14594116210935,416.1809020996094,416.1730407714844,416.1940368652344,416.2320373535157,416.2580749511719,416.2671142578125,416.29697265625,416.2759765625,416.2799743652344,416.2329956054688,416.1905578613281,416.1695617675781,416.1655578613281,416.0935607910157,416.1433044433594,416.20374755859376,416.18974609375,416.2257446289062,416.27174072265626,416.2570007324219,416.1909973144531,416.1779968261719,416.1599975585938,416.1619995117188,416.155859375,416.1298583984375,416.1118591308594,416.080859375,416.0508605957031,416.0510009765625,416.15400390625,416.2408020019531,416.3138061523438,416.3997863769531,416.4282836914063,416.42328491210935,416.4044860839844,416.3754821777344,416.3794982910157,416.4109985351562,416.40849609375,416.4245178222656,416.4632995605469,416.4233032226563,416.385302734375,416.3918029785156,416.40478515625,416.4130065917969,416.5170043945312,416.6046630859375,416.6936645507813,416.7761596679687,416.8406188964844,416.8726196289063,416.9169616699219,416.94196166992185,416.9924621582031,417.0503234863281,417.0043212890625,416.83832397460935,416.7143249511719,416.54832763671874,416.406005859375,416.3770080566407,416.45900268554686,416.4909973144531,416.5426574707032,416.5286560058594,416.4696533203125,416.4056579589844,416.35166015625,416.2719970703125,416.19801635742186,416.1460205078125,416.0840393066407,415.97803955078126,415.9236633300781,415.9274230957032,415.9314208984375,415.9598022460938,415.9858032226563,415.9761840820312,415.9614074707032,415.918408203125,415.8710083007812,415.8428894042969,415.8028869628906,415.7038879394531,415.6328857421875,415.5928833007813,415.56000366210935,415.5900024414062,415.6520202636719,415.71002197265625,415.709423828125,415.7184204101562,415.6664184570312,415.6664001464844,415.6723999023437,415.6823791503906,415.7007995605469,415.7168029785156,415.7108032226562,415.6748046875,415.6934265136719,415.735009765625,415.7910095214844,415.8570068359375,415.9607666015625,416.05576171875,416.1317565917969,416.2197570800781,416.278759765625,416.35700073242185,416.40900268554685,416.48500366210936,416.53900146484375,416.5899963378906,416.6279968261719,416.634716796875,416.64271850585936,416.6467224121094,416.6707275390625,416.6767272949219,416.71900634765626,416.72900390625,416.7510009765625,416.7705993652344,416.7945983886719,416.8236022949219,416.84560546875,416.84404296875,416.8184448242188,416.79444580078126,416.75844116210936,416.72044067382814,416.7260009765625,416.7839965820313,416.8399963378906,416.9060180664063,416.9678161621094,417.0133605957032,417.0393615722657,417.041357421875,417.0153381347656,417.0145385742188,417.0069946289062,416.9929931640625,416.9919982910157,417.0159973144531,417.0519958496094,417.08399658203126,417.1260009765625,417.12099609375,417.1069946289063,417.05,417.02300415039065,416.9679992675781,416.9960021972656,417.04400634765625,417.143701171875,417.2046997070312,417.2736999511719,417.32371826171874,417.36371459960935,417.3863342285157,417.45033569335936,417.5013366699219,417.5793151855469,417.6833190917969,417.7429992675781,417.7529968261719,417.7779968261719,417.7360168457032,417.66001586914064,417.588037109375,417.5740356445313,417.5780395507812,417.60602416992185,417.6550231933594,417.7230041503906,417.7550048828125,417.7870056152344,417.8350036621094,417.8710021972656,417.90700073242186,417.9330200195312,417.91301879882815,417.9050170898437,417.91001586914064,417.9840148925781,418.072998046875,418.218994140625,418.35499267578126,418.5119934082031,418.6559936523437,418.80299072265626,418.8869934082031,418.9449951171875,418.997998046875,419.05999755859375,419.1409973144531,419.2549987792969,419.3669982910157,419.3969970703125,419.38099975585936,419.327001953125,419.29099731445314,419.272998046875,419.2825561523438,419.4435546875,419.5605529785156,419.70555419921874,419.8615539550781,420.0639953613281,420.0899963378906,420.1809997558594,420.2390014648437,420.3170043945312,420.3380065917969,420.3710083007812,420.3920043945312,420.45900268554686,420.4710021972657,420.5,420.50999755859374,420.4919982910157,420.4179992675781,420.38189697265625,420.3398986816407,420.3098999023438,420.3434814453125,420.3824829101562,420.41558227539065,420.442578125,420.4855773925781,420.4999938964844,420.4969909667969,420.47999267578126,420.5049926757813,420.4863159179688,420.4323364257813,420.3543212890625,420.26032104492185,420.1661254882813,420.0898010253906,420.08978271484375,420.07379760742185,420.1157958984375,420.1739929199219,420.1859924316406,420.1707946777344,420.2119995117188,420.252001953125,420.25160522460936,420.30860595703126,420.3558044433594,420.3946044921875,420.39060668945314,420.402001953125,420.4488037109375,420.4908020019531,420.5227966308594,420.5589538574219,420.5889587402344,420.5831604003906,420.5791442871094,420.5821472167969,420.58798828125,420.5869873046875,420.59898681640624,420.5870056152344,420.60400390625,420.6140014648437,420.63599853515626,420.6102355957031,420.55023193359375,420.4442321777344,420.3912353515625,420.3282348632813,420.2759948730469,420.2819946289063,420.27399291992185,420.2259887695312,420.1889709472656,420.1509704589844,420.1309509277344,420.1029541015625,420.06995849609376,420.01995849609375,420.061962890625,420.0619873046875,420.1139892578125,420.1719848632813,420.2300048828125,420.2340026855469,420.2460021972656,420.22999877929686,420.2010009765625,420.222998046875,420.24400024414064,420.2859985351562,420.3650024414063,420.4400024414063,420.4820068359375,420.4050048828125,420.3250061035157,420.2420043945313,420.1160034179687,419.95400390625,419.94300537109376,419.89300537109375,419.76800537109375,419.7222290039063,419.684228515625,419.46722412109375,419.3752197265625,419.376220703125,419.35199584960935,419.29799194335936,419.42099609375,419.4929992675781,419.5169982910156,419.5210021972656,419.5170043945312,419.5300048828125,419.4460021972656,419.2780029296875,419.1080017089844,418.9600036621094,418.7340026855469,418.5920043945313,418.4420043945312,418.3500061035156,418.3260070800781,418.2960083007813,418.2260314941406,418.1880310058594,418.02003173828126,417.88203125,417.7640319824219,417.7180114746094,417.71400756835936,417.8230041503906,417.90700073242186,418.0769958496094,418.2069946289063,418.425,418.597998046875,418.7219970703125,418.73200073242185,418.72999877929686,418.6879943847656,418.6719970703125,418.6700012207031,418.6859985351563,418.6859985351563,418.702001953125,418.66700439453126,418.62400512695314,418.6300048828125,418.5700073242188,418.4840026855469,418.4289978027344,418.4299926757813,418.37599487304686,418.3719909667969,418.3739929199219,418.3769958496094,418.3419982910156,418.297998046875,418.30499877929685,418.2779968261719,418.31499633789065,418.293994140625,418.2599914550781,418.3089904785156,418.3799926757813,418.4222106933594,418.4862121582031,418.6542114257812,418.6742126464844,418.6841918945312,418.6559753417969,418.6599731445313,418.58997802734376,418.53997802734375,418.4859985351562,418.4259948730469,418.3539978027344,418.1919982910157,418.0539978027344,417.9260009765625,417.8140014648437,417.6820007324219,417.7200012207031,417.7600036621094,417.8200012207032,417.9274230957032,418.0684265136719,418.132421875,418.21242065429686,418.2654235839844,418.30402221679685,418.3410217285156,418.4270263671875,418.4570251464844,418.4848205566406,418.5067993164063,418.543798828125,418.52979736328126,418.5518005371094,418.6150024414063,418.6870056152344,418.7420043945313,418.7980041503906,418.8383605957032,418.8484802246094,418.8024780273437,418.7562377929688,418.7362365722656,418.7518798828125,418.7835632324219,418.8375671386719,418.8918090820313,418.901806640625,418.9138061523437,418.9240051269532,418.9300048828125,418.8983032226562,418.86630859375,418.7983093261719,418.7203063964844,418.660302734375,418.65180053710935,418.68751831054686,418.7275146484375,418.7775146484375,418.8435180664063,418.8747192382813,418.8769958496094,418.8731994628906,418.8651977539063,418.8471984863281,418.8581970214844,418.8742004394532,418.8738220214844,418.8278259277344,418.78382568359376,418.7438293457032,418.7318298339844,418.7110046386719,418.7300048828125,418.7280029296875,418.73200073242185,418.7190002441406,418.7080017089844,418.7109802246094,418.6922180175781,418.676220703125,418.6692199707031,418.6682189941406,418.6262390136719,418.5990234375,418.5510192871094,418.4810180664063,418.4300170898438,418.4420166015625,418.4339965820312,418.4059997558594,418.3669982910157,418.3609985351562,418.3029968261719,418.2929931640625,418.3109924316406,418.3409973144532,418.3469970703125,418.3489990234375,418.3080017089844,418.227001953125,418.1320007324219,418.04200439453126,417.9607055664063,417.943701171875,417.9288391113281,417.9568359375,417.9788330078125,418.0363525390625,418.0303527832031,418.0441955566406,418.0061950683594,417.9941955566407,417.9529724121094,417.93897705078126,417.9089965820313,417.8669982910157,417.777001953125,417.7100036621094,417.7,417.7719970703125,417.8989990234375,418.0669982910157,418.2289978027344,418.3219970703125,418.35401611328126,418.37701416015625,418.3650146484375,418.2990173339844,418.2020202636719,418.1036437988281,417.9976440429688,417.8936401367188,417.8226379394531,417.8466369628906,417.8469970703125,417.8449951171875,417.8779968261719,417.9419982910157,417.9719970703125,418.02699584960936,418.075,418.1320007324219,418.1369995117187,418.1299987792969,418.14299926757815,418.1409973144531,418.1079956054688,418.0639953613281,418.0359985351562,417.98200073242185,417.9880004882813,418.02300415039065,418.1280029296875,418.2049987792969,418.30499877929685,418.4089965820313,418.468994140625,418.5079956054688,418.5659973144531,418.60999755859376,418.62200317382815,418.6510009765625,418.6330017089844,418.6080017089844,418.5760009765625,418.4950012207031,418.41400146484375,418.38099975585936,418.33099975585935,418.3019958496094,418.36399536132814,418.4359985351563,418.4929992675781,418.5780029296875,418.6450256347656,418.6580017089844,418.6619995117188,418.6720031738281,418.6345581054687,418.600537109375,418.5325561523438,418.47755737304686,418.4135559082032,418.3869995117187,418.3869567871094,418.42095947265625,418.42095947265625,418.41596069335935,418.3879577636719,418.3185791015625,418.2775817871094,418.2125610351562,418.1895568847656,418.1915588378906,418.1887817382813,418.1876770019532,418.2557006835938,418.3197021484375,418.3887023925781,418.45490112304685,418.5170043945312,418.5450012207031,418.5609985351563,418.56199951171874,418.597998046875,418.6219970703125,418.6389953613281,418.6169982910157,418.6159973144531,418.59599609375,418.55999755859375,418.5869995117188,418.64299926757815,418.68800048828126,418.74900512695314,418.831005859375,418.8550048828125,418.88902587890624,418.9170227050781,418.8620178222656,418.8420166015625,418.8290161132812,418.8119934082032,418.8929931640625,419.0889953613281,419.24799194335935,419.4049926757813,419.5659973144531,419.7330017089844,419.827001953125,419.9420043945312,420.0860046386719,420.2080017089844,420.1723571777344,420.1001403808594,419.9721374511719,419.7871398925781,419.617138671875,419.5417785644531,419.5257751464844,419.5587768554688,419.615576171875,419.65758056640624,419.6285827636719,419.5928039550781,419.5466247558594,419.4964233398438,419.3664184570313,419.29241943359375,419.2180969238281,419.1312744140625,419.04749755859376,418.9755004882812,418.89349975585935,418.8278198242188,418.7798217773437,418.7179992675781,418.64599609375,418.4359985351563,418.21422119140624,1
  -415.0978820800781,415.1038818359375,415.10687866210935,415.06788330078126,415.0498840332031,415.0260009765625,415.0460021972656,415.1630065917969,415.2640014648438,415.377001953125,415.4950012207031,415.6450012207032,415.7029968261719,415.7529968261719,415.7679931640625,415.78599243164064,415.7659912109375,415.7729919433594,415.8649963378906,415.9510009765625,416.0350036621094,416.1530029296875,416.2972045898438,416.4092041015625,416.522802734375,416.6538024902344,416.71380615234375,416.7166076660157,416.6816040039063,416.6980041503906,416.71900634765626,416.8010009765625,416.8950012207032,417.0121643066406,417.1271606445313,417.2451599121094,417.2731628417969,417.31915893554685,417.3561767578125,417.34515991210935,417.33515625,417.34715576171874,417.3331604003906,417.2759826660157,417.1830017089844,417.0450012207031,416.908984375,416.84398193359374,416.8379821777344,416.87498168945314,416.9549865722656,417.0410217285156,417.0300231933594,417.022021484375,417.0320190429687,417.0318176269531,417.07379760742185,417.1177978515625,417.141796875,417.1617980957032,417.18999633789065,417.22999877929686,417.3717590332032,417.51976318359374,417.659765625,417.7817687988281,417.84376831054686,417.8490051269531,417.8350036621094,417.8240051269531,417.81000366210935,417.8080017089844,417.741064453125,417.6730651855469,417.5900634765625,417.5040649414062,417.4640441894532,417.4539855957031,417.4579833984375,417.47998046875,417.4879760742188,417.475,417.4489990234375,417.3585205078125,417.3105224609375,417.2265258789063,417.1695251464844,417.1445251464844,417.2100036621094,417.2130065917969,417.2410034179687,417.2590026855469,417.2660034179688,417.2692016601562,417.2658203125,417.2718200683594,417.2958190917969,417.334814453125,417.3266174316406,417.318994140625,417.3219970703125,417.2880004882812,417.2726623535156,417.2816589355469,417.3076599121094,417.36265869140624,417.4686584472656,417.5369995117188,417.64150390625,417.7374877929688,417.823486328125,417.846484375,417.896484375,417.9009826660157,417.9219970703125,417.9429992675781,417.8260009765625,417.672998046875,417.46099853515625,417.2859985351562,417.0889770507813,417.00697631835936,416.9629760742188,417.0029724121094,416.9789733886719,416.918994140625,416.8714538574219,416.78345947265626,416.6674621582032,416.5914611816406,416.5754638671875,416.58900146484376,416.65700073242186,416.63099975585936,416.5330017089844,416.4130004882812,416.3070007324219,416.1760009765625,416.1780029296875,416.2240051269531,416.2740051269531,416.25400390625,416.28900146484375,416.275,416.2950012207031,416.2529968261719,416.2869995117188,416.2460021972656,416.1980041503906,416.14594116210935,416.1809020996094,416.1730407714844,416.1940368652344,416.2320373535157,416.2580749511719,416.2671142578125,416.29697265625,416.2759765625,416.2799743652344,416.2329956054688,416.1905578613281,416.1695617675781,416.1655578613281,416.0935607910157,416.1433044433594,416.20374755859376,416.18974609375,416.2257446289062,416.27174072265626,416.2570007324219,416.1909973144531,416.1779968261719,416.1599975585938,416.1619995117188,416.155859375,416.1298583984375,416.1118591308594,416.080859375,416.0508605957031,416.0510009765625,416.15400390625,416.2408020019531,416.3138061523438,416.3997863769531,416.4282836914063,416.42328491210935,416.4044860839844,416.3754821777344,416.3794982910157,416.4109985351562,416.40849609375,416.4245178222656,416.4632995605469,416.4233032226563,416.385302734375,416.3918029785156,416.40478515625,416.4130065917969,416.5170043945312,416.6046630859375,416.6936645507813,416.7761596679687,416.8406188964844,416.8726196289063,416.9169616699219,416.94196166992185,416.9924621582031,417.0503234863281,417.0043212890625,416.83832397460935,416.7143249511719,416.54832763671874,416.406005859375,416.3770080566407,416.45900268554686,416.4909973144531,416.5426574707032,416.5286560058594,416.4696533203125,416.4056579589844,416.35166015625,416.2719970703125,416.19801635742186,416.1460205078125,416.0840393066407,415.97803955078126,415.9236633300781,415.9274230957032,415.9314208984375,415.9598022460938,415.9858032226563,415.9761840820312,415.9614074707032,415.918408203125,415.8710083007812,415.8428894042969,415.8028869628906,415.7038879394531,415.6328857421875,415.5928833007813,415.56000366210935,415.5900024414062,415.6520202636719,415.71002197265625,415.709423828125,415.7184204101562,415.6664184570312,415.6664001464844,415.6723999023437,415.6823791503906,415.7007995605469,415.7168029785156,415.7108032226562,415.6748046875,415.6934265136719,415.735009765625,415.7910095214844,415.8570068359375,415.9607666015625,416.05576171875,416.1317565917969,416.2197570800781,416.278759765625,416.35700073242185,416.40900268554685,416.48500366210936,416.53900146484375,416.5899963378906,416.6279968261719,416.634716796875,416.64271850585936,416.6467224121094,416.6707275390625,416.6767272949219,416.71900634765626,416.72900390625,416.7510009765625,416.7705993652344,416.7945983886719,416.8236022949219,416.84560546875,416.84404296875,416.8184448242188,416.79444580078126,416.75844116210936,416.72044067382814,416.7260009765625,416.7839965820313,416.8399963378906,416.9060180664063,416.9678161621094,417.0133605957032,417.0393615722657,417.041357421875,417.0153381347656,417.0145385742188,417.0069946289062,416.9929931640625,416.9919982910157,417.0159973144531,417.0519958496094,417.08399658203126,417.1260009765625,417.12099609375,417.1069946289063,417.05,417.02300415039065,416.9679992675781,416.9960021972656,417.04400634765625,417.143701171875,417.2046997070312,417.2736999511719,417.32371826171874,417.36371459960935,417.3863342285157,417.45033569335936,417.5013366699219,417.5793151855469,417.6833190917969,417.7429992675781,417.7529968261719,417.7779968261719,417.7360168457032,417.66001586914064,417.588037109375,417.5740356445313,417.5780395507812,417.60602416992185,417.6550231933594,417.7230041503906,417.7550048828125,417.7870056152344,417.8350036621094,417.8710021972656,417.90700073242186,417.9330200195312,417.91301879882815,417.9050170898437,417.91001586914064,417.9840148925781,418.072998046875,418.218994140625,418.35499267578126,418.5119934082031,418.6559936523437,418.80299072265626,418.8869934082031,418.9449951171875,418.997998046875,419.05999755859375,419.1409973144531,419.2549987792969,419.3669982910157,419.3969970703125,419.38099975585936,419.327001953125,419.29099731445314,419.272998046875,419.2825561523438,419.4435546875,419.5605529785156,419.70555419921874,419.8615539550781,420.0639953613281,420.0899963378906,420.1809997558594,420.2390014648437,420.3170043945312,420.3380065917969,420.3710083007812,420.3920043945312,420.45900268554686,420.4710021972657,420.5,420.50999755859374,420.4919982910157,420.4179992675781,420.38189697265625,420.3398986816407,420.3098999023438,420.3434814453125,420.3824829101562,420.41558227539065,420.442578125,420.4855773925781,420.4999938964844,420.4969909667969,420.47999267578126,420.5049926757813,420.4863159179688,420.4323364257813,420.3543212890625,420.26032104492185,420.1661254882813,420.0898010253906,420.08978271484375,420.07379760742185,420.1157958984375,420.1739929199219,420.1859924316406,420.1707946777344,420.2119995117188,420.252001953125,420.25160522460936,420.30860595703126,420.3558044433594,420.3946044921875,420.39060668945314,420.402001953125,420.4488037109375,420.4908020019531,420.5227966308594,420.5589538574219,420.5889587402344,420.5831604003906,420.5791442871094,420.5821472167969,420.58798828125,420.5869873046875,420.59898681640624,420.5870056152344,420.60400390625,420.6140014648437,420.63599853515626,420.6102355957031,420.55023193359375,420.4442321777344,420.3912353515625,420.3282348632813,420.2759948730469,420.2819946289063,420.27399291992185,420.2259887695312,420.1889709472656,420.1509704589844,420.1309509277344,420.1029541015625,420.06995849609376,420.01995849609375,420.061962890625,420.0619873046875,420.1139892578125,420.1719848632813,420.2300048828125,420.2340026855469,420.2460021972656,420.22999877929686,420.2010009765625,420.222998046875,420.24400024414064,420.2859985351562,420.3650024414063,420.4400024414063,420.4820068359375,420.4050048828125,420.3250061035157,420.2420043945313,420.1160034179687,419.95400390625,419.94300537109376,419.89300537109375,419.76800537109375,419.7222290039063,419.684228515625,419.46722412109375,419.3752197265625,419.376220703125,419.35199584960935,419.29799194335936,419.42099609375,419.4929992675781,419.5169982910156,419.5210021972656,419.5170043945312,419.5300048828125,419.4460021972656,419.2780029296875,419.1080017089844,418.9600036621094,418.7340026855469,418.5920043945313,418.4420043945312,418.3500061035156,418.3260070800781,418.2960083007813,418.2260314941406,418.1880310058594,418.02003173828126,417.88203125,417.7640319824219,417.7180114746094,417.71400756835936,417.8230041503906,417.90700073242186,418.0769958496094,418.2069946289063,418.425,418.597998046875,418.7219970703125,418.73200073242185,418.72999877929686,418.6879943847656,418.6719970703125,418.6700012207031,418.6859985351563,418.6859985351563,418.702001953125,418.66700439453126,418.62400512695314,418.6300048828125,418.5700073242188,418.4840026855469,418.4289978027344,418.4299926757813,418.37599487304686,418.3719909667969,418.3739929199219,418.3769958496094,418.3419982910156,418.297998046875,418.30499877929685,418.2779968261719,418.31499633789065,418.293994140625,418.2599914550781,418.3089904785156,418.3799926757813,418.4222106933594,418.4862121582031,418.6542114257812,418.6742126464844,418.6841918945312,418.6559753417969,418.6599731445313,418.58997802734376,418.53997802734375,418.4859985351562,418.4259948730469,418.3539978027344,418.1919982910157,418.0539978027344,417.9260009765625,417.8140014648437,417.6820007324219,417.7200012207031,417.7600036621094,417.8200012207032,417.9274230957032,418.0684265136719,418.132421875,418.21242065429686,418.2654235839844,418.30402221679685,418.3410217285156,418.4270263671875,418.4570251464844,418.4848205566406,418.5067993164063,418.543798828125,418.52979736328126,418.5518005371094,418.6150024414063,418.6870056152344,418.7420043945313,418.7980041503906,418.8383605957032,418.8484802246094,418.8024780273437,418.7562377929688,418.7362365722656,418.7518798828125,418.7835632324219,418.8375671386719,418.8918090820313,418.901806640625,418.9138061523437,418.9240051269532,418.9300048828125,418.8983032226562,418.86630859375,418.7983093261719,418.7203063964844,418.660302734375,418.65180053710935,418.68751831054686,418.7275146484375,418.7775146484375,418.8435180664063,418.8747192382813,418.8769958496094,418.8731994628906,418.8651977539063,418.8471984863281,418.8581970214844,418.8742004394532,418.8738220214844,418.8278259277344,418.78382568359376,418.7438293457032,418.7318298339844,418.7110046386719,418.7300048828125,418.7280029296875,418.73200073242185,418.7190002441406,418.7080017089844,418.7109802246094,418.6922180175781,418.676220703125,418.6692199707031,418.6682189941406,418.6262390136719,418.5990234375,418.5510192871094,418.4810180664063,418.4300170898438,418.4420166015625,418.4339965820312,418.4059997558594,418.3669982910157,418.3609985351562,418.3029968261719,418.2929931640625,418.3109924316406,418.3409973144532,418.3469970703125,418.3489990234375,418.3080017089844,418.227001953125,418.1320007324219,418.04200439453126,417.9607055664063,417.943701171875,417.9288391113281,417.9568359375,417.9788330078125,418.0363525390625,418.0303527832031,418.0441955566406,418.0061950683594,417.9941955566407,417.9529724121094,417.93897705078126,417.9089965820313,417.8669982910157,417.777001953125,417.7100036621094,417.7,417.7719970703125,417.8989990234375,418.0669982910157,418.2289978027344,418.3219970703125,418.35401611328126,418.37701416015625,418.3650146484375,418.2990173339844,418.2020202636719,418.1036437988281,417.9976440429688,417.8936401367188,417.8226379394531,417.8466369628906,417.8469970703125,417.8449951171875,417.8779968261719,417.9419982910157,417.9719970703125,418.02699584960936,418.075,418.1320007324219,418.1369995117187,418.1299987792969,418.14299926757815,418.1409973144531,418.1079956054688,418.0639953613281,418.0359985351562,417.98200073242185,417.9880004882813,418.02300415039065,418.1280029296875,418.2049987792969,418.30499877929685,418.4089965820313,418.468994140625,418.5079956054688,418.5659973144531,418.60999755859376,418.62200317382815,418.6510009765625,418.6330017089844,418.6080017089844,418.5760009765625,418.4950012207031,418.41400146484375,418.38099975585936,418.33099975585935,418.3019958496094,418.36399536132814,418.4359985351563,418.4929992675781,418.5780029296875,418.6450256347656,418.6580017089844,418.6619995117188,418.6720031738281,418.6345581054687,418.600537109375,418.5325561523438,418.47755737304686,418.4135559082032,418.3869995117187,418.3869567871094,418.42095947265625,418.42095947265625,418.41596069335935,418.3879577636719,418.3185791015625,418.2775817871094,418.2125610351562,418.1895568847656,418.1915588378906,418.1887817382813,418.1876770019532,418.2557006835938,418.3197021484375,418.3887023925781,418.45490112304685,418.5170043945312,418.5450012207031,418.5609985351563,418.56199951171874,418.597998046875,418.6219970703125,418.6389953613281,418.6169982910157,418.6159973144531,418.59599609375,418.55999755859375,418.5869995117188,418.64299926757815,418.68800048828126,418.74900512695314,418.831005859375,418.8550048828125,418.88902587890624,418.9170227050781,418.8620178222656,418.8420166015625,418.8290161132812,418.8119934082032,418.8929931640625,419.0889953613281,419.24799194335935,419.4049926757813,419.5659973144531,419.7330017089844,419.827001953125,419.9420043945312,420.0860046386719,420.2080017089844,420.1723571777344,420.1001403808594,419.9721374511719,419.7871398925781,419.617138671875,419.5417785644531,419.5257751464844,419.5587768554688,419.615576171875,419.65758056640624,419.6285827636719,419.5928039550781,419.5466247558594,419.4964233398438,419.3664184570313,419.29241943359375,419.2180969238281,419.1312744140625,419.04749755859376,418.9755004882812,418.89349975585935,418.8278198242188,418.7798217773437,418.7179992675781,418.64599609375,418.4359985351563,418.21422119140624,418.1352233886719,418.0662231445313,418.1462280273437,418.37822265625,418.6260009765625,418.7369995117188,418.8700012207031,418.9339965820312,418.9710021972657,419.0290222167969,0
  -415.1038818359375,415.10687866210935,415.06788330078126,415.0498840332031,415.0260009765625,415.0460021972656,415.1630065917969,415.2640014648438,415.377001953125,415.4950012207031,415.6450012207032,415.7029968261719,415.7529968261719,415.7679931640625,415.78599243164064,415.7659912109375,415.7729919433594,415.8649963378906,415.9510009765625,416.0350036621094,416.1530029296875,416.2972045898438,416.4092041015625,416.522802734375,416.6538024902344,416.71380615234375,416.7166076660157,416.6816040039063,416.6980041503906,416.71900634765626,416.8010009765625,416.8950012207032,417.0121643066406,417.1271606445313,417.2451599121094,417.2731628417969,417.31915893554685,417.3561767578125,417.34515991210935,417.33515625,417.34715576171874,417.3331604003906,417.2759826660157,417.1830017089844,417.0450012207031,416.908984375,416.84398193359374,416.8379821777344,416.87498168945314,416.9549865722656,417.0410217285156,417.0300231933594,417.022021484375,417.0320190429687,417.0318176269531,417.07379760742185,417.1177978515625,417.141796875,417.1617980957032,417.18999633789065,417.22999877929686,417.3717590332032,417.51976318359374,417.659765625,417.7817687988281,417.84376831054686,417.8490051269531,417.8350036621094,417.8240051269531,417.81000366210935,417.8080017089844,417.741064453125,417.6730651855469,417.5900634765625,417.5040649414062,417.4640441894532,417.4539855957031,417.4579833984375,417.47998046875,417.4879760742188,417.475,417.4489990234375,417.3585205078125,417.3105224609375,417.2265258789063,417.1695251464844,417.1445251464844,417.2100036621094,417.2130065917969,417.2410034179687,417.2590026855469,417.2660034179688,417.2692016601562,417.2658203125,417.2718200683594,417.2958190917969,417.334814453125,417.3266174316406,417.318994140625,417.3219970703125,417.2880004882812,417.2726623535156,417.2816589355469,417.3076599121094,417.36265869140624,417.4686584472656,417.5369995117188,417.64150390625,417.7374877929688,417.823486328125,417.846484375,417.896484375,417.9009826660157,417.9219970703125,417.9429992675781,417.8260009765625,417.672998046875,417.46099853515625,417.2859985351562,417.0889770507813,417.00697631835936,416.9629760742188,417.0029724121094,416.9789733886719,416.918994140625,416.8714538574219,416.78345947265626,416.6674621582032,416.5914611816406,416.5754638671875,416.58900146484376,416.65700073242186,416.63099975585936,416.5330017089844,416.4130004882812,416.3070007324219,416.1760009765625,416.1780029296875,416.2240051269531,416.2740051269531,416.25400390625,416.28900146484375,416.275,416.2950012207031,416.2529968261719,416.2869995117188,416.2460021972656,416.1980041503906,416.14594116210935,416.1809020996094,416.1730407714844,416.1940368652344,416.2320373535157,416.2580749511719,416.2671142578125,416.29697265625,416.2759765625,416.2799743652344,416.2329956054688,416.1905578613281,416.1695617675781,416.1655578613281,416.0935607910157,416.1433044433594,416.20374755859376,416.18974609375,416.2257446289062,416.27174072265626,416.2570007324219,416.1909973144531,416.1779968261719,416.1599975585938,416.1619995117188,416.155859375,416.1298583984375,416.1118591308594,416.080859375,416.0508605957031,416.0510009765625,416.15400390625,416.2408020019531,416.3138061523438,416.3997863769531,416.4282836914063,416.42328491210935,416.4044860839844,416.3754821777344,416.3794982910157,416.4109985351562,416.40849609375,416.4245178222656,416.4632995605469,416.4233032226563,416.385302734375,416.3918029785156,416.40478515625,416.4130065917969,416.5170043945312,416.6046630859375,416.6936645507813,416.7761596679687,416.8406188964844,416.8726196289063,416.9169616699219,416.94196166992185,416.9924621582031,417.0503234863281,417.0043212890625,416.83832397460935,416.7143249511719,416.54832763671874,416.406005859375,416.3770080566407,416.45900268554686,416.4909973144531,416.5426574707032,416.5286560058594,416.4696533203125,416.4056579589844,416.35166015625,416.2719970703125,416.19801635742186,416.1460205078125,416.0840393066407,415.97803955078126,415.9236633300781,415.9274230957032,415.9314208984375,415.9598022460938,415.9858032226563,415.9761840820312,415.9614074707032,415.918408203125,415.8710083007812,415.8428894042969,415.8028869628906,415.7038879394531,415.6328857421875,415.5928833007813,415.56000366210935,415.5900024414062,415.6520202636719,415.71002197265625,415.709423828125,415.7184204101562,415.6664184570312,415.6664001464844,415.6723999023437,415.6823791503906,415.7007995605469,415.7168029785156,415.7108032226562,415.6748046875,415.6934265136719,415.735009765625,415.7910095214844,415.8570068359375,415.9607666015625,416.05576171875,416.1317565917969,416.2197570800781,416.278759765625,416.35700073242185,416.40900268554685,416.48500366210936,416.53900146484375,416.5899963378906,416.6279968261719,416.634716796875,416.64271850585936,416.6467224121094,416.6707275390625,416.6767272949219,416.71900634765626,416.72900390625,416.7510009765625,416.7705993652344,416.7945983886719,416.8236022949219,416.84560546875,416.84404296875,416.8184448242188,416.79444580078126,416.75844116210936,416.72044067382814,416.7260009765625,416.7839965820313,416.8399963378906,416.9060180664063,416.9678161621094,417.0133605957032,417.0393615722657,417.041357421875,417.0153381347656,417.0145385742188,417.0069946289062,416.9929931640625,416.9919982910157,417.0159973144531,417.0519958496094,417.08399658203126,417.1260009765625,417.12099609375,417.1069946289063,417.05,417.02300415039065,416.9679992675781,416.9960021972656,417.04400634765625,417.143701171875,417.2046997070312,417.2736999511719,417.32371826171874,417.36371459960935,417.3863342285157,417.45033569335936,417.5013366699219,417.5793151855469,417.6833190917969,417.7429992675781,417.7529968261719,417.7779968261719,417.7360168457032,417.66001586914064,417.588037109375,417.5740356445313,417.5780395507812,417.60602416992185,417.6550231933594,417.7230041503906,417.7550048828125,417.7870056152344,417.8350036621094,417.8710021972656,417.90700073242186,417.9330200195312,417.91301879882815,417.9050170898437,417.91001586914064,417.9840148925781,418.072998046875,418.218994140625,418.35499267578126,418.5119934082031,418.6559936523437,418.80299072265626,418.8869934082031,418.9449951171875,418.997998046875,419.05999755859375,419.1409973144531,419.2549987792969,419.3669982910157,419.3969970703125,419.38099975585936,419.327001953125,419.29099731445314,419.272998046875,419.2825561523438,419.4435546875,419.5605529785156,419.70555419921874,419.8615539550781,420.0639953613281,420.0899963378906,420.1809997558594,420.2390014648437,420.3170043945312,420.3380065917969,420.3710083007812,420.3920043945312,420.45900268554686,420.4710021972657,420.5,420.50999755859374,420.4919982910157,420.4179992675781,420.38189697265625,420.3398986816407,420.3098999023438,420.3434814453125,420.3824829101562,420.41558227539065,420.442578125,420.4855773925781,420.4999938964844,420.4969909667969,420.47999267578126,420.5049926757813,420.4863159179688,420.4323364257813,420.3543212890625,420.26032104492185,420.1661254882813,420.0898010253906,420.08978271484375,420.07379760742185,420.1157958984375,420.1739929199219,420.1859924316406,420.1707946777344,420.2119995117188,420.252001953125,420.25160522460936,420.30860595703126,420.3558044433594,420.3946044921875,420.39060668945314,420.402001953125,420.4488037109375,420.4908020019531,420.5227966308594,420.5589538574219,420.5889587402344,420.5831604003906,420.5791442871094,420.5821472167969,420.58798828125,420.5869873046875,420.59898681640624,420.5870056152344,420.60400390625,420.6140014648437,420.63599853515626,420.6102355957031,420.55023193359375,420.4442321777344,420.3912353515625,420.3282348632813,420.2759948730469,420.2819946289063,420.27399291992185,420.2259887695312,420.1889709472656,420.1509704589844,420.1309509277344,420.1029541015625,420.06995849609376,420.01995849609375,420.061962890625,420.0619873046875,420.1139892578125,420.1719848632813,420.2300048828125,420.2340026855469,420.2460021972656,420.22999877929686,420.2010009765625,420.222998046875,420.24400024414064,420.2859985351562,420.3650024414063,420.4400024414063,420.4820068359375,420.4050048828125,420.3250061035157,420.2420043945313,420.1160034179687,419.95400390625,419.94300537109376,419.89300537109375,419.76800537109375,419.7222290039063,419.684228515625,419.46722412109375,419.3752197265625,419.376220703125,419.35199584960935,419.29799194335936,419.42099609375,419.4929992675781,419.5169982910156,419.5210021972656,419.5170043945312,419.5300048828125,419.4460021972656,419.2780029296875,419.1080017089844,418.9600036621094,418.7340026855469,418.5920043945313,418.4420043945312,418.3500061035156,418.3260070800781,418.2960083007813,418.2260314941406,418.1880310058594,418.02003173828126,417.88203125,417.7640319824219,417.7180114746094,417.71400756835936,417.8230041503906,417.90700073242186,418.0769958496094,418.2069946289063,418.425,418.597998046875,418.7219970703125,418.73200073242185,418.72999877929686,418.6879943847656,418.6719970703125,418.6700012207031,418.6859985351563,418.6859985351563,418.702001953125,418.66700439453126,418.62400512695314,418.6300048828125,418.5700073242188,418.4840026855469,418.4289978027344,418.4299926757813,418.37599487304686,418.3719909667969,418.3739929199219,418.3769958496094,418.3419982910156,418.297998046875,418.30499877929685,418.2779968261719,418.31499633789065,418.293994140625,418.2599914550781,418.3089904785156,418.3799926757813,418.4222106933594,418.4862121582031,418.6542114257812,418.6742126464844,418.6841918945312,418.6559753417969,418.6599731445313,418.58997802734376,418.53997802734375,418.4859985351562,418.4259948730469,418.3539978027344,418.1919982910157,418.0539978027344,417.9260009765625,417.8140014648437,417.6820007324219,417.7200012207031,417.7600036621094,417.8200012207032,417.9274230957032,418.0684265136719,418.132421875,418.21242065429686,418.2654235839844,418.30402221679685,418.3410217285156,418.4270263671875,418.4570251464844,418.4848205566406,418.5067993164063,418.543798828125,418.52979736328126,418.5518005371094,418.6150024414063,418.6870056152344,418.7420043945313,418.7980041503906,418.8383605957032,418.8484802246094,418.8024780273437,418.7562377929688,418.7362365722656,418.7518798828125,418.7835632324219,418.8375671386719,418.8918090820313,418.901806640625,418.9138061523437,418.9240051269532,418.9300048828125,418.8983032226562,418.86630859375,418.7983093261719,418.7203063964844,418.660302734375,418.65180053710935,418.68751831054686,418.7275146484375,418.7775146484375,418.8435180664063,418.8747192382813,418.8769958496094,418.8731994628906,418.8651977539063,418.8471984863281,418.8581970214844,418.8742004394532,418.8738220214844,418.8278259277344,418.78382568359376,418.7438293457032,418.7318298339844,418.7110046386719,418.7300048828125,418.7280029296875,418.73200073242185,418.7190002441406,418.7080017089844,418.7109802246094,418.6922180175781,418.676220703125,418.6692199707031,418.6682189941406,418.6262390136719,418.5990234375,418.5510192871094,418.4810180664063,418.4300170898438,418.4420166015625,418.4339965820312,418.4059997558594,418.3669982910157,418.3609985351562,418.3029968261719,418.2929931640625,418.3109924316406,418.3409973144532,418.3469970703125,418.3489990234375,418.3080017089844,418.227001953125,418.1320007324219,418.04200439453126,417.9607055664063,417.943701171875,417.9288391113281,417.9568359375,417.9788330078125,418.0363525390625,418.0303527832031,418.0441955566406,418.0061950683594,417.9941955566407,417.9529724121094,417.93897705078126,417.9089965820313,417.8669982910157,417.777001953125,417.7100036621094,417.7,417.7719970703125,417.8989990234375,418.0669982910157,418.2289978027344,418.3219970703125,418.35401611328126,418.37701416015625,418.3650146484375,418.2990173339844,418.2020202636719,418.1036437988281,417.9976440429688,417.8936401367188,417.8226379394531,417.8466369628906,417.8469970703125,417.8449951171875,417.8779968261719,417.9419982910157,417.9719970703125,418.02699584960936,418.075,418.1320007324219,418.1369995117187,418.1299987792969,418.14299926757815,418.1409973144531,418.1079956054688,418.0639953613281,418.0359985351562,417.98200073242185,417.9880004882813,418.02300415039065,418.1280029296875,418.2049987792969,418.30499877929685,418.4089965820313,418.468994140625,418.5079956054688,418.5659973144531,418.60999755859376,418.62200317382815,418.6510009765625,418.6330017089844,418.6080017089844,418.5760009765625,418.4950012207031,418.41400146484375,418.38099975585936,418.33099975585935,418.3019958496094,418.36399536132814,418.4359985351563,418.4929992675781,418.5780029296875,418.6450256347656,418.6580017089844,418.6619995117188,418.6720031738281,418.6345581054687,418.600537109375,418.5325561523438,418.47755737304686,418.4135559082032,418.3869995117187,418.3869567871094,418.42095947265625,418.42095947265625,418.41596069335935,418.3879577636719,418.3185791015625,418.2775817871094,418.2125610351562,418.1895568847656,418.1915588378906,418.1887817382813,418.1876770019532,418.2557006835938,418.3197021484375,418.3887023925781,418.45490112304685,418.5170043945312,418.5450012207031,418.5609985351563,418.56199951171874,418.597998046875,418.6219970703125,418.6389953613281,418.6169982910157,418.6159973144531,418.59599609375,418.55999755859375,418.5869995117188,418.64299926757815,418.68800048828126,418.74900512695314,418.831005859375,418.8550048828125,418.88902587890624,418.9170227050781,418.8620178222656,418.8420166015625,418.8290161132812,418.8119934082032,418.8929931640625,419.0889953613281,419.24799194335935,419.4049926757813,419.5659973144531,419.7330017089844,419.827001953125,419.9420043945312,420.0860046386719,420.2080017089844,420.1723571777344,420.1001403808594,419.9721374511719,419.7871398925781,419.617138671875,419.5417785644531,419.5257751464844,419.5587768554688,419.615576171875,419.65758056640624,419.6285827636719,419.5928039550781,419.5466247558594,419.4964233398438,419.3664184570313,419.29241943359375,419.2180969238281,419.1312744140625,419.04749755859376,418.9755004882812,418.89349975585935,418.8278198242188,418.7798217773437,418.7179992675781,418.64599609375,418.4359985351563,418.21422119140624,418.1352233886719,418.0662231445313,418.1462280273437,418.37822265625,418.6260009765625,418.7369995117188,418.8700012207031,418.9339965820312,418.9710021972657,419.0290222167969,419.0650207519531,1
  -415.1630065917969,415.2640014648438,415.377001953125,415.4950012207031,415.6450012207032,415.7029968261719,415.7529968261719,415.7679931640625,415.78599243164064,415.7659912109375,415.7729919433594,415.8649963378906,415.9510009765625,416.0350036621094,416.1530029296875,416.2972045898438,416.4092041015625,416.522802734375,416.6538024902344,416.71380615234375,416.7166076660157,416.6816040039063,416.6980041503906,416.71900634765626,416.8010009765625,416.8950012207032,417.0121643066406,417.1271606445313,417.2451599121094,417.2731628417969,417.31915893554685,417.3561767578125,417.34515991210935,417.33515625,417.34715576171874,417.3331604003906,417.2759826660157,417.1830017089844,417.0450012207031,416.908984375,416.84398193359374,416.8379821777344,416.87498168945314,416.9549865722656,417.0410217285156,417.0300231933594,417.022021484375,417.0320190429687,417.0318176269531,417.07379760742185,417.1177978515625,417.141796875,417.1617980957032,417.18999633789065,417.22999877929686,417.3717590332032,417.51976318359374,417.659765625,417.7817687988281,417.84376831054686,417.8490051269531,417.8350036621094,417.8240051269531,417.81000366210935,417.8080017089844,417.741064453125,417.6730651855469,417.5900634765625,417.5040649414062,417.4640441894532,417.4539855957031,417.4579833984375,417.47998046875,417.4879760742188,417.475,417.4489990234375,417.3585205078125,417.3105224609375,417.2265258789063,417.1695251464844,417.1445251464844,417.2100036621094,417.2130065917969,417.2410034179687,417.2590026855469,417.2660034179688,417.2692016601562,417.2658203125,417.2718200683594,417.2958190917969,417.334814453125,417.3266174316406,417.318994140625,417.3219970703125,417.2880004882812,417.2726623535156,417.2816589355469,417.3076599121094,417.36265869140624,417.4686584472656,417.5369995117188,417.64150390625,417.7374877929688,417.823486328125,417.846484375,417.896484375,417.9009826660157,417.9219970703125,417.9429992675781,417.8260009765625,417.672998046875,417.46099853515625,417.2859985351562,417.0889770507813,417.00697631835936,416.9629760742188,417.0029724121094,416.9789733886719,416.918994140625,416.8714538574219,416.78345947265626,416.6674621582032,416.5914611816406,416.5754638671875,416.58900146484376,416.65700073242186,416.63099975585936,416.5330017089844,416.4130004882812,416.3070007324219,416.1760009765625,416.1780029296875,416.2240051269531,416.2740051269531,416.25400390625,416.28900146484375,416.275,416.2950012207031,416.2529968261719,416.2869995117188,416.2460021972656,416.1980041503906,416.14594116210935,416.1809020996094,416.1730407714844,416.1940368652344,416.2320373535157,416.2580749511719,416.2671142578125,416.29697265625,416.2759765625,416.2799743652344,416.2329956054688,416.1905578613281,416.1695617675781,416.1655578613281,416.0935607910157,416.1433044433594,416.20374755859376,416.18974609375,416.2257446289062,416.27174072265626,416.2570007324219,416.1909973144531,416.1779968261719,416.1599975585938,416.1619995117188,416.155859375,416.1298583984375,416.1118591308594,416.080859375,416.0508605957031,416.0510009765625,416.15400390625,416.2408020019531,416.3138061523438,416.3997863769531,416.4282836914063,416.42328491210935,416.4044860839844,416.3754821777344,416.3794982910157,416.4109985351562,416.40849609375,416.4245178222656,416.4632995605469,416.4233032226563,416.385302734375,416.3918029785156,416.40478515625,416.4130065917969,416.5170043945312,416.6046630859375,416.6936645507813,416.7761596679687,416.8406188964844,416.8726196289063,416.9169616699219,416.94196166992185,416.9924621582031,417.0503234863281,417.0043212890625,416.83832397460935,416.7143249511719,416.54832763671874,416.406005859375,416.3770080566407,416.45900268554686,416.4909973144531,416.5426574707032,416.5286560058594,416.4696533203125,416.4056579589844,416.35166015625,416.2719970703125,416.19801635742186,416.1460205078125,416.0840393066407,415.97803955078126,415.9236633300781,415.9274230957032,415.9314208984375,415.9598022460938,415.9858032226563,415.9761840820312,415.9614074707032,415.918408203125,415.8710083007812,415.8428894042969,415.8028869628906,415.7038879394531,415.6328857421875,415.5928833007813,415.56000366210935,415.5900024414062,415.6520202636719,415.71002197265625,415.709423828125,415.7184204101562,415.6664184570312,415.6664001464844,415.6723999023437,415.6823791503906,415.7007995605469,415.7168029785156,415.7108032226562,415.6748046875,415.6934265136719,415.735009765625,415.7910095214844,415.8570068359375,415.9607666015625,416.05576171875,416.1317565917969,416.2197570800781,416.278759765625,416.35700073242185,416.40900268554685,416.48500366210936,416.53900146484375,416.5899963378906,416.6279968261719,416.634716796875,416.64271850585936,416.6467224121094,416.6707275390625,416.6767272949219,416.71900634765626,416.72900390625,416.7510009765625,416.7705993652344,416.7945983886719,416.8236022949219,416.84560546875,416.84404296875,416.8184448242188,416.79444580078126,416.75844116210936,416.72044067382814,416.7260009765625,416.7839965820313,416.8399963378906,416.9060180664063,416.9678161621094,417.0133605957032,417.0393615722657,417.041357421875,417.0153381347656,417.0145385742188,417.0069946289062,416.9929931640625,416.9919982910157,417.0159973144531,417.0519958496094,417.08399658203126,417.1260009765625,417.12099609375,417.1069946289063,417.05,417.02300415039065,416.9679992675781,416.9960021972656,417.04400634765625,417.143701171875,417.2046997070312,417.2736999511719,417.32371826171874,417.36371459960935,417.3863342285157,417.45033569335936,417.5013366699219,417.5793151855469,417.6833190917969,417.7429992675781,417.7529968261719,417.7779968261719,417.7360168457032,417.66001586914064,417.588037109375,417.5740356445313,417.5780395507812,417.60602416992185,417.6550231933594,417.7230041503906,417.7550048828125,417.7870056152344,417.8350036621094,417.8710021972656,417.90700073242186,417.9330200195312,417.91301879882815,417.9050170898437,417.91001586914064,417.9840148925781,418.072998046875,418.218994140625,418.35499267578126,418.5119934082031,418.6559936523437,418.80299072265626,418.8869934082031,418.9449951171875,418.997998046875,419.05999755859375,419.1409973144531,419.2549987792969,419.3669982910157,419.3969970703125,419.38099975585936,419.327001953125,419.29099731445314,419.272998046875,419.2825561523438,419.4435546875,419.5605529785156,419.70555419921874,419.8615539550781,420.0639953613281,420.0899963378906,420.1809997558594,420.2390014648437,420.3170043945312,420.3380065917969,420.3710083007812,420.3920043945312,420.45900268554686,420.4710021972657,420.5,420.50999755859374,420.4919982910157,420.4179992675781,420.38189697265625,420.3398986816407,420.3098999023438,420.3434814453125,420.3824829101562,420.41558227539065,420.442578125,420.4855773925781,420.4999938964844,420.4969909667969,420.47999267578126,420.5049926757813,420.4863159179688,420.4323364257813,420.3543212890625,420.26032104492185,420.1661254882813,420.0898010253906,420.08978271484375,420.07379760742185,420.1157958984375,420.1739929199219,420.1859924316406,420.1707946777344,420.2119995117188,420.252001953125,420.25160522460936,420.30860595703126,420.3558044433594,420.3946044921875,420.39060668945314,420.402001953125,420.4488037109375,420.4908020019531,420.5227966308594,420.5589538574219,420.5889587402344,420.5831604003906,420.5791442871094,420.5821472167969,420.58798828125,420.5869873046875,420.59898681640624,420.5870056152344,420.60400390625,420.6140014648437,420.63599853515626,420.6102355957031,420.55023193359375,420.4442321777344,420.3912353515625,420.3282348632813,420.2759948730469,420.2819946289063,420.27399291992185,420.2259887695312,420.1889709472656,420.1509704589844,420.1309509277344,420.1029541015625,420.06995849609376,420.01995849609375,420.061962890625,420.0619873046875,420.1139892578125,420.1719848632813,420.2300048828125,420.2340026855469,420.2460021972656,420.22999877929686,420.2010009765625,420.222998046875,420.24400024414064,420.2859985351562,420.3650024414063,420.4400024414063,420.4820068359375,420.4050048828125,420.3250061035157,420.2420043945313,420.1160034179687,419.95400390625,419.94300537109376,419.89300537109375,419.76800537109375,419.7222290039063,419.684228515625,419.46722412109375,419.3752197265625,419.376220703125,419.35199584960935,419.29799194335936,419.42099609375,419.4929992675781,419.5169982910156,419.5210021972656,419.5170043945312,419.5300048828125,419.4460021972656,419.2780029296875,419.1080017089844,418.9600036621094,418.7340026855469,418.5920043945313,418.4420043945312,418.3500061035156,418.3260070800781,418.2960083007813,418.2260314941406,418.1880310058594,418.02003173828126,417.88203125,417.7640319824219,417.7180114746094,417.71400756835936,417.8230041503906,417.90700073242186,418.0769958496094,418.2069946289063,418.425,418.597998046875,418.7219970703125,418.73200073242185,418.72999877929686,418.6879943847656,418.6719970703125,418.6700012207031,418.6859985351563,418.6859985351563,418.702001953125,418.66700439453126,418.62400512695314,418.6300048828125,418.5700073242188,418.4840026855469,418.4289978027344,418.4299926757813,418.37599487304686,418.3719909667969,418.3739929199219,418.3769958496094,418.3419982910156,418.297998046875,418.30499877929685,418.2779968261719,418.31499633789065,418.293994140625,418.2599914550781,418.3089904785156,418.3799926757813,418.4222106933594,418.4862121582031,418.6542114257812,418.6742126464844,418.6841918945312,418.6559753417969,418.6599731445313,418.58997802734376,418.53997802734375,418.4859985351562,418.4259948730469,418.3539978027344,418.1919982910157,418.0539978027344,417.9260009765625,417.8140014648437,417.6820007324219,417.7200012207031,417.7600036621094,417.8200012207032,417.9274230957032,418.0684265136719,418.132421875,418.21242065429686,418.2654235839844,418.30402221679685,418.3410217285156,418.4270263671875,418.4570251464844,418.4848205566406,418.5067993164063,418.543798828125,418.52979736328126,418.5518005371094,418.6150024414063,418.6870056152344,418.7420043945313,418.7980041503906,418.8383605957032,418.8484802246094,418.8024780273437,418.7562377929688,418.7362365722656,418.7518798828125,418.7835632324219,418.8375671386719,418.8918090820313,418.901806640625,418.9138061523437,418.9240051269532,418.9300048828125,418.8983032226562,418.86630859375,418.7983093261719,418.7203063964844,418.660302734375,418.65180053710935,418.68751831054686,418.7275146484375,418.7775146484375,418.8435180664063,418.8747192382813,418.8769958496094,418.8731994628906,418.8651977539063,418.8471984863281,418.8581970214844,418.8742004394532,418.8738220214844,418.8278259277344,418.78382568359376,418.7438293457032,418.7318298339844,418.7110046386719,418.7300048828125,418.7280029296875,418.73200073242185,418.7190002441406,418.7080017089844,418.7109802246094,418.6922180175781,418.676220703125,418.6692199707031,418.6682189941406,418.6262390136719,418.5990234375,418.5510192871094,418.4810180664063,418.4300170898438,418.4420166015625,418.4339965820312,418.4059997558594,418.3669982910157,418.3609985351562,418.3029968261719,418.2929931640625,418.3109924316406,418.3409973144532,418.3469970703125,418.3489990234375,418.3080017089844,418.227001953125,418.1320007324219,418.04200439453126,417.9607055664063,417.943701171875,417.9288391113281,417.9568359375,417.9788330078125,418.0363525390625,418.0303527832031,418.0441955566406,418.0061950683594,417.9941955566407,417.9529724121094,417.93897705078126,417.9089965820313,417.8669982910157,417.777001953125,417.7100036621094,417.7,417.7719970703125,417.8989990234375,418.0669982910157,418.2289978027344,418.3219970703125,418.35401611328126,418.37701416015625,418.3650146484375,418.2990173339844,418.2020202636719,418.1036437988281,417.9976440429688,417.8936401367188,417.8226379394531,417.8466369628906,417.8469970703125,417.8449951171875,417.8779968261719,417.9419982910157,417.9719970703125,418.02699584960936,418.075,418.1320007324219,418.1369995117187,418.1299987792969,418.14299926757815,418.1409973144531,418.1079956054688,418.0639953613281,418.0359985351562,417.98200073242185,417.9880004882813,418.02300415039065,418.1280029296875,418.2049987792969,418.30499877929685,418.4089965820313,418.468994140625,418.5079956054688,418.5659973144531,418.60999755859376,418.62200317382815,418.6510009765625,418.6330017089844,418.6080017089844,418.5760009765625,418.4950012207031,418.41400146484375,418.38099975585936,418.33099975585935,418.3019958496094,418.36399536132814,418.4359985351563,418.4929992675781,418.5780029296875,418.6450256347656,418.6580017089844,418.6619995117188,418.6720031738281,418.6345581054687,418.600537109375,418.5325561523438,418.47755737304686,418.4135559082032,418.3869995117187,418.3869567871094,418.42095947265625,418.42095947265625,418.41596069335935,418.3879577636719,418.3185791015625,418.2775817871094,418.2125610351562,418.1895568847656,418.1915588378906,418.1887817382813,418.1876770019532,418.2557006835938,418.3197021484375,418.3887023925781,418.45490112304685,418.5170043945312,418.5450012207031,418.5609985351563,418.56199951171874,418.597998046875,418.6219970703125,418.6389953613281,418.6169982910157,418.6159973144531,418.59599609375,418.55999755859375,418.5869995117188,418.64299926757815,418.68800048828126,418.74900512695314,418.831005859375,418.8550048828125,418.88902587890624,418.9170227050781,418.8620178222656,418.8420166015625,418.8290161132812,418.8119934082032,418.8929931640625,419.0889953613281,419.24799194335935,419.4049926757813,419.5659973144531,419.7330017089844,419.827001953125,419.9420043945312,420.0860046386719,420.2080017089844,420.1723571777344,420.1001403808594,419.9721374511719,419.7871398925781,419.617138671875,419.5417785644531,419.5257751464844,419.5587768554688,419.615576171875,419.65758056640624,419.6285827636719,419.5928039550781,419.5466247558594,419.4964233398438,419.3664184570313,419.29241943359375,419.2180969238281,419.1312744140625,419.04749755859376,418.9755004882812,418.89349975585935,418.8278198242188,418.7798217773437,418.7179992675781,418.64599609375,418.4359985351563,418.21422119140624,418.1352233886719,418.0662231445313,418.1462280273437,418.37822265625,418.6260009765625,418.7369995117188,418.8700012207031,418.9339965820312,418.9710021972657,419.0290222167969,419.0650207519531,419.0773559570313,419.05335693359376,419.0803527832031,419.10491333007815,419.13063354492186,419.1472961425781,0
  -415.377001953125,415.4950012207031,415.6450012207032,415.7029968261719,415.7529968261719,415.7679931640625,415.78599243164064,415.7659912109375,415.7729919433594,415.8649963378906,415.9510009765625,416.0350036621094,416.1530029296875,416.2972045898438,416.4092041015625,416.522802734375,416.6538024902344,416.71380615234375,416.7166076660157,416.6816040039063,416.6980041503906,416.71900634765626,416.8010009765625,416.8950012207032,417.0121643066406,417.1271606445313,417.2451599121094,417.2731628417969,417.31915893554685,417.3561767578125,417.34515991210935,417.33515625,417.34715576171874,417.3331604003906,417.2759826660157,417.1830017089844,417.0450012207031,416.908984375,416.84398193359374,416.8379821777344,416.87498168945314,416.9549865722656,417.0410217285156,417.0300231933594,417.022021484375,417.0320190429687,417.0318176269531,417.07379760742185,417.1177978515625,417.141796875,417.1617980957032,417.18999633789065,417.22999877929686,417.3717590332032,417.51976318359374,417.659765625,417.7817687988281,417.84376831054686,417.8490051269531,417.8350036621094,417.8240051269531,417.81000366210935,417.8080017089844,417.741064453125,417.6730651855469,417.5900634765625,417.5040649414062,417.4640441894532,417.4539855957031,417.4579833984375,417.47998046875,417.4879760742188,417.475,417.4489990234375,417.3585205078125,417.3105224609375,417.2265258789063,417.1695251464844,417.1445251464844,417.2100036621094,417.2130065917969,417.2410034179687,417.2590026855469,417.2660034179688,417.2692016601562,417.2658203125,417.2718200683594,417.2958190917969,417.334814453125,417.3266174316406,417.318994140625,417.3219970703125,417.2880004882812,417.2726623535156,417.2816589355469,417.3076599121094,417.36265869140624,417.4686584472656,417.5369995117188,417.64150390625,417.7374877929688,417.823486328125,417.846484375,417.896484375,417.9009826660157,417.9219970703125,417.9429992675781,417.8260009765625,417.672998046875,417.46099853515625,417.2859985351562,417.0889770507813,417.00697631835936,416.9629760742188,417.0029724121094,416.9789733886719,416.918994140625,416.8714538574219,416.78345947265626,416.6674621582032,416.5914611816406,416.5754638671875,416.58900146484376,416.65700073242186,416.63099975585936,416.5330017089844,416.4130004882812,416.3070007324219,416.1760009765625,416.1780029296875,416.2240051269531,416.2740051269531,416.25400390625,416.28900146484375,416.275,416.2950012207031,416.2529968261719,416.2869995117188,416.2460021972656,416.1980041503906,416.14594116210935,416.1809020996094,416.1730407714844,416.1940368652344,416.2320373535157,416.2580749511719,416.2671142578125,416.29697265625,416.2759765625,416.2799743652344,416.2329956054688,416.1905578613281,416.1695617675781,416.1655578613281,416.0935607910157,416.1433044433594,416.20374755859376,416.18974609375,416.2257446289062,416.27174072265626,416.2570007324219,416.1909973144531,416.1779968261719,416.1599975585938,416.1619995117188,416.155859375,416.1298583984375,416.1118591308594,416.080859375,416.0508605957031,416.0510009765625,416.15400390625,416.2408020019531,416.3138061523438,416.3997863769531,416.4282836914063,416.42328491210935,416.4044860839844,416.3754821777344,416.3794982910157,416.4109985351562,416.40849609375,416.4245178222656,416.4632995605469,416.4233032226563,416.385302734375,416.3918029785156,416.40478515625,416.4130065917969,416.5170043945312,416.6046630859375,416.6936645507813,416.7761596679687,416.8406188964844,416.8726196289063,416.9169616699219,416.94196166992185,416.9924621582031,417.0503234863281,417.0043212890625,416.83832397460935,416.7143249511719,416.54832763671874,416.406005859375,416.3770080566407,416.45900268554686,416.4909973144531,416.5426574707032,416.5286560058594,416.4696533203125,416.4056579589844,416.35166015625,416.2719970703125,416.19801635742186,416.1460205078125,416.0840393066407,415.97803955078126,415.9236633300781,415.9274230957032,415.9314208984375,415.9598022460938,415.9858032226563,415.9761840820312,415.9614074707032,415.918408203125,415.8710083007812,415.8428894042969,415.8028869628906,415.7038879394531,415.6328857421875,415.5928833007813,415.56000366210935,415.5900024414062,415.6520202636719,415.71002197265625,415.709423828125,415.7184204101562,415.6664184570312,415.6664001464844,415.6723999023437,415.6823791503906,415.7007995605469,415.7168029785156,415.7108032226562,415.6748046875,415.6934265136719,415.735009765625,415.7910095214844,415.8570068359375,415.9607666015625,416.05576171875,416.1317565917969,416.2197570800781,416.278759765625,416.35700073242185,416.40900268554685,416.48500366210936,416.53900146484375,416.5899963378906,416.6279968261719,416.634716796875,416.64271850585936,416.6467224121094,416.6707275390625,416.6767272949219,416.71900634765626,416.72900390625,416.7510009765625,416.7705993652344,416.7945983886719,416.8236022949219,416.84560546875,416.84404296875,416.8184448242188,416.79444580078126,416.75844116210936,416.72044067382814,416.7260009765625,416.7839965820313,416.8399963378906,416.9060180664063,416.9678161621094,417.0133605957032,417.0393615722657,417.041357421875,417.0153381347656,417.0145385742188,417.0069946289062,416.9929931640625,416.9919982910157,417.0159973144531,417.0519958496094,417.08399658203126,417.1260009765625,417.12099609375,417.1069946289063,417.05,417.02300415039065,416.9679992675781,416.9960021972656,417.04400634765625,417.143701171875,417.2046997070312,417.2736999511719,417.32371826171874,417.36371459960935,417.3863342285157,417.45033569335936,417.5013366699219,417.5793151855469,417.6833190917969,417.7429992675781,417.7529968261719,417.7779968261719,417.7360168457032,417.66001586914064,417.588037109375,417.5740356445313,417.5780395507812,417.60602416992185,417.6550231933594,417.7230041503906,417.7550048828125,417.7870056152344,417.8350036621094,417.8710021972656,417.90700073242186,417.9330200195312,417.91301879882815,417.9050170898437,417.91001586914064,417.9840148925781,418.072998046875,418.218994140625,418.35499267578126,418.5119934082031,418.6559936523437,418.80299072265626,418.8869934082031,418.9449951171875,418.997998046875,419.05999755859375,419.1409973144531,419.2549987792969,419.3669982910157,419.3969970703125,419.38099975585936,419.327001953125,419.29099731445314,419.272998046875,419.2825561523438,419.4435546875,419.5605529785156,419.70555419921874,419.8615539550781,420.0639953613281,420.0899963378906,420.1809997558594,420.2390014648437,420.3170043945312,420.3380065917969,420.3710083007812,420.3920043945312,420.45900268554686,420.4710021972657,420.5,420.50999755859374,420.4919982910157,420.4179992675781,420.38189697265625,420.3398986816407,420.3098999023438,420.3434814453125,420.3824829101562,420.41558227539065,420.442578125,420.4855773925781,420.4999938964844,420.4969909667969,420.47999267578126,420.5049926757813,420.4863159179688,420.4323364257813,420.3543212890625,420.26032104492185,420.1661254882813,420.0898010253906,420.08978271484375,420.07379760742185,420.1157958984375,420.1739929199219,420.1859924316406,420.1707946777344,420.2119995117188,420.252001953125,420.25160522460936,420.30860595703126,420.3558044433594,420.3946044921875,420.39060668945314,420.402001953125,420.4488037109375,420.4908020019531,420.5227966308594,420.5589538574219,420.5889587402344,420.5831604003906,420.5791442871094,420.5821472167969,420.58798828125,420.5869873046875,420.59898681640624,420.5870056152344,420.60400390625,420.6140014648437,420.63599853515626,420.6102355957031,420.55023193359375,420.4442321777344,420.3912353515625,420.3282348632813,420.2759948730469,420.2819946289063,420.27399291992185,420.2259887695312,420.1889709472656,420.1509704589844,420.1309509277344,420.1029541015625,420.06995849609376,420.01995849609375,420.061962890625,420.0619873046875,420.1139892578125,420.1719848632813,420.2300048828125,420.2340026855469,420.2460021972656,420.22999877929686,420.2010009765625,420.222998046875,420.24400024414064,420.2859985351562,420.3650024414063,420.4400024414063,420.4820068359375,420.4050048828125,420.3250061035157,420.2420043945313,420.1160034179687,419.95400390625,419.94300537109376,419.89300537109375,419.76800537109375,419.7222290039063,419.684228515625,419.46722412109375,419.3752197265625,419.376220703125,419.35199584960935,419.29799194335936,419.42099609375,419.4929992675781,419.5169982910156,419.5210021972656,419.5170043945312,419.5300048828125,419.4460021972656,419.2780029296875,419.1080017089844,418.9600036621094,418.7340026855469,418.5920043945313,418.4420043945312,418.3500061035156,418.3260070800781,418.2960083007813,418.2260314941406,418.1880310058594,418.02003173828126,417.88203125,417.7640319824219,417.7180114746094,417.71400756835936,417.8230041503906,417.90700073242186,418.0769958496094,418.2069946289063,418.425,418.597998046875,418.7219970703125,418.73200073242185,418.72999877929686,418.6879943847656,418.6719970703125,418.6700012207031,418.6859985351563,418.6859985351563,418.702001953125,418.66700439453126,418.62400512695314,418.6300048828125,418.5700073242188,418.4840026855469,418.4289978027344,418.4299926757813,418.37599487304686,418.3719909667969,418.3739929199219,418.3769958496094,418.3419982910156,418.297998046875,418.30499877929685,418.2779968261719,418.31499633789065,418.293994140625,418.2599914550781,418.3089904785156,418.3799926757813,418.4222106933594,418.4862121582031,418.6542114257812,418.6742126464844,418.6841918945312,418.6559753417969,418.6599731445313,418.58997802734376,418.53997802734375,418.4859985351562,418.4259948730469,418.3539978027344,418.1919982910157,418.0539978027344,417.9260009765625,417.8140014648437,417.6820007324219,417.7200012207031,417.7600036621094,417.8200012207032,417.9274230957032,418.0684265136719,418.132421875,418.21242065429686,418.2654235839844,418.30402221679685,418.3410217285156,418.4270263671875,418.4570251464844,418.4848205566406,418.5067993164063,418.543798828125,418.52979736328126,418.5518005371094,418.6150024414063,418.6870056152344,418.7420043945313,418.7980041503906,418.8383605957032,418.8484802246094,418.8024780273437,418.7562377929688,418.7362365722656,418.7518798828125,418.7835632324219,418.8375671386719,418.8918090820313,418.901806640625,418.9138061523437,418.9240051269532,418.9300048828125,418.8983032226562,418.86630859375,418.7983093261719,418.7203063964844,418.660302734375,418.65180053710935,418.68751831054686,418.7275146484375,418.7775146484375,418.8435180664063,418.8747192382813,418.8769958496094,418.8731994628906,418.8651977539063,418.8471984863281,418.8581970214844,418.8742004394532,418.8738220214844,418.8278259277344,418.78382568359376,418.7438293457032,418.7318298339844,418.7110046386719,418.7300048828125,418.7280029296875,418.73200073242185,418.7190002441406,418.7080017089844,418.7109802246094,418.6922180175781,418.676220703125,418.6692199707031,418.6682189941406,418.6262390136719,418.5990234375,418.5510192871094,418.4810180664063,418.4300170898438,418.4420166015625,418.4339965820312,418.4059997558594,418.3669982910157,418.3609985351562,418.3029968261719,418.2929931640625,418.3109924316406,418.3409973144532,418.3469970703125,418.3489990234375,418.3080017089844,418.227001953125,418.1320007324219,418.04200439453126,417.9607055664063,417.943701171875,417.9288391113281,417.9568359375,417.9788330078125,418.0363525390625,418.0303527832031,418.0441955566406,418.0061950683594,417.9941955566407,417.9529724121094,417.93897705078126,417.9089965820313,417.8669982910157,417.777001953125,417.7100036621094,417.7,417.7719970703125,417.8989990234375,418.0669982910157,418.2289978027344,418.3219970703125,418.35401611328126,418.37701416015625,418.3650146484375,418.2990173339844,418.2020202636719,418.1036437988281,417.9976440429688,417.8936401367188,417.8226379394531,417.8466369628906,417.8469970703125,417.8449951171875,417.8779968261719,417.9419982910157,417.9719970703125,418.02699584960936,418.075,418.1320007324219,418.1369995117187,418.1299987792969,418.14299926757815,418.1409973144531,418.1079956054688,418.0639953613281,418.0359985351562,417.98200073242185,417.9880004882813,418.02300415039065,418.1280029296875,418.2049987792969,418.30499877929685,418.4089965820313,418.468994140625,418.5079956054688,418.5659973144531,418.60999755859376,418.62200317382815,418.6510009765625,418.6330017089844,418.6080017089844,418.5760009765625,418.4950012207031,418.41400146484375,418.38099975585936,418.33099975585935,418.3019958496094,418.36399536132814,418.4359985351563,418.4929992675781,418.5780029296875,418.6450256347656,418.6580017089844,418.6619995117188,418.6720031738281,418.6345581054687,418.600537109375,418.5325561523438,418.47755737304686,418.4135559082032,418.3869995117187,418.3869567871094,418.42095947265625,418.42095947265625,418.41596069335935,418.3879577636719,418.3185791015625,418.2775817871094,418.2125610351562,418.1895568847656,418.1915588378906,418.1887817382813,418.1876770019532,418.2557006835938,418.3197021484375,418.3887023925781,418.45490112304685,418.5170043945312,418.5450012207031,418.5609985351563,418.56199951171874,418.597998046875,418.6219970703125,418.6389953613281,418.6169982910157,418.6159973144531,418.59599609375,418.55999755859375,418.5869995117188,418.64299926757815,418.68800048828126,418.74900512695314,418.831005859375,418.8550048828125,418.88902587890624,418.9170227050781,418.8620178222656,418.8420166015625,418.8290161132812,418.8119934082032,418.8929931640625,419.0889953613281,419.24799194335935,419.4049926757813,419.5659973144531,419.7330017089844,419.827001953125,419.9420043945312,420.0860046386719,420.2080017089844,420.1723571777344,420.1001403808594,419.9721374511719,419.7871398925781,419.617138671875,419.5417785644531,419.5257751464844,419.5587768554688,419.615576171875,419.65758056640624,419.6285827636719,419.5928039550781,419.5466247558594,419.4964233398438,419.3664184570313,419.29241943359375,419.2180969238281,419.1312744140625,419.04749755859376,418.9755004882812,418.89349975585935,418.8278198242188,418.7798217773437,418.7179992675781,418.64599609375,418.4359985351563,418.21422119140624,418.1352233886719,418.0662231445313,418.1462280273437,418.37822265625,418.6260009765625,418.7369995117188,418.8700012207031,418.9339965820312,418.9710021972657,419.0290222167969,419.0650207519531,419.0773559570313,419.05335693359376,419.0803527832031,419.10491333007815,419.13063354492186,419.1472961425781,419.21729736328126,419.231298828125,1
  -415.6450012207032,415.7029968261719,415.7529968261719,415.7679931640625,415.78599243164064,415.7659912109375,415.7729919433594,415.8649963378906,415.9510009765625,416.0350036621094,416.1530029296875,416.2972045898438,416.4092041015625,416.522802734375,416.6538024902344,416.71380615234375,416.7166076660157,416.6816040039063,416.6980041503906,416.71900634765626,416.8010009765625,416.8950012207032,417.0121643066406,417.1271606445313,417.2451599121094,417.2731628417969,417.31915893554685,417.3561767578125,417.34515991210935,417.33515625,417.34715576171874,417.3331604003906,417.2759826660157,417.1830017089844,417.0450012207031,416.908984375,416.84398193359374,416.8379821777344,416.87498168945314,416.9549865722656,417.0410217285156,417.0300231933594,417.022021484375,417.0320190429687,417.0318176269531,417.07379760742185,417.1177978515625,417.141796875,417.1617980957032,417.18999633789065,417.22999877929686,417.3717590332032,417.51976318359374,417.659765625,417.7817687988281,417.84376831054686,417.8490051269531,417.8350036621094,417.8240051269531,417.81000366210935,417.8080017089844,417.741064453125,417.6730651855469,417.5900634765625,417.5040649414062,417.4640441894532,417.4539855957031,417.4579833984375,417.47998046875,417.4879760742188,417.475,417.4489990234375,417.3585205078125,417.3105224609375,417.2265258789063,417.1695251464844,417.1445251464844,417.2100036621094,417.2130065917969,417.2410034179687,417.2590026855469,417.2660034179688,417.2692016601562,417.2658203125,417.2718200683594,417.2958190917969,417.334814453125,417.3266174316406,417.318994140625,417.3219970703125,417.2880004882812,417.2726623535156,417.2816589355469,417.3076599121094,417.36265869140624,417.4686584472656,417.5369995117188,417.64150390625,417.7374877929688,417.823486328125,417.846484375,417.896484375,417.9009826660157,417.9219970703125,417.9429992675781,417.8260009765625,417.672998046875,417.46099853515625,417.2859985351562,417.0889770507813,417.00697631835936,416.9629760742188,417.0029724121094,416.9789733886719,416.918994140625,416.8714538574219,416.78345947265626,416.6674621582032,416.5914611816406,416.5754638671875,416.58900146484376,416.65700073242186,416.63099975585936,416.5330017089844,416.4130004882812,416.3070007324219,416.1760009765625,416.1780029296875,416.2240051269531,416.2740051269531,416.25400390625,416.28900146484375,416.275,416.2950012207031,416.2529968261719,416.2869995117188,416.2460021972656,416.1980041503906,416.14594116210935,416.1809020996094,416.1730407714844,416.1940368652344,416.2320373535157,416.2580749511719,416.2671142578125,416.29697265625,416.2759765625,416.2799743652344,416.2329956054688,416.1905578613281,416.1695617675781,416.1655578613281,416.0935607910157,416.1433044433594,416.20374755859376,416.18974609375,416.2257446289062,416.27174072265626,416.2570007324219,416.1909973144531,416.1779968261719,416.1599975585938,416.1619995117188,416.155859375,416.1298583984375,416.1118591308594,416.080859375,416.0508605957031,416.0510009765625,416.15400390625,416.2408020019531,416.3138061523438,416.3997863769531,416.4282836914063,416.42328491210935,416.4044860839844,416.3754821777344,416.3794982910157,416.4109985351562,416.40849609375,416.4245178222656,416.4632995605469,416.4233032226563,416.385302734375,416.3918029785156,416.40478515625,416.4130065917969,416.5170043945312,416.6046630859375,416.6936645507813,416.7761596679687,416.8406188964844,416.8726196289063,416.9169616699219,416.94196166992185,416.9924621582031,417.0503234863281,417.0043212890625,416.83832397460935,416.7143249511719,416.54832763671874,416.406005859375,416.3770080566407,416.45900268554686,416.4909973144531,416.5426574707032,416.5286560058594,416.4696533203125,416.4056579589844,416.35166015625,416.2719970703125,416.19801635742186,416.1460205078125,416.0840393066407,415.97803955078126,415.9236633300781,415.9274230957032,415.9314208984375,415.9598022460938,415.9858032226563,415.9761840820312,415.9614074707032,415.918408203125,415.8710083007812,415.8428894042969,415.8028869628906,415.7038879394531,415.6328857421875,415.5928833007813,415.56000366210935,415.5900024414062,415.6520202636719,415.71002197265625,415.709423828125,415.7184204101562,415.6664184570312,415.6664001464844,415.6723999023437,415.6823791503906,415.7007995605469,415.7168029785156,415.7108032226562,415.6748046875,415.6934265136719,415.735009765625,415.7910095214844,415.8570068359375,415.9607666015625,416.05576171875,416.1317565917969,416.2197570800781,416.278759765625,416.35700073242185,416.40900268554685,416.48500366210936,416.53900146484375,416.5899963378906,416.6279968261719,416.634716796875,416.64271850585936,416.6467224121094,416.6707275390625,416.6767272949219,416.71900634765626,416.72900390625,416.7510009765625,416.7705993652344,416.7945983886719,416.8236022949219,416.84560546875,416.84404296875,416.8184448242188,416.79444580078126,416.75844116210936,416.72044067382814,416.7260009765625,416.7839965820313,416.8399963378906,416.9060180664063,416.9678161621094,417.0133605957032,417.0393615722657,417.041357421875,417.0153381347656,417.0145385742188,417.0069946289062,416.9929931640625,416.9919982910157,417.0159973144531,417.0519958496094,417.08399658203126,417.1260009765625,417.12099609375,417.1069946289063,417.05,417.02300415039065,416.9679992675781,416.9960021972656,417.04400634765625,417.143701171875,417.2046997070312,417.2736999511719,417.32371826171874,417.36371459960935,417.3863342285157,417.45033569335936,417.5013366699219,417.5793151855469,417.6833190917969,417.7429992675781,417.7529968261719,417.7779968261719,417.7360168457032,417.66001586914064,417.588037109375,417.5740356445313,417.5780395507812,417.60602416992185,417.6550231933594,417.7230041503906,417.7550048828125,417.7870056152344,417.8350036621094,417.8710021972656,417.90700073242186,417.9330200195312,417.91301879882815,417.9050170898437,417.91001586914064,417.9840148925781,418.072998046875,418.218994140625,418.35499267578126,418.5119934082031,418.6559936523437,418.80299072265626,418.8869934082031,418.9449951171875,418.997998046875,419.05999755859375,419.1409973144531,419.2549987792969,419.3669982910157,419.3969970703125,419.38099975585936,419.327001953125,419.29099731445314,419.272998046875,419.2825561523438,419.4435546875,419.5605529785156,419.70555419921874,419.8615539550781,420.0639953613281,420.0899963378906,420.1809997558594,420.2390014648437,420.3170043945312,420.3380065917969,420.3710083007812,420.3920043945312,420.45900268554686,420.4710021972657,420.5,420.50999755859374,420.4919982910157,420.4179992675781,420.38189697265625,420.3398986816407,420.3098999023438,420.3434814453125,420.3824829101562,420.41558227539065,420.442578125,420.4855773925781,420.4999938964844,420.4969909667969,420.47999267578126,420.5049926757813,420.4863159179688,420.4323364257813,420.3543212890625,420.26032104492185,420.1661254882813,420.0898010253906,420.08978271484375,420.07379760742185,420.1157958984375,420.1739929199219,420.1859924316406,420.1707946777344,420.2119995117188,420.252001953125,420.25160522460936,420.30860595703126,420.3558044433594,420.3946044921875,420.39060668945314,420.402001953125,420.4488037109375,420.4908020019531,420.5227966308594,420.5589538574219,420.5889587402344,420.5831604003906,420.5791442871094,420.5821472167969,420.58798828125,420.5869873046875,420.59898681640624,420.5870056152344,420.60400390625,420.6140014648437,420.63599853515626,420.6102355957031,420.55023193359375,420.4442321777344,420.3912353515625,420.3282348632813,420.2759948730469,420.2819946289063,420.27399291992185,420.2259887695312,420.1889709472656,420.1509704589844,420.1309509277344,420.1029541015625,420.06995849609376,420.01995849609375,420.061962890625,420.0619873046875,420.1139892578125,420.1719848632813,420.2300048828125,420.2340026855469,420.2460021972656,420.22999877929686,420.2010009765625,420.222998046875,420.24400024414064,420.2859985351562,420.3650024414063,420.4400024414063,420.4820068359375,420.4050048828125,420.3250061035157,420.2420043945313,420.1160034179687,419.95400390625,419.94300537109376,419.89300537109375,419.76800537109375,419.7222290039063,419.684228515625,419.46722412109375,419.3752197265625,419.376220703125,419.35199584960935,419.29799194335936,419.42099609375,419.4929992675781,419.5169982910156,419.5210021972656,419.5170043945312,419.5300048828125,419.4460021972656,419.2780029296875,419.1080017089844,418.9600036621094,418.7340026855469,418.5920043945313,418.4420043945312,418.3500061035156,418.3260070800781,418.2960083007813,418.2260314941406,418.1880310058594,418.02003173828126,417.88203125,417.7640319824219,417.7180114746094,417.71400756835936,417.8230041503906,417.90700073242186,418.0769958496094,418.2069946289063,418.425,418.597998046875,418.7219970703125,418.73200073242185,418.72999877929686,418.6879943847656,418.6719970703125,418.6700012207031,418.6859985351563,418.6859985351563,418.702001953125,418.66700439453126,418.62400512695314,418.6300048828125,418.5700073242188,418.4840026855469,418.4289978027344,418.4299926757813,418.37599487304686,418.3719909667969,418.3739929199219,418.3769958496094,418.3419982910156,418.297998046875,418.30499877929685,418.2779968261719,418.31499633789065,418.293994140625,418.2599914550781,418.3089904785156,418.3799926757813,418.4222106933594,418.4862121582031,418.6542114257812,418.6742126464844,418.6841918945312,418.6559753417969,418.6599731445313,418.58997802734376,418.53997802734375,418.4859985351562,418.4259948730469,418.3539978027344,418.1919982910157,418.0539978027344,417.9260009765625,417.8140014648437,417.6820007324219,417.7200012207031,417.7600036621094,417.8200012207032,417.9274230957032,418.0684265136719,418.132421875,418.21242065429686,418.2654235839844,418.30402221679685,418.3410217285156,418.4270263671875,418.4570251464844,418.4848205566406,418.5067993164063,418.543798828125,418.52979736328126,418.5518005371094,418.6150024414063,418.6870056152344,418.7420043945313,418.7980041503906,418.8383605957032,418.8484802246094,418.8024780273437,418.7562377929688,418.7362365722656,418.7518798828125,418.7835632324219,418.8375671386719,418.8918090820313,418.901806640625,418.9138061523437,418.9240051269532,418.9300048828125,418.8983032226562,418.86630859375,418.7983093261719,418.7203063964844,418.660302734375,418.65180053710935,418.68751831054686,418.7275146484375,418.7775146484375,418.8435180664063,418.8747192382813,418.8769958496094,418.8731994628906,418.8651977539063,418.8471984863281,418.8581970214844,418.8742004394532,418.8738220214844,418.8278259277344,418.78382568359376,418.7438293457032,418.7318298339844,418.7110046386719,418.7300048828125,418.7280029296875,418.73200073242185,418.7190002441406,418.7080017089844,418.7109802246094,418.6922180175781,418.676220703125,418.6692199707031,418.6682189941406,418.6262390136719,418.5990234375,418.5510192871094,418.4810180664063,418.4300170898438,418.4420166015625,418.4339965820312,418.4059997558594,418.3669982910157,418.3609985351562,418.3029968261719,418.2929931640625,418.3109924316406,418.3409973144532,418.3469970703125,418.3489990234375,418.3080017089844,418.227001953125,418.1320007324219,418.04200439453126,417.9607055664063,417.943701171875,417.9288391113281,417.9568359375,417.9788330078125,418.0363525390625,418.0303527832031,418.0441955566406,418.0061950683594,417.9941955566407,417.9529724121094,417.93897705078126,417.9089965820313,417.8669982910157,417.777001953125,417.7100036621094,417.7,417.7719970703125,417.8989990234375,418.0669982910157,418.2289978027344,418.3219970703125,418.35401611328126,418.37701416015625,418.3650146484375,418.2990173339844,418.2020202636719,418.1036437988281,417.9976440429688,417.8936401367188,417.8226379394531,417.8466369628906,417.8469970703125,417.8449951171875,417.8779968261719,417.9419982910157,417.9719970703125,418.02699584960936,418.075,418.1320007324219,418.1369995117187,418.1299987792969,418.14299926757815,418.1409973144531,418.1079956054688,418.0639953613281,418.0359985351562,417.98200073242185,417.9880004882813,418.02300415039065,418.1280029296875,418.2049987792969,418.30499877929685,418.4089965820313,418.468994140625,418.5079956054688,418.5659973144531,418.60999755859376,418.62200317382815,418.6510009765625,418.6330017089844,418.6080017089844,418.5760009765625,418.4950012207031,418.41400146484375,418.38099975585936,418.33099975585935,418.3019958496094,418.36399536132814,418.4359985351563,418.4929992675781,418.5780029296875,418.6450256347656,418.6580017089844,418.6619995117188,418.6720031738281,418.6345581054687,418.600537109375,418.5325561523438,418.47755737304686,418.4135559082032,418.3869995117187,418.3869567871094,418.42095947265625,418.42095947265625,418.41596069335935,418.3879577636719,418.3185791015625,418.2775817871094,418.2125610351562,418.1895568847656,418.1915588378906,418.1887817382813,418.1876770019532,418.2557006835938,418.3197021484375,418.3887023925781,418.45490112304685,418.5170043945312,418.5450012207031,418.5609985351563,418.56199951171874,418.597998046875,418.6219970703125,418.6389953613281,418.6169982910157,418.6159973144531,418.59599609375,418.55999755859375,418.5869995117188,418.64299926757815,418.68800048828126,418.74900512695314,418.831005859375,418.8550048828125,418.88902587890624,418.9170227050781,418.8620178222656,418.8420166015625,418.8290161132812,418.8119934082032,418.8929931640625,419.0889953613281,419.24799194335935,419.4049926757813,419.5659973144531,419.7330017089844,419.827001953125,419.9420043945312,420.0860046386719,420.2080017089844,420.1723571777344,420.1001403808594,419.9721374511719,419.7871398925781,419.617138671875,419.5417785644531,419.5257751464844,419.5587768554688,419.615576171875,419.65758056640624,419.6285827636719,419.5928039550781,419.5466247558594,419.4964233398438,419.3664184570313,419.29241943359375,419.2180969238281,419.1312744140625,419.04749755859376,418.9755004882812,418.89349975585935,418.8278198242188,418.7798217773437,418.7179992675781,418.64599609375,418.4359985351563,418.21422119140624,418.1352233886719,418.0662231445313,418.1462280273437,418.37822265625,418.6260009765625,418.7369995117188,418.8700012207031,418.9339965820312,418.9710021972657,419.0290222167969,419.0650207519531,419.0773559570313,419.05335693359376,419.0803527832031,419.10491333007815,419.13063354492186,419.1472961425781,419.21729736328126,419.231298828125,419.2009216308594,419.1452026367188,0
  -415.7029968261719,415.7529968261719,415.7679931640625,415.78599243164064,415.7659912109375,415.7729919433594,415.8649963378906,415.9510009765625,416.0350036621094,416.1530029296875,416.2972045898438,416.4092041015625,416.522802734375,416.6538024902344,416.71380615234375,416.7166076660157,416.6816040039063,416.6980041503906,416.71900634765626,416.8010009765625,416.8950012207032,417.0121643066406,417.1271606445313,417.2451599121094,417.2731628417969,417.31915893554685,417.3561767578125,417.34515991210935,417.33515625,417.34715576171874,417.3331604003906,417.2759826660157,417.1830017089844,417.0450012207031,416.908984375,416.84398193359374,416.8379821777344,416.87498168945314,416.9549865722656,417.0410217285156,417.0300231933594,417.022021484375,417.0320190429687,417.0318176269531,417.07379760742185,417.1177978515625,417.141796875,417.1617980957032,417.18999633789065,417.22999877929686,417.3717590332032,417.51976318359374,417.659765625,417.7817687988281,417.84376831054686,417.8490051269531,417.8350036621094,417.8240051269531,417.81000366210935,417.8080017089844,417.741064453125,417.6730651855469,417.5900634765625,417.5040649414062,417.4640441894532,417.4539855957031,417.4579833984375,417.47998046875,417.4879760742188,417.475,417.4489990234375,417.3585205078125,417.3105224609375,417.2265258789063,417.1695251464844,417.1445251464844,417.2100036621094,417.2130065917969,417.2410034179687,417.2590026855469,417.2660034179688,417.2692016601562,417.2658203125,417.2718200683594,417.2958190917969,417.334814453125,417.3266174316406,417.318994140625,417.3219970703125,417.2880004882812,417.2726623535156,417.2816589355469,417.3076599121094,417.36265869140624,417.4686584472656,417.5369995117188,417.64150390625,417.7374877929688,417.823486328125,417.846484375,417.896484375,417.9009826660157,417.9219970703125,417.9429992675781,417.8260009765625,417.672998046875,417.46099853515625,417.2859985351562,417.0889770507813,417.00697631835936,416.9629760742188,417.0029724121094,416.9789733886719,416.918994140625,416.8714538574219,416.78345947265626,416.6674621582032,416.5914611816406,416.5754638671875,416.58900146484376,416.65700073242186,416.63099975585936,416.5330017089844,416.4130004882812,416.3070007324219,416.1760009765625,416.1780029296875,416.2240051269531,416.2740051269531,416.25400390625,416.28900146484375,416.275,416.2950012207031,416.2529968261719,416.2869995117188,416.2460021972656,416.1980041503906,416.14594116210935,416.1809020996094,416.1730407714844,416.1940368652344,416.2320373535157,416.2580749511719,416.2671142578125,416.29697265625,416.2759765625,416.2799743652344,416.2329956054688,416.1905578613281,416.1695617675781,416.1655578613281,416.0935607910157,416.1433044433594,416.20374755859376,416.18974609375,416.2257446289062,416.27174072265626,416.2570007324219,416.1909973144531,416.1779968261719,416.1599975585938,416.1619995117188,416.155859375,416.1298583984375,416.1118591308594,416.080859375,416.0508605957031,416.0510009765625,416.15400390625,416.2408020019531,416.3138061523438,416.3997863769531,416.4282836914063,416.42328491210935,416.4044860839844,416.3754821777344,416.3794982910157,416.4109985351562,416.40849609375,416.4245178222656,416.4632995605469,416.4233032226563,416.385302734375,416.3918029785156,416.40478515625,416.4130065917969,416.5170043945312,416.6046630859375,416.6936645507813,416.7761596679687,416.8406188964844,416.8726196289063,416.9169616699219,416.94196166992185,416.9924621582031,417.0503234863281,417.0043212890625,416.83832397460935,416.7143249511719,416.54832763671874,416.406005859375,416.3770080566407,416.45900268554686,416.4909973144531,416.5426574707032,416.5286560058594,416.4696533203125,416.4056579589844,416.35166015625,416.2719970703125,416.19801635742186,416.1460205078125,416.0840393066407,415.97803955078126,415.9236633300781,415.9274230957032,415.9314208984375,415.9598022460938,415.9858032226563,415.9761840820312,415.9614074707032,415.918408203125,415.8710083007812,415.8428894042969,415.8028869628906,415.7038879394531,415.6328857421875,415.5928833007813,415.56000366210935,415.5900024414062,415.6520202636719,415.71002197265625,415.709423828125,415.7184204101562,415.6664184570312,415.6664001464844,415.6723999023437,415.6823791503906,415.7007995605469,415.7168029785156,415.7108032226562,415.6748046875,415.6934265136719,415.735009765625,415.7910095214844,415.8570068359375,415.9607666015625,416.05576171875,416.1317565917969,416.2197570800781,416.278759765625,416.35700073242185,416.40900268554685,416.48500366210936,416.53900146484375,416.5899963378906,416.6279968261719,416.634716796875,416.64271850585936,416.6467224121094,416.6707275390625,416.6767272949219,416.71900634765626,416.72900390625,416.7510009765625,416.7705993652344,416.7945983886719,416.8236022949219,416.84560546875,416.84404296875,416.8184448242188,416.79444580078126,416.75844116210936,416.72044067382814,416.7260009765625,416.7839965820313,416.8399963378906,416.9060180664063,416.9678161621094,417.0133605957032,417.0393615722657,417.041357421875,417.0153381347656,417.0145385742188,417.0069946289062,416.9929931640625,416.9919982910157,417.0159973144531,417.0519958496094,417.08399658203126,417.1260009765625,417.12099609375,417.1069946289063,417.05,417.02300415039065,416.9679992675781,416.9960021972656,417.04400634765625,417.143701171875,417.2046997070312,417.2736999511719,417.32371826171874,417.36371459960935,417.3863342285157,417.45033569335936,417.5013366699219,417.5793151855469,417.6833190917969,417.7429992675781,417.7529968261719,417.7779968261719,417.7360168457032,417.66001586914064,417.588037109375,417.5740356445313,417.5780395507812,417.60602416992185,417.6550231933594,417.7230041503906,417.7550048828125,417.7870056152344,417.8350036621094,417.8710021972656,417.90700073242186,417.9330200195312,417.91301879882815,417.9050170898437,417.91001586914064,417.9840148925781,418.072998046875,418.218994140625,418.35499267578126,418.5119934082031,418.6559936523437,418.80299072265626,418.8869934082031,418.9449951171875,418.997998046875,419.05999755859375,419.1409973144531,419.2549987792969,419.3669982910157,419.3969970703125,419.38099975585936,419.327001953125,419.29099731445314,419.272998046875,419.2825561523438,419.4435546875,419.5605529785156,419.70555419921874,419.8615539550781,420.0639953613281,420.0899963378906,420.1809997558594,420.2390014648437,420.3170043945312,420.3380065917969,420.3710083007812,420.3920043945312,420.45900268554686,420.4710021972657,420.5,420.50999755859374,420.4919982910157,420.4179992675781,420.38189697265625,420.3398986816407,420.3098999023438,420.3434814453125,420.3824829101562,420.41558227539065,420.442578125,420.4855773925781,420.4999938964844,420.4969909667969,420.47999267578126,420.5049926757813,420.4863159179688,420.4323364257813,420.3543212890625,420.26032104492185,420.1661254882813,420.0898010253906,420.08978271484375,420.07379760742185,420.1157958984375,420.1739929199219,420.1859924316406,420.1707946777344,420.2119995117188,420.252001953125,420.25160522460936,420.30860595703126,420.3558044433594,420.3946044921875,420.39060668945314,420.402001953125,420.4488037109375,420.4908020019531,420.5227966308594,420.5589538574219,420.5889587402344,420.5831604003906,420.5791442871094,420.5821472167969,420.58798828125,420.5869873046875,420.59898681640624,420.5870056152344,420.60400390625,420.6140014648437,420.63599853515626,420.6102355957031,420.55023193359375,420.4442321777344,420.3912353515625,420.3282348632813,420.2759948730469,420.2819946289063,420.27399291992185,420.2259887695312,420.1889709472656,420.1509704589844,420.1309509277344,420.1029541015625,420.06995849609376,420.01995849609375,420.061962890625,420.0619873046875,420.1139892578125,420.1719848632813,420.2300048828125,420.2340026855469,420.2460021972656,420.22999877929686,420.2010009765625,420.222998046875,420.24400024414064,420.2859985351562,420.3650024414063,420.4400024414063,420.4820068359375,420.4050048828125,420.3250061035157,420.2420043945313,420.1160034179687,419.95400390625,419.94300537109376,419.89300537109375,419.76800537109375,419.7222290039063,419.684228515625,419.46722412109375,419.3752197265625,419.376220703125,419.35199584960935,419.29799194335936,419.42099609375,419.4929992675781,419.5169982910156,419.5210021972656,419.5170043945312,419.5300048828125,419.4460021972656,419.2780029296875,419.1080017089844,418.9600036621094,418.7340026855469,418.5920043945313,418.4420043945312,418.3500061035156,418.3260070800781,418.2960083007813,418.2260314941406,418.1880310058594,418.02003173828126,417.88203125,417.7640319824219,417.7180114746094,417.71400756835936,417.8230041503906,417.90700073242186,418.0769958496094,418.2069946289063,418.425,418.597998046875,418.7219970703125,418.73200073242185,418.72999877929686,418.6879943847656,418.6719970703125,418.6700012207031,418.6859985351563,418.6859985351563,418.702001953125,418.66700439453126,418.62400512695314,418.6300048828125,418.5700073242188,418.4840026855469,418.4289978027344,418.4299926757813,418.37599487304686,418.3719909667969,418.3739929199219,418.3769958496094,418.3419982910156,418.297998046875,418.30499877929685,418.2779968261719,418.31499633789065,418.293994140625,418.2599914550781,418.3089904785156,418.3799926757813,418.4222106933594,418.4862121582031,418.6542114257812,418.6742126464844,418.6841918945312,418.6559753417969,418.6599731445313,418.58997802734376,418.53997802734375,418.4859985351562,418.4259948730469,418.3539978027344,418.1919982910157,418.0539978027344,417.9260009765625,417.8140014648437,417.6820007324219,417.7200012207031,417.7600036621094,417.8200012207032,417.9274230957032,418.0684265136719,418.132421875,418.21242065429686,418.2654235839844,418.30402221679685,418.3410217285156,418.4270263671875,418.4570251464844,418.4848205566406,418.5067993164063,418.543798828125,418.52979736328126,418.5518005371094,418.6150024414063,418.6870056152344,418.7420043945313,418.7980041503906,418.8383605957032,418.8484802246094,418.8024780273437,418.7562377929688,418.7362365722656,418.7518798828125,418.7835632324219,418.8375671386719,418.8918090820313,418.901806640625,418.9138061523437,418.9240051269532,418.9300048828125,418.8983032226562,418.86630859375,418.7983093261719,418.7203063964844,418.660302734375,418.65180053710935,418.68751831054686,418.7275146484375,418.7775146484375,418.8435180664063,418.8747192382813,418.8769958496094,418.8731994628906,418.8651977539063,418.8471984863281,418.8581970214844,418.8742004394532,418.8738220214844,418.8278259277344,418.78382568359376,418.7438293457032,418.7318298339844,418.7110046386719,418.7300048828125,418.7280029296875,418.73200073242185,418.7190002441406,418.7080017089844,418.7109802246094,418.6922180175781,418.676220703125,418.6692199707031,418.6682189941406,418.6262390136719,418.5990234375,418.5510192871094,418.4810180664063,418.4300170898438,418.4420166015625,418.4339965820312,418.4059997558594,418.3669982910157,418.3609985351562,418.3029968261719,418.2929931640625,418.3109924316406,418.3409973144532,418.3469970703125,418.3489990234375,418.3080017089844,418.227001953125,418.1320007324219,418.04200439453126,417.9607055664063,417.943701171875,417.9288391113281,417.9568359375,417.9788330078125,418.0363525390625,418.0303527832031,418.0441955566406,418.0061950683594,417.9941955566407,417.9529724121094,417.93897705078126,417.9089965820313,417.8669982910157,417.777001953125,417.7100036621094,417.7,417.7719970703125,417.8989990234375,418.0669982910157,418.2289978027344,418.3219970703125,418.35401611328126,418.37701416015625,418.3650146484375,418.2990173339844,418.2020202636719,418.1036437988281,417.9976440429688,417.8936401367188,417.8226379394531,417.8466369628906,417.8469970703125,417.8449951171875,417.8779968261719,417.9419982910157,417.9719970703125,418.02699584960936,418.075,418.1320007324219,418.1369995117187,418.1299987792969,418.14299926757815,418.1409973144531,418.1079956054688,418.0639953613281,418.0359985351562,417.98200073242185,417.9880004882813,418.02300415039065,418.1280029296875,418.2049987792969,418.30499877929685,418.4089965820313,418.468994140625,418.5079956054688,418.5659973144531,418.60999755859376,418.62200317382815,418.6510009765625,418.6330017089844,418.6080017089844,418.5760009765625,418.4950012207031,418.41400146484375,418.38099975585936,418.33099975585935,418.3019958496094,418.36399536132814,418.4359985351563,418.4929992675781,418.5780029296875,418.6450256347656,418.6580017089844,418.6619995117188,418.6720031738281,418.6345581054687,418.600537109375,418.5325561523438,418.47755737304686,418.4135559082032,418.3869995117187,418.3869567871094,418.42095947265625,418.42095947265625,418.41596069335935,418.3879577636719,418.3185791015625,418.2775817871094,418.2125610351562,418.1895568847656,418.1915588378906,418.1887817382813,418.1876770019532,418.2557006835938,418.3197021484375,418.3887023925781,418.45490112304685,418.5170043945312,418.5450012207031,418.5609985351563,418.56199951171874,418.597998046875,418.6219970703125,418.6389953613281,418.6169982910157,418.6159973144531,418.59599609375,418.55999755859375,418.5869995117188,418.64299926757815,418.68800048828126,418.74900512695314,418.831005859375,418.8550048828125,418.88902587890624,418.9170227050781,418.8620178222656,418.8420166015625,418.8290161132812,418.8119934082032,418.8929931640625,419.0889953613281,419.24799194335935,419.4049926757813,419.5659973144531,419.7330017089844,419.827001953125,419.9420043945312,420.0860046386719,420.2080017089844,420.1723571777344,420.1001403808594,419.9721374511719,419.7871398925781,419.617138671875,419.5417785644531,419.5257751464844,419.5587768554688,419.615576171875,419.65758056640624,419.6285827636719,419.5928039550781,419.5466247558594,419.4964233398438,419.3664184570313,419.29241943359375,419.2180969238281,419.1312744140625,419.04749755859376,418.9755004882812,418.89349975585935,418.8278198242188,418.7798217773437,418.7179992675781,418.64599609375,418.4359985351563,418.21422119140624,418.1352233886719,418.0662231445313,418.1462280273437,418.37822265625,418.6260009765625,418.7369995117188,418.8700012207031,418.9339965820312,418.9710021972657,419.0290222167969,419.0650207519531,419.0773559570313,419.05335693359376,419.0803527832031,419.10491333007815,419.13063354492186,419.1472961425781,419.21729736328126,419.231298828125,419.2009216308594,419.1452026367188,419.1482055664063,1
  -415.78599243164064,415.7659912109375,415.7729919433594,415.8649963378906,415.9510009765625,416.0350036621094,416.1530029296875,416.2972045898438,416.4092041015625,416.522802734375,416.6538024902344,416.71380615234375,416.7166076660157,416.6816040039063,416.6980041503906,416.71900634765626,416.8010009765625,416.8950012207032,417.0121643066406,417.1271606445313,417.2451599121094,417.2731628417969,417.31915893554685,417.3561767578125,417.34515991210935,417.33515625,417.34715576171874,417.3331604003906,417.2759826660157,417.1830017089844,417.0450012207031,416.908984375,416.84398193359374,416.8379821777344,416.87498168945314,416.9549865722656,417.0410217285156,417.0300231933594,417.022021484375,417.0320190429687,417.0318176269531,417.07379760742185,417.1177978515625,417.141796875,417.1617980957032,417.18999633789065,417.22999877929686,417.3717590332032,417.51976318359374,417.659765625,417.7817687988281,417.84376831054686,417.8490051269531,417.8350036621094,417.8240051269531,417.81000366210935,417.8080017089844,417.741064453125,417.6730651855469,417.5900634765625,417.5040649414062,417.4640441894532,417.4539855957031,417.4579833984375,417.47998046875,417.4879760742188,417.475,417.4489990234375,417.3585205078125,417.3105224609375,417.2265258789063,417.1695251464844,417.1445251464844,417.2100036621094,417.2130065917969,417.2410034179687,417.2590026855469,417.2660034179688,417.2692016601562,417.2658203125,417.2718200683594,417.2958190917969,417.334814453125,417.3266174316406,417.318994140625,417.3219970703125,417.2880004882812,417.2726623535156,417.2816589355469,417.3076599121094,417.36265869140624,417.4686584472656,417.5369995117188,417.64150390625,417.7374877929688,417.823486328125,417.846484375,417.896484375,417.9009826660157,417.9219970703125,417.9429992675781,417.8260009765625,417.672998046875,417.46099853515625,417.2859985351562,417.0889770507813,417.00697631835936,416.9629760742188,417.0029724121094,416.9789733886719,416.918994140625,416.8714538574219,416.78345947265626,416.6674621582032,416.5914611816406,416.5754638671875,416.58900146484376,416.65700073242186,416.63099975585936,416.5330017089844,416.4130004882812,416.3070007324219,416.1760009765625,416.1780029296875,416.2240051269531,416.2740051269531,416.25400390625,416.28900146484375,416.275,416.2950012207031,416.2529968261719,416.2869995117188,416.2460021972656,416.1980041503906,416.14594116210935,416.1809020996094,416.1730407714844,416.1940368652344,416.2320373535157,416.2580749511719,416.2671142578125,416.29697265625,416.2759765625,416.2799743652344,416.2329956054688,416.1905578613281,416.1695617675781,416.1655578613281,416.0935607910157,416.1433044433594,416.20374755859376,416.18974609375,416.2257446289062,416.27174072265626,416.2570007324219,416.1909973144531,416.1779968261719,416.1599975585938,416.1619995117188,416.155859375,416.1298583984375,416.1118591308594,416.080859375,416.0508605957031,416.0510009765625,416.15400390625,416.2408020019531,416.3138061523438,416.3997863769531,416.4282836914063,416.42328491210935,416.4044860839844,416.3754821777344,416.3794982910157,416.4109985351562,416.40849609375,416.4245178222656,416.4632995605469,416.4233032226563,416.385302734375,416.3918029785156,416.40478515625,416.4130065917969,416.5170043945312,416.6046630859375,416.6936645507813,416.7761596679687,416.8406188964844,416.8726196289063,416.9169616699219,416.94196166992185,416.9924621582031,417.0503234863281,417.0043212890625,416.83832397460935,416.7143249511719,416.54832763671874,416.406005859375,416.3770080566407,416.45900268554686,416.4909973144531,416.5426574707032,416.5286560058594,416.4696533203125,416.4056579589844,416.35166015625,416.2719970703125,416.19801635742186,416.1460205078125,416.0840393066407,415.97803955078126,415.9236633300781,415.9274230957032,415.9314208984375,415.9598022460938,415.9858032226563,415.9761840820312,415.9614074707032,415.918408203125,415.8710083007812,415.8428894042969,415.8028869628906,415.7038879394531,415.6328857421875,415.5928833007813,415.56000366210935,415.5900024414062,415.6520202636719,415.71002197265625,415.709423828125,415.7184204101562,415.6664184570312,415.6664001464844,415.6723999023437,415.6823791503906,415.7007995605469,415.7168029785156,415.7108032226562,415.6748046875,415.6934265136719,415.735009765625,415.7910095214844,415.8570068359375,415.9607666015625,416.05576171875,416.1317565917969,416.2197570800781,416.278759765625,416.35700073242185,416.40900268554685,416.48500366210936,416.53900146484375,416.5899963378906,416.6279968261719,416.634716796875,416.64271850585936,416.6467224121094,416.6707275390625,416.6767272949219,416.71900634765626,416.72900390625,416.7510009765625,416.7705993652344,416.7945983886719,416.8236022949219,416.84560546875,416.84404296875,416.8184448242188,416.79444580078126,416.75844116210936,416.72044067382814,416.7260009765625,416.7839965820313,416.8399963378906,416.9060180664063,416.9678161621094,417.0133605957032,417.0393615722657,417.041357421875,417.0153381347656,417.0145385742188,417.0069946289062,416.9929931640625,416.9919982910157,417.0159973144531,417.0519958496094,417.08399658203126,417.1260009765625,417.12099609375,417.1069946289063,417.05,417.02300415039065,416.9679992675781,416.9960021972656,417.04400634765625,417.143701171875,417.2046997070312,417.2736999511719,417.32371826171874,417.36371459960935,417.3863342285157,417.45033569335936,417.5013366699219,417.5793151855469,417.6833190917969,417.7429992675781,417.7529968261719,417.7779968261719,417.7360168457032,417.66001586914064,417.588037109375,417.5740356445313,417.5780395507812,417.60602416992185,417.6550231933594,417.7230041503906,417.7550048828125,417.7870056152344,417.8350036621094,417.8710021972656,417.90700073242186,417.9330200195312,417.91301879882815,417.9050170898437,417.91001586914064,417.9840148925781,418.072998046875,418.218994140625,418.35499267578126,418.5119934082031,418.6559936523437,418.80299072265626,418.8869934082031,418.9449951171875,418.997998046875,419.05999755859375,419.1409973144531,419.2549987792969,419.3669982910157,419.3969970703125,419.38099975585936,419.327001953125,419.29099731445314,419.272998046875,419.2825561523438,419.4435546875,419.5605529785156,419.70555419921874,419.8615539550781,420.0639953613281,420.0899963378906,420.1809997558594,420.2390014648437,420.3170043945312,420.3380065917969,420.3710083007812,420.3920043945312,420.45900268554686,420.4710021972657,420.5,420.50999755859374,420.4919982910157,420.4179992675781,420.38189697265625,420.3398986816407,420.3098999023438,420.3434814453125,420.3824829101562,420.41558227539065,420.442578125,420.4855773925781,420.4999938964844,420.4969909667969,420.47999267578126,420.5049926757813,420.4863159179688,420.4323364257813,420.3543212890625,420.26032104492185,420.1661254882813,420.0898010253906,420.08978271484375,420.07379760742185,420.1157958984375,420.1739929199219,420.1859924316406,420.1707946777344,420.2119995117188,420.252001953125,420.25160522460936,420.30860595703126,420.3558044433594,420.3946044921875,420.39060668945314,420.402001953125,420.4488037109375,420.4908020019531,420.5227966308594,420.5589538574219,420.5889587402344,420.5831604003906,420.5791442871094,420.5821472167969,420.58798828125,420.5869873046875,420.59898681640624,420.5870056152344,420.60400390625,420.6140014648437,420.63599853515626,420.6102355957031,420.55023193359375,420.4442321777344,420.3912353515625,420.3282348632813,420.2759948730469,420.2819946289063,420.27399291992185,420.2259887695312,420.1889709472656,420.1509704589844,420.1309509277344,420.1029541015625,420.06995849609376,420.01995849609375,420.061962890625,420.0619873046875,420.1139892578125,420.1719848632813,420.2300048828125,420.2340026855469,420.2460021972656,420.22999877929686,420.2010009765625,420.222998046875,420.24400024414064,420.2859985351562,420.3650024414063,420.4400024414063,420.4820068359375,420.4050048828125,420.3250061035157,420.2420043945313,420.1160034179687,419.95400390625,419.94300537109376,419.89300537109375,419.76800537109375,419.7222290039063,419.684228515625,419.46722412109375,419.3752197265625,419.376220703125,419.35199584960935,419.29799194335936,419.42099609375,419.4929992675781,419.5169982910156,419.5210021972656,419.5170043945312,419.5300048828125,419.4460021972656,419.2780029296875,419.1080017089844,418.9600036621094,418.7340026855469,418.5920043945313,418.4420043945312,418.3500061035156,418.3260070800781,418.2960083007813,418.2260314941406,418.1880310058594,418.02003173828126,417.88203125,417.7640319824219,417.7180114746094,417.71400756835936,417.8230041503906,417.90700073242186,418.0769958496094,418.2069946289063,418.425,418.597998046875,418.7219970703125,418.73200073242185,418.72999877929686,418.6879943847656,418.6719970703125,418.6700012207031,418.6859985351563,418.6859985351563,418.702001953125,418.66700439453126,418.62400512695314,418.6300048828125,418.5700073242188,418.4840026855469,418.4289978027344,418.4299926757813,418.37599487304686,418.3719909667969,418.3739929199219,418.3769958496094,418.3419982910156,418.297998046875,418.30499877929685,418.2779968261719,418.31499633789065,418.293994140625,418.2599914550781,418.3089904785156,418.3799926757813,418.4222106933594,418.4862121582031,418.6542114257812,418.6742126464844,418.6841918945312,418.6559753417969,418.6599731445313,418.58997802734376,418.53997802734375,418.4859985351562,418.4259948730469,418.3539978027344,418.1919982910157,418.0539978027344,417.9260009765625,417.8140014648437,417.6820007324219,417.7200012207031,417.7600036621094,417.8200012207032,417.9274230957032,418.0684265136719,418.132421875,418.21242065429686,418.2654235839844,418.30402221679685,418.3410217285156,418.4270263671875,418.4570251464844,418.4848205566406,418.5067993164063,418.543798828125,418.52979736328126,418.5518005371094,418.6150024414063,418.6870056152344,418.7420043945313,418.7980041503906,418.8383605957032,418.8484802246094,418.8024780273437,418.7562377929688,418.7362365722656,418.7518798828125,418.7835632324219,418.8375671386719,418.8918090820313,418.901806640625,418.9138061523437,418.9240051269532,418.9300048828125,418.8983032226562,418.86630859375,418.7983093261719,418.7203063964844,418.660302734375,418.65180053710935,418.68751831054686,418.7275146484375,418.7775146484375,418.8435180664063,418.8747192382813,418.8769958496094,418.8731994628906,418.8651977539063,418.8471984863281,418.8581970214844,418.8742004394532,418.8738220214844,418.8278259277344,418.78382568359376,418.7438293457032,418.7318298339844,418.7110046386719,418.7300048828125,418.7280029296875,418.73200073242185,418.7190002441406,418.7080017089844,418.7109802246094,418.6922180175781,418.676220703125,418.6692199707031,418.6682189941406,418.6262390136719,418.5990234375,418.5510192871094,418.4810180664063,418.4300170898438,418.4420166015625,418.4339965820312,418.4059997558594,418.3669982910157,418.3609985351562,418.3029968261719,418.2929931640625,418.3109924316406,418.3409973144532,418.3469970703125,418.3489990234375,418.3080017089844,418.227001953125,418.1320007324219,418.04200439453126,417.9607055664063,417.943701171875,417.9288391113281,417.9568359375,417.9788330078125,418.0363525390625,418.0303527832031,418.0441955566406,418.0061950683594,417.9941955566407,417.9529724121094,417.93897705078126,417.9089965820313,417.8669982910157,417.777001953125,417.7100036621094,417.7,417.7719970703125,417.8989990234375,418.0669982910157,418.2289978027344,418.3219970703125,418.35401611328126,418.37701416015625,418.3650146484375,418.2990173339844,418.2020202636719,418.1036437988281,417.9976440429688,417.8936401367188,417.8226379394531,417.8466369628906,417.8469970703125,417.8449951171875,417.8779968261719,417.9419982910157,417.9719970703125,418.02699584960936,418.075,418.1320007324219,418.1369995117187,418.1299987792969,418.14299926757815,418.1409973144531,418.1079956054688,418.0639953613281,418.0359985351562,417.98200073242185,417.9880004882813,418.02300415039065,418.1280029296875,418.2049987792969,418.30499877929685,418.4089965820313,418.468994140625,418.5079956054688,418.5659973144531,418.60999755859376,418.62200317382815,418.6510009765625,418.6330017089844,418.6080017089844,418.5760009765625,418.4950012207031,418.41400146484375,418.38099975585936,418.33099975585935,418.3019958496094,418.36399536132814,418.4359985351563,418.4929992675781,418.5780029296875,418.6450256347656,418.6580017089844,418.6619995117188,418.6720031738281,418.6345581054687,418.600537109375,418.5325561523438,418.47755737304686,418.4135559082032,418.3869995117187,418.3869567871094,418.42095947265625,418.42095947265625,418.41596069335935,418.3879577636719,418.3185791015625,418.2775817871094,418.2125610351562,418.1895568847656,418.1915588378906,418.1887817382813,418.1876770019532,418.2557006835938,418.3197021484375,418.3887023925781,418.45490112304685,418.5170043945312,418.5450012207031,418.5609985351563,418.56199951171874,418.597998046875,418.6219970703125,418.6389953613281,418.6169982910157,418.6159973144531,418.59599609375,418.55999755859375,418.5869995117188,418.64299926757815,418.68800048828126,418.74900512695314,418.831005859375,418.8550048828125,418.88902587890624,418.9170227050781,418.8620178222656,418.8420166015625,418.8290161132812,418.8119934082032,418.8929931640625,419.0889953613281,419.24799194335935,419.4049926757813,419.5659973144531,419.7330017089844,419.827001953125,419.9420043945312,420.0860046386719,420.2080017089844,420.1723571777344,420.1001403808594,419.9721374511719,419.7871398925781,419.617138671875,419.5417785644531,419.5257751464844,419.5587768554688,419.615576171875,419.65758056640624,419.6285827636719,419.5928039550781,419.5466247558594,419.4964233398438,419.3664184570313,419.29241943359375,419.2180969238281,419.1312744140625,419.04749755859376,418.9755004882812,418.89349975585935,418.8278198242188,418.7798217773437,418.7179992675781,418.64599609375,418.4359985351563,418.21422119140624,418.1352233886719,418.0662231445313,418.1462280273437,418.37822265625,418.6260009765625,418.7369995117188,418.8700012207031,418.9339965820312,418.9710021972657,419.0290222167969,419.0650207519531,419.0773559570313,419.05335693359376,419.0803527832031,419.10491333007815,419.13063354492186,419.1472961425781,419.21729736328126,419.231298828125,419.2009216308594,419.1452026367188,419.1482055664063,419.16220703125,419.1422058105469,419.14800415039065,0
  -415.7659912109375,415.7729919433594,415.8649963378906,415.9510009765625,416.0350036621094,416.1530029296875,416.2972045898438,416.4092041015625,416.522802734375,416.6538024902344,416.71380615234375,416.7166076660157,416.6816040039063,416.6980041503906,416.71900634765626,416.8010009765625,416.8950012207032,417.0121643066406,417.1271606445313,417.2451599121094,417.2731628417969,417.31915893554685,417.3561767578125,417.34515991210935,417.33515625,417.34715576171874,417.3331604003906,417.2759826660157,417.1830017089844,417.0450012207031,416.908984375,416.84398193359374,416.8379821777344,416.87498168945314,416.9549865722656,417.0410217285156,417.0300231933594,417.022021484375,417.0320190429687,417.0318176269531,417.07379760742185,417.1177978515625,417.141796875,417.1617980957032,417.18999633789065,417.22999877929686,417.3717590332032,417.51976318359374,417.659765625,417.7817687988281,417.84376831054686,417.8490051269531,417.8350036621094,417.8240051269531,417.81000366210935,417.8080017089844,417.741064453125,417.6730651855469,417.5900634765625,417.5040649414062,417.4640441894532,417.4539855957031,417.4579833984375,417.47998046875,417.4879760742188,417.475,417.4489990234375,417.3585205078125,417.3105224609375,417.2265258789063,417.1695251464844,417.1445251464844,417.2100036621094,417.2130065917969,417.2410034179687,417.2590026855469,417.2660034179688,417.2692016601562,417.2658203125,417.2718200683594,417.2958190917969,417.334814453125,417.3266174316406,417.318994140625,417.3219970703125,417.2880004882812,417.2726623535156,417.2816589355469,417.3076599121094,417.36265869140624,417.4686584472656,417.5369995117188,417.64150390625,417.7374877929688,417.823486328125,417.846484375,417.896484375,417.9009826660157,417.9219970703125,417.9429992675781,417.8260009765625,417.672998046875,417.46099853515625,417.2859985351562,417.0889770507813,417.00697631835936,416.9629760742188,417.0029724121094,416.9789733886719,416.918994140625,416.8714538574219,416.78345947265626,416.6674621582032,416.5914611816406,416.5754638671875,416.58900146484376,416.65700073242186,416.63099975585936,416.5330017089844,416.4130004882812,416.3070007324219,416.1760009765625,416.1780029296875,416.2240051269531,416.2740051269531,416.25400390625,416.28900146484375,416.275,416.2950012207031,416.2529968261719,416.2869995117188,416.2460021972656,416.1980041503906,416.14594116210935,416.1809020996094,416.1730407714844,416.1940368652344,416.2320373535157,416.2580749511719,416.2671142578125,416.29697265625,416.2759765625,416.2799743652344,416.2329956054688,416.1905578613281,416.1695617675781,416.1655578613281,416.0935607910157,416.1433044433594,416.20374755859376,416.18974609375,416.2257446289062,416.27174072265626,416.2570007324219,416.1909973144531,416.1779968261719,416.1599975585938,416.1619995117188,416.155859375,416.1298583984375,416.1118591308594,416.080859375,416.0508605957031,416.0510009765625,416.15400390625,416.2408020019531,416.3138061523438,416.3997863769531,416.4282836914063,416.42328491210935,416.4044860839844,416.3754821777344,416.3794982910157,416.4109985351562,416.40849609375,416.4245178222656,416.4632995605469,416.4233032226563,416.385302734375,416.3918029785156,416.40478515625,416.4130065917969,416.5170043945312,416.6046630859375,416.6936645507813,416.7761596679687,416.8406188964844,416.8726196289063,416.9169616699219,416.94196166992185,416.9924621582031,417.0503234863281,417.0043212890625,416.83832397460935,416.7143249511719,416.54832763671874,416.406005859375,416.3770080566407,416.45900268554686,416.4909973144531,416.5426574707032,416.5286560058594,416.4696533203125,416.4056579589844,416.35166015625,416.2719970703125,416.19801635742186,416.1460205078125,416.0840393066407,415.97803955078126,415.9236633300781,415.9274230957032,415.9314208984375,415.9598022460938,415.9858032226563,415.9761840820312,415.9614074707032,415.918408203125,415.8710083007812,415.8428894042969,415.8028869628906,415.7038879394531,415.6328857421875,415.5928833007813,415.56000366210935,415.5900024414062,415.6520202636719,415.71002197265625,415.709423828125,415.7184204101562,415.6664184570312,415.6664001464844,415.6723999023437,415.6823791503906,415.7007995605469,415.7168029785156,415.7108032226562,415.6748046875,415.6934265136719,415.735009765625,415.7910095214844,415.8570068359375,415.9607666015625,416.05576171875,416.1317565917969,416.2197570800781,416.278759765625,416.35700073242185,416.40900268554685,416.48500366210936,416.53900146484375,416.5899963378906,416.6279968261719,416.634716796875,416.64271850585936,416.6467224121094,416.6707275390625,416.6767272949219,416.71900634765626,416.72900390625,416.7510009765625,416.7705993652344,416.7945983886719,416.8236022949219,416.84560546875,416.84404296875,416.8184448242188,416.79444580078126,416.75844116210936,416.72044067382814,416.7260009765625,416.7839965820313,416.8399963378906,416.9060180664063,416.9678161621094,417.0133605957032,417.0393615722657,417.041357421875,417.0153381347656,417.0145385742188,417.0069946289062,416.9929931640625,416.9919982910157,417.0159973144531,417.0519958496094,417.08399658203126,417.1260009765625,417.12099609375,417.1069946289063,417.05,417.02300415039065,416.9679992675781,416.9960021972656,417.04400634765625,417.143701171875,417.2046997070312,417.2736999511719,417.32371826171874,417.36371459960935,417.3863342285157,417.45033569335936,417.5013366699219,417.5793151855469,417.6833190917969,417.7429992675781,417.7529968261719,417.7779968261719,417.7360168457032,417.66001586914064,417.588037109375,417.5740356445313,417.5780395507812,417.60602416992185,417.6550231933594,417.7230041503906,417.7550048828125,417.7870056152344,417.8350036621094,417.8710021972656,417.90700073242186,417.9330200195312,417.91301879882815,417.9050170898437,417.91001586914064,417.9840148925781,418.072998046875,418.218994140625,418.35499267578126,418.5119934082031,418.6559936523437,418.80299072265626,418.8869934082031,418.9449951171875,418.997998046875,419.05999755859375,419.1409973144531,419.2549987792969,419.3669982910157,419.3969970703125,419.38099975585936,419.327001953125,419.29099731445314,419.272998046875,419.2825561523438,419.4435546875,419.5605529785156,419.70555419921874,419.8615539550781,420.0639953613281,420.0899963378906,420.1809997558594,420.2390014648437,420.3170043945312,420.3380065917969,420.3710083007812,420.3920043945312,420.45900268554686,420.4710021972657,420.5,420.50999755859374,420.4919982910157,420.4179992675781,420.38189697265625,420.3398986816407,420.3098999023438,420.3434814453125,420.3824829101562,420.41558227539065,420.442578125,420.4855773925781,420.4999938964844,420.4969909667969,420.47999267578126,420.5049926757813,420.4863159179688,420.4323364257813,420.3543212890625,420.26032104492185,420.1661254882813,420.0898010253906,420.08978271484375,420.07379760742185,420.1157958984375,420.1739929199219,420.1859924316406,420.1707946777344,420.2119995117188,420.252001953125,420.25160522460936,420.30860595703126,420.3558044433594,420.3946044921875,420.39060668945314,420.402001953125,420.4488037109375,420.4908020019531,420.5227966308594,420.5589538574219,420.5889587402344,420.5831604003906,420.5791442871094,420.5821472167969,420.58798828125,420.5869873046875,420.59898681640624,420.5870056152344,420.60400390625,420.6140014648437,420.63599853515626,420.6102355957031,420.55023193359375,420.4442321777344,420.3912353515625,420.3282348632813,420.2759948730469,420.2819946289063,420.27399291992185,420.2259887695312,420.1889709472656,420.1509704589844,420.1309509277344,420.1029541015625,420.06995849609376,420.01995849609375,420.061962890625,420.0619873046875,420.1139892578125,420.1719848632813,420.2300048828125,420.2340026855469,420.2460021972656,420.22999877929686,420.2010009765625,420.222998046875,420.24400024414064,420.2859985351562,420.3650024414063,420.4400024414063,420.4820068359375,420.4050048828125,420.3250061035157,420.2420043945313,420.1160034179687,419.95400390625,419.94300537109376,419.89300537109375,419.76800537109375,419.7222290039063,419.684228515625,419.46722412109375,419.3752197265625,419.376220703125,419.35199584960935,419.29799194335936,419.42099609375,419.4929992675781,419.5169982910156,419.5210021972656,419.5170043945312,419.5300048828125,419.4460021972656,419.2780029296875,419.1080017089844,418.9600036621094,418.7340026855469,418.5920043945313,418.4420043945312,418.3500061035156,418.3260070800781,418.2960083007813,418.2260314941406,418.1880310058594,418.02003173828126,417.88203125,417.7640319824219,417.7180114746094,417.71400756835936,417.8230041503906,417.90700073242186,418.0769958496094,418.2069946289063,418.425,418.597998046875,418.7219970703125,418.73200073242185,418.72999877929686,418.6879943847656,418.6719970703125,418.6700012207031,418.6859985351563,418.6859985351563,418.702001953125,418.66700439453126,418.62400512695314,418.6300048828125,418.5700073242188,418.4840026855469,418.4289978027344,418.4299926757813,418.37599487304686,418.3719909667969,418.3739929199219,418.3769958496094,418.3419982910156,418.297998046875,418.30499877929685,418.2779968261719,418.31499633789065,418.293994140625,418.2599914550781,418.3089904785156,418.3799926757813,418.4222106933594,418.4862121582031,418.6542114257812,418.6742126464844,418.6841918945312,418.6559753417969,418.6599731445313,418.58997802734376,418.53997802734375,418.4859985351562,418.4259948730469,418.3539978027344,418.1919982910157,418.0539978027344,417.9260009765625,417.8140014648437,417.6820007324219,417.7200012207031,417.7600036621094,417.8200012207032,417.9274230957032,418.0684265136719,418.132421875,418.21242065429686,418.2654235839844,418.30402221679685,418.3410217285156,418.4270263671875,418.4570251464844,418.4848205566406,418.5067993164063,418.543798828125,418.52979736328126,418.5518005371094,418.6150024414063,418.6870056152344,418.7420043945313,418.7980041503906,418.8383605957032,418.8484802246094,418.8024780273437,418.7562377929688,418.7362365722656,418.7518798828125,418.7835632324219,418.8375671386719,418.8918090820313,418.901806640625,418.9138061523437,418.9240051269532,418.9300048828125,418.8983032226562,418.86630859375,418.7983093261719,418.7203063964844,418.660302734375,418.65180053710935,418.68751831054686,418.7275146484375,418.7775146484375,418.8435180664063,418.8747192382813,418.8769958496094,418.8731994628906,418.8651977539063,418.8471984863281,418.8581970214844,418.8742004394532,418.8738220214844,418.8278259277344,418.78382568359376,418.7438293457032,418.7318298339844,418.7110046386719,418.7300048828125,418.7280029296875,418.73200073242185,418.7190002441406,418.7080017089844,418.7109802246094,418.6922180175781,418.676220703125,418.6692199707031,418.6682189941406,418.6262390136719,418.5990234375,418.5510192871094,418.4810180664063,418.4300170898438,418.4420166015625,418.4339965820312,418.4059997558594,418.3669982910157,418.3609985351562,418.3029968261719,418.2929931640625,418.3109924316406,418.3409973144532,418.3469970703125,418.3489990234375,418.3080017089844,418.227001953125,418.1320007324219,418.04200439453126,417.9607055664063,417.943701171875,417.9288391113281,417.9568359375,417.9788330078125,418.0363525390625,418.0303527832031,418.0441955566406,418.0061950683594,417.9941955566407,417.9529724121094,417.93897705078126,417.9089965820313,417.8669982910157,417.777001953125,417.7100036621094,417.7,417.7719970703125,417.8989990234375,418.0669982910157,418.2289978027344,418.3219970703125,418.35401611328126,418.37701416015625,418.3650146484375,418.2990173339844,418.2020202636719,418.1036437988281,417.9976440429688,417.8936401367188,417.8226379394531,417.8466369628906,417.8469970703125,417.8449951171875,417.8779968261719,417.9419982910157,417.9719970703125,418.02699584960936,418.075,418.1320007324219,418.1369995117187,418.1299987792969,418.14299926757815,418.1409973144531,418.1079956054688,418.0639953613281,418.0359985351562,417.98200073242185,417.9880004882813,418.02300415039065,418.1280029296875,418.2049987792969,418.30499877929685,418.4089965820313,418.468994140625,418.5079956054688,418.5659973144531,418.60999755859376,418.62200317382815,418.6510009765625,418.6330017089844,418.6080017089844,418.5760009765625,418.4950012207031,418.41400146484375,418.38099975585936,418.33099975585935,418.3019958496094,418.36399536132814,418.4359985351563,418.4929992675781,418.5780029296875,418.6450256347656,418.6580017089844,418.6619995117188,418.6720031738281,418.6345581054687,418.600537109375,418.5325561523438,418.47755737304686,418.4135559082032,418.3869995117187,418.3869567871094,418.42095947265625,418.42095947265625,418.41596069335935,418.3879577636719,418.3185791015625,418.2775817871094,418.2125610351562,418.1895568847656,418.1915588378906,418.1887817382813,418.1876770019532,418.2557006835938,418.3197021484375,418.3887023925781,418.45490112304685,418.5170043945312,418.5450012207031,418.5609985351563,418.56199951171874,418.597998046875,418.6219970703125,418.6389953613281,418.6169982910157,418.6159973144531,418.59599609375,418.55999755859375,418.5869995117188,418.64299926757815,418.68800048828126,418.74900512695314,418.831005859375,418.8550048828125,418.88902587890624,418.9170227050781,418.8620178222656,418.8420166015625,418.8290161132812,418.8119934082032,418.8929931640625,419.0889953613281,419.24799194335935,419.4049926757813,419.5659973144531,419.7330017089844,419.827001953125,419.9420043945312,420.0860046386719,420.2080017089844,420.1723571777344,420.1001403808594,419.9721374511719,419.7871398925781,419.617138671875,419.5417785644531,419.5257751464844,419.5587768554688,419.615576171875,419.65758056640624,419.6285827636719,419.5928039550781,419.5466247558594,419.4964233398438,419.3664184570313,419.29241943359375,419.2180969238281,419.1312744140625,419.04749755859376,418.9755004882812,418.89349975585935,418.8278198242188,418.7798217773437,418.7179992675781,418.64599609375,418.4359985351563,418.21422119140624,418.1352233886719,418.0662231445313,418.1462280273437,418.37822265625,418.6260009765625,418.7369995117188,418.8700012207031,418.9339965820312,418.9710021972657,419.0290222167969,419.0650207519531,419.0773559570313,419.05335693359376,419.0803527832031,419.10491333007815,419.13063354492186,419.1472961425781,419.21729736328126,419.231298828125,419.2009216308594,419.1452026367188,419.1482055664063,419.16220703125,419.1422058105469,419.14800415039065,419.206005859375,1
  -415.7729919433594,415.8649963378906,415.9510009765625,416.0350036621094,416.1530029296875,416.2972045898438,416.4092041015625,416.522802734375,416.6538024902344,416.71380615234375,416.7166076660157,416.6816040039063,416.6980041503906,416.71900634765626,416.8010009765625,416.8950012207032,417.0121643066406,417.1271606445313,417.2451599121094,417.2731628417969,417.31915893554685,417.3561767578125,417.34515991210935,417.33515625,417.34715576171874,417.3331604003906,417.2759826660157,417.1830017089844,417.0450012207031,416.908984375,416.84398193359374,416.8379821777344,416.87498168945314,416.9549865722656,417.0410217285156,417.0300231933594,417.022021484375,417.0320190429687,417.0318176269531,417.07379760742185,417.1177978515625,417.141796875,417.1617980957032,417.18999633789065,417.22999877929686,417.3717590332032,417.51976318359374,417.659765625,417.7817687988281,417.84376831054686,417.8490051269531,417.8350036621094,417.8240051269531,417.81000366210935,417.8080017089844,417.741064453125,417.6730651855469,417.5900634765625,417.5040649414062,417.4640441894532,417.4539855957031,417.4579833984375,417.47998046875,417.4879760742188,417.475,417.4489990234375,417.3585205078125,417.3105224609375,417.2265258789063,417.1695251464844,417.1445251464844,417.2100036621094,417.2130065917969,417.2410034179687,417.2590026855469,417.2660034179688,417.2692016601562,417.2658203125,417.2718200683594,417.2958190917969,417.334814453125,417.3266174316406,417.318994140625,417.3219970703125,417.2880004882812,417.2726623535156,417.2816589355469,417.3076599121094,417.36265869140624,417.4686584472656,417.5369995117188,417.64150390625,417.7374877929688,417.823486328125,417.846484375,417.896484375,417.9009826660157,417.9219970703125,417.9429992675781,417.8260009765625,417.672998046875,417.46099853515625,417.2859985351562,417.0889770507813,417.00697631835936,416.9629760742188,417.0029724121094,416.9789733886719,416.918994140625,416.8714538574219,416.78345947265626,416.6674621582032,416.5914611816406,416.5754638671875,416.58900146484376,416.65700073242186,416.63099975585936,416.5330017089844,416.4130004882812,416.3070007324219,416.1760009765625,416.1780029296875,416.2240051269531,416.2740051269531,416.25400390625,416.28900146484375,416.275,416.2950012207031,416.2529968261719,416.2869995117188,416.2460021972656,416.1980041503906,416.14594116210935,416.1809020996094,416.1730407714844,416.1940368652344,416.2320373535157,416.2580749511719,416.2671142578125,416.29697265625,416.2759765625,416.2799743652344,416.2329956054688,416.1905578613281,416.1695617675781,416.1655578613281,416.0935607910157,416.1433044433594,416.20374755859376,416.18974609375,416.2257446289062,416.27174072265626,416.2570007324219,416.1909973144531,416.1779968261719,416.1599975585938,416.1619995117188,416.155859375,416.1298583984375,416.1118591308594,416.080859375,416.0508605957031,416.0510009765625,416.15400390625,416.2408020019531,416.3138061523438,416.3997863769531,416.4282836914063,416.42328491210935,416.4044860839844,416.3754821777344,416.3794982910157,416.4109985351562,416.40849609375,416.4245178222656,416.4632995605469,416.4233032226563,416.385302734375,416.3918029785156,416.40478515625,416.4130065917969,416.5170043945312,416.6046630859375,416.6936645507813,416.7761596679687,416.8406188964844,416.8726196289063,416.9169616699219,416.94196166992185,416.9924621582031,417.0503234863281,417.0043212890625,416.83832397460935,416.7143249511719,416.54832763671874,416.406005859375,416.3770080566407,416.45900268554686,416.4909973144531,416.5426574707032,416.5286560058594,416.4696533203125,416.4056579589844,416.35166015625,416.2719970703125,416.19801635742186,416.1460205078125,416.0840393066407,415.97803955078126,415.9236633300781,415.9274230957032,415.9314208984375,415.9598022460938,415.9858032226563,415.9761840820312,415.9614074707032,415.918408203125,415.8710083007812,415.8428894042969,415.8028869628906,415.7038879394531,415.6328857421875,415.5928833007813,415.56000366210935,415.5900024414062,415.6520202636719,415.71002197265625,415.709423828125,415.7184204101562,415.6664184570312,415.6664001464844,415.6723999023437,415.6823791503906,415.7007995605469,415.7168029785156,415.7108032226562,415.6748046875,415.6934265136719,415.735009765625,415.7910095214844,415.8570068359375,415.9607666015625,416.05576171875,416.1317565917969,416.2197570800781,416.278759765625,416.35700073242185,416.40900268554685,416.48500366210936,416.53900146484375,416.5899963378906,416.6279968261719,416.634716796875,416.64271850585936,416.6467224121094,416.6707275390625,416.6767272949219,416.71900634765626,416.72900390625,416.7510009765625,416.7705993652344,416.7945983886719,416.8236022949219,416.84560546875,416.84404296875,416.8184448242188,416.79444580078126,416.75844116210936,416.72044067382814,416.7260009765625,416.7839965820313,416.8399963378906,416.9060180664063,416.9678161621094,417.0133605957032,417.0393615722657,417.041357421875,417.0153381347656,417.0145385742188,417.0069946289062,416.9929931640625,416.9919982910157,417.0159973144531,417.0519958496094,417.08399658203126,417.1260009765625,417.12099609375,417.1069946289063,417.05,417.02300415039065,416.9679992675781,416.9960021972656,417.04400634765625,417.143701171875,417.2046997070312,417.2736999511719,417.32371826171874,417.36371459960935,417.3863342285157,417.45033569335936,417.5013366699219,417.5793151855469,417.6833190917969,417.7429992675781,417.7529968261719,417.7779968261719,417.7360168457032,417.66001586914064,417.588037109375,417.5740356445313,417.5780395507812,417.60602416992185,417.6550231933594,417.7230041503906,417.7550048828125,417.7870056152344,417.8350036621094,417.8710021972656,417.90700073242186,417.9330200195312,417.91301879882815,417.9050170898437,417.91001586914064,417.9840148925781,418.072998046875,418.218994140625,418.35499267578126,418.5119934082031,418.6559936523437,418.80299072265626,418.8869934082031,418.9449951171875,418.997998046875,419.05999755859375,419.1409973144531,419.2549987792969,419.3669982910157,419.3969970703125,419.38099975585936,419.327001953125,419.29099731445314,419.272998046875,419.2825561523438,419.4435546875,419.5605529785156,419.70555419921874,419.8615539550781,420.0639953613281,420.0899963378906,420.1809997558594,420.2390014648437,420.3170043945312,420.3380065917969,420.3710083007812,420.3920043945312,420.45900268554686,420.4710021972657,420.5,420.50999755859374,420.4919982910157,420.4179992675781,420.38189697265625,420.3398986816407,420.3098999023438,420.3434814453125,420.3824829101562,420.41558227539065,420.442578125,420.4855773925781,420.4999938964844,420.4969909667969,420.47999267578126,420.5049926757813,420.4863159179688,420.4323364257813,420.3543212890625,420.26032104492185,420.1661254882813,420.0898010253906,420.08978271484375,420.07379760742185,420.1157958984375,420.1739929199219,420.1859924316406,420.1707946777344,420.2119995117188,420.252001953125,420.25160522460936,420.30860595703126,420.3558044433594,420.3946044921875,420.39060668945314,420.402001953125,420.4488037109375,420.4908020019531,420.5227966308594,420.5589538574219,420.5889587402344,420.5831604003906,420.5791442871094,420.5821472167969,420.58798828125,420.5869873046875,420.59898681640624,420.5870056152344,420.60400390625,420.6140014648437,420.63599853515626,420.6102355957031,420.55023193359375,420.4442321777344,420.3912353515625,420.3282348632813,420.2759948730469,420.2819946289063,420.27399291992185,420.2259887695312,420.1889709472656,420.1509704589844,420.1309509277344,420.1029541015625,420.06995849609376,420.01995849609375,420.061962890625,420.0619873046875,420.1139892578125,420.1719848632813,420.2300048828125,420.2340026855469,420.2460021972656,420.22999877929686,420.2010009765625,420.222998046875,420.24400024414064,420.2859985351562,420.3650024414063,420.4400024414063,420.4820068359375,420.4050048828125,420.3250061035157,420.2420043945313,420.1160034179687,419.95400390625,419.94300537109376,419.89300537109375,419.76800537109375,419.7222290039063,419.684228515625,419.46722412109375,419.3752197265625,419.376220703125,419.35199584960935,419.29799194335936,419.42099609375,419.4929992675781,419.5169982910156,419.5210021972656,419.5170043945312,419.5300048828125,419.4460021972656,419.2780029296875,419.1080017089844,418.9600036621094,418.7340026855469,418.5920043945313,418.4420043945312,418.3500061035156,418.3260070800781,418.2960083007813,418.2260314941406,418.1880310058594,418.02003173828126,417.88203125,417.7640319824219,417.7180114746094,417.71400756835936,417.8230041503906,417.90700073242186,418.0769958496094,418.2069946289063,418.425,418.597998046875,418.7219970703125,418.73200073242185,418.72999877929686,418.6879943847656,418.6719970703125,418.6700012207031,418.6859985351563,418.6859985351563,418.702001953125,418.66700439453126,418.62400512695314,418.6300048828125,418.5700073242188,418.4840026855469,418.4289978027344,418.4299926757813,418.37599487304686,418.3719909667969,418.3739929199219,418.3769958496094,418.3419982910156,418.297998046875,418.30499877929685,418.2779968261719,418.31499633789065,418.293994140625,418.2599914550781,418.3089904785156,418.3799926757813,418.4222106933594,418.4862121582031,418.6542114257812,418.6742126464844,418.6841918945312,418.6559753417969,418.6599731445313,418.58997802734376,418.53997802734375,418.4859985351562,418.4259948730469,418.3539978027344,418.1919982910157,418.0539978027344,417.9260009765625,417.8140014648437,417.6820007324219,417.7200012207031,417.7600036621094,417.8200012207032,417.9274230957032,418.0684265136719,418.132421875,418.21242065429686,418.2654235839844,418.30402221679685,418.3410217285156,418.4270263671875,418.4570251464844,418.4848205566406,418.5067993164063,418.543798828125,418.52979736328126,418.5518005371094,418.6150024414063,418.6870056152344,418.7420043945313,418.7980041503906,418.8383605957032,418.8484802246094,418.8024780273437,418.7562377929688,418.7362365722656,418.7518798828125,418.7835632324219,418.8375671386719,418.8918090820313,418.901806640625,418.9138061523437,418.9240051269532,418.9300048828125,418.8983032226562,418.86630859375,418.7983093261719,418.7203063964844,418.660302734375,418.65180053710935,418.68751831054686,418.7275146484375,418.7775146484375,418.8435180664063,418.8747192382813,418.8769958496094,418.8731994628906,418.8651977539063,418.8471984863281,418.8581970214844,418.8742004394532,418.8738220214844,418.8278259277344,418.78382568359376,418.7438293457032,418.7318298339844,418.7110046386719,418.7300048828125,418.7280029296875,418.73200073242185,418.7190002441406,418.7080017089844,418.7109802246094,418.6922180175781,418.676220703125,418.6692199707031,418.6682189941406,418.6262390136719,418.5990234375,418.5510192871094,418.4810180664063,418.4300170898438,418.4420166015625,418.4339965820312,418.4059997558594,418.3669982910157,418.3609985351562,418.3029968261719,418.2929931640625,418.3109924316406,418.3409973144532,418.3469970703125,418.3489990234375,418.3080017089844,418.227001953125,418.1320007324219,418.04200439453126,417.9607055664063,417.943701171875,417.9288391113281,417.9568359375,417.9788330078125,418.0363525390625,418.0303527832031,418.0441955566406,418.0061950683594,417.9941955566407,417.9529724121094,417.93897705078126,417.9089965820313,417.8669982910157,417.777001953125,417.7100036621094,417.7,417.7719970703125,417.8989990234375,418.0669982910157,418.2289978027344,418.3219970703125,418.35401611328126,418.37701416015625,418.3650146484375,418.2990173339844,418.2020202636719,418.1036437988281,417.9976440429688,417.8936401367188,417.8226379394531,417.8466369628906,417.8469970703125,417.8449951171875,417.8779968261719,417.9419982910157,417.9719970703125,418.02699584960936,418.075,418.1320007324219,418.1369995117187,418.1299987792969,418.14299926757815,418.1409973144531,418.1079956054688,418.0639953613281,418.0359985351562,417.98200073242185,417.9880004882813,418.02300415039065,418.1280029296875,418.2049987792969,418.30499877929685,418.4089965820313,418.468994140625,418.5079956054688,418.5659973144531,418.60999755859376,418.62200317382815,418.6510009765625,418.6330017089844,418.6080017089844,418.5760009765625,418.4950012207031,418.41400146484375,418.38099975585936,418.33099975585935,418.3019958496094,418.36399536132814,418.4359985351563,418.4929992675781,418.5780029296875,418.6450256347656,418.6580017089844,418.6619995117188,418.6720031738281,418.6345581054687,418.600537109375,418.5325561523438,418.47755737304686,418.4135559082032,418.3869995117187,418.3869567871094,418.42095947265625,418.42095947265625,418.41596069335935,418.3879577636719,418.3185791015625,418.2775817871094,418.2125610351562,418.1895568847656,418.1915588378906,418.1887817382813,418.1876770019532,418.2557006835938,418.3197021484375,418.3887023925781,418.45490112304685,418.5170043945312,418.5450012207031,418.5609985351563,418.56199951171874,418.597998046875,418.6219970703125,418.6389953613281,418.6169982910157,418.6159973144531,418.59599609375,418.55999755859375,418.5869995117188,418.64299926757815,418.68800048828126,418.74900512695314,418.831005859375,418.8550048828125,418.88902587890624,418.9170227050781,418.8620178222656,418.8420166015625,418.8290161132812,418.8119934082032,418.8929931640625,419.0889953613281,419.24799194335935,419.4049926757813,419.5659973144531,419.7330017089844,419.827001953125,419.9420043945312,420.0860046386719,420.2080017089844,420.1723571777344,420.1001403808594,419.9721374511719,419.7871398925781,419.617138671875,419.5417785644531,419.5257751464844,419.5587768554688,419.615576171875,419.65758056640624,419.6285827636719,419.5928039550781,419.5466247558594,419.4964233398438,419.3664184570313,419.29241943359375,419.2180969238281,419.1312744140625,419.04749755859376,418.9755004882812,418.89349975585935,418.8278198242188,418.7798217773437,418.7179992675781,418.64599609375,418.4359985351563,418.21422119140624,418.1352233886719,418.0662231445313,418.1462280273437,418.37822265625,418.6260009765625,418.7369995117188,418.8700012207031,418.9339965820312,418.9710021972657,419.0290222167969,419.0650207519531,419.0773559570313,419.05335693359376,419.0803527832031,419.10491333007815,419.13063354492186,419.1472961425781,419.21729736328126,419.231298828125,419.2009216308594,419.1452026367188,419.1482055664063,419.16220703125,419.1422058105469,419.14800415039065,419.206005859375,419.21800537109374,0
  -416.6816040039063,416.6980041503906,416.71900634765626,416.8010009765625,416.8950012207032,417.0121643066406,417.1271606445313,417.2451599121094,417.2731628417969,417.31915893554685,417.3561767578125,417.34515991210935,417.33515625,417.34715576171874,417.3331604003906,417.2759826660157,417.1830017089844,417.0450012207031,416.908984375,416.84398193359374,416.8379821777344,416.87498168945314,416.9549865722656,417.0410217285156,417.0300231933594,417.022021484375,417.0320190429687,417.0318176269531,417.07379760742185,417.1177978515625,417.141796875,417.1617980957032,417.18999633789065,417.22999877929686,417.3717590332032,417.51976318359374,417.659765625,417.7817687988281,417.84376831054686,417.8490051269531,417.8350036621094,417.8240051269531,417.81000366210935,417.8080017089844,417.741064453125,417.6730651855469,417.5900634765625,417.5040649414062,417.4640441894532,417.4539855957031,417.4579833984375,417.47998046875,417.4879760742188,417.475,417.4489990234375,417.3585205078125,417.3105224609375,417.2265258789063,417.1695251464844,417.1445251464844,417.2100036621094,417.2130065917969,417.2410034179687,417.2590026855469,417.2660034179688,417.2692016601562,417.2658203125,417.2718200683594,417.2958190917969,417.334814453125,417.3266174316406,417.318994140625,417.3219970703125,417.2880004882812,417.2726623535156,417.2816589355469,417.3076599121094,417.36265869140624,417.4686584472656,417.5369995117188,417.64150390625,417.7374877929688,417.823486328125,417.846484375,417.896484375,417.9009826660157,417.9219970703125,417.9429992675781,417.8260009765625,417.672998046875,417.46099853515625,417.2859985351562,417.0889770507813,417.00697631835936,416.9629760742188,417.0029724121094,416.9789733886719,416.918994140625,416.8714538574219,416.78345947265626,416.6674621582032,416.5914611816406,416.5754638671875,416.58900146484376,416.65700073242186,416.63099975585936,416.5330017089844,416.4130004882812,416.3070007324219,416.1760009765625,416.1780029296875,416.2240051269531,416.2740051269531,416.25400390625,416.28900146484375,416.275,416.2950012207031,416.2529968261719,416.2869995117188,416.2460021972656,416.1980041503906,416.14594116210935,416.1809020996094,416.1730407714844,416.1940368652344,416.2320373535157,416.2580749511719,416.2671142578125,416.29697265625,416.2759765625,416.2799743652344,416.2329956054688,416.1905578613281,416.1695617675781,416.1655578613281,416.0935607910157,416.1433044433594,416.20374755859376,416.18974609375,416.2257446289062,416.27174072265626,416.2570007324219,416.1909973144531,416.1779968261719,416.1599975585938,416.1619995117188,416.155859375,416.1298583984375,416.1118591308594,416.080859375,416.0508605957031,416.0510009765625,416.15400390625,416.2408020019531,416.3138061523438,416.3997863769531,416.4282836914063,416.42328491210935,416.4044860839844,416.3754821777344,416.3794982910157,416.4109985351562,416.40849609375,416.4245178222656,416.4632995605469,416.4233032226563,416.385302734375,416.3918029785156,416.40478515625,416.4130065917969,416.5170043945312,416.6046630859375,416.6936645507813,416.7761596679687,416.8406188964844,416.8726196289063,416.9169616699219,416.94196166992185,416.9924621582031,417.0503234863281,417.0043212890625,416.83832397460935,416.7143249511719,416.54832763671874,416.406005859375,416.3770080566407,416.45900268554686,416.4909973144531,416.5426574707032,416.5286560058594,416.4696533203125,416.4056579589844,416.35166015625,416.2719970703125,416.19801635742186,416.1460205078125,416.0840393066407,415.97803955078126,415.9236633300781,415.9274230957032,415.9314208984375,415.9598022460938,415.9858032226563,415.9761840820312,415.9614074707032,415.918408203125,415.8710083007812,415.8428894042969,415.8028869628906,415.7038879394531,415.6328857421875,415.5928833007813,415.56000366210935,415.5900024414062,415.6520202636719,415.71002197265625,415.709423828125,415.7184204101562,415.6664184570312,415.6664001464844,415.6723999023437,415.6823791503906,415.7007995605469,415.7168029785156,415.7108032226562,415.6748046875,415.6934265136719,415.735009765625,415.7910095214844,415.8570068359375,415.9607666015625,416.05576171875,416.1317565917969,416.2197570800781,416.278759765625,416.35700073242185,416.40900268554685,416.48500366210936,416.53900146484375,416.5899963378906,416.6279968261719,416.634716796875,416.64271850585936,416.6467224121094,416.6707275390625,416.6767272949219,416.71900634765626,416.72900390625,416.7510009765625,416.7705993652344,416.7945983886719,416.8236022949219,416.84560546875,416.84404296875,416.8184448242188,416.79444580078126,416.75844116210936,416.72044067382814,416.7260009765625,416.7839965820313,416.8399963378906,416.9060180664063,416.9678161621094,417.0133605957032,417.0393615722657,417.041357421875,417.0153381347656,417.0145385742188,417.0069946289062,416.9929931640625,416.9919982910157,417.0159973144531,417.0519958496094,417.08399658203126,417.1260009765625,417.12099609375,417.1069946289063,417.05,417.02300415039065,416.9679992675781,416.9960021972656,417.04400634765625,417.143701171875,417.2046997070312,417.2736999511719,417.32371826171874,417.36371459960935,417.3863342285157,417.45033569335936,417.5013366699219,417.5793151855469,417.6833190917969,417.7429992675781,417.7529968261719,417.7779968261719,417.7360168457032,417.66001586914064,417.588037109375,417.5740356445313,417.5780395507812,417.60602416992185,417.6550231933594,417.7230041503906,417.7550048828125,417.7870056152344,417.8350036621094,417.8710021972656,417.90700073242186,417.9330200195312,417.91301879882815,417.9050170898437,417.91001586914064,417.9840148925781,418.072998046875,418.218994140625,418.35499267578126,418.5119934082031,418.6559936523437,418.80299072265626,418.8869934082031,418.9449951171875,418.997998046875,419.05999755859375,419.1409973144531,419.2549987792969,419.3669982910157,419.3969970703125,419.38099975585936,419.327001953125,419.29099731445314,419.272998046875,419.2825561523438,419.4435546875,419.5605529785156,419.70555419921874,419.8615539550781,420.0639953613281,420.0899963378906,420.1809997558594,420.2390014648437,420.3170043945312,420.3380065917969,420.3710083007812,420.3920043945312,420.45900268554686,420.4710021972657,420.5,420.50999755859374,420.4919982910157,420.4179992675781,420.38189697265625,420.3398986816407,420.3098999023438,420.3434814453125,420.3824829101562,420.41558227539065,420.442578125,420.4855773925781,420.4999938964844,420.4969909667969,420.47999267578126,420.5049926757813,420.4863159179688,420.4323364257813,420.3543212890625,420.26032104492185,420.1661254882813,420.0898010253906,420.08978271484375,420.07379760742185,420.1157958984375,420.1739929199219,420.1859924316406,420.1707946777344,420.2119995117188,420.252001953125,420.25160522460936,420.30860595703126,420.3558044433594,420.3946044921875,420.39060668945314,420.402001953125,420.4488037109375,420.4908020019531,420.5227966308594,420.5589538574219,420.5889587402344,420.5831604003906,420.5791442871094,420.5821472167969,420.58798828125,420.5869873046875,420.59898681640624,420.5870056152344,420.60400390625,420.6140014648437,420.63599853515626,420.6102355957031,420.55023193359375,420.4442321777344,420.3912353515625,420.3282348632813,420.2759948730469,420.2819946289063,420.27399291992185,420.2259887695312,420.1889709472656,420.1509704589844,420.1309509277344,420.1029541015625,420.06995849609376,420.01995849609375,420.061962890625,420.0619873046875,420.1139892578125,420.1719848632813,420.2300048828125,420.2340026855469,420.2460021972656,420.22999877929686,420.2010009765625,420.222998046875,420.24400024414064,420.2859985351562,420.3650024414063,420.4400024414063,420.4820068359375,420.4050048828125,420.3250061035157,420.2420043945313,420.1160034179687,419.95400390625,419.94300537109376,419.89300537109375,419.76800537109375,419.7222290039063,419.684228515625,419.46722412109375,419.3752197265625,419.376220703125,419.35199584960935,419.29799194335936,419.42099609375,419.4929992675781,419.5169982910156,419.5210021972656,419.5170043945312,419.5300048828125,419.4460021972656,419.2780029296875,419.1080017089844,418.9600036621094,418.7340026855469,418.5920043945313,418.4420043945312,418.3500061035156,418.3260070800781,418.2960083007813,418.2260314941406,418.1880310058594,418.02003173828126,417.88203125,417.7640319824219,417.7180114746094,417.71400756835936,417.8230041503906,417.90700073242186,418.0769958496094,418.2069946289063,418.425,418.597998046875,418.7219970703125,418.73200073242185,418.72999877929686,418.6879943847656,418.6719970703125,418.6700012207031,418.6859985351563,418.6859985351563,418.702001953125,418.66700439453126,418.62400512695314,418.6300048828125,418.5700073242188,418.4840026855469,418.4289978027344,418.4299926757813,418.37599487304686,418.3719909667969,418.3739929199219,418.3769958496094,418.3419982910156,418.297998046875,418.30499877929685,418.2779968261719,418.31499633789065,418.293994140625,418.2599914550781,418.3089904785156,418.3799926757813,418.4222106933594,418.4862121582031,418.6542114257812,418.6742126464844,418.6841918945312,418.6559753417969,418.6599731445313,418.58997802734376,418.53997802734375,418.4859985351562,418.4259948730469,418.3539978027344,418.1919982910157,418.0539978027344,417.9260009765625,417.8140014648437,417.6820007324219,417.7200012207031,417.7600036621094,417.8200012207032,417.9274230957032,418.0684265136719,418.132421875,418.21242065429686,418.2654235839844,418.30402221679685,418.3410217285156,418.4270263671875,418.4570251464844,418.4848205566406,418.5067993164063,418.543798828125,418.52979736328126,418.5518005371094,418.6150024414063,418.6870056152344,418.7420043945313,418.7980041503906,418.8383605957032,418.8484802246094,418.8024780273437,418.7562377929688,418.7362365722656,418.7518798828125,418.7835632324219,418.8375671386719,418.8918090820313,418.901806640625,418.9138061523437,418.9240051269532,418.9300048828125,418.8983032226562,418.86630859375,418.7983093261719,418.7203063964844,418.660302734375,418.65180053710935,418.68751831054686,418.7275146484375,418.7775146484375,418.8435180664063,418.8747192382813,418.8769958496094,418.8731994628906,418.8651977539063,418.8471984863281,418.8581970214844,418.8742004394532,418.8738220214844,418.8278259277344,418.78382568359376,418.7438293457032,418.7318298339844,418.7110046386719,418.7300048828125,418.7280029296875,418.73200073242185,418.7190002441406,418.7080017089844,418.7109802246094,418.6922180175781,418.676220703125,418.6692199707031,418.6682189941406,418.6262390136719,418.5990234375,418.5510192871094,418.4810180664063,418.4300170898438,418.4420166015625,418.4339965820312,418.4059997558594,418.3669982910157,418.3609985351562,418.3029968261719,418.2929931640625,418.3109924316406,418.3409973144532,418.3469970703125,418.3489990234375,418.3080017089844,418.227001953125,418.1320007324219,418.04200439453126,417.9607055664063,417.943701171875,417.9288391113281,417.9568359375,417.9788330078125,418.0363525390625,418.0303527832031,418.0441955566406,418.0061950683594,417.9941955566407,417.9529724121094,417.93897705078126,417.9089965820313,417.8669982910157,417.777001953125,417.7100036621094,417.7,417.7719970703125,417.8989990234375,418.0669982910157,418.2289978027344,418.3219970703125,418.35401611328126,418.37701416015625,418.3650146484375,418.2990173339844,418.2020202636719,418.1036437988281,417.9976440429688,417.8936401367188,417.8226379394531,417.8466369628906,417.8469970703125,417.8449951171875,417.8779968261719,417.9419982910157,417.9719970703125,418.02699584960936,418.075,418.1320007324219,418.1369995117187,418.1299987792969,418.14299926757815,418.1409973144531,418.1079956054688,418.0639953613281,418.0359985351562,417.98200073242185,417.9880004882813,418.02300415039065,418.1280029296875,418.2049987792969,418.30499877929685,418.4089965820313,418.468994140625,418.5079956054688,418.5659973144531,418.60999755859376,418.62200317382815,418.6510009765625,418.6330017089844,418.6080017089844,418.5760009765625,418.4950012207031,418.41400146484375,418.38099975585936,418.33099975585935,418.3019958496094,418.36399536132814,418.4359985351563,418.4929992675781,418.5780029296875,418.6450256347656,418.6580017089844,418.6619995117188,418.6720031738281,418.6345581054687,418.600537109375,418.5325561523438,418.47755737304686,418.4135559082032,418.3869995117187,418.3869567871094,418.42095947265625,418.42095947265625,418.41596069335935,418.3879577636719,418.3185791015625,418.2775817871094,418.2125610351562,418.1895568847656,418.1915588378906,418.1887817382813,418.1876770019532,418.2557006835938,418.3197021484375,418.3887023925781,418.45490112304685,418.5170043945312,418.5450012207031,418.5609985351563,418.56199951171874,418.597998046875,418.6219970703125,418.6389953613281,418.6169982910157,418.6159973144531,418.59599609375,418.55999755859375,418.5869995117188,418.64299926757815,418.68800048828126,418.74900512695314,418.831005859375,418.8550048828125,418.88902587890624,418.9170227050781,418.8620178222656,418.8420166015625,418.8290161132812,418.8119934082032,418.8929931640625,419.0889953613281,419.24799194335935,419.4049926757813,419.5659973144531,419.7330017089844,419.827001953125,419.9420043945312,420.0860046386719,420.2080017089844,420.1723571777344,420.1001403808594,419.9721374511719,419.7871398925781,419.617138671875,419.5417785644531,419.5257751464844,419.5587768554688,419.615576171875,419.65758056640624,419.6285827636719,419.5928039550781,419.5466247558594,419.4964233398438,419.3664184570313,419.29241943359375,419.2180969238281,419.1312744140625,419.04749755859376,418.9755004882812,418.89349975585935,418.8278198242188,418.7798217773437,418.7179992675781,418.64599609375,418.4359985351563,418.21422119140624,418.1352233886719,418.0662231445313,418.1462280273437,418.37822265625,418.6260009765625,418.7369995117188,418.8700012207031,418.9339965820312,418.9710021972657,419.0290222167969,419.0650207519531,419.0773559570313,419.05335693359376,419.0803527832031,419.10491333007815,419.13063354492186,419.1472961425781,419.21729736328126,419.231298828125,419.2009216308594,419.1452026367188,419.1482055664063,419.16220703125,419.1422058105469,419.14800415039065,419.206005859375,419.21800537109374,419.18402099609375,419.18602294921874,419.1730224609375,419.11301879882814,419.0550354003906,418.9930358886719,418.9230346679688,418.8330322265625,418.7170349121094,418.6169982910157,418.5369812011719,1
  -416.71900634765626,416.8010009765625,416.8950012207032,417.0121643066406,417.1271606445313,417.2451599121094,417.2731628417969,417.31915893554685,417.3561767578125,417.34515991210935,417.33515625,417.34715576171874,417.3331604003906,417.2759826660157,417.1830017089844,417.0450012207031,416.908984375,416.84398193359374,416.8379821777344,416.87498168945314,416.9549865722656,417.0410217285156,417.0300231933594,417.022021484375,417.0320190429687,417.0318176269531,417.07379760742185,417.1177978515625,417.141796875,417.1617980957032,417.18999633789065,417.22999877929686,417.3717590332032,417.51976318359374,417.659765625,417.7817687988281,417.84376831054686,417.8490051269531,417.8350036621094,417.8240051269531,417.81000366210935,417.8080017089844,417.741064453125,417.6730651855469,417.5900634765625,417.5040649414062,417.4640441894532,417.4539855957031,417.4579833984375,417.47998046875,417.4879760742188,417.475,417.4489990234375,417.3585205078125,417.3105224609375,417.2265258789063,417.1695251464844,417.1445251464844,417.2100036621094,417.2130065917969,417.2410034179687,417.2590026855469,417.2660034179688,417.2692016601562,417.2658203125,417.2718200683594,417.2958190917969,417.334814453125,417.3266174316406,417.318994140625,417.3219970703125,417.2880004882812,417.2726623535156,417.2816589355469,417.3076599121094,417.36265869140624,417.4686584472656,417.5369995117188,417.64150390625,417.7374877929688,417.823486328125,417.846484375,417.896484375,417.9009826660157,417.9219970703125,417.9429992675781,417.8260009765625,417.672998046875,417.46099853515625,417.2859985351562,417.0889770507813,417.00697631835936,416.9629760742188,417.0029724121094,416.9789733886719,416.918994140625,416.8714538574219,416.78345947265626,416.6674621582032,416.5914611816406,416.5754638671875,416.58900146484376,416.65700073242186,416.63099975585936,416.5330017089844,416.4130004882812,416.3070007324219,416.1760009765625,416.1780029296875,416.2240051269531,416.2740051269531,416.25400390625,416.28900146484375,416.275,416.2950012207031,416.2529968261719,416.2869995117188,416.2460021972656,416.1980041503906,416.14594116210935,416.1809020996094,416.1730407714844,416.1940368652344,416.2320373535157,416.2580749511719,416.2671142578125,416.29697265625,416.2759765625,416.2799743652344,416.2329956054688,416.1905578613281,416.1695617675781,416.1655578613281,416.0935607910157,416.1433044433594,416.20374755859376,416.18974609375,416.2257446289062,416.27174072265626,416.2570007324219,416.1909973144531,416.1779968261719,416.1599975585938,416.1619995117188,416.155859375,416.1298583984375,416.1118591308594,416.080859375,416.0508605957031,416.0510009765625,416.15400390625,416.2408020019531,416.3138061523438,416.3997863769531,416.4282836914063,416.42328491210935,416.4044860839844,416.3754821777344,416.3794982910157,416.4109985351562,416.40849609375,416.4245178222656,416.4632995605469,416.4233032226563,416.385302734375,416.3918029785156,416.40478515625,416.4130065917969,416.5170043945312,416.6046630859375,416.6936645507813,416.7761596679687,416.8406188964844,416.8726196289063,416.9169616699219,416.94196166992185,416.9924621582031,417.0503234863281,417.0043212890625,416.83832397460935,416.7143249511719,416.54832763671874,416.406005859375,416.3770080566407,416.45900268554686,416.4909973144531,416.5426574707032,416.5286560058594,416.4696533203125,416.4056579589844,416.35166015625,416.2719970703125,416.19801635742186,416.1460205078125,416.0840393066407,415.97803955078126,415.9236633300781,415.9274230957032,415.9314208984375,415.9598022460938,415.9858032226563,415.9761840820312,415.9614074707032,415.918408203125,415.8710083007812,415.8428894042969,415.8028869628906,415.7038879394531,415.6328857421875,415.5928833007813,415.56000366210935,415.5900024414062,415.6520202636719,415.71002197265625,415.709423828125,415.7184204101562,415.6664184570312,415.6664001464844,415.6723999023437,415.6823791503906,415.7007995605469,415.7168029785156,415.7108032226562,415.6748046875,415.6934265136719,415.735009765625,415.7910095214844,415.8570068359375,415.9607666015625,416.05576171875,416.1317565917969,416.2197570800781,416.278759765625,416.35700073242185,416.40900268554685,416.48500366210936,416.53900146484375,416.5899963378906,416.6279968261719,416.634716796875,416.64271850585936,416.6467224121094,416.6707275390625,416.6767272949219,416.71900634765626,416.72900390625,416.7510009765625,416.7705993652344,416.7945983886719,416.8236022949219,416.84560546875,416.84404296875,416.8184448242188,416.79444580078126,416.75844116210936,416.72044067382814,416.7260009765625,416.7839965820313,416.8399963378906,416.9060180664063,416.9678161621094,417.0133605957032,417.0393615722657,417.041357421875,417.0153381347656,417.0145385742188,417.0069946289062,416.9929931640625,416.9919982910157,417.0159973144531,417.0519958496094,417.08399658203126,417.1260009765625,417.12099609375,417.1069946289063,417.05,417.02300415039065,416.9679992675781,416.9960021972656,417.04400634765625,417.143701171875,417.2046997070312,417.2736999511719,417.32371826171874,417.36371459960935,417.3863342285157,417.45033569335936,417.5013366699219,417.5793151855469,417.6833190917969,417.7429992675781,417.7529968261719,417.7779968261719,417.7360168457032,417.66001586914064,417.588037109375,417.5740356445313,417.5780395507812,417.60602416992185,417.6550231933594,417.7230041503906,417.7550048828125,417.7870056152344,417.8350036621094,417.8710021972656,417.90700073242186,417.9330200195312,417.91301879882815,417.9050170898437,417.91001586914064,417.9840148925781,418.072998046875,418.218994140625,418.35499267578126,418.5119934082031,418.6559936523437,418.80299072265626,418.8869934082031,418.9449951171875,418.997998046875,419.05999755859375,419.1409973144531,419.2549987792969,419.3669982910157,419.3969970703125,419.38099975585936,419.327001953125,419.29099731445314,419.272998046875,419.2825561523438,419.4435546875,419.5605529785156,419.70555419921874,419.8615539550781,420.0639953613281,420.0899963378906,420.1809997558594,420.2390014648437,420.3170043945312,420.3380065917969,420.3710083007812,420.3920043945312,420.45900268554686,420.4710021972657,420.5,420.50999755859374,420.4919982910157,420.4179992675781,420.38189697265625,420.3398986816407,420.3098999023438,420.3434814453125,420.3824829101562,420.41558227539065,420.442578125,420.4855773925781,420.4999938964844,420.4969909667969,420.47999267578126,420.5049926757813,420.4863159179688,420.4323364257813,420.3543212890625,420.26032104492185,420.1661254882813,420.0898010253906,420.08978271484375,420.07379760742185,420.1157958984375,420.1739929199219,420.1859924316406,420.1707946777344,420.2119995117188,420.252001953125,420.25160522460936,420.30860595703126,420.3558044433594,420.3946044921875,420.39060668945314,420.402001953125,420.4488037109375,420.4908020019531,420.5227966308594,420.5589538574219,420.5889587402344,420.5831604003906,420.5791442871094,420.5821472167969,420.58798828125,420.5869873046875,420.59898681640624,420.5870056152344,420.60400390625,420.6140014648437,420.63599853515626,420.6102355957031,420.55023193359375,420.4442321777344,420.3912353515625,420.3282348632813,420.2759948730469,420.2819946289063,420.27399291992185,420.2259887695312,420.1889709472656,420.1509704589844,420.1309509277344,420.1029541015625,420.06995849609376,420.01995849609375,420.061962890625,420.0619873046875,420.1139892578125,420.1719848632813,420.2300048828125,420.2340026855469,420.2460021972656,420.22999877929686,420.2010009765625,420.222998046875,420.24400024414064,420.2859985351562,420.3650024414063,420.4400024414063,420.4820068359375,420.4050048828125,420.3250061035157,420.2420043945313,420.1160034179687,419.95400390625,419.94300537109376,419.89300537109375,419.76800537109375,419.7222290039063,419.684228515625,419.46722412109375,419.3752197265625,419.376220703125,419.35199584960935,419.29799194335936,419.42099609375,419.4929992675781,419.5169982910156,419.5210021972656,419.5170043945312,419.5300048828125,419.4460021972656,419.2780029296875,419.1080017089844,418.9600036621094,418.7340026855469,418.5920043945313,418.4420043945312,418.3500061035156,418.3260070800781,418.2960083007813,418.2260314941406,418.1880310058594,418.02003173828126,417.88203125,417.7640319824219,417.7180114746094,417.71400756835936,417.8230041503906,417.90700073242186,418.0769958496094,418.2069946289063,418.425,418.597998046875,418.7219970703125,418.73200073242185,418.72999877929686,418.6879943847656,418.6719970703125,418.6700012207031,418.6859985351563,418.6859985351563,418.702001953125,418.66700439453126,418.62400512695314,418.6300048828125,418.5700073242188,418.4840026855469,418.4289978027344,418.4299926757813,418.37599487304686,418.3719909667969,418.3739929199219,418.3769958496094,418.3419982910156,418.297998046875,418.30499877929685,418.2779968261719,418.31499633789065,418.293994140625,418.2599914550781,418.3089904785156,418.3799926757813,418.4222106933594,418.4862121582031,418.6542114257812,418.6742126464844,418.6841918945312,418.6559753417969,418.6599731445313,418.58997802734376,418.53997802734375,418.4859985351562,418.4259948730469,418.3539978027344,418.1919982910157,418.0539978027344,417.9260009765625,417.8140014648437,417.6820007324219,417.7200012207031,417.7600036621094,417.8200012207032,417.9274230957032,418.0684265136719,418.132421875,418.21242065429686,418.2654235839844,418.30402221679685,418.3410217285156,418.4270263671875,418.4570251464844,418.4848205566406,418.5067993164063,418.543798828125,418.52979736328126,418.5518005371094,418.6150024414063,418.6870056152344,418.7420043945313,418.7980041503906,418.8383605957032,418.8484802246094,418.8024780273437,418.7562377929688,418.7362365722656,418.7518798828125,418.7835632324219,418.8375671386719,418.8918090820313,418.901806640625,418.9138061523437,418.9240051269532,418.9300048828125,418.8983032226562,418.86630859375,418.7983093261719,418.7203063964844,418.660302734375,418.65180053710935,418.68751831054686,418.7275146484375,418.7775146484375,418.8435180664063,418.8747192382813,418.8769958496094,418.8731994628906,418.8651977539063,418.8471984863281,418.8581970214844,418.8742004394532,418.8738220214844,418.8278259277344,418.78382568359376,418.7438293457032,418.7318298339844,418.7110046386719,418.7300048828125,418.7280029296875,418.73200073242185,418.7190002441406,418.7080017089844,418.7109802246094,418.6922180175781,418.676220703125,418.6692199707031,418.6682189941406,418.6262390136719,418.5990234375,418.5510192871094,418.4810180664063,418.4300170898438,418.4420166015625,418.4339965820312,418.4059997558594,418.3669982910157,418.3609985351562,418.3029968261719,418.2929931640625,418.3109924316406,418.3409973144532,418.3469970703125,418.3489990234375,418.3080017089844,418.227001953125,418.1320007324219,418.04200439453126,417.9607055664063,417.943701171875,417.9288391113281,417.9568359375,417.9788330078125,418.0363525390625,418.0303527832031,418.0441955566406,418.0061950683594,417.9941955566407,417.9529724121094,417.93897705078126,417.9089965820313,417.8669982910157,417.777001953125,417.7100036621094,417.7,417.7719970703125,417.8989990234375,418.0669982910157,418.2289978027344,418.3219970703125,418.35401611328126,418.37701416015625,418.3650146484375,418.2990173339844,418.2020202636719,418.1036437988281,417.9976440429688,417.8936401367188,417.8226379394531,417.8466369628906,417.8469970703125,417.8449951171875,417.8779968261719,417.9419982910157,417.9719970703125,418.02699584960936,418.075,418.1320007324219,418.1369995117187,418.1299987792969,418.14299926757815,418.1409973144531,418.1079956054688,418.0639953613281,418.0359985351562,417.98200073242185,417.9880004882813,418.02300415039065,418.1280029296875,418.2049987792969,418.30499877929685,418.4089965820313,418.468994140625,418.5079956054688,418.5659973144531,418.60999755859376,418.62200317382815,418.6510009765625,418.6330017089844,418.6080017089844,418.5760009765625,418.4950012207031,418.41400146484375,418.38099975585936,418.33099975585935,418.3019958496094,418.36399536132814,418.4359985351563,418.4929992675781,418.5780029296875,418.6450256347656,418.6580017089844,418.6619995117188,418.6720031738281,418.6345581054687,418.600537109375,418.5325561523438,418.47755737304686,418.4135559082032,418.3869995117187,418.3869567871094,418.42095947265625,418.42095947265625,418.41596069335935,418.3879577636719,418.3185791015625,418.2775817871094,418.2125610351562,418.1895568847656,418.1915588378906,418.1887817382813,418.1876770019532,418.2557006835938,418.3197021484375,418.3887023925781,418.45490112304685,418.5170043945312,418.5450012207031,418.5609985351563,418.56199951171874,418.597998046875,418.6219970703125,418.6389953613281,418.6169982910157,418.6159973144531,418.59599609375,418.55999755859375,418.5869995117188,418.64299926757815,418.68800048828126,418.74900512695314,418.831005859375,418.8550048828125,418.88902587890624,418.9170227050781,418.8620178222656,418.8420166015625,418.8290161132812,418.8119934082032,418.8929931640625,419.0889953613281,419.24799194335935,419.4049926757813,419.5659973144531,419.7330017089844,419.827001953125,419.9420043945312,420.0860046386719,420.2080017089844,420.1723571777344,420.1001403808594,419.9721374511719,419.7871398925781,419.617138671875,419.5417785644531,419.5257751464844,419.5587768554688,419.615576171875,419.65758056640624,419.6285827636719,419.5928039550781,419.5466247558594,419.4964233398438,419.3664184570313,419.29241943359375,419.2180969238281,419.1312744140625,419.04749755859376,418.9755004882812,418.89349975585935,418.8278198242188,418.7798217773437,418.7179992675781,418.64599609375,418.4359985351563,418.21422119140624,418.1352233886719,418.0662231445313,418.1462280273437,418.37822265625,418.6260009765625,418.7369995117188,418.8700012207031,418.9339965820312,418.9710021972657,419.0290222167969,419.0650207519531,419.0773559570313,419.05335693359376,419.0803527832031,419.10491333007815,419.13063354492186,419.1472961425781,419.21729736328126,419.231298828125,419.2009216308594,419.1452026367188,419.1482055664063,419.16220703125,419.1422058105469,419.14800415039065,419.206005859375,419.21800537109374,419.18402099609375,419.18602294921874,419.1730224609375,419.11301879882814,419.0550354003906,418.9930358886719,418.9230346679688,418.8330322265625,418.7170349121094,418.6169982910157,418.5369812011719,418.4889831542969,418.4599853515625,0
  -417.2731628417969,417.31915893554685,417.3561767578125,417.34515991210935,417.33515625,417.34715576171874,417.3331604003906,417.2759826660157,417.1830017089844,417.0450012207031,416.908984375,416.84398193359374,416.8379821777344,416.87498168945314,416.9549865722656,417.0410217285156,417.0300231933594,417.022021484375,417.0320190429687,417.0318176269531,417.07379760742185,417.1177978515625,417.141796875,417.1617980957032,417.18999633789065,417.22999877929686,417.3717590332032,417.51976318359374,417.659765625,417.7817687988281,417.84376831054686,417.8490051269531,417.8350036621094,417.8240051269531,417.81000366210935,417.8080017089844,417.741064453125,417.6730651855469,417.5900634765625,417.5040649414062,417.4640441894532,417.4539855957031,417.4579833984375,417.47998046875,417.4879760742188,417.475,417.4489990234375,417.3585205078125,417.3105224609375,417.2265258789063,417.1695251464844,417.1445251464844,417.2100036621094,417.2130065917969,417.2410034179687,417.2590026855469,417.2660034179688,417.2692016601562,417.2658203125,417.2718200683594,417.2958190917969,417.334814453125,417.3266174316406,417.318994140625,417.3219970703125,417.2880004882812,417.2726623535156,417.2816589355469,417.3076599121094,417.36265869140624,417.4686584472656,417.5369995117188,417.64150390625,417.7374877929688,417.823486328125,417.846484375,417.896484375,417.9009826660157,417.9219970703125,417.9429992675781,417.8260009765625,417.672998046875,417.46099853515625,417.2859985351562,417.0889770507813,417.00697631835936,416.9629760742188,417.0029724121094,416.9789733886719,416.918994140625,416.8714538574219,416.78345947265626,416.6674621582032,416.5914611816406,416.5754638671875,416.58900146484376,416.65700073242186,416.63099975585936,416.5330017089844,416.4130004882812,416.3070007324219,416.1760009765625,416.1780029296875,416.2240051269531,416.2740051269531,416.25400390625,416.28900146484375,416.275,416.2950012207031,416.2529968261719,416.2869995117188,416.2460021972656,416.1980041503906,416.14594116210935,416.1809020996094,416.1730407714844,416.1940368652344,416.2320373535157,416.2580749511719,416.2671142578125,416.29697265625,416.2759765625,416.2799743652344,416.2329956054688,416.1905578613281,416.1695617675781,416.1655578613281,416.0935607910157,416.1433044433594,416.20374755859376,416.18974609375,416.2257446289062,416.27174072265626,416.2570007324219,416.1909973144531,416.1779968261719,416.1599975585938,416.1619995117188,416.155859375,416.1298583984375,416.1118591308594,416.080859375,416.0508605957031,416.0510009765625,416.15400390625,416.2408020019531,416.3138061523438,416.3997863769531,416.4282836914063,416.42328491210935,416.4044860839844,416.3754821777344,416.3794982910157,416.4109985351562,416.40849609375,416.4245178222656,416.4632995605469,416.4233032226563,416.385302734375,416.3918029785156,416.40478515625,416.4130065917969,416.5170043945312,416.6046630859375,416.6936645507813,416.7761596679687,416.8406188964844,416.8726196289063,416.9169616699219,416.94196166992185,416.9924621582031,417.0503234863281,417.0043212890625,416.83832397460935,416.7143249511719,416.54832763671874,416.406005859375,416.3770080566407,416.45900268554686,416.4909973144531,416.5426574707032,416.5286560058594,416.4696533203125,416.4056579589844,416.35166015625,416.2719970703125,416.19801635742186,416.1460205078125,416.0840393066407,415.97803955078126,415.9236633300781,415.9274230957032,415.9314208984375,415.9598022460938,415.9858032226563,415.9761840820312,415.9614074707032,415.918408203125,415.8710083007812,415.8428894042969,415.8028869628906,415.7038879394531,415.6328857421875,415.5928833007813,415.56000366210935,415.5900024414062,415.6520202636719,415.71002197265625,415.709423828125,415.7184204101562,415.6664184570312,415.6664001464844,415.6723999023437,415.6823791503906,415.7007995605469,415.7168029785156,415.7108032226562,415.6748046875,415.6934265136719,415.735009765625,415.7910095214844,415.8570068359375,415.9607666015625,416.05576171875,416.1317565917969,416.2197570800781,416.278759765625,416.35700073242185,416.40900268554685,416.48500366210936,416.53900146484375,416.5899963378906,416.6279968261719,416.634716796875,416.64271850585936,416.6467224121094,416.6707275390625,416.6767272949219,416.71900634765626,416.72900390625,416.7510009765625,416.7705993652344,416.7945983886719,416.8236022949219,416.84560546875,416.84404296875,416.8184448242188,416.79444580078126,416.75844116210936,416.72044067382814,416.7260009765625,416.7839965820313,416.8399963378906,416.9060180664063,416.9678161621094,417.0133605957032,417.0393615722657,417.041357421875,417.0153381347656,417.0145385742188,417.0069946289062,416.9929931640625,416.9919982910157,417.0159973144531,417.0519958496094,417.08399658203126,417.1260009765625,417.12099609375,417.1069946289063,417.05,417.02300415039065,416.9679992675781,416.9960021972656,417.04400634765625,417.143701171875,417.2046997070312,417.2736999511719,417.32371826171874,417.36371459960935,417.3863342285157,417.45033569335936,417.5013366699219,417.5793151855469,417.6833190917969,417.7429992675781,417.7529968261719,417.7779968261719,417.7360168457032,417.66001586914064,417.588037109375,417.5740356445313,417.5780395507812,417.60602416992185,417.6550231933594,417.7230041503906,417.7550048828125,417.7870056152344,417.8350036621094,417.8710021972656,417.90700073242186,417.9330200195312,417.91301879882815,417.9050170898437,417.91001586914064,417.9840148925781,418.072998046875,418.218994140625,418.35499267578126,418.5119934082031,418.6559936523437,418.80299072265626,418.8869934082031,418.9449951171875,418.997998046875,419.05999755859375,419.1409973144531,419.2549987792969,419.3669982910157,419.3969970703125,419.38099975585936,419.327001953125,419.29099731445314,419.272998046875,419.2825561523438,419.4435546875,419.5605529785156,419.70555419921874,419.8615539550781,420.0639953613281,420.0899963378906,420.1809997558594,420.2390014648437,420.3170043945312,420.3380065917969,420.3710083007812,420.3920043945312,420.45900268554686,420.4710021972657,420.5,420.50999755859374,420.4919982910157,420.4179992675781,420.38189697265625,420.3398986816407,420.3098999023438,420.3434814453125,420.3824829101562,420.41558227539065,420.442578125,420.4855773925781,420.4999938964844,420.4969909667969,420.47999267578126,420.5049926757813,420.4863159179688,420.4323364257813,420.3543212890625,420.26032104492185,420.1661254882813,420.0898010253906,420.08978271484375,420.07379760742185,420.1157958984375,420.1739929199219,420.1859924316406,420.1707946777344,420.2119995117188,420.252001953125,420.25160522460936,420.30860595703126,420.3558044433594,420.3946044921875,420.39060668945314,420.402001953125,420.4488037109375,420.4908020019531,420.5227966308594,420.5589538574219,420.5889587402344,420.5831604003906,420.5791442871094,420.5821472167969,420.58798828125,420.5869873046875,420.59898681640624,420.5870056152344,420.60400390625,420.6140014648437,420.63599853515626,420.6102355957031,420.55023193359375,420.4442321777344,420.3912353515625,420.3282348632813,420.2759948730469,420.2819946289063,420.27399291992185,420.2259887695312,420.1889709472656,420.1509704589844,420.1309509277344,420.1029541015625,420.06995849609376,420.01995849609375,420.061962890625,420.0619873046875,420.1139892578125,420.1719848632813,420.2300048828125,420.2340026855469,420.2460021972656,420.22999877929686,420.2010009765625,420.222998046875,420.24400024414064,420.2859985351562,420.3650024414063,420.4400024414063,420.4820068359375,420.4050048828125,420.3250061035157,420.2420043945313,420.1160034179687,419.95400390625,419.94300537109376,419.89300537109375,419.76800537109375,419.7222290039063,419.684228515625,419.46722412109375,419.3752197265625,419.376220703125,419.35199584960935,419.29799194335936,419.42099609375,419.4929992675781,419.5169982910156,419.5210021972656,419.5170043945312,419.5300048828125,419.4460021972656,419.2780029296875,419.1080017089844,418.9600036621094,418.7340026855469,418.5920043945313,418.4420043945312,418.3500061035156,418.3260070800781,418.2960083007813,418.2260314941406,418.1880310058594,418.02003173828126,417.88203125,417.7640319824219,417.7180114746094,417.71400756835936,417.8230041503906,417.90700073242186,418.0769958496094,418.2069946289063,418.425,418.597998046875,418.7219970703125,418.73200073242185,418.72999877929686,418.6879943847656,418.6719970703125,418.6700012207031,418.6859985351563,418.6859985351563,418.702001953125,418.66700439453126,418.62400512695314,418.6300048828125,418.5700073242188,418.4840026855469,418.4289978027344,418.4299926757813,418.37599487304686,418.3719909667969,418.3739929199219,418.3769958496094,418.3419982910156,418.297998046875,418.30499877929685,418.2779968261719,418.31499633789065,418.293994140625,418.2599914550781,418.3089904785156,418.3799926757813,418.4222106933594,418.4862121582031,418.6542114257812,418.6742126464844,418.6841918945312,418.6559753417969,418.6599731445313,418.58997802734376,418.53997802734375,418.4859985351562,418.4259948730469,418.3539978027344,418.1919982910157,418.0539978027344,417.9260009765625,417.8140014648437,417.6820007324219,417.7200012207031,417.7600036621094,417.8200012207032,417.9274230957032,418.0684265136719,418.132421875,418.21242065429686,418.2654235839844,418.30402221679685,418.3410217285156,418.4270263671875,418.4570251464844,418.4848205566406,418.5067993164063,418.543798828125,418.52979736328126,418.5518005371094,418.6150024414063,418.6870056152344,418.7420043945313,418.7980041503906,418.8383605957032,418.8484802246094,418.8024780273437,418.7562377929688,418.7362365722656,418.7518798828125,418.7835632324219,418.8375671386719,418.8918090820313,418.901806640625,418.9138061523437,418.9240051269532,418.9300048828125,418.8983032226562,418.86630859375,418.7983093261719,418.7203063964844,418.660302734375,418.65180053710935,418.68751831054686,418.7275146484375,418.7775146484375,418.8435180664063,418.8747192382813,418.8769958496094,418.8731994628906,418.8651977539063,418.8471984863281,418.8581970214844,418.8742004394532,418.8738220214844,418.8278259277344,418.78382568359376,418.7438293457032,418.7318298339844,418.7110046386719,418.7300048828125,418.7280029296875,418.73200073242185,418.7190002441406,418.7080017089844,418.7109802246094,418.6922180175781,418.676220703125,418.6692199707031,418.6682189941406,418.6262390136719,418.5990234375,418.5510192871094,418.4810180664063,418.4300170898438,418.4420166015625,418.4339965820312,418.4059997558594,418.3669982910157,418.3609985351562,418.3029968261719,418.2929931640625,418.3109924316406,418.3409973144532,418.3469970703125,418.3489990234375,418.3080017089844,418.227001953125,418.1320007324219,418.04200439453126,417.9607055664063,417.943701171875,417.9288391113281,417.9568359375,417.9788330078125,418.0363525390625,418.0303527832031,418.0441955566406,418.0061950683594,417.9941955566407,417.9529724121094,417.93897705078126,417.9089965820313,417.8669982910157,417.777001953125,417.7100036621094,417.7,417.7719970703125,417.8989990234375,418.0669982910157,418.2289978027344,418.3219970703125,418.35401611328126,418.37701416015625,418.3650146484375,418.2990173339844,418.2020202636719,418.1036437988281,417.9976440429688,417.8936401367188,417.8226379394531,417.8466369628906,417.8469970703125,417.8449951171875,417.8779968261719,417.9419982910157,417.9719970703125,418.02699584960936,418.075,418.1320007324219,418.1369995117187,418.1299987792969,418.14299926757815,418.1409973144531,418.1079956054688,418.0639953613281,418.0359985351562,417.98200073242185,417.9880004882813,418.02300415039065,418.1280029296875,418.2049987792969,418.30499877929685,418.4089965820313,418.468994140625,418.5079956054688,418.5659973144531,418.60999755859376,418.62200317382815,418.6510009765625,418.6330017089844,418.6080017089844,418.5760009765625,418.4950012207031,418.41400146484375,418.38099975585936,418.33099975585935,418.3019958496094,418.36399536132814,418.4359985351563,418.4929992675781,418.5780029296875,418.6450256347656,418.6580017089844,418.6619995117188,418.6720031738281,418.6345581054687,418.600537109375,418.5325561523438,418.47755737304686,418.4135559082032,418.3869995117187,418.3869567871094,418.42095947265625,418.42095947265625,418.41596069335935,418.3879577636719,418.3185791015625,418.2775817871094,418.2125610351562,418.1895568847656,418.1915588378906,418.1887817382813,418.1876770019532,418.2557006835938,418.3197021484375,418.3887023925781,418.45490112304685,418.5170043945312,418.5450012207031,418.5609985351563,418.56199951171874,418.597998046875,418.6219970703125,418.6389953613281,418.6169982910157,418.6159973144531,418.59599609375,418.55999755859375,418.5869995117188,418.64299926757815,418.68800048828126,418.74900512695314,418.831005859375,418.8550048828125,418.88902587890624,418.9170227050781,418.8620178222656,418.8420166015625,418.8290161132812,418.8119934082032,418.8929931640625,419.0889953613281,419.24799194335935,419.4049926757813,419.5659973144531,419.7330017089844,419.827001953125,419.9420043945312,420.0860046386719,420.2080017089844,420.1723571777344,420.1001403808594,419.9721374511719,419.7871398925781,419.617138671875,419.5417785644531,419.5257751464844,419.5587768554688,419.615576171875,419.65758056640624,419.6285827636719,419.5928039550781,419.5466247558594,419.4964233398438,419.3664184570313,419.29241943359375,419.2180969238281,419.1312744140625,419.04749755859376,418.9755004882812,418.89349975585935,418.8278198242188,418.7798217773437,418.7179992675781,418.64599609375,418.4359985351563,418.21422119140624,418.1352233886719,418.0662231445313,418.1462280273437,418.37822265625,418.6260009765625,418.7369995117188,418.8700012207031,418.9339965820312,418.9710021972657,419.0290222167969,419.0650207519531,419.0773559570313,419.05335693359376,419.0803527832031,419.10491333007815,419.13063354492186,419.1472961425781,419.21729736328126,419.231298828125,419.2009216308594,419.1452026367188,419.1482055664063,419.16220703125,419.1422058105469,419.14800415039065,419.206005859375,419.21800537109374,419.18402099609375,419.18602294921874,419.1730224609375,419.11301879882814,419.0550354003906,418.9930358886719,418.9230346679688,418.8330322265625,418.7170349121094,418.6169982910157,418.5369812011719,418.4889831542969,418.4599853515625,418.49998168945314,418.5260009765625,418.5119995117187,418.4779968261719,418.4539978027344,418.4100036621094,1
  -416.87498168945314,416.9549865722656,417.0410217285156,417.0300231933594,417.022021484375,417.0320190429687,417.0318176269531,417.07379760742185,417.1177978515625,417.141796875,417.1617980957032,417.18999633789065,417.22999877929686,417.3717590332032,417.51976318359374,417.659765625,417.7817687988281,417.84376831054686,417.8490051269531,417.8350036621094,417.8240051269531,417.81000366210935,417.8080017089844,417.741064453125,417.6730651855469,417.5900634765625,417.5040649414062,417.4640441894532,417.4539855957031,417.4579833984375,417.47998046875,417.4879760742188,417.475,417.4489990234375,417.3585205078125,417.3105224609375,417.2265258789063,417.1695251464844,417.1445251464844,417.2100036621094,417.2130065917969,417.2410034179687,417.2590026855469,417.2660034179688,417.2692016601562,417.2658203125,417.2718200683594,417.2958190917969,417.334814453125,417.3266174316406,417.318994140625,417.3219970703125,417.2880004882812,417.2726623535156,417.2816589355469,417.3076599121094,417.36265869140624,417.4686584472656,417.5369995117188,417.64150390625,417.7374877929688,417.823486328125,417.846484375,417.896484375,417.9009826660157,417.9219970703125,417.9429992675781,417.8260009765625,417.672998046875,417.46099853515625,417.2859985351562,417.0889770507813,417.00697631835936,416.9629760742188,417.0029724121094,416.9789733886719,416.918994140625,416.8714538574219,416.78345947265626,416.6674621582032,416.5914611816406,416.5754638671875,416.58900146484376,416.65700073242186,416.63099975585936,416.5330017089844,416.4130004882812,416.3070007324219,416.1760009765625,416.1780029296875,416.2240051269531,416.2740051269531,416.25400390625,416.28900146484375,416.275,416.2950012207031,416.2529968261719,416.2869995117188,416.2460021972656,416.1980041503906,416.14594116210935,416.1809020996094,416.1730407714844,416.1940368652344,416.2320373535157,416.2580749511719,416.2671142578125,416.29697265625,416.2759765625,416.2799743652344,416.2329956054688,416.1905578613281,416.1695617675781,416.1655578613281,416.0935607910157,416.1433044433594,416.20374755859376,416.18974609375,416.2257446289062,416.27174072265626,416.2570007324219,416.1909973144531,416.1779968261719,416.1599975585938,416.1619995117188,416.155859375,416.1298583984375,416.1118591308594,416.080859375,416.0508605957031,416.0510009765625,416.15400390625,416.2408020019531,416.3138061523438,416.3997863769531,416.4282836914063,416.42328491210935,416.4044860839844,416.3754821777344,416.3794982910157,416.4109985351562,416.40849609375,416.4245178222656,416.4632995605469,416.4233032226563,416.385302734375,416.3918029785156,416.40478515625,416.4130065917969,416.5170043945312,416.6046630859375,416.6936645507813,416.7761596679687,416.8406188964844,416.8726196289063,416.9169616699219,416.94196166992185,416.9924621582031,417.0503234863281,417.0043212890625,416.83832397460935,416.7143249511719,416.54832763671874,416.406005859375,416.3770080566407,416.45900268554686,416.4909973144531,416.5426574707032,416.5286560058594,416.4696533203125,416.4056579589844,416.35166015625,416.2719970703125,416.19801635742186,416.1460205078125,416.0840393066407,415.97803955078126,415.9236633300781,415.9274230957032,415.9314208984375,415.9598022460938,415.9858032226563,415.9761840820312,415.9614074707032,415.918408203125,415.8710083007812,415.8428894042969,415.8028869628906,415.7038879394531,415.6328857421875,415.5928833007813,415.56000366210935,415.5900024414062,415.6520202636719,415.71002197265625,415.709423828125,415.7184204101562,415.6664184570312,415.6664001464844,415.6723999023437,415.6823791503906,415.7007995605469,415.7168029785156,415.7108032226562,415.6748046875,415.6934265136719,415.735009765625,415.7910095214844,415.8570068359375,415.9607666015625,416.05576171875,416.1317565917969,416.2197570800781,416.278759765625,416.35700073242185,416.40900268554685,416.48500366210936,416.53900146484375,416.5899963378906,416.6279968261719,416.634716796875,416.64271850585936,416.6467224121094,416.6707275390625,416.6767272949219,416.71900634765626,416.72900390625,416.7510009765625,416.7705993652344,416.7945983886719,416.8236022949219,416.84560546875,416.84404296875,416.8184448242188,416.79444580078126,416.75844116210936,416.72044067382814,416.7260009765625,416.7839965820313,416.8399963378906,416.9060180664063,416.9678161621094,417.0133605957032,417.0393615722657,417.041357421875,417.0153381347656,417.0145385742188,417.0069946289062,416.9929931640625,416.9919982910157,417.0159973144531,417.0519958496094,417.08399658203126,417.1260009765625,417.12099609375,417.1069946289063,417.05,417.02300415039065,416.9679992675781,416.9960021972656,417.04400634765625,417.143701171875,417.2046997070312,417.2736999511719,417.32371826171874,417.36371459960935,417.3863342285157,417.45033569335936,417.5013366699219,417.5793151855469,417.6833190917969,417.7429992675781,417.7529968261719,417.7779968261719,417.7360168457032,417.66001586914064,417.588037109375,417.5740356445313,417.5780395507812,417.60602416992185,417.6550231933594,417.7230041503906,417.7550048828125,417.7870056152344,417.8350036621094,417.8710021972656,417.90700073242186,417.9330200195312,417.91301879882815,417.9050170898437,417.91001586914064,417.9840148925781,418.072998046875,418.218994140625,418.35499267578126,418.5119934082031,418.6559936523437,418.80299072265626,418.8869934082031,418.9449951171875,418.997998046875,419.05999755859375,419.1409973144531,419.2549987792969,419.3669982910157,419.3969970703125,419.38099975585936,419.327001953125,419.29099731445314,419.272998046875,419.2825561523438,419.4435546875,419.5605529785156,419.70555419921874,419.8615539550781,420.0639953613281,420.0899963378906,420.1809997558594,420.2390014648437,420.3170043945312,420.3380065917969,420.3710083007812,420.3920043945312,420.45900268554686,420.4710021972657,420.5,420.50999755859374,420.4919982910157,420.4179992675781,420.38189697265625,420.3398986816407,420.3098999023438,420.3434814453125,420.3824829101562,420.41558227539065,420.442578125,420.4855773925781,420.4999938964844,420.4969909667969,420.47999267578126,420.5049926757813,420.4863159179688,420.4323364257813,420.3543212890625,420.26032104492185,420.1661254882813,420.0898010253906,420.08978271484375,420.07379760742185,420.1157958984375,420.1739929199219,420.1859924316406,420.1707946777344,420.2119995117188,420.252001953125,420.25160522460936,420.30860595703126,420.3558044433594,420.3946044921875,420.39060668945314,420.402001953125,420.4488037109375,420.4908020019531,420.5227966308594,420.5589538574219,420.5889587402344,420.5831604003906,420.5791442871094,420.5821472167969,420.58798828125,420.5869873046875,420.59898681640624,420.5870056152344,420.60400390625,420.6140014648437,420.63599853515626,420.6102355957031,420.55023193359375,420.4442321777344,420.3912353515625,420.3282348632813,420.2759948730469,420.2819946289063,420.27399291992185,420.2259887695312,420.1889709472656,420.1509704589844,420.1309509277344,420.1029541015625,420.06995849609376,420.01995849609375,420.061962890625,420.0619873046875,420.1139892578125,420.1719848632813,420.2300048828125,420.2340026855469,420.2460021972656,420.22999877929686,420.2010009765625,420.222998046875,420.24400024414064,420.2859985351562,420.3650024414063,420.4400024414063,420.4820068359375,420.4050048828125,420.3250061035157,420.2420043945313,420.1160034179687,419.95400390625,419.94300537109376,419.89300537109375,419.76800537109375,419.7222290039063,419.684228515625,419.46722412109375,419.3752197265625,419.376220703125,419.35199584960935,419.29799194335936,419.42099609375,419.4929992675781,419.5169982910156,419.5210021972656,419.5170043945312,419.5300048828125,419.4460021972656,419.2780029296875,419.1080017089844,418.9600036621094,418.7340026855469,418.5920043945313,418.4420043945312,418.3500061035156,418.3260070800781,418.2960083007813,418.2260314941406,418.1880310058594,418.02003173828126,417.88203125,417.7640319824219,417.7180114746094,417.71400756835936,417.8230041503906,417.90700073242186,418.0769958496094,418.2069946289063,418.425,418.597998046875,418.7219970703125,418.73200073242185,418.72999877929686,418.6879943847656,418.6719970703125,418.6700012207031,418.6859985351563,418.6859985351563,418.702001953125,418.66700439453126,418.62400512695314,418.6300048828125,418.5700073242188,418.4840026855469,418.4289978027344,418.4299926757813,418.37599487304686,418.3719909667969,418.3739929199219,418.3769958496094,418.3419982910156,418.297998046875,418.30499877929685,418.2779968261719,418.31499633789065,418.293994140625,418.2599914550781,418.3089904785156,418.3799926757813,418.4222106933594,418.4862121582031,418.6542114257812,418.6742126464844,418.6841918945312,418.6559753417969,418.6599731445313,418.58997802734376,418.53997802734375,418.4859985351562,418.4259948730469,418.3539978027344,418.1919982910157,418.0539978027344,417.9260009765625,417.8140014648437,417.6820007324219,417.7200012207031,417.7600036621094,417.8200012207032,417.9274230957032,418.0684265136719,418.132421875,418.21242065429686,418.2654235839844,418.30402221679685,418.3410217285156,418.4270263671875,418.4570251464844,418.4848205566406,418.5067993164063,418.543798828125,418.52979736328126,418.5518005371094,418.6150024414063,418.6870056152344,418.7420043945313,418.7980041503906,418.8383605957032,418.8484802246094,418.8024780273437,418.7562377929688,418.7362365722656,418.7518798828125,418.7835632324219,418.8375671386719,418.8918090820313,418.901806640625,418.9138061523437,418.9240051269532,418.9300048828125,418.8983032226562,418.86630859375,418.7983093261719,418.7203063964844,418.660302734375,418.65180053710935,418.68751831054686,418.7275146484375,418.7775146484375,418.8435180664063,418.8747192382813,418.8769958496094,418.8731994628906,418.8651977539063,418.8471984863281,418.8581970214844,418.8742004394532,418.8738220214844,418.8278259277344,418.78382568359376,418.7438293457032,418.7318298339844,418.7110046386719,418.7300048828125,418.7280029296875,418.73200073242185,418.7190002441406,418.7080017089844,418.7109802246094,418.6922180175781,418.676220703125,418.6692199707031,418.6682189941406,418.6262390136719,418.5990234375,418.5510192871094,418.4810180664063,418.4300170898438,418.4420166015625,418.4339965820312,418.4059997558594,418.3669982910157,418.3609985351562,418.3029968261719,418.2929931640625,418.3109924316406,418.3409973144532,418.3469970703125,418.3489990234375,418.3080017089844,418.227001953125,418.1320007324219,418.04200439453126,417.9607055664063,417.943701171875,417.9288391113281,417.9568359375,417.9788330078125,418.0363525390625,418.0303527832031,418.0441955566406,418.0061950683594,417.9941955566407,417.9529724121094,417.93897705078126,417.9089965820313,417.8669982910157,417.777001953125,417.7100036621094,417.7,417.7719970703125,417.8989990234375,418.0669982910157,418.2289978027344,418.3219970703125,418.35401611328126,418.37701416015625,418.3650146484375,418.2990173339844,418.2020202636719,418.1036437988281,417.9976440429688,417.8936401367188,417.8226379394531,417.8466369628906,417.8469970703125,417.8449951171875,417.8779968261719,417.9419982910157,417.9719970703125,418.02699584960936,418.075,418.1320007324219,418.1369995117187,418.1299987792969,418.14299926757815,418.1409973144531,418.1079956054688,418.0639953613281,418.0359985351562,417.98200073242185,417.9880004882813,418.02300415039065,418.1280029296875,418.2049987792969,418.30499877929685,418.4089965820313,418.468994140625,418.5079956054688,418.5659973144531,418.60999755859376,418.62200317382815,418.6510009765625,418.6330017089844,418.6080017089844,418.5760009765625,418.4950012207031,418.41400146484375,418.38099975585936,418.33099975585935,418.3019958496094,418.36399536132814,418.4359985351563,418.4929992675781,418.5780029296875,418.6450256347656,418.6580017089844,418.6619995117188,418.6720031738281,418.6345581054687,418.600537109375,418.5325561523438,418.47755737304686,418.4135559082032,418.3869995117187,418.3869567871094,418.42095947265625,418.42095947265625,418.41596069335935,418.3879577636719,418.3185791015625,418.2775817871094,418.2125610351562,418.1895568847656,418.1915588378906,418.1887817382813,418.1876770019532,418.2557006835938,418.3197021484375,418.3887023925781,418.45490112304685,418.5170043945312,418.5450012207031,418.5609985351563,418.56199951171874,418.597998046875,418.6219970703125,418.6389953613281,418.6169982910157,418.6159973144531,418.59599609375,418.55999755859375,418.5869995117188,418.64299926757815,418.68800048828126,418.74900512695314,418.831005859375,418.8550048828125,418.88902587890624,418.9170227050781,418.8620178222656,418.8420166015625,418.8290161132812,418.8119934082032,418.8929931640625,419.0889953613281,419.24799194335935,419.4049926757813,419.5659973144531,419.7330017089844,419.827001953125,419.9420043945312,420.0860046386719,420.2080017089844,420.1723571777344,420.1001403808594,419.9721374511719,419.7871398925781,419.617138671875,419.5417785644531,419.5257751464844,419.5587768554688,419.615576171875,419.65758056640624,419.6285827636719,419.5928039550781,419.5466247558594,419.4964233398438,419.3664184570313,419.29241943359375,419.2180969238281,419.1312744140625,419.04749755859376,418.9755004882812,418.89349975585935,418.8278198242188,418.7798217773437,418.7179992675781,418.64599609375,418.4359985351563,418.21422119140624,418.1352233886719,418.0662231445313,418.1462280273437,418.37822265625,418.6260009765625,418.7369995117188,418.8700012207031,418.9339965820312,418.9710021972657,419.0290222167969,419.0650207519531,419.0773559570313,419.05335693359376,419.0803527832031,419.10491333007815,419.13063354492186,419.1472961425781,419.21729736328126,419.231298828125,419.2009216308594,419.1452026367188,419.1482055664063,419.16220703125,419.1422058105469,419.14800415039065,419.206005859375,419.21800537109374,419.18402099609375,419.18602294921874,419.1730224609375,419.11301879882814,419.0550354003906,418.9930358886719,418.9230346679688,418.8330322265625,418.7170349121094,418.6169982910157,418.5369812011719,418.4889831542969,418.4599853515625,418.49998168945314,418.5260009765625,418.5119995117187,418.4779968261719,418.4539978027344,418.4100036621094,418.3480041503906,418.33782348632815,418.36204223632814,418.4480407714844,418.5620361328125,418.66603393554686,418.8062133789063,418.9119934082031,418.9639953613281,419.0019958496094,419.0899963378906,419.14599609375,419.2039978027344,0
  -417.022021484375,417.0320190429687,417.0318176269531,417.07379760742185,417.1177978515625,417.141796875,417.1617980957032,417.18999633789065,417.22999877929686,417.3717590332032,417.51976318359374,417.659765625,417.7817687988281,417.84376831054686,417.8490051269531,417.8350036621094,417.8240051269531,417.81000366210935,417.8080017089844,417.741064453125,417.6730651855469,417.5900634765625,417.5040649414062,417.4640441894532,417.4539855957031,417.4579833984375,417.47998046875,417.4879760742188,417.475,417.4489990234375,417.3585205078125,417.3105224609375,417.2265258789063,417.1695251464844,417.1445251464844,417.2100036621094,417.2130065917969,417.2410034179687,417.2590026855469,417.2660034179688,417.2692016601562,417.2658203125,417.2718200683594,417.2958190917969,417.334814453125,417.3266174316406,417.318994140625,417.3219970703125,417.2880004882812,417.2726623535156,417.2816589355469,417.3076599121094,417.36265869140624,417.4686584472656,417.5369995117188,417.64150390625,417.7374877929688,417.823486328125,417.846484375,417.896484375,417.9009826660157,417.9219970703125,417.9429992675781,417.8260009765625,417.672998046875,417.46099853515625,417.2859985351562,417.0889770507813,417.00697631835936,416.9629760742188,417.0029724121094,416.9789733886719,416.918994140625,416.8714538574219,416.78345947265626,416.6674621582032,416.5914611816406,416.5754638671875,416.58900146484376,416.65700073242186,416.63099975585936,416.5330017089844,416.4130004882812,416.3070007324219,416.1760009765625,416.1780029296875,416.2240051269531,416.2740051269531,416.25400390625,416.28900146484375,416.275,416.2950012207031,416.2529968261719,416.2869995117188,416.2460021972656,416.1980041503906,416.14594116210935,416.1809020996094,416.1730407714844,416.1940368652344,416.2320373535157,416.2580749511719,416.2671142578125,416.29697265625,416.2759765625,416.2799743652344,416.2329956054688,416.1905578613281,416.1695617675781,416.1655578613281,416.0935607910157,416.1433044433594,416.20374755859376,416.18974609375,416.2257446289062,416.27174072265626,416.2570007324219,416.1909973144531,416.1779968261719,416.1599975585938,416.1619995117188,416.155859375,416.1298583984375,416.1118591308594,416.080859375,416.0508605957031,416.0510009765625,416.15400390625,416.2408020019531,416.3138061523438,416.3997863769531,416.4282836914063,416.42328491210935,416.4044860839844,416.3754821777344,416.3794982910157,416.4109985351562,416.40849609375,416.4245178222656,416.4632995605469,416.4233032226563,416.385302734375,416.3918029785156,416.40478515625,416.4130065917969,416.5170043945312,416.6046630859375,416.6936645507813,416.7761596679687,416.8406188964844,416.8726196289063,416.9169616699219,416.94196166992185,416.9924621582031,417.0503234863281,417.0043212890625,416.83832397460935,416.7143249511719,416.54832763671874,416.406005859375,416.3770080566407,416.45900268554686,416.4909973144531,416.5426574707032,416.5286560058594,416.4696533203125,416.4056579589844,416.35166015625,416.2719970703125,416.19801635742186,416.1460205078125,416.0840393066407,415.97803955078126,415.9236633300781,415.9274230957032,415.9314208984375,415.9598022460938,415.9858032226563,415.9761840820312,415.9614074707032,415.918408203125,415.8710083007812,415.8428894042969,415.8028869628906,415.7038879394531,415.6328857421875,415.5928833007813,415.56000366210935,415.5900024414062,415.6520202636719,415.71002197265625,415.709423828125,415.7184204101562,415.6664184570312,415.6664001464844,415.6723999023437,415.6823791503906,415.7007995605469,415.7168029785156,415.7108032226562,415.6748046875,415.6934265136719,415.735009765625,415.7910095214844,415.8570068359375,415.9607666015625,416.05576171875,416.1317565917969,416.2197570800781,416.278759765625,416.35700073242185,416.40900268554685,416.48500366210936,416.53900146484375,416.5899963378906,416.6279968261719,416.634716796875,416.64271850585936,416.6467224121094,416.6707275390625,416.6767272949219,416.71900634765626,416.72900390625,416.7510009765625,416.7705993652344,416.7945983886719,416.8236022949219,416.84560546875,416.84404296875,416.8184448242188,416.79444580078126,416.75844116210936,416.72044067382814,416.7260009765625,416.7839965820313,416.8399963378906,416.9060180664063,416.9678161621094,417.0133605957032,417.0393615722657,417.041357421875,417.0153381347656,417.0145385742188,417.0069946289062,416.9929931640625,416.9919982910157,417.0159973144531,417.0519958496094,417.08399658203126,417.1260009765625,417.12099609375,417.1069946289063,417.05,417.02300415039065,416.9679992675781,416.9960021972656,417.04400634765625,417.143701171875,417.2046997070312,417.2736999511719,417.32371826171874,417.36371459960935,417.3863342285157,417.45033569335936,417.5013366699219,417.5793151855469,417.6833190917969,417.7429992675781,417.7529968261719,417.7779968261719,417.7360168457032,417.66001586914064,417.588037109375,417.5740356445313,417.5780395507812,417.60602416992185,417.6550231933594,417.7230041503906,417.7550048828125,417.7870056152344,417.8350036621094,417.8710021972656,417.90700073242186,417.9330200195312,417.91301879882815,417.9050170898437,417.91001586914064,417.9840148925781,418.072998046875,418.218994140625,418.35499267578126,418.5119934082031,418.6559936523437,418.80299072265626,418.8869934082031,418.9449951171875,418.997998046875,419.05999755859375,419.1409973144531,419.2549987792969,419.3669982910157,419.3969970703125,419.38099975585936,419.327001953125,419.29099731445314,419.272998046875,419.2825561523438,419.4435546875,419.5605529785156,419.70555419921874,419.8615539550781,420.0639953613281,420.0899963378906,420.1809997558594,420.2390014648437,420.3170043945312,420.3380065917969,420.3710083007812,420.3920043945312,420.45900268554686,420.4710021972657,420.5,420.50999755859374,420.4919982910157,420.4179992675781,420.38189697265625,420.3398986816407,420.3098999023438,420.3434814453125,420.3824829101562,420.41558227539065,420.442578125,420.4855773925781,420.4999938964844,420.4969909667969,420.47999267578126,420.5049926757813,420.4863159179688,420.4323364257813,420.3543212890625,420.26032104492185,420.1661254882813,420.0898010253906,420.08978271484375,420.07379760742185,420.1157958984375,420.1739929199219,420.1859924316406,420.1707946777344,420.2119995117188,420.252001953125,420.25160522460936,420.30860595703126,420.3558044433594,420.3946044921875,420.39060668945314,420.402001953125,420.4488037109375,420.4908020019531,420.5227966308594,420.5589538574219,420.5889587402344,420.5831604003906,420.5791442871094,420.5821472167969,420.58798828125,420.5869873046875,420.59898681640624,420.5870056152344,420.60400390625,420.6140014648437,420.63599853515626,420.6102355957031,420.55023193359375,420.4442321777344,420.3912353515625,420.3282348632813,420.2759948730469,420.2819946289063,420.27399291992185,420.2259887695312,420.1889709472656,420.1509704589844,420.1309509277344,420.1029541015625,420.06995849609376,420.01995849609375,420.061962890625,420.0619873046875,420.1139892578125,420.1719848632813,420.2300048828125,420.2340026855469,420.2460021972656,420.22999877929686,420.2010009765625,420.222998046875,420.24400024414064,420.2859985351562,420.3650024414063,420.4400024414063,420.4820068359375,420.4050048828125,420.3250061035157,420.2420043945313,420.1160034179687,419.95400390625,419.94300537109376,419.89300537109375,419.76800537109375,419.7222290039063,419.684228515625,419.46722412109375,419.3752197265625,419.376220703125,419.35199584960935,419.29799194335936,419.42099609375,419.4929992675781,419.5169982910156,419.5210021972656,419.5170043945312,419.5300048828125,419.4460021972656,419.2780029296875,419.1080017089844,418.9600036621094,418.7340026855469,418.5920043945313,418.4420043945312,418.3500061035156,418.3260070800781,418.2960083007813,418.2260314941406,418.1880310058594,418.02003173828126,417.88203125,417.7640319824219,417.7180114746094,417.71400756835936,417.8230041503906,417.90700073242186,418.0769958496094,418.2069946289063,418.425,418.597998046875,418.7219970703125,418.73200073242185,418.72999877929686,418.6879943847656,418.6719970703125,418.6700012207031,418.6859985351563,418.6859985351563,418.702001953125,418.66700439453126,418.62400512695314,418.6300048828125,418.5700073242188,418.4840026855469,418.4289978027344,418.4299926757813,418.37599487304686,418.3719909667969,418.3739929199219,418.3769958496094,418.3419982910156,418.297998046875,418.30499877929685,418.2779968261719,418.31499633789065,418.293994140625,418.2599914550781,418.3089904785156,418.3799926757813,418.4222106933594,418.4862121582031,418.6542114257812,418.6742126464844,418.6841918945312,418.6559753417969,418.6599731445313,418.58997802734376,418.53997802734375,418.4859985351562,418.4259948730469,418.3539978027344,418.1919982910157,418.0539978027344,417.9260009765625,417.8140014648437,417.6820007324219,417.7200012207031,417.7600036621094,417.8200012207032,417.9274230957032,418.0684265136719,418.132421875,418.21242065429686,418.2654235839844,418.30402221679685,418.3410217285156,418.4270263671875,418.4570251464844,418.4848205566406,418.5067993164063,418.543798828125,418.52979736328126,418.5518005371094,418.6150024414063,418.6870056152344,418.7420043945313,418.7980041503906,418.8383605957032,418.8484802246094,418.8024780273437,418.7562377929688,418.7362365722656,418.7518798828125,418.7835632324219,418.8375671386719,418.8918090820313,418.901806640625,418.9138061523437,418.9240051269532,418.9300048828125,418.8983032226562,418.86630859375,418.7983093261719,418.7203063964844,418.660302734375,418.65180053710935,418.68751831054686,418.7275146484375,418.7775146484375,418.8435180664063,418.8747192382813,418.8769958496094,418.8731994628906,418.8651977539063,418.8471984863281,418.8581970214844,418.8742004394532,418.8738220214844,418.8278259277344,418.78382568359376,418.7438293457032,418.7318298339844,418.7110046386719,418.7300048828125,418.7280029296875,418.73200073242185,418.7190002441406,418.7080017089844,418.7109802246094,418.6922180175781,418.676220703125,418.6692199707031,418.6682189941406,418.6262390136719,418.5990234375,418.5510192871094,418.4810180664063,418.4300170898438,418.4420166015625,418.4339965820312,418.4059997558594,418.3669982910157,418.3609985351562,418.3029968261719,418.2929931640625,418.3109924316406,418.3409973144532,418.3469970703125,418.3489990234375,418.3080017089844,418.227001953125,418.1320007324219,418.04200439453126,417.9607055664063,417.943701171875,417.9288391113281,417.9568359375,417.9788330078125,418.0363525390625,418.0303527832031,418.0441955566406,418.0061950683594,417.9941955566407,417.9529724121094,417.93897705078126,417.9089965820313,417.8669982910157,417.777001953125,417.7100036621094,417.7,417.7719970703125,417.8989990234375,418.0669982910157,418.2289978027344,418.3219970703125,418.35401611328126,418.37701416015625,418.3650146484375,418.2990173339844,418.2020202636719,418.1036437988281,417.9976440429688,417.8936401367188,417.8226379394531,417.8466369628906,417.8469970703125,417.8449951171875,417.8779968261719,417.9419982910157,417.9719970703125,418.02699584960936,418.075,418.1320007324219,418.1369995117187,418.1299987792969,418.14299926757815,418.1409973144531,418.1079956054688,418.0639953613281,418.0359985351562,417.98200073242185,417.9880004882813,418.02300415039065,418.1280029296875,418.2049987792969,418.30499877929685,418.4089965820313,418.468994140625,418.5079956054688,418.5659973144531,418.60999755859376,418.62200317382815,418.6510009765625,418.6330017089844,418.6080017089844,418.5760009765625,418.4950012207031,418.41400146484375,418.38099975585936,418.33099975585935,418.3019958496094,418.36399536132814,418.4359985351563,418.4929992675781,418.5780029296875,418.6450256347656,418.6580017089844,418.6619995117188,418.6720031738281,418.6345581054687,418.600537109375,418.5325561523438,418.47755737304686,418.4135559082032,418.3869995117187,418.3869567871094,418.42095947265625,418.42095947265625,418.41596069335935,418.3879577636719,418.3185791015625,418.2775817871094,418.2125610351562,418.1895568847656,418.1915588378906,418.1887817382813,418.1876770019532,418.2557006835938,418.3197021484375,418.3887023925781,418.45490112304685,418.5170043945312,418.5450012207031,418.5609985351563,418.56199951171874,418.597998046875,418.6219970703125,418.6389953613281,418.6169982910157,418.6159973144531,418.59599609375,418.55999755859375,418.5869995117188,418.64299926757815,418.68800048828126,418.74900512695314,418.831005859375,418.8550048828125,418.88902587890624,418.9170227050781,418.8620178222656,418.8420166015625,418.8290161132812,418.8119934082032,418.8929931640625,419.0889953613281,419.24799194335935,419.4049926757813,419.5659973144531,419.7330017089844,419.827001953125,419.9420043945312,420.0860046386719,420.2080017089844,420.1723571777344,420.1001403808594,419.9721374511719,419.7871398925781,419.617138671875,419.5417785644531,419.5257751464844,419.5587768554688,419.615576171875,419.65758056640624,419.6285827636719,419.5928039550781,419.5466247558594,419.4964233398438,419.3664184570313,419.29241943359375,419.2180969238281,419.1312744140625,419.04749755859376,418.9755004882812,418.89349975585935,418.8278198242188,418.7798217773437,418.7179992675781,418.64599609375,418.4359985351563,418.21422119140624,418.1352233886719,418.0662231445313,418.1462280273437,418.37822265625,418.6260009765625,418.7369995117188,418.8700012207031,418.9339965820312,418.9710021972657,419.0290222167969,419.0650207519531,419.0773559570313,419.05335693359376,419.0803527832031,419.10491333007815,419.13063354492186,419.1472961425781,419.21729736328126,419.231298828125,419.2009216308594,419.1452026367188,419.1482055664063,419.16220703125,419.1422058105469,419.14800415039065,419.206005859375,419.21800537109374,419.18402099609375,419.18602294921874,419.1730224609375,419.11301879882814,419.0550354003906,418.9930358886719,418.9230346679688,418.8330322265625,418.7170349121094,418.6169982910157,418.5369812011719,418.4889831542969,418.4599853515625,418.49998168945314,418.5260009765625,418.5119995117187,418.4779968261719,418.4539978027344,418.4100036621094,418.3480041503906,418.33782348632815,418.36204223632814,418.4480407714844,418.5620361328125,418.66603393554686,418.8062133789063,418.9119934082031,418.9639953613281,419.0019958496094,419.0899963378906,419.14599609375,419.2039978027344,419.2319946289063,419.2431335449219,419.2301330566406,419.2009338378906,1
  -417.141796875,417.1617980957032,417.18999633789065,417.22999877929686,417.3717590332032,417.51976318359374,417.659765625,417.7817687988281,417.84376831054686,417.8490051269531,417.8350036621094,417.8240051269531,417.81000366210935,417.8080017089844,417.741064453125,417.6730651855469,417.5900634765625,417.5040649414062,417.4640441894532,417.4539855957031,417.4579833984375,417.47998046875,417.4879760742188,417.475,417.4489990234375,417.3585205078125,417.3105224609375,417.2265258789063,417.1695251464844,417.1445251464844,417.2100036621094,417.2130065917969,417.2410034179687,417.2590026855469,417.2660034179688,417.2692016601562,417.2658203125,417.2718200683594,417.2958190917969,417.334814453125,417.3266174316406,417.318994140625,417.3219970703125,417.2880004882812,417.2726623535156,417.2816589355469,417.3076599121094,417.36265869140624,417.4686584472656,417.5369995117188,417.64150390625,417.7374877929688,417.823486328125,417.846484375,417.896484375,417.9009826660157,417.9219970703125,417.9429992675781,417.8260009765625,417.672998046875,417.46099853515625,417.2859985351562,417.0889770507813,417.00697631835936,416.9629760742188,417.0029724121094,416.9789733886719,416.918994140625,416.8714538574219,416.78345947265626,416.6674621582032,416.5914611816406,416.5754638671875,416.58900146484376,416.65700073242186,416.63099975585936,416.5330017089844,416.4130004882812,416.3070007324219,416.1760009765625,416.1780029296875,416.2240051269531,416.2740051269531,416.25400390625,416.28900146484375,416.275,416.2950012207031,416.2529968261719,416.2869995117188,416.2460021972656,416.1980041503906,416.14594116210935,416.1809020996094,416.1730407714844,416.1940368652344,416.2320373535157,416.2580749511719,416.2671142578125,416.29697265625,416.2759765625,416.2799743652344,416.2329956054688,416.1905578613281,416.1695617675781,416.1655578613281,416.0935607910157,416.1433044433594,416.20374755859376,416.18974609375,416.2257446289062,416.27174072265626,416.2570007324219,416.1909973144531,416.1779968261719,416.1599975585938,416.1619995117188,416.155859375,416.1298583984375,416.1118591308594,416.080859375,416.0508605957031,416.0510009765625,416.15400390625,416.2408020019531,416.3138061523438,416.3997863769531,416.4282836914063,416.42328491210935,416.4044860839844,416.3754821777344,416.3794982910157,416.4109985351562,416.40849609375,416.4245178222656,416.4632995605469,416.4233032226563,416.385302734375,416.3918029785156,416.40478515625,416.4130065917969,416.5170043945312,416.6046630859375,416.6936645507813,416.7761596679687,416.8406188964844,416.8726196289063,416.9169616699219,416.94196166992185,416.9924621582031,417.0503234863281,417.0043212890625,416.83832397460935,416.7143249511719,416.54832763671874,416.406005859375,416.3770080566407,416.45900268554686,416.4909973144531,416.5426574707032,416.5286560058594,416.4696533203125,416.4056579589844,416.35166015625,416.2719970703125,416.19801635742186,416.1460205078125,416.0840393066407,415.97803955078126,415.9236633300781,415.9274230957032,415.9314208984375,415.9598022460938,415.9858032226563,415.9761840820312,415.9614074707032,415.918408203125,415.8710083007812,415.8428894042969,415.8028869628906,415.7038879394531,415.6328857421875,415.5928833007813,415.56000366210935,415.5900024414062,415.6520202636719,415.71002197265625,415.709423828125,415.7184204101562,415.6664184570312,415.6664001464844,415.6723999023437,415.6823791503906,415.7007995605469,415.7168029785156,415.7108032226562,415.6748046875,415.6934265136719,415.735009765625,415.7910095214844,415.8570068359375,415.9607666015625,416.05576171875,416.1317565917969,416.2197570800781,416.278759765625,416.35700073242185,416.40900268554685,416.48500366210936,416.53900146484375,416.5899963378906,416.6279968261719,416.634716796875,416.64271850585936,416.6467224121094,416.6707275390625,416.6767272949219,416.71900634765626,416.72900390625,416.7510009765625,416.7705993652344,416.7945983886719,416.8236022949219,416.84560546875,416.84404296875,416.8184448242188,416.79444580078126,416.75844116210936,416.72044067382814,416.7260009765625,416.7839965820313,416.8399963378906,416.9060180664063,416.9678161621094,417.0133605957032,417.0393615722657,417.041357421875,417.0153381347656,417.0145385742188,417.0069946289062,416.9929931640625,416.9919982910157,417.0159973144531,417.0519958496094,417.08399658203126,417.1260009765625,417.12099609375,417.1069946289063,417.05,417.02300415039065,416.9679992675781,416.9960021972656,417.04400634765625,417.143701171875,417.2046997070312,417.2736999511719,417.32371826171874,417.36371459960935,417.3863342285157,417.45033569335936,417.5013366699219,417.5793151855469,417.6833190917969,417.7429992675781,417.7529968261719,417.7779968261719,417.7360168457032,417.66001586914064,417.588037109375,417.5740356445313,417.5780395507812,417.60602416992185,417.6550231933594,417.7230041503906,417.7550048828125,417.7870056152344,417.8350036621094,417.8710021972656,417.90700073242186,417.9330200195312,417.91301879882815,417.9050170898437,417.91001586914064,417.9840148925781,418.072998046875,418.218994140625,418.35499267578126,418.5119934082031,418.6559936523437,418.80299072265626,418.8869934082031,418.9449951171875,418.997998046875,419.05999755859375,419.1409973144531,419.2549987792969,419.3669982910157,419.3969970703125,419.38099975585936,419.327001953125,419.29099731445314,419.272998046875,419.2825561523438,419.4435546875,419.5605529785156,419.70555419921874,419.8615539550781,420.0639953613281,420.0899963378906,420.1809997558594,420.2390014648437,420.3170043945312,420.3380065917969,420.3710083007812,420.3920043945312,420.45900268554686,420.4710021972657,420.5,420.50999755859374,420.4919982910157,420.4179992675781,420.38189697265625,420.3398986816407,420.3098999023438,420.3434814453125,420.3824829101562,420.41558227539065,420.442578125,420.4855773925781,420.4999938964844,420.4969909667969,420.47999267578126,420.5049926757813,420.4863159179688,420.4323364257813,420.3543212890625,420.26032104492185,420.1661254882813,420.0898010253906,420.08978271484375,420.07379760742185,420.1157958984375,420.1739929199219,420.1859924316406,420.1707946777344,420.2119995117188,420.252001953125,420.25160522460936,420.30860595703126,420.3558044433594,420.3946044921875,420.39060668945314,420.402001953125,420.4488037109375,420.4908020019531,420.5227966308594,420.5589538574219,420.5889587402344,420.5831604003906,420.5791442871094,420.5821472167969,420.58798828125,420.5869873046875,420.59898681640624,420.5870056152344,420.60400390625,420.6140014648437,420.63599853515626,420.6102355957031,420.55023193359375,420.4442321777344,420.3912353515625,420.3282348632813,420.2759948730469,420.2819946289063,420.27399291992185,420.2259887695312,420.1889709472656,420.1509704589844,420.1309509277344,420.1029541015625,420.06995849609376,420.01995849609375,420.061962890625,420.0619873046875,420.1139892578125,420.1719848632813,420.2300048828125,420.2340026855469,420.2460021972656,420.22999877929686,420.2010009765625,420.222998046875,420.24400024414064,420.2859985351562,420.3650024414063,420.4400024414063,420.4820068359375,420.4050048828125,420.3250061035157,420.2420043945313,420.1160034179687,419.95400390625,419.94300537109376,419.89300537109375,419.76800537109375,419.7222290039063,419.684228515625,419.46722412109375,419.3752197265625,419.376220703125,419.35199584960935,419.29799194335936,419.42099609375,419.4929992675781,419.5169982910156,419.5210021972656,419.5170043945312,419.5300048828125,419.4460021972656,419.2780029296875,419.1080017089844,418.9600036621094,418.7340026855469,418.5920043945313,418.4420043945312,418.3500061035156,418.3260070800781,418.2960083007813,418.2260314941406,418.1880310058594,418.02003173828126,417.88203125,417.7640319824219,417.7180114746094,417.71400756835936,417.8230041503906,417.90700073242186,418.0769958496094,418.2069946289063,418.425,418.597998046875,418.7219970703125,418.73200073242185,418.72999877929686,418.6879943847656,418.6719970703125,418.6700012207031,418.6859985351563,418.6859985351563,418.702001953125,418.66700439453126,418.62400512695314,418.6300048828125,418.5700073242188,418.4840026855469,418.4289978027344,418.4299926757813,418.37599487304686,418.3719909667969,418.3739929199219,418.3769958496094,418.3419982910156,418.297998046875,418.30499877929685,418.2779968261719,418.31499633789065,418.293994140625,418.2599914550781,418.3089904785156,418.3799926757813,418.4222106933594,418.4862121582031,418.6542114257812,418.6742126464844,418.6841918945312,418.6559753417969,418.6599731445313,418.58997802734376,418.53997802734375,418.4859985351562,418.4259948730469,418.3539978027344,418.1919982910157,418.0539978027344,417.9260009765625,417.8140014648437,417.6820007324219,417.7200012207031,417.7600036621094,417.8200012207032,417.9274230957032,418.0684265136719,418.132421875,418.21242065429686,418.2654235839844,418.30402221679685,418.3410217285156,418.4270263671875,418.4570251464844,418.4848205566406,418.5067993164063,418.543798828125,418.52979736328126,418.5518005371094,418.6150024414063,418.6870056152344,418.7420043945313,418.7980041503906,418.8383605957032,418.8484802246094,418.8024780273437,418.7562377929688,418.7362365722656,418.7518798828125,418.7835632324219,418.8375671386719,418.8918090820313,418.901806640625,418.9138061523437,418.9240051269532,418.9300048828125,418.8983032226562,418.86630859375,418.7983093261719,418.7203063964844,418.660302734375,418.65180053710935,418.68751831054686,418.7275146484375,418.7775146484375,418.8435180664063,418.8747192382813,418.8769958496094,418.8731994628906,418.8651977539063,418.8471984863281,418.8581970214844,418.8742004394532,418.8738220214844,418.8278259277344,418.78382568359376,418.7438293457032,418.7318298339844,418.7110046386719,418.7300048828125,418.7280029296875,418.73200073242185,418.7190002441406,418.7080017089844,418.7109802246094,418.6922180175781,418.676220703125,418.6692199707031,418.6682189941406,418.6262390136719,418.5990234375,418.5510192871094,418.4810180664063,418.4300170898438,418.4420166015625,418.4339965820312,418.4059997558594,418.3669982910157,418.3609985351562,418.3029968261719,418.2929931640625,418.3109924316406,418.3409973144532,418.3469970703125,418.3489990234375,418.3080017089844,418.227001953125,418.1320007324219,418.04200439453126,417.9607055664063,417.943701171875,417.9288391113281,417.9568359375,417.9788330078125,418.0363525390625,418.0303527832031,418.0441955566406,418.0061950683594,417.9941955566407,417.9529724121094,417.93897705078126,417.9089965820313,417.8669982910157,417.777001953125,417.7100036621094,417.7,417.7719970703125,417.8989990234375,418.0669982910157,418.2289978027344,418.3219970703125,418.35401611328126,418.37701416015625,418.3650146484375,418.2990173339844,418.2020202636719,418.1036437988281,417.9976440429688,417.8936401367188,417.8226379394531,417.8466369628906,417.8469970703125,417.8449951171875,417.8779968261719,417.9419982910157,417.9719970703125,418.02699584960936,418.075,418.1320007324219,418.1369995117187,418.1299987792969,418.14299926757815,418.1409973144531,418.1079956054688,418.0639953613281,418.0359985351562,417.98200073242185,417.9880004882813,418.02300415039065,418.1280029296875,418.2049987792969,418.30499877929685,418.4089965820313,418.468994140625,418.5079956054688,418.5659973144531,418.60999755859376,418.62200317382815,418.6510009765625,418.6330017089844,418.6080017089844,418.5760009765625,418.4950012207031,418.41400146484375,418.38099975585936,418.33099975585935,418.3019958496094,418.36399536132814,418.4359985351563,418.4929992675781,418.5780029296875,418.6450256347656,418.6580017089844,418.6619995117188,418.6720031738281,418.6345581054687,418.600537109375,418.5325561523438,418.47755737304686,418.4135559082032,418.3869995117187,418.3869567871094,418.42095947265625,418.42095947265625,418.41596069335935,418.3879577636719,418.3185791015625,418.2775817871094,418.2125610351562,418.1895568847656,418.1915588378906,418.1887817382813,418.1876770019532,418.2557006835938,418.3197021484375,418.3887023925781,418.45490112304685,418.5170043945312,418.5450012207031,418.5609985351563,418.56199951171874,418.597998046875,418.6219970703125,418.6389953613281,418.6169982910157,418.6159973144531,418.59599609375,418.55999755859375,418.5869995117188,418.64299926757815,418.68800048828126,418.74900512695314,418.831005859375,418.8550048828125,418.88902587890624,418.9170227050781,418.8620178222656,418.8420166015625,418.8290161132812,418.8119934082032,418.8929931640625,419.0889953613281,419.24799194335935,419.4049926757813,419.5659973144531,419.7330017089844,419.827001953125,419.9420043945312,420.0860046386719,420.2080017089844,420.1723571777344,420.1001403808594,419.9721374511719,419.7871398925781,419.617138671875,419.5417785644531,419.5257751464844,419.5587768554688,419.615576171875,419.65758056640624,419.6285827636719,419.5928039550781,419.5466247558594,419.4964233398438,419.3664184570313,419.29241943359375,419.2180969238281,419.1312744140625,419.04749755859376,418.9755004882812,418.89349975585935,418.8278198242188,418.7798217773437,418.7179992675781,418.64599609375,418.4359985351563,418.21422119140624,418.1352233886719,418.0662231445313,418.1462280273437,418.37822265625,418.6260009765625,418.7369995117188,418.8700012207031,418.9339965820312,418.9710021972657,419.0290222167969,419.0650207519531,419.0773559570313,419.05335693359376,419.0803527832031,419.10491333007815,419.13063354492186,419.1472961425781,419.21729736328126,419.231298828125,419.2009216308594,419.1452026367188,419.1482055664063,419.16220703125,419.1422058105469,419.14800415039065,419.206005859375,419.21800537109374,419.18402099609375,419.18602294921874,419.1730224609375,419.11301879882814,419.0550354003906,418.9930358886719,418.9230346679688,418.8330322265625,418.7170349121094,418.6169982910157,418.5369812011719,418.4889831542969,418.4599853515625,418.49998168945314,418.5260009765625,418.5119995117187,418.4779968261719,418.4539978027344,418.4100036621094,418.3480041503906,418.33782348632815,418.36204223632814,418.4480407714844,418.5620361328125,418.66603393554686,418.8062133789063,418.9119934082031,418.9639953613281,419.0019958496094,419.0899963378906,419.14599609375,419.2039978027344,419.2319946289063,419.2431335449219,419.2301330566406,419.2009338378906,419.1749328613281,419.154931640625,419.1717956542969,419.1947937011719,419.20599365234375,0
  -417.18999633789065,417.22999877929686,417.3717590332032,417.51976318359374,417.659765625,417.7817687988281,417.84376831054686,417.8490051269531,417.8350036621094,417.8240051269531,417.81000366210935,417.8080017089844,417.741064453125,417.6730651855469,417.5900634765625,417.5040649414062,417.4640441894532,417.4539855957031,417.4579833984375,417.47998046875,417.4879760742188,417.475,417.4489990234375,417.3585205078125,417.3105224609375,417.2265258789063,417.1695251464844,417.1445251464844,417.2100036621094,417.2130065917969,417.2410034179687,417.2590026855469,417.2660034179688,417.2692016601562,417.2658203125,417.2718200683594,417.2958190917969,417.334814453125,417.3266174316406,417.318994140625,417.3219970703125,417.2880004882812,417.2726623535156,417.2816589355469,417.3076599121094,417.36265869140624,417.4686584472656,417.5369995117188,417.64150390625,417.7374877929688,417.823486328125,417.846484375,417.896484375,417.9009826660157,417.9219970703125,417.9429992675781,417.8260009765625,417.672998046875,417.46099853515625,417.2859985351562,417.0889770507813,417.00697631835936,416.9629760742188,417.0029724121094,416.9789733886719,416.918994140625,416.8714538574219,416.78345947265626,416.6674621582032,416.5914611816406,416.5754638671875,416.58900146484376,416.65700073242186,416.63099975585936,416.5330017089844,416.4130004882812,416.3070007324219,416.1760009765625,416.1780029296875,416.2240051269531,416.2740051269531,416.25400390625,416.28900146484375,416.275,416.2950012207031,416.2529968261719,416.2869995117188,416.2460021972656,416.1980041503906,416.14594116210935,416.1809020996094,416.1730407714844,416.1940368652344,416.2320373535157,416.2580749511719,416.2671142578125,416.29697265625,416.2759765625,416.2799743652344,416.2329956054688,416.1905578613281,416.1695617675781,416.1655578613281,416.0935607910157,416.1433044433594,416.20374755859376,416.18974609375,416.2257446289062,416.27174072265626,416.2570007324219,416.1909973144531,416.1779968261719,416.1599975585938,416.1619995117188,416.155859375,416.1298583984375,416.1118591308594,416.080859375,416.0508605957031,416.0510009765625,416.15400390625,416.2408020019531,416.3138061523438,416.3997863769531,416.4282836914063,416.42328491210935,416.4044860839844,416.3754821777344,416.3794982910157,416.4109985351562,416.40849609375,416.4245178222656,416.4632995605469,416.4233032226563,416.385302734375,416.3918029785156,416.40478515625,416.4130065917969,416.5170043945312,416.6046630859375,416.6936645507813,416.7761596679687,416.8406188964844,416.8726196289063,416.9169616699219,416.94196166992185,416.9924621582031,417.0503234863281,417.0043212890625,416.83832397460935,416.7143249511719,416.54832763671874,416.406005859375,416.3770080566407,416.45900268554686,416.4909973144531,416.5426574707032,416.5286560058594,416.4696533203125,416.4056579589844,416.35166015625,416.2719970703125,416.19801635742186,416.1460205078125,416.0840393066407,415.97803955078126,415.9236633300781,415.9274230957032,415.9314208984375,415.9598022460938,415.9858032226563,415.9761840820312,415.9614074707032,415.918408203125,415.8710083007812,415.8428894042969,415.8028869628906,415.7038879394531,415.6328857421875,415.5928833007813,415.56000366210935,415.5900024414062,415.6520202636719,415.71002197265625,415.709423828125,415.7184204101562,415.6664184570312,415.6664001464844,415.6723999023437,415.6823791503906,415.7007995605469,415.7168029785156,415.7108032226562,415.6748046875,415.6934265136719,415.735009765625,415.7910095214844,415.8570068359375,415.9607666015625,416.05576171875,416.1317565917969,416.2197570800781,416.278759765625,416.35700073242185,416.40900268554685,416.48500366210936,416.53900146484375,416.5899963378906,416.6279968261719,416.634716796875,416.64271850585936,416.6467224121094,416.6707275390625,416.6767272949219,416.71900634765626,416.72900390625,416.7510009765625,416.7705993652344,416.7945983886719,416.8236022949219,416.84560546875,416.84404296875,416.8184448242188,416.79444580078126,416.75844116210936,416.72044067382814,416.7260009765625,416.7839965820313,416.8399963378906,416.9060180664063,416.9678161621094,417.0133605957032,417.0393615722657,417.041357421875,417.0153381347656,417.0145385742188,417.0069946289062,416.9929931640625,416.9919982910157,417.0159973144531,417.0519958496094,417.08399658203126,417.1260009765625,417.12099609375,417.1069946289063,417.05,417.02300415039065,416.9679992675781,416.9960021972656,417.04400634765625,417.143701171875,417.2046997070312,417.2736999511719,417.32371826171874,417.36371459960935,417.3863342285157,417.45033569335936,417.5013366699219,417.5793151855469,417.6833190917969,417.7429992675781,417.7529968261719,417.7779968261719,417.7360168457032,417.66001586914064,417.588037109375,417.5740356445313,417.5780395507812,417.60602416992185,417.6550231933594,417.7230041503906,417.7550048828125,417.7870056152344,417.8350036621094,417.8710021972656,417.90700073242186,417.9330200195312,417.91301879882815,417.9050170898437,417.91001586914064,417.9840148925781,418.072998046875,418.218994140625,418.35499267578126,418.5119934082031,418.6559936523437,418.80299072265626,418.8869934082031,418.9449951171875,418.997998046875,419.05999755859375,419.1409973144531,419.2549987792969,419.3669982910157,419.3969970703125,419.38099975585936,419.327001953125,419.29099731445314,419.272998046875,419.2825561523438,419.4435546875,419.5605529785156,419.70555419921874,419.8615539550781,420.0639953613281,420.0899963378906,420.1809997558594,420.2390014648437,420.3170043945312,420.3380065917969,420.3710083007812,420.3920043945312,420.45900268554686,420.4710021972657,420.5,420.50999755859374,420.4919982910157,420.4179992675781,420.38189697265625,420.3398986816407,420.3098999023438,420.3434814453125,420.3824829101562,420.41558227539065,420.442578125,420.4855773925781,420.4999938964844,420.4969909667969,420.47999267578126,420.5049926757813,420.4863159179688,420.4323364257813,420.3543212890625,420.26032104492185,420.1661254882813,420.0898010253906,420.08978271484375,420.07379760742185,420.1157958984375,420.1739929199219,420.1859924316406,420.1707946777344,420.2119995117188,420.252001953125,420.25160522460936,420.30860595703126,420.3558044433594,420.3946044921875,420.39060668945314,420.402001953125,420.4488037109375,420.4908020019531,420.5227966308594,420.5589538574219,420.5889587402344,420.5831604003906,420.5791442871094,420.5821472167969,420.58798828125,420.5869873046875,420.59898681640624,420.5870056152344,420.60400390625,420.6140014648437,420.63599853515626,420.6102355957031,420.55023193359375,420.4442321777344,420.3912353515625,420.3282348632813,420.2759948730469,420.2819946289063,420.27399291992185,420.2259887695312,420.1889709472656,420.1509704589844,420.1309509277344,420.1029541015625,420.06995849609376,420.01995849609375,420.061962890625,420.0619873046875,420.1139892578125,420.1719848632813,420.2300048828125,420.2340026855469,420.2460021972656,420.22999877929686,420.2010009765625,420.222998046875,420.24400024414064,420.2859985351562,420.3650024414063,420.4400024414063,420.4820068359375,420.4050048828125,420.3250061035157,420.2420043945313,420.1160034179687,419.95400390625,419.94300537109376,419.89300537109375,419.76800537109375,419.7222290039063,419.684228515625,419.46722412109375,419.3752197265625,419.376220703125,419.35199584960935,419.29799194335936,419.42099609375,419.4929992675781,419.5169982910156,419.5210021972656,419.5170043945312,419.5300048828125,419.4460021972656,419.2780029296875,419.1080017089844,418.9600036621094,418.7340026855469,418.5920043945313,418.4420043945312,418.3500061035156,418.3260070800781,418.2960083007813,418.2260314941406,418.1880310058594,418.02003173828126,417.88203125,417.7640319824219,417.7180114746094,417.71400756835936,417.8230041503906,417.90700073242186,418.0769958496094,418.2069946289063,418.425,418.597998046875,418.7219970703125,418.73200073242185,418.72999877929686,418.6879943847656,418.6719970703125,418.6700012207031,418.6859985351563,418.6859985351563,418.702001953125,418.66700439453126,418.62400512695314,418.6300048828125,418.5700073242188,418.4840026855469,418.4289978027344,418.4299926757813,418.37599487304686,418.3719909667969,418.3739929199219,418.3769958496094,418.3419982910156,418.297998046875,418.30499877929685,418.2779968261719,418.31499633789065,418.293994140625,418.2599914550781,418.3089904785156,418.3799926757813,418.4222106933594,418.4862121582031,418.6542114257812,418.6742126464844,418.6841918945312,418.6559753417969,418.6599731445313,418.58997802734376,418.53997802734375,418.4859985351562,418.4259948730469,418.3539978027344,418.1919982910157,418.0539978027344,417.9260009765625,417.8140014648437,417.6820007324219,417.7200012207031,417.7600036621094,417.8200012207032,417.9274230957032,418.0684265136719,418.132421875,418.21242065429686,418.2654235839844,418.30402221679685,418.3410217285156,418.4270263671875,418.4570251464844,418.4848205566406,418.5067993164063,418.543798828125,418.52979736328126,418.5518005371094,418.6150024414063,418.6870056152344,418.7420043945313,418.7980041503906,418.8383605957032,418.8484802246094,418.8024780273437,418.7562377929688,418.7362365722656,418.7518798828125,418.7835632324219,418.8375671386719,418.8918090820313,418.901806640625,418.9138061523437,418.9240051269532,418.9300048828125,418.8983032226562,418.86630859375,418.7983093261719,418.7203063964844,418.660302734375,418.65180053710935,418.68751831054686,418.7275146484375,418.7775146484375,418.8435180664063,418.8747192382813,418.8769958496094,418.8731994628906,418.8651977539063,418.8471984863281,418.8581970214844,418.8742004394532,418.8738220214844,418.8278259277344,418.78382568359376,418.7438293457032,418.7318298339844,418.7110046386719,418.7300048828125,418.7280029296875,418.73200073242185,418.7190002441406,418.7080017089844,418.7109802246094,418.6922180175781,418.676220703125,418.6692199707031,418.6682189941406,418.6262390136719,418.5990234375,418.5510192871094,418.4810180664063,418.4300170898438,418.4420166015625,418.4339965820312,418.4059997558594,418.3669982910157,418.3609985351562,418.3029968261719,418.2929931640625,418.3109924316406,418.3409973144532,418.3469970703125,418.3489990234375,418.3080017089844,418.227001953125,418.1320007324219,418.04200439453126,417.9607055664063,417.943701171875,417.9288391113281,417.9568359375,417.9788330078125,418.0363525390625,418.0303527832031,418.0441955566406,418.0061950683594,417.9941955566407,417.9529724121094,417.93897705078126,417.9089965820313,417.8669982910157,417.777001953125,417.7100036621094,417.7,417.7719970703125,417.8989990234375,418.0669982910157,418.2289978027344,418.3219970703125,418.35401611328126,418.37701416015625,418.3650146484375,418.2990173339844,418.2020202636719,418.1036437988281,417.9976440429688,417.8936401367188,417.8226379394531,417.8466369628906,417.8469970703125,417.8449951171875,417.8779968261719,417.9419982910157,417.9719970703125,418.02699584960936,418.075,418.1320007324219,418.1369995117187,418.1299987792969,418.14299926757815,418.1409973144531,418.1079956054688,418.0639953613281,418.0359985351562,417.98200073242185,417.9880004882813,418.02300415039065,418.1280029296875,418.2049987792969,418.30499877929685,418.4089965820313,418.468994140625,418.5079956054688,418.5659973144531,418.60999755859376,418.62200317382815,418.6510009765625,418.6330017089844,418.6080017089844,418.5760009765625,418.4950012207031,418.41400146484375,418.38099975585936,418.33099975585935,418.3019958496094,418.36399536132814,418.4359985351563,418.4929992675781,418.5780029296875,418.6450256347656,418.6580017089844,418.6619995117188,418.6720031738281,418.6345581054687,418.600537109375,418.5325561523438,418.47755737304686,418.4135559082032,418.3869995117187,418.3869567871094,418.42095947265625,418.42095947265625,418.41596069335935,418.3879577636719,418.3185791015625,418.2775817871094,418.2125610351562,418.1895568847656,418.1915588378906,418.1887817382813,418.1876770019532,418.2557006835938,418.3197021484375,418.3887023925781,418.45490112304685,418.5170043945312,418.5450012207031,418.5609985351563,418.56199951171874,418.597998046875,418.6219970703125,418.6389953613281,418.6169982910157,418.6159973144531,418.59599609375,418.55999755859375,418.5869995117188,418.64299926757815,418.68800048828126,418.74900512695314,418.831005859375,418.8550048828125,418.88902587890624,418.9170227050781,418.8620178222656,418.8420166015625,418.8290161132812,418.8119934082032,418.8929931640625,419.0889953613281,419.24799194335935,419.4049926757813,419.5659973144531,419.7330017089844,419.827001953125,419.9420043945312,420.0860046386719,420.2080017089844,420.1723571777344,420.1001403808594,419.9721374511719,419.7871398925781,419.617138671875,419.5417785644531,419.5257751464844,419.5587768554688,419.615576171875,419.65758056640624,419.6285827636719,419.5928039550781,419.5466247558594,419.4964233398438,419.3664184570313,419.29241943359375,419.2180969238281,419.1312744140625,419.04749755859376,418.9755004882812,418.89349975585935,418.8278198242188,418.7798217773437,418.7179992675781,418.64599609375,418.4359985351563,418.21422119140624,418.1352233886719,418.0662231445313,418.1462280273437,418.37822265625,418.6260009765625,418.7369995117188,418.8700012207031,418.9339965820312,418.9710021972657,419.0290222167969,419.0650207519531,419.0773559570313,419.05335693359376,419.0803527832031,419.10491333007815,419.13063354492186,419.1472961425781,419.21729736328126,419.231298828125,419.2009216308594,419.1452026367188,419.1482055664063,419.16220703125,419.1422058105469,419.14800415039065,419.206005859375,419.21800537109374,419.18402099609375,419.18602294921874,419.1730224609375,419.11301879882814,419.0550354003906,418.9930358886719,418.9230346679688,418.8330322265625,418.7170349121094,418.6169982910157,418.5369812011719,418.4889831542969,418.4599853515625,418.49998168945314,418.5260009765625,418.5119995117187,418.4779968261719,418.4539978027344,418.4100036621094,418.3480041503906,418.33782348632815,418.36204223632814,418.4480407714844,418.5620361328125,418.66603393554686,418.8062133789063,418.9119934082031,418.9639953613281,419.0019958496094,419.0899963378906,419.14599609375,419.2039978027344,419.2319946289063,419.2431335449219,419.2301330566406,419.2009338378906,419.1749328613281,419.154931640625,419.1717956542969,419.1947937011719,419.20599365234375,419.2179931640625,419.2474182128906,1
  -417.84376831054686,417.8490051269531,417.8350036621094,417.8240051269531,417.81000366210935,417.8080017089844,417.741064453125,417.6730651855469,417.5900634765625,417.5040649414062,417.4640441894532,417.4539855957031,417.4579833984375,417.47998046875,417.4879760742188,417.475,417.4489990234375,417.3585205078125,417.3105224609375,417.2265258789063,417.1695251464844,417.1445251464844,417.2100036621094,417.2130065917969,417.2410034179687,417.2590026855469,417.2660034179688,417.2692016601562,417.2658203125,417.2718200683594,417.2958190917969,417.334814453125,417.3266174316406,417.318994140625,417.3219970703125,417.2880004882812,417.2726623535156,417.2816589355469,417.3076599121094,417.36265869140624,417.4686584472656,417.5369995117188,417.64150390625,417.7374877929688,417.823486328125,417.846484375,417.896484375,417.9009826660157,417.9219970703125,417.9429992675781,417.8260009765625,417.672998046875,417.46099853515625,417.2859985351562,417.0889770507813,417.00697631835936,416.9629760742188,417.0029724121094,416.9789733886719,416.918994140625,416.8714538574219,416.78345947265626,416.6674621582032,416.5914611816406,416.5754638671875,416.58900146484376,416.65700073242186,416.63099975585936,416.5330017089844,416.4130004882812,416.3070007324219,416.1760009765625,416.1780029296875,416.2240051269531,416.2740051269531,416.25400390625,416.28900146484375,416.275,416.2950012207031,416.2529968261719,416.2869995117188,416.2460021972656,416.1980041503906,416.14594116210935,416.1809020996094,416.1730407714844,416.1940368652344,416.2320373535157,416.2580749511719,416.2671142578125,416.29697265625,416.2759765625,416.2799743652344,416.2329956054688,416.1905578613281,416.1695617675781,416.1655578613281,416.0935607910157,416.1433044433594,416.20374755859376,416.18974609375,416.2257446289062,416.27174072265626,416.2570007324219,416.1909973144531,416.1779968261719,416.1599975585938,416.1619995117188,416.155859375,416.1298583984375,416.1118591308594,416.080859375,416.0508605957031,416.0510009765625,416.15400390625,416.2408020019531,416.3138061523438,416.3997863769531,416.4282836914063,416.42328491210935,416.4044860839844,416.3754821777344,416.3794982910157,416.4109985351562,416.40849609375,416.4245178222656,416.4632995605469,416.4233032226563,416.385302734375,416.3918029785156,416.40478515625,416.4130065917969,416.5170043945312,416.6046630859375,416.6936645507813,416.7761596679687,416.8406188964844,416.8726196289063,416.9169616699219,416.94196166992185,416.9924621582031,417.0503234863281,417.0043212890625,416.83832397460935,416.7143249511719,416.54832763671874,416.406005859375,416.3770080566407,416.45900268554686,416.4909973144531,416.5426574707032,416.5286560058594,416.4696533203125,416.4056579589844,416.35166015625,416.2719970703125,416.19801635742186,416.1460205078125,416.0840393066407,415.97803955078126,415.9236633300781,415.9274230957032,415.9314208984375,415.9598022460938,415.9858032226563,415.9761840820312,415.9614074707032,415.918408203125,415.8710083007812,415.8428894042969,415.8028869628906,415.7038879394531,415.6328857421875,415.5928833007813,415.56000366210935,415.5900024414062,415.6520202636719,415.71002197265625,415.709423828125,415.7184204101562,415.6664184570312,415.6664001464844,415.6723999023437,415.6823791503906,415.7007995605469,415.7168029785156,415.7108032226562,415.6748046875,415.6934265136719,415.735009765625,415.7910095214844,415.8570068359375,415.9607666015625,416.05576171875,416.1317565917969,416.2197570800781,416.278759765625,416.35700073242185,416.40900268554685,416.48500366210936,416.53900146484375,416.5899963378906,416.6279968261719,416.634716796875,416.64271850585936,416.6467224121094,416.6707275390625,416.6767272949219,416.71900634765626,416.72900390625,416.7510009765625,416.7705993652344,416.7945983886719,416.8236022949219,416.84560546875,416.84404296875,416.8184448242188,416.79444580078126,416.75844116210936,416.72044067382814,416.7260009765625,416.7839965820313,416.8399963378906,416.9060180664063,416.9678161621094,417.0133605957032,417.0393615722657,417.041357421875,417.0153381347656,417.0145385742188,417.0069946289062,416.9929931640625,416.9919982910157,417.0159973144531,417.0519958496094,417.08399658203126,417.1260009765625,417.12099609375,417.1069946289063,417.05,417.02300415039065,416.9679992675781,416.9960021972656,417.04400634765625,417.143701171875,417.2046997070312,417.2736999511719,417.32371826171874,417.36371459960935,417.3863342285157,417.45033569335936,417.5013366699219,417.5793151855469,417.6833190917969,417.7429992675781,417.7529968261719,417.7779968261719,417.7360168457032,417.66001586914064,417.588037109375,417.5740356445313,417.5780395507812,417.60602416992185,417.6550231933594,417.7230041503906,417.7550048828125,417.7870056152344,417.8350036621094,417.8710021972656,417.90700073242186,417.9330200195312,417.91301879882815,417.9050170898437,417.91001586914064,417.9840148925781,418.072998046875,418.218994140625,418.35499267578126,418.5119934082031,418.6559936523437,418.80299072265626,418.8869934082031,418.9449951171875,418.997998046875,419.05999755859375,419.1409973144531,419.2549987792969,419.3669982910157,419.3969970703125,419.38099975585936,419.327001953125,419.29099731445314,419.272998046875,419.2825561523438,419.4435546875,419.5605529785156,419.70555419921874,419.8615539550781,420.0639953613281,420.0899963378906,420.1809997558594,420.2390014648437,420.3170043945312,420.3380065917969,420.3710083007812,420.3920043945312,420.45900268554686,420.4710021972657,420.5,420.50999755859374,420.4919982910157,420.4179992675781,420.38189697265625,420.3398986816407,420.3098999023438,420.3434814453125,420.3824829101562,420.41558227539065,420.442578125,420.4855773925781,420.4999938964844,420.4969909667969,420.47999267578126,420.5049926757813,420.4863159179688,420.4323364257813,420.3543212890625,420.26032104492185,420.1661254882813,420.0898010253906,420.08978271484375,420.07379760742185,420.1157958984375,420.1739929199219,420.1859924316406,420.1707946777344,420.2119995117188,420.252001953125,420.25160522460936,420.30860595703126,420.3558044433594,420.3946044921875,420.39060668945314,420.402001953125,420.4488037109375,420.4908020019531,420.5227966308594,420.5589538574219,420.5889587402344,420.5831604003906,420.5791442871094,420.5821472167969,420.58798828125,420.5869873046875,420.59898681640624,420.5870056152344,420.60400390625,420.6140014648437,420.63599853515626,420.6102355957031,420.55023193359375,420.4442321777344,420.3912353515625,420.3282348632813,420.2759948730469,420.2819946289063,420.27399291992185,420.2259887695312,420.1889709472656,420.1509704589844,420.1309509277344,420.1029541015625,420.06995849609376,420.01995849609375,420.061962890625,420.0619873046875,420.1139892578125,420.1719848632813,420.2300048828125,420.2340026855469,420.2460021972656,420.22999877929686,420.2010009765625,420.222998046875,420.24400024414064,420.2859985351562,420.3650024414063,420.4400024414063,420.4820068359375,420.4050048828125,420.3250061035157,420.2420043945313,420.1160034179687,419.95400390625,419.94300537109376,419.89300537109375,419.76800537109375,419.7222290039063,419.684228515625,419.46722412109375,419.3752197265625,419.376220703125,419.35199584960935,419.29799194335936,419.42099609375,419.4929992675781,419.5169982910156,419.5210021972656,419.5170043945312,419.5300048828125,419.4460021972656,419.2780029296875,419.1080017089844,418.9600036621094,418.7340026855469,418.5920043945313,418.4420043945312,418.3500061035156,418.3260070800781,418.2960083007813,418.2260314941406,418.1880310058594,418.02003173828126,417.88203125,417.7640319824219,417.7180114746094,417.71400756835936,417.8230041503906,417.90700073242186,418.0769958496094,418.2069946289063,418.425,418.597998046875,418.7219970703125,418.73200073242185,418.72999877929686,418.6879943847656,418.6719970703125,418.6700012207031,418.6859985351563,418.6859985351563,418.702001953125,418.66700439453126,418.62400512695314,418.6300048828125,418.5700073242188,418.4840026855469,418.4289978027344,418.4299926757813,418.37599487304686,418.3719909667969,418.3739929199219,418.3769958496094,418.3419982910156,418.297998046875,418.30499877929685,418.2779968261719,418.31499633789065,418.293994140625,418.2599914550781,418.3089904785156,418.3799926757813,418.4222106933594,418.4862121582031,418.6542114257812,418.6742126464844,418.6841918945312,418.6559753417969,418.6599731445313,418.58997802734376,418.53997802734375,418.4859985351562,418.4259948730469,418.3539978027344,418.1919982910157,418.0539978027344,417.9260009765625,417.8140014648437,417.6820007324219,417.7200012207031,417.7600036621094,417.8200012207032,417.9274230957032,418.0684265136719,418.132421875,418.21242065429686,418.2654235839844,418.30402221679685,418.3410217285156,418.4270263671875,418.4570251464844,418.4848205566406,418.5067993164063,418.543798828125,418.52979736328126,418.5518005371094,418.6150024414063,418.6870056152344,418.7420043945313,418.7980041503906,418.8383605957032,418.8484802246094,418.8024780273437,418.7562377929688,418.7362365722656,418.7518798828125,418.7835632324219,418.8375671386719,418.8918090820313,418.901806640625,418.9138061523437,418.9240051269532,418.9300048828125,418.8983032226562,418.86630859375,418.7983093261719,418.7203063964844,418.660302734375,418.65180053710935,418.68751831054686,418.7275146484375,418.7775146484375,418.8435180664063,418.8747192382813,418.8769958496094,418.8731994628906,418.8651977539063,418.8471984863281,418.8581970214844,418.8742004394532,418.8738220214844,418.8278259277344,418.78382568359376,418.7438293457032,418.7318298339844,418.7110046386719,418.7300048828125,418.7280029296875,418.73200073242185,418.7190002441406,418.7080017089844,418.7109802246094,418.6922180175781,418.676220703125,418.6692199707031,418.6682189941406,418.6262390136719,418.5990234375,418.5510192871094,418.4810180664063,418.4300170898438,418.4420166015625,418.4339965820312,418.4059997558594,418.3669982910157,418.3609985351562,418.3029968261719,418.2929931640625,418.3109924316406,418.3409973144532,418.3469970703125,418.3489990234375,418.3080017089844,418.227001953125,418.1320007324219,418.04200439453126,417.9607055664063,417.943701171875,417.9288391113281,417.9568359375,417.9788330078125,418.0363525390625,418.0303527832031,418.0441955566406,418.0061950683594,417.9941955566407,417.9529724121094,417.93897705078126,417.9089965820313,417.8669982910157,417.777001953125,417.7100036621094,417.7,417.7719970703125,417.8989990234375,418.0669982910157,418.2289978027344,418.3219970703125,418.35401611328126,418.37701416015625,418.3650146484375,418.2990173339844,418.2020202636719,418.1036437988281,417.9976440429688,417.8936401367188,417.8226379394531,417.8466369628906,417.8469970703125,417.8449951171875,417.8779968261719,417.9419982910157,417.9719970703125,418.02699584960936,418.075,418.1320007324219,418.1369995117187,418.1299987792969,418.14299926757815,418.1409973144531,418.1079956054688,418.0639953613281,418.0359985351562,417.98200073242185,417.9880004882813,418.02300415039065,418.1280029296875,418.2049987792969,418.30499877929685,418.4089965820313,418.468994140625,418.5079956054688,418.5659973144531,418.60999755859376,418.62200317382815,418.6510009765625,418.6330017089844,418.6080017089844,418.5760009765625,418.4950012207031,418.41400146484375,418.38099975585936,418.33099975585935,418.3019958496094,418.36399536132814,418.4359985351563,418.4929992675781,418.5780029296875,418.6450256347656,418.6580017089844,418.6619995117188,418.6720031738281,418.6345581054687,418.600537109375,418.5325561523438,418.47755737304686,418.4135559082032,418.3869995117187,418.3869567871094,418.42095947265625,418.42095947265625,418.41596069335935,418.3879577636719,418.3185791015625,418.2775817871094,418.2125610351562,418.1895568847656,418.1915588378906,418.1887817382813,418.1876770019532,418.2557006835938,418.3197021484375,418.3887023925781,418.45490112304685,418.5170043945312,418.5450012207031,418.5609985351563,418.56199951171874,418.597998046875,418.6219970703125,418.6389953613281,418.6169982910157,418.6159973144531,418.59599609375,418.55999755859375,418.5869995117188,418.64299926757815,418.68800048828126,418.74900512695314,418.831005859375,418.8550048828125,418.88902587890624,418.9170227050781,418.8620178222656,418.8420166015625,418.8290161132812,418.8119934082032,418.8929931640625,419.0889953613281,419.24799194335935,419.4049926757813,419.5659973144531,419.7330017089844,419.827001953125,419.9420043945312,420.0860046386719,420.2080017089844,420.1723571777344,420.1001403808594,419.9721374511719,419.7871398925781,419.617138671875,419.5417785644531,419.5257751464844,419.5587768554688,419.615576171875,419.65758056640624,419.6285827636719,419.5928039550781,419.5466247558594,419.4964233398438,419.3664184570313,419.29241943359375,419.2180969238281,419.1312744140625,419.04749755859376,418.9755004882812,418.89349975585935,418.8278198242188,418.7798217773437,418.7179992675781,418.64599609375,418.4359985351563,418.21422119140624,418.1352233886719,418.0662231445313,418.1462280273437,418.37822265625,418.6260009765625,418.7369995117188,418.8700012207031,418.9339965820312,418.9710021972657,419.0290222167969,419.0650207519531,419.0773559570313,419.05335693359376,419.0803527832031,419.10491333007815,419.13063354492186,419.1472961425781,419.21729736328126,419.231298828125,419.2009216308594,419.1452026367188,419.1482055664063,419.16220703125,419.1422058105469,419.14800415039065,419.206005859375,419.21800537109374,419.18402099609375,419.18602294921874,419.1730224609375,419.11301879882814,419.0550354003906,418.9930358886719,418.9230346679688,418.8330322265625,418.7170349121094,418.6169982910157,418.5369812011719,418.4889831542969,418.4599853515625,418.49998168945314,418.5260009765625,418.5119995117187,418.4779968261719,418.4539978027344,418.4100036621094,418.3480041503906,418.33782348632815,418.36204223632814,418.4480407714844,418.5620361328125,418.66603393554686,418.8062133789063,418.9119934082031,418.9639953613281,419.0019958496094,419.0899963378906,419.14599609375,419.2039978027344,419.2319946289063,419.2431335449219,419.2301330566406,419.2009338378906,419.1749328613281,419.154931640625,419.1717956542969,419.1947937011719,419.20599365234375,419.2179931640625,419.2474182128906,419.23341674804686,419.2154174804688,419.2250610351563,419.2310607910157,419.2576171875,419.2856140136719,0
  -417.8240051269531,417.81000366210935,417.8080017089844,417.741064453125,417.6730651855469,417.5900634765625,417.5040649414062,417.4640441894532,417.4539855957031,417.4579833984375,417.47998046875,417.4879760742188,417.475,417.4489990234375,417.3585205078125,417.3105224609375,417.2265258789063,417.1695251464844,417.1445251464844,417.2100036621094,417.2130065917969,417.2410034179687,417.2590026855469,417.2660034179688,417.2692016601562,417.2658203125,417.2718200683594,417.2958190917969,417.334814453125,417.3266174316406,417.318994140625,417.3219970703125,417.2880004882812,417.2726623535156,417.2816589355469,417.3076599121094,417.36265869140624,417.4686584472656,417.5369995117188,417.64150390625,417.7374877929688,417.823486328125,417.846484375,417.896484375,417.9009826660157,417.9219970703125,417.9429992675781,417.8260009765625,417.672998046875,417.46099853515625,417.2859985351562,417.0889770507813,417.00697631835936,416.9629760742188,417.0029724121094,416.9789733886719,416.918994140625,416.8714538574219,416.78345947265626,416.6674621582032,416.5914611816406,416.5754638671875,416.58900146484376,416.65700073242186,416.63099975585936,416.5330017089844,416.4130004882812,416.3070007324219,416.1760009765625,416.1780029296875,416.2240051269531,416.2740051269531,416.25400390625,416.28900146484375,416.275,416.2950012207031,416.2529968261719,416.2869995117188,416.2460021972656,416.1980041503906,416.14594116210935,416.1809020996094,416.1730407714844,416.1940368652344,416.2320373535157,416.2580749511719,416.2671142578125,416.29697265625,416.2759765625,416.2799743652344,416.2329956054688,416.1905578613281,416.1695617675781,416.1655578613281,416.0935607910157,416.1433044433594,416.20374755859376,416.18974609375,416.2257446289062,416.27174072265626,416.2570007324219,416.1909973144531,416.1779968261719,416.1599975585938,416.1619995117188,416.155859375,416.1298583984375,416.1118591308594,416.080859375,416.0508605957031,416.0510009765625,416.15400390625,416.2408020019531,416.3138061523438,416.3997863769531,416.4282836914063,416.42328491210935,416.4044860839844,416.3754821777344,416.3794982910157,416.4109985351562,416.40849609375,416.4245178222656,416.4632995605469,416.4233032226563,416.385302734375,416.3918029785156,416.40478515625,416.4130065917969,416.5170043945312,416.6046630859375,416.6936645507813,416.7761596679687,416.8406188964844,416.8726196289063,416.9169616699219,416.94196166992185,416.9924621582031,417.0503234863281,417.0043212890625,416.83832397460935,416.7143249511719,416.54832763671874,416.406005859375,416.3770080566407,416.45900268554686,416.4909973144531,416.5426574707032,416.5286560058594,416.4696533203125,416.4056579589844,416.35166015625,416.2719970703125,416.19801635742186,416.1460205078125,416.0840393066407,415.97803955078126,415.9236633300781,415.9274230957032,415.9314208984375,415.9598022460938,415.9858032226563,415.9761840820312,415.9614074707032,415.918408203125,415.8710083007812,415.8428894042969,415.8028869628906,415.7038879394531,415.6328857421875,415.5928833007813,415.56000366210935,415.5900024414062,415.6520202636719,415.71002197265625,415.709423828125,415.7184204101562,415.6664184570312,415.6664001464844,415.6723999023437,415.6823791503906,415.7007995605469,415.7168029785156,415.7108032226562,415.6748046875,415.6934265136719,415.735009765625,415.7910095214844,415.8570068359375,415.9607666015625,416.05576171875,416.1317565917969,416.2197570800781,416.278759765625,416.35700073242185,416.40900268554685,416.48500366210936,416.53900146484375,416.5899963378906,416.6279968261719,416.634716796875,416.64271850585936,416.6467224121094,416.6707275390625,416.6767272949219,416.71900634765626,416.72900390625,416.7510009765625,416.7705993652344,416.7945983886719,416.8236022949219,416.84560546875,416.84404296875,416.8184448242188,416.79444580078126,416.75844116210936,416.72044067382814,416.7260009765625,416.7839965820313,416.8399963378906,416.9060180664063,416.9678161621094,417.0133605957032,417.0393615722657,417.041357421875,417.0153381347656,417.0145385742188,417.0069946289062,416.9929931640625,416.9919982910157,417.0159973144531,417.0519958496094,417.08399658203126,417.1260009765625,417.12099609375,417.1069946289063,417.05,417.02300415039065,416.9679992675781,416.9960021972656,417.04400634765625,417.143701171875,417.2046997070312,417.2736999511719,417.32371826171874,417.36371459960935,417.3863342285157,417.45033569335936,417.5013366699219,417.5793151855469,417.6833190917969,417.7429992675781,417.7529968261719,417.7779968261719,417.7360168457032,417.66001586914064,417.588037109375,417.5740356445313,417.5780395507812,417.60602416992185,417.6550231933594,417.7230041503906,417.7550048828125,417.7870056152344,417.8350036621094,417.8710021972656,417.90700073242186,417.9330200195312,417.91301879882815,417.9050170898437,417.91001586914064,417.9840148925781,418.072998046875,418.218994140625,418.35499267578126,418.5119934082031,418.6559936523437,418.80299072265626,418.8869934082031,418.9449951171875,418.997998046875,419.05999755859375,419.1409973144531,419.2549987792969,419.3669982910157,419.3969970703125,419.38099975585936,419.327001953125,419.29099731445314,419.272998046875,419.2825561523438,419.4435546875,419.5605529785156,419.70555419921874,419.8615539550781,420.0639953613281,420.0899963378906,420.1809997558594,420.2390014648437,420.3170043945312,420.3380065917969,420.3710083007812,420.3920043945312,420.45900268554686,420.4710021972657,420.5,420.50999755859374,420.4919982910157,420.4179992675781,420.38189697265625,420.3398986816407,420.3098999023438,420.3434814453125,420.3824829101562,420.41558227539065,420.442578125,420.4855773925781,420.4999938964844,420.4969909667969,420.47999267578126,420.5049926757813,420.4863159179688,420.4323364257813,420.3543212890625,420.26032104492185,420.1661254882813,420.0898010253906,420.08978271484375,420.07379760742185,420.1157958984375,420.1739929199219,420.1859924316406,420.1707946777344,420.2119995117188,420.252001953125,420.25160522460936,420.30860595703126,420.3558044433594,420.3946044921875,420.39060668945314,420.402001953125,420.4488037109375,420.4908020019531,420.5227966308594,420.5589538574219,420.5889587402344,420.5831604003906,420.5791442871094,420.5821472167969,420.58798828125,420.5869873046875,420.59898681640624,420.5870056152344,420.60400390625,420.6140014648437,420.63599853515626,420.6102355957031,420.55023193359375,420.4442321777344,420.3912353515625,420.3282348632813,420.2759948730469,420.2819946289063,420.27399291992185,420.2259887695312,420.1889709472656,420.1509704589844,420.1309509277344,420.1029541015625,420.06995849609376,420.01995849609375,420.061962890625,420.0619873046875,420.1139892578125,420.1719848632813,420.2300048828125,420.2340026855469,420.2460021972656,420.22999877929686,420.2010009765625,420.222998046875,420.24400024414064,420.2859985351562,420.3650024414063,420.4400024414063,420.4820068359375,420.4050048828125,420.3250061035157,420.2420043945313,420.1160034179687,419.95400390625,419.94300537109376,419.89300537109375,419.76800537109375,419.7222290039063,419.684228515625,419.46722412109375,419.3752197265625,419.376220703125,419.35199584960935,419.29799194335936,419.42099609375,419.4929992675781,419.5169982910156,419.5210021972656,419.5170043945312,419.5300048828125,419.4460021972656,419.2780029296875,419.1080017089844,418.9600036621094,418.7340026855469,418.5920043945313,418.4420043945312,418.3500061035156,418.3260070800781,418.2960083007813,418.2260314941406,418.1880310058594,418.02003173828126,417.88203125,417.7640319824219,417.7180114746094,417.71400756835936,417.8230041503906,417.90700073242186,418.0769958496094,418.2069946289063,418.425,418.597998046875,418.7219970703125,418.73200073242185,418.72999877929686,418.6879943847656,418.6719970703125,418.6700012207031,418.6859985351563,418.6859985351563,418.702001953125,418.66700439453126,418.62400512695314,418.6300048828125,418.5700073242188,418.4840026855469,418.4289978027344,418.4299926757813,418.37599487304686,418.3719909667969,418.3739929199219,418.3769958496094,418.3419982910156,418.297998046875,418.30499877929685,418.2779968261719,418.31499633789065,418.293994140625,418.2599914550781,418.3089904785156,418.3799926757813,418.4222106933594,418.4862121582031,418.6542114257812,418.6742126464844,418.6841918945312,418.6559753417969,418.6599731445313,418.58997802734376,418.53997802734375,418.4859985351562,418.4259948730469,418.3539978027344,418.1919982910157,418.0539978027344,417.9260009765625,417.8140014648437,417.6820007324219,417.7200012207031,417.7600036621094,417.8200012207032,417.9274230957032,418.0684265136719,418.132421875,418.21242065429686,418.2654235839844,418.30402221679685,418.3410217285156,418.4270263671875,418.4570251464844,418.4848205566406,418.5067993164063,418.543798828125,418.52979736328126,418.5518005371094,418.6150024414063,418.6870056152344,418.7420043945313,418.7980041503906,418.8383605957032,418.8484802246094,418.8024780273437,418.7562377929688,418.7362365722656,418.7518798828125,418.7835632324219,418.8375671386719,418.8918090820313,418.901806640625,418.9138061523437,418.9240051269532,418.9300048828125,418.8983032226562,418.86630859375,418.7983093261719,418.7203063964844,418.660302734375,418.65180053710935,418.68751831054686,418.7275146484375,418.7775146484375,418.8435180664063,418.8747192382813,418.8769958496094,418.8731994628906,418.8651977539063,418.8471984863281,418.8581970214844,418.8742004394532,418.8738220214844,418.8278259277344,418.78382568359376,418.7438293457032,418.7318298339844,418.7110046386719,418.7300048828125,418.7280029296875,418.73200073242185,418.7190002441406,418.7080017089844,418.7109802246094,418.6922180175781,418.676220703125,418.6692199707031,418.6682189941406,418.6262390136719,418.5990234375,418.5510192871094,418.4810180664063,418.4300170898438,418.4420166015625,418.4339965820312,418.4059997558594,418.3669982910157,418.3609985351562,418.3029968261719,418.2929931640625,418.3109924316406,418.3409973144532,418.3469970703125,418.3489990234375,418.3080017089844,418.227001953125,418.1320007324219,418.04200439453126,417.9607055664063,417.943701171875,417.9288391113281,417.9568359375,417.9788330078125,418.0363525390625,418.0303527832031,418.0441955566406,418.0061950683594,417.9941955566407,417.9529724121094,417.93897705078126,417.9089965820313,417.8669982910157,417.777001953125,417.7100036621094,417.7,417.7719970703125,417.8989990234375,418.0669982910157,418.2289978027344,418.3219970703125,418.35401611328126,418.37701416015625,418.3650146484375,418.2990173339844,418.2020202636719,418.1036437988281,417.9976440429688,417.8936401367188,417.8226379394531,417.8466369628906,417.8469970703125,417.8449951171875,417.8779968261719,417.9419982910157,417.9719970703125,418.02699584960936,418.075,418.1320007324219,418.1369995117187,418.1299987792969,418.14299926757815,418.1409973144531,418.1079956054688,418.0639953613281,418.0359985351562,417.98200073242185,417.9880004882813,418.02300415039065,418.1280029296875,418.2049987792969,418.30499877929685,418.4089965820313,418.468994140625,418.5079956054688,418.5659973144531,418.60999755859376,418.62200317382815,418.6510009765625,418.6330017089844,418.6080017089844,418.5760009765625,418.4950012207031,418.41400146484375,418.38099975585936,418.33099975585935,418.3019958496094,418.36399536132814,418.4359985351563,418.4929992675781,418.5780029296875,418.6450256347656,418.6580017089844,418.6619995117188,418.6720031738281,418.6345581054687,418.600537109375,418.5325561523438,418.47755737304686,418.4135559082032,418.3869995117187,418.3869567871094,418.42095947265625,418.42095947265625,418.41596069335935,418.3879577636719,418.3185791015625,418.2775817871094,418.2125610351562,418.1895568847656,418.1915588378906,418.1887817382813,418.1876770019532,418.2557006835938,418.3197021484375,418.3887023925781,418.45490112304685,418.5170043945312,418.5450012207031,418.5609985351563,418.56199951171874,418.597998046875,418.6219970703125,418.6389953613281,418.6169982910157,418.6159973144531,418.59599609375,418.55999755859375,418.5869995117188,418.64299926757815,418.68800048828126,418.74900512695314,418.831005859375,418.8550048828125,418.88902587890624,418.9170227050781,418.8620178222656,418.8420166015625,418.8290161132812,418.8119934082032,418.8929931640625,419.0889953613281,419.24799194335935,419.4049926757813,419.5659973144531,419.7330017089844,419.827001953125,419.9420043945312,420.0860046386719,420.2080017089844,420.1723571777344,420.1001403808594,419.9721374511719,419.7871398925781,419.617138671875,419.5417785644531,419.5257751464844,419.5587768554688,419.615576171875,419.65758056640624,419.6285827636719,419.5928039550781,419.5466247558594,419.4964233398438,419.3664184570313,419.29241943359375,419.2180969238281,419.1312744140625,419.04749755859376,418.9755004882812,418.89349975585935,418.8278198242188,418.7798217773437,418.7179992675781,418.64599609375,418.4359985351563,418.21422119140624,418.1352233886719,418.0662231445313,418.1462280273437,418.37822265625,418.6260009765625,418.7369995117188,418.8700012207031,418.9339965820312,418.9710021972657,419.0290222167969,419.0650207519531,419.0773559570313,419.05335693359376,419.0803527832031,419.10491333007815,419.13063354492186,419.1472961425781,419.21729736328126,419.231298828125,419.2009216308594,419.1452026367188,419.1482055664063,419.16220703125,419.1422058105469,419.14800415039065,419.206005859375,419.21800537109374,419.18402099609375,419.18602294921874,419.1730224609375,419.11301879882814,419.0550354003906,418.9930358886719,418.9230346679688,418.8330322265625,418.7170349121094,418.6169982910157,418.5369812011719,418.4889831542969,418.4599853515625,418.49998168945314,418.5260009765625,418.5119995117187,418.4779968261719,418.4539978027344,418.4100036621094,418.3480041503906,418.33782348632815,418.36204223632814,418.4480407714844,418.5620361328125,418.66603393554686,418.8062133789063,418.9119934082031,418.9639953613281,419.0019958496094,419.0899963378906,419.14599609375,419.2039978027344,419.2319946289063,419.2431335449219,419.2301330566406,419.2009338378906,419.1749328613281,419.154931640625,419.1717956542969,419.1947937011719,419.20599365234375,419.2179931640625,419.2474182128906,419.23341674804686,419.2154174804688,419.2250610351563,419.2310607910157,419.2576171875,419.2856140136719,419.2904541015625,419.2958129882812,419.2948181152344,1
  +46.35624008178711,46.40003967285156,46.43003921508789,46.50301971435547,46.599019622802736,46.71501998901367,46.8086799621582,46.89766006469726,46.98366012573242,47.05666046142578,47.13828048706055,47.25962066650391,47.34162063598633,47.386620330810544,47.467620086669925,47.49899978637696,47.52899932861328,47.59199981689453,47.64099960327148,47.63481979370117,47.64381942749024,47.64281997680664,47.63582000732422,47.65082015991211,47.65849990844727,47.6875,47.68649978637696,47.63957977294922,47.59357986450196,47.56208038330078,47.51708068847656,47.544080352783205,47.62399978637696,47.68499984741211,47.74199981689453,47.7879997253418,47.763980102539065,47.70214004516602,47.64514007568359,47.57480010986328,47.5197998046875,47.49781951904297,47.494659423828125,47.51065979003906,47.52899932861328,47.542999267578125,47.5609992980957,47.56800003051758,47.56699981689453,47.58399963378906,47.5870002746582,47.5640007019043,47.55300064086914,47.53040084838867,47.50940093994141,47.492060852050784,47.49606094360352,47.5000602722168,47.52666015625,47.55666046142578,47.60900039672852,47.64800033569336,47.665000915527344,47.672000885009766,47.65800094604492,47.63298110961914,47.62298049926758,47.6279800415039,47.6059799194336,47.60447998046875,47.58531951904297,47.55531997680664,47.53731994628906,47.54832000732422,47.5418197631836,47.55699996948242,47.56699981689453,47.552999877929686,47.53899993896484,47.53000030517578,47.51500015258789,47.51700057983398,47.53500061035156,47.54800033569336,47.56864013671875,47.586640167236325,47.59763946533203,47.6176399230957,47.65164031982422,47.67700042724609,47.71202087402344,47.7600212097168,47.78116073608398,47.79416046142578,47.80615997314453,47.81013946533203,47.7811393737793,47.7729995727539,47.74899978637696,47.73300018310547,47.7270004272461,47.72500076293945,47.723001098632814,47.74100112915039,47.75600128173828,47.74200134277344,47.73000106811524,47.71200103759766,47.69000091552734,47.665000915527344,47.66800079345703,47.672000885009766,47.685000610351565,47.69600067138672,47.70200042724609,47.67900009155274,47.66999969482422,47.654999542236325,47.63699951171875,47.62299957275391,47.619999694824216,47.60199966430664,47.5759994506836,47.54801940917969,47.51701965332031,47.48302001953125,47.45802001953125,47.44302062988281,47.44700012207032,47.45999984741211,47.50199966430664,47.55800018310547,47.608740234375,47.6477409362793,47.68374099731445,47.691741180419925,47.6847412109375,47.68000106811523,47.67300033569336,47.65999984741211,47.64300003051758,47.60759963989258,47.56659927368164,47.51859970092774,47.49059982299805,47.47259979248047,47.48499984741211,47.49476013183594,47.51376037597656,47.50676040649414,47.50075988769531,47.483760070800784,47.475,47.46800003051758,47.47300033569336,47.48600082397461,47.50300064086914,47.51700057983398,47.51800003051758,47.49899978637696,47.472459411621095,47.44345932006836,47.41845932006836,47.39745941162109,47.395459747314455,47.40099945068359,47.39985961914063,47.40285949707031,47.41385955810547,47.426859283447264,47.423859405517575,47.4359992980957,47.43399963378906,47.42599945068359,47.4129997253418,47.40199966430664,47.383000183105466,47.37399978637696,47.369999694824216,47.37899932861328,47.39199981689453,47.40399932861328,47.417999267578125,47.4359992980957,47.44199981689453,47.44241943359375,47.44641952514648,47.44741973876953,47.43641967773438,47.44343948364258,47.45601959228516,47.45901947021484,47.46801986694336,47.48702011108399,47.494999694824216,47.50299987792969,47.5129997253418,47.51899948120117,47.51771926879883,47.50871963500977,47.494719696044925,47.49171981811524,47.48671951293945,47.48600006103516,47.4870002746582,47.49899978637696,47.50299987792969,47.50900039672852,47.51399993896485,47.5229995727539,47.52799987792969,47.52799987792969,47.52599945068359,47.529999542236325,47.53199920654297,47.53099899291992,47.5351188659668,47.54111862182617,47.53811874389648,47.53811874389648,47.54011917114258,47.53999938964844,47.5393798828125,47.54137954711914,47.5393798828125,47.53737945556641,47.53837966918945,47.54699935913086,47.56199951171875,47.57505950927735,47.59605941772461,47.61305923461914,47.61905975341797,47.607060241699216,47.58899993896485,47.57099990844726,47.55499954223633,47.53999938964844,47.54399948120117,47.56199951171875,47.56999969482422,47.580999755859374,47.5859992980957,47.58099899291992,47.57099914550781,47.56729965209961,47.56093978881836,47.55894012451172,47.55894012451172,47.559540557861325,47.55523986816407,47.55859985351562,47.565599822998045,47.57459945678711,47.58399887084961,47.58999938964844,47.58999938964844,47.58699951171875,47.57699966430664,47.57300033569336,47.56900024414063,47.56300048828125,47.55699996948242,47.555999755859375,47.55099945068359,47.555999755859375,47.568999481201175,47.58399963378906,47.59599990844727,47.60599975585937,47.609999084472655,47.606999206542966,47.610999298095706,47.61799926757813,47.6259994506836,47.63600006103516,47.64440002441406,47.64515991210938,47.63766021728516,47.6386604309082,47.63666000366211,47.63726043701172,47.63950042724609,47.65,47.65099945068359,47.65299987792969,47.65199966430664,47.64599990844727,47.64400024414063,47.64500045776367,47.64300003051758,47.63899993896485,47.63600006103516,47.63399963378906,47.62699966430664,47.62799987792969,47.62600021362304,47.62900009155273,47.627000427246095,47.62600021362304,47.62900009155273,47.63499984741211,47.63699951171875,47.64199981689453,47.64820022583008,47.6431999206543,47.6414794921875,47.64448013305664,47.64547958374023,47.64427947998047,47.64227981567383,47.64400024414063,47.65400009155273,47.662000274658205,47.6740005493164,47.68800048828125,47.70000076293945,47.7010009765625,47.69700088500976,47.69300079345703,47.69400100708008,47.69300079345703,47.691000366210936,47.69900054931641,47.70500030517578,47.71300048828125,47.726000213623045,47.74897994995117,47.7679801940918,47.775980377197264,47.78397979736328,47.78498001098633,47.76900024414063,47.75899963378906,47.76205978393555,47.76605987548828,47.76905975341797,47.77755966186523,47.78356018066406,47.791500091552734,47.79449996948242,47.80352020263672,47.81502075195313,47.82502059936523,47.83902053833008,47.85102081298828,47.85230026245117,47.85029983520508,47.840380096435545,47.821379852294925,47.79837951660157,47.787879943847656,47.79087982177735,47.79879989624023,47.806800079345706,47.82980041503906,47.84600067138672,47.854000854492185,47.85900039672852,47.87099990844727,47.87299957275391,47.87899932861328,47.87999954223633,47.88399963378906,47.89199981689453,47.90999984741211,47.92699966430664,47.95299911499024,47.98299942016602,48.01499938964844,48.04273986816406,48.06574020385742,48.08074035644531,48.08873977661133,48.09474029541016,48.10599975585937,48.12799987792969,48.15,48.18199996948242,48.19799957275391,48.202999877929685,48.20199966430664,48.19300003051758,48.18199996948242,48.1870002746582,48.2533203125,48.34532012939453,48.48331985473633,48.6283203125,48.76811981201172,48.8197998046875,48.85607986450195,48.85607986450195,48.855079650878906,48.84328002929688,48.83127975463867,48.81699981689453,48.8249397277832,48.83893966674805,48.85493927001953,48.892939758300784,48.92293930053711,48.9109992980957,48.8979995727539,48.88399963378906,48.86899948120117,48.863999938964845,48.88099975585938,48.87699966430664,48.87844009399414,48.90543975830078,48.90143966674805,48.89593963623047,48.90493927001953,48.90849914550781,48.88449935913086,48.88249969482422,48.87799987792969,48.87799987792969,48.86899948120117,48.869999694824216,48.87799911499023,48.885999298095705,48.882999420166016,48.90597991943359,48.92697982788086,48.93198013305664,48.9409797668457,48.94598007202149,48.94700012207032,48.93899993896484,48.93399963378906,48.92699966430664,48.92271957397461,48.91971969604492,48.923719787597655,48.92572021484375,48.93472061157227,48.93300094604492,48.93042068481445,48.92142105102539,48.90842056274414,48.90142059326172,48.9074203491211,48.899000549316405,48.91300048828125,48.9390007019043,48.954000854492186,48.97100067138672,48.999000549316406,49.008000183105466,48.99026031494141,48.97628021240234,48.95628051757812,48.925279998779295,48.90126037597656,48.90400009155273,48.89497985839844,48.89497985839844,48.90197982788086,48.905999755859376,48.91399993896484,48.91999969482422,48.91399917602539,48.90199966430664,48.905999755859376,48.89599990844727,48.9,48.90800018310547,48.920999908447264,48.92399978637695,48.94599990844726,48.96399993896485,48.98400039672852,49.00000076293945,49.01600036621094,49.01717987060547,49.01417999267578,49.0091796875,49.01117935180664,49.00017929077149,48.99699935913086,48.99749908447266,48.99649887084961,48.98849868774414,48.980499267578125,48.968499755859376,48.95500030517578,48.94300079345703,48.92900085449219,48.91276092529297,48.91076049804688,48.91875991821289,48.93675994873047,48.9557601928711,48.99300003051758,49.027000427246094,49.0640007019043,49.1020004272461,49.13424072265625,49.16624069213867,49.17824020385742,49.1622200012207,49.147219848632815,49.12533950805664,49.091339111328125,49.06433944702148,49.04835968017578,49.02435989379883,49.01399993896485,49.01300048828125,49.01500015258789,49.01399993896485,49.00699996948242,49.00400009155273,48.99199981689453,48.99000015258789,49.00300064086914,49.01700057983398,49.037000274658205,49.07560043334961,49.10860061645508,49.13074035644532,49.15373992919922,49.1717399597168,49.16913986206055,49.159139251708986,49.1479995727539,49.137000274658206,49.127000427246095,49.12200012207031,49.13000030517578,49.14400024414063,49.147159576416016,49.14515991210938,49.14815979003906,49.13115997314453,49.10915985107422,49.09800033569336,49.09962005615235,49.09510040283203,49.09710006713867,49.1019401550293,49.10093994140625,49.0913200378418,49.08583984375,49.086840057373045,49.08300018310547,49.091000366210935,49.09200057983399,49.09200057983399,49.09800033569336,49.11100006103516,49.11697998046875,49.12397994995117,49.135980224609376,49.135980224609376,49.134980010986325,49.14099960327148,49.14699935913086,49.1489990234375,49.14099960327148,49.12799987792969,49.10699996948242,49.09099960327149,49.07373962402344,49.068739318847655,49.068739318847655,49.07273941040039,49.075,49.08825988769532,49.10525970458984,49.11425933837891,49.12125930786133,49.13199920654297,49.13099975585938,49.12699966430664,49.13099975585938,49.14800033569336,49.17399978637695,49.19699935913086,49.22199935913086,49.23699951171875,49.23899917602539,49.2259994506836,49.21699981689453,49.20800018310547,49.21399993896485,49.22200012207031,49.23000030517578,49.23460006713867,49.23659973144531,49.23359985351563,49.22459945678711,49.21859970092773,49.21399993896485,49.20600051879883,49.20000076293945,49.198001098632815,49.19600067138672,49.19700088500976,49.20498046875,49.21298065185547,49.21598052978516,49.21598052978516,49.213600158691406,49.20562057495117,49.1976203918457,49.19962005615234,49.20561981201172,49.21599960327149,49.22799911499023,49.23399887084961,49.24399948120117,49.25299987792969,49.25599975585938,49.26100006103516,49.26399993896485,49.25999984741211,49.25999984741211,49.26500015258789,49.26302032470703,49.26302032470703,49.26501998901367,49.26701965332031,49.26701965332031,49.27199935913086,49.2879997253418,49.29899978637695,49.3,49.29800033569336,49.29400024414063,49.28400039672852,49.26800079345704,49.255001068115234,49.25400085449219,49.25800094604492,49.24758071899414,49.25148010253906,49.253179931640624,49.24417953491211,49.23117980957032,49.23460006713867,49.23170013427735,49.23199996948242,49.23300018310547,49.23399963378906,49.21859893798828,49.20059890747071,49.18159866333008,49.16659851074219,49.14759902954101,49.14999923706055,49.15297927856445,49.147979736328125,49.13198013305664,49.11997985839844,49.09598007202148,49.07402038574219,49.06203994750977,49.064039611816405,49.06875991821289,49.0907600402832,49.10721969604492,49.1215202331543,49.119520568847655,49.11980056762695,49.10780029296875,49.10032043457032,49.09500045776368,49.09800033569336,49.09500045776368,49.094000244140624,49.09600067138672,49.10900039672852,49.127000427246095,49.14573974609375,49.161740112304685,49.17473983764648,49.17773971557617,49.17673950195312,49.177999877929686,49.170999908447264,49.155999755859376,49.14400024414063,49.13200073242187,49.11600036621094,49.10900039672852,49.114000701904295,49.114000701904295,49.114000701904295,49.11800079345703,49.117120361328126,49.11412048339844,49.1111198425293,49.10211944580078,49.094120025634766,49.08600006103516,49.0759994506836,49.06999969482422,49.06800003051758,49.06699981689453,49.06900024414063,49.07300033569336,49.07500076293945,49.08200073242188,49.08800048828125,49.09600067138672,49.10300064086914,49.11300048828125,49.12099990844727,49.1244400024414,49.128439331054686,49.13343963623047,49.13643951416016,49.13643951416016,49.14399948120117,49.14899978637696,49.15199966430664,49.154999542236325,49.15,49.13899993896485,49.12099990844727,49.10599975585937,49.09700012207031,49.10149993896484,49.1125,49.128500366210936,49.14650039672851,49.15950012207031,49.168000030517575,49.17300033569336,49.180999755859375,49.17399978637695,49.16699981689453,49.15500030517578,49.14300003051758,49.13000030517578,49.13000030517578,49.13499984741211,49.145999145507815,49.145999145507815,49.1489990234375,49.14199905395508,49.12899932861328,49.11800003051758,49.10800018310547,49.09900054931641,49.09700088500976,49.09200134277344,49.08700103759766,49.09300079345703,49.09900054931641,49.10900039672852,49.113999938964845,49.11699981689453,49.12099990844727,49.11100006103516,49.09700012207031,49.09700012207031,49.10299987792969,49.10899963378906,49.12499923706055,49.1489990234375,49.17099914550781,49.17999954223633,49.19000015258789,49.19600067138672,49.19400100708008,49.17800064086914,49.165000915527344,49.149000549316405,49.14200057983398,49.13600006103516,49.13500061035156,49.13600006103516,49.13400039672852,49.11600036621094,49.0890007019043,49.091000366210935,49.10000076293945,49.10300064086914,49.13480072021484,49.17380065917969,49.18080062866211,49.17480010986328,49.17379989624023,49.16399917602539,49.14699935913086,49.13199920654297,49.1161994934082,49.091119384765626,49.05512008666992,49.03811950683594,49.02811965942383,49.02991943359375,49.045999908447264,49.06199951171875,49.0572395324707,49.052239990234376,2
  +46.40003967285156,46.43003921508789,46.50301971435547,46.599019622802736,46.71501998901367,46.8086799621582,46.89766006469726,46.98366012573242,47.05666046142578,47.13828048706055,47.25962066650391,47.34162063598633,47.386620330810544,47.467620086669925,47.49899978637696,47.52899932861328,47.59199981689453,47.64099960327148,47.63481979370117,47.64381942749024,47.64281997680664,47.63582000732422,47.65082015991211,47.65849990844727,47.6875,47.68649978637696,47.63957977294922,47.59357986450196,47.56208038330078,47.51708068847656,47.544080352783205,47.62399978637696,47.68499984741211,47.74199981689453,47.7879997253418,47.763980102539065,47.70214004516602,47.64514007568359,47.57480010986328,47.5197998046875,47.49781951904297,47.494659423828125,47.51065979003906,47.52899932861328,47.542999267578125,47.5609992980957,47.56800003051758,47.56699981689453,47.58399963378906,47.5870002746582,47.5640007019043,47.55300064086914,47.53040084838867,47.50940093994141,47.492060852050784,47.49606094360352,47.5000602722168,47.52666015625,47.55666046142578,47.60900039672852,47.64800033569336,47.665000915527344,47.672000885009766,47.65800094604492,47.63298110961914,47.62298049926758,47.6279800415039,47.6059799194336,47.60447998046875,47.58531951904297,47.55531997680664,47.53731994628906,47.54832000732422,47.5418197631836,47.55699996948242,47.56699981689453,47.552999877929686,47.53899993896484,47.53000030517578,47.51500015258789,47.51700057983398,47.53500061035156,47.54800033569336,47.56864013671875,47.586640167236325,47.59763946533203,47.6176399230957,47.65164031982422,47.67700042724609,47.71202087402344,47.7600212097168,47.78116073608398,47.79416046142578,47.80615997314453,47.81013946533203,47.7811393737793,47.7729995727539,47.74899978637696,47.73300018310547,47.7270004272461,47.72500076293945,47.723001098632814,47.74100112915039,47.75600128173828,47.74200134277344,47.73000106811524,47.71200103759766,47.69000091552734,47.665000915527344,47.66800079345703,47.672000885009766,47.685000610351565,47.69600067138672,47.70200042724609,47.67900009155274,47.66999969482422,47.654999542236325,47.63699951171875,47.62299957275391,47.619999694824216,47.60199966430664,47.5759994506836,47.54801940917969,47.51701965332031,47.48302001953125,47.45802001953125,47.44302062988281,47.44700012207032,47.45999984741211,47.50199966430664,47.55800018310547,47.608740234375,47.6477409362793,47.68374099731445,47.691741180419925,47.6847412109375,47.68000106811523,47.67300033569336,47.65999984741211,47.64300003051758,47.60759963989258,47.56659927368164,47.51859970092774,47.49059982299805,47.47259979248047,47.48499984741211,47.49476013183594,47.51376037597656,47.50676040649414,47.50075988769531,47.483760070800784,47.475,47.46800003051758,47.47300033569336,47.48600082397461,47.50300064086914,47.51700057983398,47.51800003051758,47.49899978637696,47.472459411621095,47.44345932006836,47.41845932006836,47.39745941162109,47.395459747314455,47.40099945068359,47.39985961914063,47.40285949707031,47.41385955810547,47.426859283447264,47.423859405517575,47.4359992980957,47.43399963378906,47.42599945068359,47.4129997253418,47.40199966430664,47.383000183105466,47.37399978637696,47.369999694824216,47.37899932861328,47.39199981689453,47.40399932861328,47.417999267578125,47.4359992980957,47.44199981689453,47.44241943359375,47.44641952514648,47.44741973876953,47.43641967773438,47.44343948364258,47.45601959228516,47.45901947021484,47.46801986694336,47.48702011108399,47.494999694824216,47.50299987792969,47.5129997253418,47.51899948120117,47.51771926879883,47.50871963500977,47.494719696044925,47.49171981811524,47.48671951293945,47.48600006103516,47.4870002746582,47.49899978637696,47.50299987792969,47.50900039672852,47.51399993896485,47.5229995727539,47.52799987792969,47.52799987792969,47.52599945068359,47.529999542236325,47.53199920654297,47.53099899291992,47.5351188659668,47.54111862182617,47.53811874389648,47.53811874389648,47.54011917114258,47.53999938964844,47.5393798828125,47.54137954711914,47.5393798828125,47.53737945556641,47.53837966918945,47.54699935913086,47.56199951171875,47.57505950927735,47.59605941772461,47.61305923461914,47.61905975341797,47.607060241699216,47.58899993896485,47.57099990844726,47.55499954223633,47.53999938964844,47.54399948120117,47.56199951171875,47.56999969482422,47.580999755859374,47.5859992980957,47.58099899291992,47.57099914550781,47.56729965209961,47.56093978881836,47.55894012451172,47.55894012451172,47.559540557861325,47.55523986816407,47.55859985351562,47.565599822998045,47.57459945678711,47.58399887084961,47.58999938964844,47.58999938964844,47.58699951171875,47.57699966430664,47.57300033569336,47.56900024414063,47.56300048828125,47.55699996948242,47.555999755859375,47.55099945068359,47.555999755859375,47.568999481201175,47.58399963378906,47.59599990844727,47.60599975585937,47.609999084472655,47.606999206542966,47.610999298095706,47.61799926757813,47.6259994506836,47.63600006103516,47.64440002441406,47.64515991210938,47.63766021728516,47.6386604309082,47.63666000366211,47.63726043701172,47.63950042724609,47.65,47.65099945068359,47.65299987792969,47.65199966430664,47.64599990844727,47.64400024414063,47.64500045776367,47.64300003051758,47.63899993896485,47.63600006103516,47.63399963378906,47.62699966430664,47.62799987792969,47.62600021362304,47.62900009155273,47.627000427246095,47.62600021362304,47.62900009155273,47.63499984741211,47.63699951171875,47.64199981689453,47.64820022583008,47.6431999206543,47.6414794921875,47.64448013305664,47.64547958374023,47.64427947998047,47.64227981567383,47.64400024414063,47.65400009155273,47.662000274658205,47.6740005493164,47.68800048828125,47.70000076293945,47.7010009765625,47.69700088500976,47.69300079345703,47.69400100708008,47.69300079345703,47.691000366210936,47.69900054931641,47.70500030517578,47.71300048828125,47.726000213623045,47.74897994995117,47.7679801940918,47.775980377197264,47.78397979736328,47.78498001098633,47.76900024414063,47.75899963378906,47.76205978393555,47.76605987548828,47.76905975341797,47.77755966186523,47.78356018066406,47.791500091552734,47.79449996948242,47.80352020263672,47.81502075195313,47.82502059936523,47.83902053833008,47.85102081298828,47.85230026245117,47.85029983520508,47.840380096435545,47.821379852294925,47.79837951660157,47.787879943847656,47.79087982177735,47.79879989624023,47.806800079345706,47.82980041503906,47.84600067138672,47.854000854492185,47.85900039672852,47.87099990844727,47.87299957275391,47.87899932861328,47.87999954223633,47.88399963378906,47.89199981689453,47.90999984741211,47.92699966430664,47.95299911499024,47.98299942016602,48.01499938964844,48.04273986816406,48.06574020385742,48.08074035644531,48.08873977661133,48.09474029541016,48.10599975585937,48.12799987792969,48.15,48.18199996948242,48.19799957275391,48.202999877929685,48.20199966430664,48.19300003051758,48.18199996948242,48.1870002746582,48.2533203125,48.34532012939453,48.48331985473633,48.6283203125,48.76811981201172,48.8197998046875,48.85607986450195,48.85607986450195,48.855079650878906,48.84328002929688,48.83127975463867,48.81699981689453,48.8249397277832,48.83893966674805,48.85493927001953,48.892939758300784,48.92293930053711,48.9109992980957,48.8979995727539,48.88399963378906,48.86899948120117,48.863999938964845,48.88099975585938,48.87699966430664,48.87844009399414,48.90543975830078,48.90143966674805,48.89593963623047,48.90493927001953,48.90849914550781,48.88449935913086,48.88249969482422,48.87799987792969,48.87799987792969,48.86899948120117,48.869999694824216,48.87799911499023,48.885999298095705,48.882999420166016,48.90597991943359,48.92697982788086,48.93198013305664,48.9409797668457,48.94598007202149,48.94700012207032,48.93899993896484,48.93399963378906,48.92699966430664,48.92271957397461,48.91971969604492,48.923719787597655,48.92572021484375,48.93472061157227,48.93300094604492,48.93042068481445,48.92142105102539,48.90842056274414,48.90142059326172,48.9074203491211,48.899000549316405,48.91300048828125,48.9390007019043,48.954000854492186,48.97100067138672,48.999000549316406,49.008000183105466,48.99026031494141,48.97628021240234,48.95628051757812,48.925279998779295,48.90126037597656,48.90400009155273,48.89497985839844,48.89497985839844,48.90197982788086,48.905999755859376,48.91399993896484,48.91999969482422,48.91399917602539,48.90199966430664,48.905999755859376,48.89599990844727,48.9,48.90800018310547,48.920999908447264,48.92399978637695,48.94599990844726,48.96399993896485,48.98400039672852,49.00000076293945,49.01600036621094,49.01717987060547,49.01417999267578,49.0091796875,49.01117935180664,49.00017929077149,48.99699935913086,48.99749908447266,48.99649887084961,48.98849868774414,48.980499267578125,48.968499755859376,48.95500030517578,48.94300079345703,48.92900085449219,48.91276092529297,48.91076049804688,48.91875991821289,48.93675994873047,48.9557601928711,48.99300003051758,49.027000427246094,49.0640007019043,49.1020004272461,49.13424072265625,49.16624069213867,49.17824020385742,49.1622200012207,49.147219848632815,49.12533950805664,49.091339111328125,49.06433944702148,49.04835968017578,49.02435989379883,49.01399993896485,49.01300048828125,49.01500015258789,49.01399993896485,49.00699996948242,49.00400009155273,48.99199981689453,48.99000015258789,49.00300064086914,49.01700057983398,49.037000274658205,49.07560043334961,49.10860061645508,49.13074035644532,49.15373992919922,49.1717399597168,49.16913986206055,49.159139251708986,49.1479995727539,49.137000274658206,49.127000427246095,49.12200012207031,49.13000030517578,49.14400024414063,49.147159576416016,49.14515991210938,49.14815979003906,49.13115997314453,49.10915985107422,49.09800033569336,49.09962005615235,49.09510040283203,49.09710006713867,49.1019401550293,49.10093994140625,49.0913200378418,49.08583984375,49.086840057373045,49.08300018310547,49.091000366210935,49.09200057983399,49.09200057983399,49.09800033569336,49.11100006103516,49.11697998046875,49.12397994995117,49.135980224609376,49.135980224609376,49.134980010986325,49.14099960327148,49.14699935913086,49.1489990234375,49.14099960327148,49.12799987792969,49.10699996948242,49.09099960327149,49.07373962402344,49.068739318847655,49.068739318847655,49.07273941040039,49.075,49.08825988769532,49.10525970458984,49.11425933837891,49.12125930786133,49.13199920654297,49.13099975585938,49.12699966430664,49.13099975585938,49.14800033569336,49.17399978637695,49.19699935913086,49.22199935913086,49.23699951171875,49.23899917602539,49.2259994506836,49.21699981689453,49.20800018310547,49.21399993896485,49.22200012207031,49.23000030517578,49.23460006713867,49.23659973144531,49.23359985351563,49.22459945678711,49.21859970092773,49.21399993896485,49.20600051879883,49.20000076293945,49.198001098632815,49.19600067138672,49.19700088500976,49.20498046875,49.21298065185547,49.21598052978516,49.21598052978516,49.213600158691406,49.20562057495117,49.1976203918457,49.19962005615234,49.20561981201172,49.21599960327149,49.22799911499023,49.23399887084961,49.24399948120117,49.25299987792969,49.25599975585938,49.26100006103516,49.26399993896485,49.25999984741211,49.25999984741211,49.26500015258789,49.26302032470703,49.26302032470703,49.26501998901367,49.26701965332031,49.26701965332031,49.27199935913086,49.2879997253418,49.29899978637695,49.3,49.29800033569336,49.29400024414063,49.28400039672852,49.26800079345704,49.255001068115234,49.25400085449219,49.25800094604492,49.24758071899414,49.25148010253906,49.253179931640624,49.24417953491211,49.23117980957032,49.23460006713867,49.23170013427735,49.23199996948242,49.23300018310547,49.23399963378906,49.21859893798828,49.20059890747071,49.18159866333008,49.16659851074219,49.14759902954101,49.14999923706055,49.15297927856445,49.147979736328125,49.13198013305664,49.11997985839844,49.09598007202148,49.07402038574219,49.06203994750977,49.064039611816405,49.06875991821289,49.0907600402832,49.10721969604492,49.1215202331543,49.119520568847655,49.11980056762695,49.10780029296875,49.10032043457032,49.09500045776368,49.09800033569336,49.09500045776368,49.094000244140624,49.09600067138672,49.10900039672852,49.127000427246095,49.14573974609375,49.161740112304685,49.17473983764648,49.17773971557617,49.17673950195312,49.177999877929686,49.170999908447264,49.155999755859376,49.14400024414063,49.13200073242187,49.11600036621094,49.10900039672852,49.114000701904295,49.114000701904295,49.114000701904295,49.11800079345703,49.117120361328126,49.11412048339844,49.1111198425293,49.10211944580078,49.094120025634766,49.08600006103516,49.0759994506836,49.06999969482422,49.06800003051758,49.06699981689453,49.06900024414063,49.07300033569336,49.07500076293945,49.08200073242188,49.08800048828125,49.09600067138672,49.10300064086914,49.11300048828125,49.12099990844727,49.1244400024414,49.128439331054686,49.13343963623047,49.13643951416016,49.13643951416016,49.14399948120117,49.14899978637696,49.15199966430664,49.154999542236325,49.15,49.13899993896485,49.12099990844727,49.10599975585937,49.09700012207031,49.10149993896484,49.1125,49.128500366210936,49.14650039672851,49.15950012207031,49.168000030517575,49.17300033569336,49.180999755859375,49.17399978637695,49.16699981689453,49.15500030517578,49.14300003051758,49.13000030517578,49.13000030517578,49.13499984741211,49.145999145507815,49.145999145507815,49.1489990234375,49.14199905395508,49.12899932861328,49.11800003051758,49.10800018310547,49.09900054931641,49.09700088500976,49.09200134277344,49.08700103759766,49.09300079345703,49.09900054931641,49.10900039672852,49.113999938964845,49.11699981689453,49.12099990844727,49.11100006103516,49.09700012207031,49.09700012207031,49.10299987792969,49.10899963378906,49.12499923706055,49.1489990234375,49.17099914550781,49.17999954223633,49.19000015258789,49.19600067138672,49.19400100708008,49.17800064086914,49.165000915527344,49.149000549316405,49.14200057983398,49.13600006103516,49.13500061035156,49.13600006103516,49.13400039672852,49.11600036621094,49.0890007019043,49.091000366210935,49.10000076293945,49.10300064086914,49.13480072021484,49.17380065917969,49.18080062866211,49.17480010986328,49.17379989624023,49.16399917602539,49.14699935913086,49.13199920654297,49.1161994934082,49.091119384765626,49.05512008666992,49.03811950683594,49.02811965942383,49.02991943359375,49.045999908447264,49.06199951171875,49.0572395324707,49.052239990234376,49.03724060058594,2
  +46.43003921508789,46.50301971435547,46.599019622802736,46.71501998901367,46.8086799621582,46.89766006469726,46.98366012573242,47.05666046142578,47.13828048706055,47.25962066650391,47.34162063598633,47.386620330810544,47.467620086669925,47.49899978637696,47.52899932861328,47.59199981689453,47.64099960327148,47.63481979370117,47.64381942749024,47.64281997680664,47.63582000732422,47.65082015991211,47.65849990844727,47.6875,47.68649978637696,47.63957977294922,47.59357986450196,47.56208038330078,47.51708068847656,47.544080352783205,47.62399978637696,47.68499984741211,47.74199981689453,47.7879997253418,47.763980102539065,47.70214004516602,47.64514007568359,47.57480010986328,47.5197998046875,47.49781951904297,47.494659423828125,47.51065979003906,47.52899932861328,47.542999267578125,47.5609992980957,47.56800003051758,47.56699981689453,47.58399963378906,47.5870002746582,47.5640007019043,47.55300064086914,47.53040084838867,47.50940093994141,47.492060852050784,47.49606094360352,47.5000602722168,47.52666015625,47.55666046142578,47.60900039672852,47.64800033569336,47.665000915527344,47.672000885009766,47.65800094604492,47.63298110961914,47.62298049926758,47.6279800415039,47.6059799194336,47.60447998046875,47.58531951904297,47.55531997680664,47.53731994628906,47.54832000732422,47.5418197631836,47.55699996948242,47.56699981689453,47.552999877929686,47.53899993896484,47.53000030517578,47.51500015258789,47.51700057983398,47.53500061035156,47.54800033569336,47.56864013671875,47.586640167236325,47.59763946533203,47.6176399230957,47.65164031982422,47.67700042724609,47.71202087402344,47.7600212097168,47.78116073608398,47.79416046142578,47.80615997314453,47.81013946533203,47.7811393737793,47.7729995727539,47.74899978637696,47.73300018310547,47.7270004272461,47.72500076293945,47.723001098632814,47.74100112915039,47.75600128173828,47.74200134277344,47.73000106811524,47.71200103759766,47.69000091552734,47.665000915527344,47.66800079345703,47.672000885009766,47.685000610351565,47.69600067138672,47.70200042724609,47.67900009155274,47.66999969482422,47.654999542236325,47.63699951171875,47.62299957275391,47.619999694824216,47.60199966430664,47.5759994506836,47.54801940917969,47.51701965332031,47.48302001953125,47.45802001953125,47.44302062988281,47.44700012207032,47.45999984741211,47.50199966430664,47.55800018310547,47.608740234375,47.6477409362793,47.68374099731445,47.691741180419925,47.6847412109375,47.68000106811523,47.67300033569336,47.65999984741211,47.64300003051758,47.60759963989258,47.56659927368164,47.51859970092774,47.49059982299805,47.47259979248047,47.48499984741211,47.49476013183594,47.51376037597656,47.50676040649414,47.50075988769531,47.483760070800784,47.475,47.46800003051758,47.47300033569336,47.48600082397461,47.50300064086914,47.51700057983398,47.51800003051758,47.49899978637696,47.472459411621095,47.44345932006836,47.41845932006836,47.39745941162109,47.395459747314455,47.40099945068359,47.39985961914063,47.40285949707031,47.41385955810547,47.426859283447264,47.423859405517575,47.4359992980957,47.43399963378906,47.42599945068359,47.4129997253418,47.40199966430664,47.383000183105466,47.37399978637696,47.369999694824216,47.37899932861328,47.39199981689453,47.40399932861328,47.417999267578125,47.4359992980957,47.44199981689453,47.44241943359375,47.44641952514648,47.44741973876953,47.43641967773438,47.44343948364258,47.45601959228516,47.45901947021484,47.46801986694336,47.48702011108399,47.494999694824216,47.50299987792969,47.5129997253418,47.51899948120117,47.51771926879883,47.50871963500977,47.494719696044925,47.49171981811524,47.48671951293945,47.48600006103516,47.4870002746582,47.49899978637696,47.50299987792969,47.50900039672852,47.51399993896485,47.5229995727539,47.52799987792969,47.52799987792969,47.52599945068359,47.529999542236325,47.53199920654297,47.53099899291992,47.5351188659668,47.54111862182617,47.53811874389648,47.53811874389648,47.54011917114258,47.53999938964844,47.5393798828125,47.54137954711914,47.5393798828125,47.53737945556641,47.53837966918945,47.54699935913086,47.56199951171875,47.57505950927735,47.59605941772461,47.61305923461914,47.61905975341797,47.607060241699216,47.58899993896485,47.57099990844726,47.55499954223633,47.53999938964844,47.54399948120117,47.56199951171875,47.56999969482422,47.580999755859374,47.5859992980957,47.58099899291992,47.57099914550781,47.56729965209961,47.56093978881836,47.55894012451172,47.55894012451172,47.559540557861325,47.55523986816407,47.55859985351562,47.565599822998045,47.57459945678711,47.58399887084961,47.58999938964844,47.58999938964844,47.58699951171875,47.57699966430664,47.57300033569336,47.56900024414063,47.56300048828125,47.55699996948242,47.555999755859375,47.55099945068359,47.555999755859375,47.568999481201175,47.58399963378906,47.59599990844727,47.60599975585937,47.609999084472655,47.606999206542966,47.610999298095706,47.61799926757813,47.6259994506836,47.63600006103516,47.64440002441406,47.64515991210938,47.63766021728516,47.6386604309082,47.63666000366211,47.63726043701172,47.63950042724609,47.65,47.65099945068359,47.65299987792969,47.65199966430664,47.64599990844727,47.64400024414063,47.64500045776367,47.64300003051758,47.63899993896485,47.63600006103516,47.63399963378906,47.62699966430664,47.62799987792969,47.62600021362304,47.62900009155273,47.627000427246095,47.62600021362304,47.62900009155273,47.63499984741211,47.63699951171875,47.64199981689453,47.64820022583008,47.6431999206543,47.6414794921875,47.64448013305664,47.64547958374023,47.64427947998047,47.64227981567383,47.64400024414063,47.65400009155273,47.662000274658205,47.6740005493164,47.68800048828125,47.70000076293945,47.7010009765625,47.69700088500976,47.69300079345703,47.69400100708008,47.69300079345703,47.691000366210936,47.69900054931641,47.70500030517578,47.71300048828125,47.726000213623045,47.74897994995117,47.7679801940918,47.775980377197264,47.78397979736328,47.78498001098633,47.76900024414063,47.75899963378906,47.76205978393555,47.76605987548828,47.76905975341797,47.77755966186523,47.78356018066406,47.791500091552734,47.79449996948242,47.80352020263672,47.81502075195313,47.82502059936523,47.83902053833008,47.85102081298828,47.85230026245117,47.85029983520508,47.840380096435545,47.821379852294925,47.79837951660157,47.787879943847656,47.79087982177735,47.79879989624023,47.806800079345706,47.82980041503906,47.84600067138672,47.854000854492185,47.85900039672852,47.87099990844727,47.87299957275391,47.87899932861328,47.87999954223633,47.88399963378906,47.89199981689453,47.90999984741211,47.92699966430664,47.95299911499024,47.98299942016602,48.01499938964844,48.04273986816406,48.06574020385742,48.08074035644531,48.08873977661133,48.09474029541016,48.10599975585937,48.12799987792969,48.15,48.18199996948242,48.19799957275391,48.202999877929685,48.20199966430664,48.19300003051758,48.18199996948242,48.1870002746582,48.2533203125,48.34532012939453,48.48331985473633,48.6283203125,48.76811981201172,48.8197998046875,48.85607986450195,48.85607986450195,48.855079650878906,48.84328002929688,48.83127975463867,48.81699981689453,48.8249397277832,48.83893966674805,48.85493927001953,48.892939758300784,48.92293930053711,48.9109992980957,48.8979995727539,48.88399963378906,48.86899948120117,48.863999938964845,48.88099975585938,48.87699966430664,48.87844009399414,48.90543975830078,48.90143966674805,48.89593963623047,48.90493927001953,48.90849914550781,48.88449935913086,48.88249969482422,48.87799987792969,48.87799987792969,48.86899948120117,48.869999694824216,48.87799911499023,48.885999298095705,48.882999420166016,48.90597991943359,48.92697982788086,48.93198013305664,48.9409797668457,48.94598007202149,48.94700012207032,48.93899993896484,48.93399963378906,48.92699966430664,48.92271957397461,48.91971969604492,48.923719787597655,48.92572021484375,48.93472061157227,48.93300094604492,48.93042068481445,48.92142105102539,48.90842056274414,48.90142059326172,48.9074203491211,48.899000549316405,48.91300048828125,48.9390007019043,48.954000854492186,48.97100067138672,48.999000549316406,49.008000183105466,48.99026031494141,48.97628021240234,48.95628051757812,48.925279998779295,48.90126037597656,48.90400009155273,48.89497985839844,48.89497985839844,48.90197982788086,48.905999755859376,48.91399993896484,48.91999969482422,48.91399917602539,48.90199966430664,48.905999755859376,48.89599990844727,48.9,48.90800018310547,48.920999908447264,48.92399978637695,48.94599990844726,48.96399993896485,48.98400039672852,49.00000076293945,49.01600036621094,49.01717987060547,49.01417999267578,49.0091796875,49.01117935180664,49.00017929077149,48.99699935913086,48.99749908447266,48.99649887084961,48.98849868774414,48.980499267578125,48.968499755859376,48.95500030517578,48.94300079345703,48.92900085449219,48.91276092529297,48.91076049804688,48.91875991821289,48.93675994873047,48.9557601928711,48.99300003051758,49.027000427246094,49.0640007019043,49.1020004272461,49.13424072265625,49.16624069213867,49.17824020385742,49.1622200012207,49.147219848632815,49.12533950805664,49.091339111328125,49.06433944702148,49.04835968017578,49.02435989379883,49.01399993896485,49.01300048828125,49.01500015258789,49.01399993896485,49.00699996948242,49.00400009155273,48.99199981689453,48.99000015258789,49.00300064086914,49.01700057983398,49.037000274658205,49.07560043334961,49.10860061645508,49.13074035644532,49.15373992919922,49.1717399597168,49.16913986206055,49.159139251708986,49.1479995727539,49.137000274658206,49.127000427246095,49.12200012207031,49.13000030517578,49.14400024414063,49.147159576416016,49.14515991210938,49.14815979003906,49.13115997314453,49.10915985107422,49.09800033569336,49.09962005615235,49.09510040283203,49.09710006713867,49.1019401550293,49.10093994140625,49.0913200378418,49.08583984375,49.086840057373045,49.08300018310547,49.091000366210935,49.09200057983399,49.09200057983399,49.09800033569336,49.11100006103516,49.11697998046875,49.12397994995117,49.135980224609376,49.135980224609376,49.134980010986325,49.14099960327148,49.14699935913086,49.1489990234375,49.14099960327148,49.12799987792969,49.10699996948242,49.09099960327149,49.07373962402344,49.068739318847655,49.068739318847655,49.07273941040039,49.075,49.08825988769532,49.10525970458984,49.11425933837891,49.12125930786133,49.13199920654297,49.13099975585938,49.12699966430664,49.13099975585938,49.14800033569336,49.17399978637695,49.19699935913086,49.22199935913086,49.23699951171875,49.23899917602539,49.2259994506836,49.21699981689453,49.20800018310547,49.21399993896485,49.22200012207031,49.23000030517578,49.23460006713867,49.23659973144531,49.23359985351563,49.22459945678711,49.21859970092773,49.21399993896485,49.20600051879883,49.20000076293945,49.198001098632815,49.19600067138672,49.19700088500976,49.20498046875,49.21298065185547,49.21598052978516,49.21598052978516,49.213600158691406,49.20562057495117,49.1976203918457,49.19962005615234,49.20561981201172,49.21599960327149,49.22799911499023,49.23399887084961,49.24399948120117,49.25299987792969,49.25599975585938,49.26100006103516,49.26399993896485,49.25999984741211,49.25999984741211,49.26500015258789,49.26302032470703,49.26302032470703,49.26501998901367,49.26701965332031,49.26701965332031,49.27199935913086,49.2879997253418,49.29899978637695,49.3,49.29800033569336,49.29400024414063,49.28400039672852,49.26800079345704,49.255001068115234,49.25400085449219,49.25800094604492,49.24758071899414,49.25148010253906,49.253179931640624,49.24417953491211,49.23117980957032,49.23460006713867,49.23170013427735,49.23199996948242,49.23300018310547,49.23399963378906,49.21859893798828,49.20059890747071,49.18159866333008,49.16659851074219,49.14759902954101,49.14999923706055,49.15297927856445,49.147979736328125,49.13198013305664,49.11997985839844,49.09598007202148,49.07402038574219,49.06203994750977,49.064039611816405,49.06875991821289,49.0907600402832,49.10721969604492,49.1215202331543,49.119520568847655,49.11980056762695,49.10780029296875,49.10032043457032,49.09500045776368,49.09800033569336,49.09500045776368,49.094000244140624,49.09600067138672,49.10900039672852,49.127000427246095,49.14573974609375,49.161740112304685,49.17473983764648,49.17773971557617,49.17673950195312,49.177999877929686,49.170999908447264,49.155999755859376,49.14400024414063,49.13200073242187,49.11600036621094,49.10900039672852,49.114000701904295,49.114000701904295,49.114000701904295,49.11800079345703,49.117120361328126,49.11412048339844,49.1111198425293,49.10211944580078,49.094120025634766,49.08600006103516,49.0759994506836,49.06999969482422,49.06800003051758,49.06699981689453,49.06900024414063,49.07300033569336,49.07500076293945,49.08200073242188,49.08800048828125,49.09600067138672,49.10300064086914,49.11300048828125,49.12099990844727,49.1244400024414,49.128439331054686,49.13343963623047,49.13643951416016,49.13643951416016,49.14399948120117,49.14899978637696,49.15199966430664,49.154999542236325,49.15,49.13899993896485,49.12099990844727,49.10599975585937,49.09700012207031,49.10149993896484,49.1125,49.128500366210936,49.14650039672851,49.15950012207031,49.168000030517575,49.17300033569336,49.180999755859375,49.17399978637695,49.16699981689453,49.15500030517578,49.14300003051758,49.13000030517578,49.13000030517578,49.13499984741211,49.145999145507815,49.145999145507815,49.1489990234375,49.14199905395508,49.12899932861328,49.11800003051758,49.10800018310547,49.09900054931641,49.09700088500976,49.09200134277344,49.08700103759766,49.09300079345703,49.09900054931641,49.10900039672852,49.113999938964845,49.11699981689453,49.12099990844727,49.11100006103516,49.09700012207031,49.09700012207031,49.10299987792969,49.10899963378906,49.12499923706055,49.1489990234375,49.17099914550781,49.17999954223633,49.19000015258789,49.19600067138672,49.19400100708008,49.17800064086914,49.165000915527344,49.149000549316405,49.14200057983398,49.13600006103516,49.13500061035156,49.13600006103516,49.13400039672852,49.11600036621094,49.0890007019043,49.091000366210935,49.10000076293945,49.10300064086914,49.13480072021484,49.17380065917969,49.18080062866211,49.17480010986328,49.17379989624023,49.16399917602539,49.14699935913086,49.13199920654297,49.1161994934082,49.091119384765626,49.05512008666992,49.03811950683594,49.02811965942383,49.02991943359375,49.045999908447264,49.06199951171875,49.0572395324707,49.052239990234376,49.03724060058594,49.00624008178711,2
  +46.50301971435547,46.599019622802736,46.71501998901367,46.8086799621582,46.89766006469726,46.98366012573242,47.05666046142578,47.13828048706055,47.25962066650391,47.34162063598633,47.386620330810544,47.467620086669925,47.49899978637696,47.52899932861328,47.59199981689453,47.64099960327148,47.63481979370117,47.64381942749024,47.64281997680664,47.63582000732422,47.65082015991211,47.65849990844727,47.6875,47.68649978637696,47.63957977294922,47.59357986450196,47.56208038330078,47.51708068847656,47.544080352783205,47.62399978637696,47.68499984741211,47.74199981689453,47.7879997253418,47.763980102539065,47.70214004516602,47.64514007568359,47.57480010986328,47.5197998046875,47.49781951904297,47.494659423828125,47.51065979003906,47.52899932861328,47.542999267578125,47.5609992980957,47.56800003051758,47.56699981689453,47.58399963378906,47.5870002746582,47.5640007019043,47.55300064086914,47.53040084838867,47.50940093994141,47.492060852050784,47.49606094360352,47.5000602722168,47.52666015625,47.55666046142578,47.60900039672852,47.64800033569336,47.665000915527344,47.672000885009766,47.65800094604492,47.63298110961914,47.62298049926758,47.6279800415039,47.6059799194336,47.60447998046875,47.58531951904297,47.55531997680664,47.53731994628906,47.54832000732422,47.5418197631836,47.55699996948242,47.56699981689453,47.552999877929686,47.53899993896484,47.53000030517578,47.51500015258789,47.51700057983398,47.53500061035156,47.54800033569336,47.56864013671875,47.586640167236325,47.59763946533203,47.6176399230957,47.65164031982422,47.67700042724609,47.71202087402344,47.7600212097168,47.78116073608398,47.79416046142578,47.80615997314453,47.81013946533203,47.7811393737793,47.7729995727539,47.74899978637696,47.73300018310547,47.7270004272461,47.72500076293945,47.723001098632814,47.74100112915039,47.75600128173828,47.74200134277344,47.73000106811524,47.71200103759766,47.69000091552734,47.665000915527344,47.66800079345703,47.672000885009766,47.685000610351565,47.69600067138672,47.70200042724609,47.67900009155274,47.66999969482422,47.654999542236325,47.63699951171875,47.62299957275391,47.619999694824216,47.60199966430664,47.5759994506836,47.54801940917969,47.51701965332031,47.48302001953125,47.45802001953125,47.44302062988281,47.44700012207032,47.45999984741211,47.50199966430664,47.55800018310547,47.608740234375,47.6477409362793,47.68374099731445,47.691741180419925,47.6847412109375,47.68000106811523,47.67300033569336,47.65999984741211,47.64300003051758,47.60759963989258,47.56659927368164,47.51859970092774,47.49059982299805,47.47259979248047,47.48499984741211,47.49476013183594,47.51376037597656,47.50676040649414,47.50075988769531,47.483760070800784,47.475,47.46800003051758,47.47300033569336,47.48600082397461,47.50300064086914,47.51700057983398,47.51800003051758,47.49899978637696,47.472459411621095,47.44345932006836,47.41845932006836,47.39745941162109,47.395459747314455,47.40099945068359,47.39985961914063,47.40285949707031,47.41385955810547,47.426859283447264,47.423859405517575,47.4359992980957,47.43399963378906,47.42599945068359,47.4129997253418,47.40199966430664,47.383000183105466,47.37399978637696,47.369999694824216,47.37899932861328,47.39199981689453,47.40399932861328,47.417999267578125,47.4359992980957,47.44199981689453,47.44241943359375,47.44641952514648,47.44741973876953,47.43641967773438,47.44343948364258,47.45601959228516,47.45901947021484,47.46801986694336,47.48702011108399,47.494999694824216,47.50299987792969,47.5129997253418,47.51899948120117,47.51771926879883,47.50871963500977,47.494719696044925,47.49171981811524,47.48671951293945,47.48600006103516,47.4870002746582,47.49899978637696,47.50299987792969,47.50900039672852,47.51399993896485,47.5229995727539,47.52799987792969,47.52799987792969,47.52599945068359,47.529999542236325,47.53199920654297,47.53099899291992,47.5351188659668,47.54111862182617,47.53811874389648,47.53811874389648,47.54011917114258,47.53999938964844,47.5393798828125,47.54137954711914,47.5393798828125,47.53737945556641,47.53837966918945,47.54699935913086,47.56199951171875,47.57505950927735,47.59605941772461,47.61305923461914,47.61905975341797,47.607060241699216,47.58899993896485,47.57099990844726,47.55499954223633,47.53999938964844,47.54399948120117,47.56199951171875,47.56999969482422,47.580999755859374,47.5859992980957,47.58099899291992,47.57099914550781,47.56729965209961,47.56093978881836,47.55894012451172,47.55894012451172,47.559540557861325,47.55523986816407,47.55859985351562,47.565599822998045,47.57459945678711,47.58399887084961,47.58999938964844,47.58999938964844,47.58699951171875,47.57699966430664,47.57300033569336,47.56900024414063,47.56300048828125,47.55699996948242,47.555999755859375,47.55099945068359,47.555999755859375,47.568999481201175,47.58399963378906,47.59599990844727,47.60599975585937,47.609999084472655,47.606999206542966,47.610999298095706,47.61799926757813,47.6259994506836,47.63600006103516,47.64440002441406,47.64515991210938,47.63766021728516,47.6386604309082,47.63666000366211,47.63726043701172,47.63950042724609,47.65,47.65099945068359,47.65299987792969,47.65199966430664,47.64599990844727,47.64400024414063,47.64500045776367,47.64300003051758,47.63899993896485,47.63600006103516,47.63399963378906,47.62699966430664,47.62799987792969,47.62600021362304,47.62900009155273,47.627000427246095,47.62600021362304,47.62900009155273,47.63499984741211,47.63699951171875,47.64199981689453,47.64820022583008,47.6431999206543,47.6414794921875,47.64448013305664,47.64547958374023,47.64427947998047,47.64227981567383,47.64400024414063,47.65400009155273,47.662000274658205,47.6740005493164,47.68800048828125,47.70000076293945,47.7010009765625,47.69700088500976,47.69300079345703,47.69400100708008,47.69300079345703,47.691000366210936,47.69900054931641,47.70500030517578,47.71300048828125,47.726000213623045,47.74897994995117,47.7679801940918,47.775980377197264,47.78397979736328,47.78498001098633,47.76900024414063,47.75899963378906,47.76205978393555,47.76605987548828,47.76905975341797,47.77755966186523,47.78356018066406,47.791500091552734,47.79449996948242,47.80352020263672,47.81502075195313,47.82502059936523,47.83902053833008,47.85102081298828,47.85230026245117,47.85029983520508,47.840380096435545,47.821379852294925,47.79837951660157,47.787879943847656,47.79087982177735,47.79879989624023,47.806800079345706,47.82980041503906,47.84600067138672,47.854000854492185,47.85900039672852,47.87099990844727,47.87299957275391,47.87899932861328,47.87999954223633,47.88399963378906,47.89199981689453,47.90999984741211,47.92699966430664,47.95299911499024,47.98299942016602,48.01499938964844,48.04273986816406,48.06574020385742,48.08074035644531,48.08873977661133,48.09474029541016,48.10599975585937,48.12799987792969,48.15,48.18199996948242,48.19799957275391,48.202999877929685,48.20199966430664,48.19300003051758,48.18199996948242,48.1870002746582,48.2533203125,48.34532012939453,48.48331985473633,48.6283203125,48.76811981201172,48.8197998046875,48.85607986450195,48.85607986450195,48.855079650878906,48.84328002929688,48.83127975463867,48.81699981689453,48.8249397277832,48.83893966674805,48.85493927001953,48.892939758300784,48.92293930053711,48.9109992980957,48.8979995727539,48.88399963378906,48.86899948120117,48.863999938964845,48.88099975585938,48.87699966430664,48.87844009399414,48.90543975830078,48.90143966674805,48.89593963623047,48.90493927001953,48.90849914550781,48.88449935913086,48.88249969482422,48.87799987792969,48.87799987792969,48.86899948120117,48.869999694824216,48.87799911499023,48.885999298095705,48.882999420166016,48.90597991943359,48.92697982788086,48.93198013305664,48.9409797668457,48.94598007202149,48.94700012207032,48.93899993896484,48.93399963378906,48.92699966430664,48.92271957397461,48.91971969604492,48.923719787597655,48.92572021484375,48.93472061157227,48.93300094604492,48.93042068481445,48.92142105102539,48.90842056274414,48.90142059326172,48.9074203491211,48.899000549316405,48.91300048828125,48.9390007019043,48.954000854492186,48.97100067138672,48.999000549316406,49.008000183105466,48.99026031494141,48.97628021240234,48.95628051757812,48.925279998779295,48.90126037597656,48.90400009155273,48.89497985839844,48.89497985839844,48.90197982788086,48.905999755859376,48.91399993896484,48.91999969482422,48.91399917602539,48.90199966430664,48.905999755859376,48.89599990844727,48.9,48.90800018310547,48.920999908447264,48.92399978637695,48.94599990844726,48.96399993896485,48.98400039672852,49.00000076293945,49.01600036621094,49.01717987060547,49.01417999267578,49.0091796875,49.01117935180664,49.00017929077149,48.99699935913086,48.99749908447266,48.99649887084961,48.98849868774414,48.980499267578125,48.968499755859376,48.95500030517578,48.94300079345703,48.92900085449219,48.91276092529297,48.91076049804688,48.91875991821289,48.93675994873047,48.9557601928711,48.99300003051758,49.027000427246094,49.0640007019043,49.1020004272461,49.13424072265625,49.16624069213867,49.17824020385742,49.1622200012207,49.147219848632815,49.12533950805664,49.091339111328125,49.06433944702148,49.04835968017578,49.02435989379883,49.01399993896485,49.01300048828125,49.01500015258789,49.01399993896485,49.00699996948242,49.00400009155273,48.99199981689453,48.99000015258789,49.00300064086914,49.01700057983398,49.037000274658205,49.07560043334961,49.10860061645508,49.13074035644532,49.15373992919922,49.1717399597168,49.16913986206055,49.159139251708986,49.1479995727539,49.137000274658206,49.127000427246095,49.12200012207031,49.13000030517578,49.14400024414063,49.147159576416016,49.14515991210938,49.14815979003906,49.13115997314453,49.10915985107422,49.09800033569336,49.09962005615235,49.09510040283203,49.09710006713867,49.1019401550293,49.10093994140625,49.0913200378418,49.08583984375,49.086840057373045,49.08300018310547,49.091000366210935,49.09200057983399,49.09200057983399,49.09800033569336,49.11100006103516,49.11697998046875,49.12397994995117,49.135980224609376,49.135980224609376,49.134980010986325,49.14099960327148,49.14699935913086,49.1489990234375,49.14099960327148,49.12799987792969,49.10699996948242,49.09099960327149,49.07373962402344,49.068739318847655,49.068739318847655,49.07273941040039,49.075,49.08825988769532,49.10525970458984,49.11425933837891,49.12125930786133,49.13199920654297,49.13099975585938,49.12699966430664,49.13099975585938,49.14800033569336,49.17399978637695,49.19699935913086,49.22199935913086,49.23699951171875,49.23899917602539,49.2259994506836,49.21699981689453,49.20800018310547,49.21399993896485,49.22200012207031,49.23000030517578,49.23460006713867,49.23659973144531,49.23359985351563,49.22459945678711,49.21859970092773,49.21399993896485,49.20600051879883,49.20000076293945,49.198001098632815,49.19600067138672,49.19700088500976,49.20498046875,49.21298065185547,49.21598052978516,49.21598052978516,49.213600158691406,49.20562057495117,49.1976203918457,49.19962005615234,49.20561981201172,49.21599960327149,49.22799911499023,49.23399887084961,49.24399948120117,49.25299987792969,49.25599975585938,49.26100006103516,49.26399993896485,49.25999984741211,49.25999984741211,49.26500015258789,49.26302032470703,49.26302032470703,49.26501998901367,49.26701965332031,49.26701965332031,49.27199935913086,49.2879997253418,49.29899978637695,49.3,49.29800033569336,49.29400024414063,49.28400039672852,49.26800079345704,49.255001068115234,49.25400085449219,49.25800094604492,49.24758071899414,49.25148010253906,49.253179931640624,49.24417953491211,49.23117980957032,49.23460006713867,49.23170013427735,49.23199996948242,49.23300018310547,49.23399963378906,49.21859893798828,49.20059890747071,49.18159866333008,49.16659851074219,49.14759902954101,49.14999923706055,49.15297927856445,49.147979736328125,49.13198013305664,49.11997985839844,49.09598007202148,49.07402038574219,49.06203994750977,49.064039611816405,49.06875991821289,49.0907600402832,49.10721969604492,49.1215202331543,49.119520568847655,49.11980056762695,49.10780029296875,49.10032043457032,49.09500045776368,49.09800033569336,49.09500045776368,49.094000244140624,49.09600067138672,49.10900039672852,49.127000427246095,49.14573974609375,49.161740112304685,49.17473983764648,49.17773971557617,49.17673950195312,49.177999877929686,49.170999908447264,49.155999755859376,49.14400024414063,49.13200073242187,49.11600036621094,49.10900039672852,49.114000701904295,49.114000701904295,49.114000701904295,49.11800079345703,49.117120361328126,49.11412048339844,49.1111198425293,49.10211944580078,49.094120025634766,49.08600006103516,49.0759994506836,49.06999969482422,49.06800003051758,49.06699981689453,49.06900024414063,49.07300033569336,49.07500076293945,49.08200073242188,49.08800048828125,49.09600067138672,49.10300064086914,49.11300048828125,49.12099990844727,49.1244400024414,49.128439331054686,49.13343963623047,49.13643951416016,49.13643951416016,49.14399948120117,49.14899978637696,49.15199966430664,49.154999542236325,49.15,49.13899993896485,49.12099990844727,49.10599975585937,49.09700012207031,49.10149993896484,49.1125,49.128500366210936,49.14650039672851,49.15950012207031,49.168000030517575,49.17300033569336,49.180999755859375,49.17399978637695,49.16699981689453,49.15500030517578,49.14300003051758,49.13000030517578,49.13000030517578,49.13499984741211,49.145999145507815,49.145999145507815,49.1489990234375,49.14199905395508,49.12899932861328,49.11800003051758,49.10800018310547,49.09900054931641,49.09700088500976,49.09200134277344,49.08700103759766,49.09300079345703,49.09900054931641,49.10900039672852,49.113999938964845,49.11699981689453,49.12099990844727,49.11100006103516,49.09700012207031,49.09700012207031,49.10299987792969,49.10899963378906,49.12499923706055,49.1489990234375,49.17099914550781,49.17999954223633,49.19000015258789,49.19600067138672,49.19400100708008,49.17800064086914,49.165000915527344,49.149000549316405,49.14200057983398,49.13600006103516,49.13500061035156,49.13600006103516,49.13400039672852,49.11600036621094,49.0890007019043,49.091000366210935,49.10000076293945,49.10300064086914,49.13480072021484,49.17380065917969,49.18080062866211,49.17480010986328,49.17379989624023,49.16399917602539,49.14699935913086,49.13199920654297,49.1161994934082,49.091119384765626,49.05512008666992,49.03811950683594,49.02811965942383,49.02991943359375,49.045999908447264,49.06199951171875,49.0572395324707,49.052239990234376,49.03724060058594,49.00624008178711,48.9582405090332,2
  +46.599019622802736,46.71501998901367,46.8086799621582,46.89766006469726,46.98366012573242,47.05666046142578,47.13828048706055,47.25962066650391,47.34162063598633,47.386620330810544,47.467620086669925,47.49899978637696,47.52899932861328,47.59199981689453,47.64099960327148,47.63481979370117,47.64381942749024,47.64281997680664,47.63582000732422,47.65082015991211,47.65849990844727,47.6875,47.68649978637696,47.63957977294922,47.59357986450196,47.56208038330078,47.51708068847656,47.544080352783205,47.62399978637696,47.68499984741211,47.74199981689453,47.7879997253418,47.763980102539065,47.70214004516602,47.64514007568359,47.57480010986328,47.5197998046875,47.49781951904297,47.494659423828125,47.51065979003906,47.52899932861328,47.542999267578125,47.5609992980957,47.56800003051758,47.56699981689453,47.58399963378906,47.5870002746582,47.5640007019043,47.55300064086914,47.53040084838867,47.50940093994141,47.492060852050784,47.49606094360352,47.5000602722168,47.52666015625,47.55666046142578,47.60900039672852,47.64800033569336,47.665000915527344,47.672000885009766,47.65800094604492,47.63298110961914,47.62298049926758,47.6279800415039,47.6059799194336,47.60447998046875,47.58531951904297,47.55531997680664,47.53731994628906,47.54832000732422,47.5418197631836,47.55699996948242,47.56699981689453,47.552999877929686,47.53899993896484,47.53000030517578,47.51500015258789,47.51700057983398,47.53500061035156,47.54800033569336,47.56864013671875,47.586640167236325,47.59763946533203,47.6176399230957,47.65164031982422,47.67700042724609,47.71202087402344,47.7600212097168,47.78116073608398,47.79416046142578,47.80615997314453,47.81013946533203,47.7811393737793,47.7729995727539,47.74899978637696,47.73300018310547,47.7270004272461,47.72500076293945,47.723001098632814,47.74100112915039,47.75600128173828,47.74200134277344,47.73000106811524,47.71200103759766,47.69000091552734,47.665000915527344,47.66800079345703,47.672000885009766,47.685000610351565,47.69600067138672,47.70200042724609,47.67900009155274,47.66999969482422,47.654999542236325,47.63699951171875,47.62299957275391,47.619999694824216,47.60199966430664,47.5759994506836,47.54801940917969,47.51701965332031,47.48302001953125,47.45802001953125,47.44302062988281,47.44700012207032,47.45999984741211,47.50199966430664,47.55800018310547,47.608740234375,47.6477409362793,47.68374099731445,47.691741180419925,47.6847412109375,47.68000106811523,47.67300033569336,47.65999984741211,47.64300003051758,47.60759963989258,47.56659927368164,47.51859970092774,47.49059982299805,47.47259979248047,47.48499984741211,47.49476013183594,47.51376037597656,47.50676040649414,47.50075988769531,47.483760070800784,47.475,47.46800003051758,47.47300033569336,47.48600082397461,47.50300064086914,47.51700057983398,47.51800003051758,47.49899978637696,47.472459411621095,47.44345932006836,47.41845932006836,47.39745941162109,47.395459747314455,47.40099945068359,47.39985961914063,47.40285949707031,47.41385955810547,47.426859283447264,47.423859405517575,47.4359992980957,47.43399963378906,47.42599945068359,47.4129997253418,47.40199966430664,47.383000183105466,47.37399978637696,47.369999694824216,47.37899932861328,47.39199981689453,47.40399932861328,47.417999267578125,47.4359992980957,47.44199981689453,47.44241943359375,47.44641952514648,47.44741973876953,47.43641967773438,47.44343948364258,47.45601959228516,47.45901947021484,47.46801986694336,47.48702011108399,47.494999694824216,47.50299987792969,47.5129997253418,47.51899948120117,47.51771926879883,47.50871963500977,47.494719696044925,47.49171981811524,47.48671951293945,47.48600006103516,47.4870002746582,47.49899978637696,47.50299987792969,47.50900039672852,47.51399993896485,47.5229995727539,47.52799987792969,47.52799987792969,47.52599945068359,47.529999542236325,47.53199920654297,47.53099899291992,47.5351188659668,47.54111862182617,47.53811874389648,47.53811874389648,47.54011917114258,47.53999938964844,47.5393798828125,47.54137954711914,47.5393798828125,47.53737945556641,47.53837966918945,47.54699935913086,47.56199951171875,47.57505950927735,47.59605941772461,47.61305923461914,47.61905975341797,47.607060241699216,47.58899993896485,47.57099990844726,47.55499954223633,47.53999938964844,47.54399948120117,47.56199951171875,47.56999969482422,47.580999755859374,47.5859992980957,47.58099899291992,47.57099914550781,47.56729965209961,47.56093978881836,47.55894012451172,47.55894012451172,47.559540557861325,47.55523986816407,47.55859985351562,47.565599822998045,47.57459945678711,47.58399887084961,47.58999938964844,47.58999938964844,47.58699951171875,47.57699966430664,47.57300033569336,47.56900024414063,47.56300048828125,47.55699996948242,47.555999755859375,47.55099945068359,47.555999755859375,47.568999481201175,47.58399963378906,47.59599990844727,47.60599975585937,47.609999084472655,47.606999206542966,47.610999298095706,47.61799926757813,47.6259994506836,47.63600006103516,47.64440002441406,47.64515991210938,47.63766021728516,47.6386604309082,47.63666000366211,47.63726043701172,47.63950042724609,47.65,47.65099945068359,47.65299987792969,47.65199966430664,47.64599990844727,47.64400024414063,47.64500045776367,47.64300003051758,47.63899993896485,47.63600006103516,47.63399963378906,47.62699966430664,47.62799987792969,47.62600021362304,47.62900009155273,47.627000427246095,47.62600021362304,47.62900009155273,47.63499984741211,47.63699951171875,47.64199981689453,47.64820022583008,47.6431999206543,47.6414794921875,47.64448013305664,47.64547958374023,47.64427947998047,47.64227981567383,47.64400024414063,47.65400009155273,47.662000274658205,47.6740005493164,47.68800048828125,47.70000076293945,47.7010009765625,47.69700088500976,47.69300079345703,47.69400100708008,47.69300079345703,47.691000366210936,47.69900054931641,47.70500030517578,47.71300048828125,47.726000213623045,47.74897994995117,47.7679801940918,47.775980377197264,47.78397979736328,47.78498001098633,47.76900024414063,47.75899963378906,47.76205978393555,47.76605987548828,47.76905975341797,47.77755966186523,47.78356018066406,47.791500091552734,47.79449996948242,47.80352020263672,47.81502075195313,47.82502059936523,47.83902053833008,47.85102081298828,47.85230026245117,47.85029983520508,47.840380096435545,47.821379852294925,47.79837951660157,47.787879943847656,47.79087982177735,47.79879989624023,47.806800079345706,47.82980041503906,47.84600067138672,47.854000854492185,47.85900039672852,47.87099990844727,47.87299957275391,47.87899932861328,47.87999954223633,47.88399963378906,47.89199981689453,47.90999984741211,47.92699966430664,47.95299911499024,47.98299942016602,48.01499938964844,48.04273986816406,48.06574020385742,48.08074035644531,48.08873977661133,48.09474029541016,48.10599975585937,48.12799987792969,48.15,48.18199996948242,48.19799957275391,48.202999877929685,48.20199966430664,48.19300003051758,48.18199996948242,48.1870002746582,48.2533203125,48.34532012939453,48.48331985473633,48.6283203125,48.76811981201172,48.8197998046875,48.85607986450195,48.85607986450195,48.855079650878906,48.84328002929688,48.83127975463867,48.81699981689453,48.8249397277832,48.83893966674805,48.85493927001953,48.892939758300784,48.92293930053711,48.9109992980957,48.8979995727539,48.88399963378906,48.86899948120117,48.863999938964845,48.88099975585938,48.87699966430664,48.87844009399414,48.90543975830078,48.90143966674805,48.89593963623047,48.90493927001953,48.90849914550781,48.88449935913086,48.88249969482422,48.87799987792969,48.87799987792969,48.86899948120117,48.869999694824216,48.87799911499023,48.885999298095705,48.882999420166016,48.90597991943359,48.92697982788086,48.93198013305664,48.9409797668457,48.94598007202149,48.94700012207032,48.93899993896484,48.93399963378906,48.92699966430664,48.92271957397461,48.91971969604492,48.923719787597655,48.92572021484375,48.93472061157227,48.93300094604492,48.93042068481445,48.92142105102539,48.90842056274414,48.90142059326172,48.9074203491211,48.899000549316405,48.91300048828125,48.9390007019043,48.954000854492186,48.97100067138672,48.999000549316406,49.008000183105466,48.99026031494141,48.97628021240234,48.95628051757812,48.925279998779295,48.90126037597656,48.90400009155273,48.89497985839844,48.89497985839844,48.90197982788086,48.905999755859376,48.91399993896484,48.91999969482422,48.91399917602539,48.90199966430664,48.905999755859376,48.89599990844727,48.9,48.90800018310547,48.920999908447264,48.92399978637695,48.94599990844726,48.96399993896485,48.98400039672852,49.00000076293945,49.01600036621094,49.01717987060547,49.01417999267578,49.0091796875,49.01117935180664,49.00017929077149,48.99699935913086,48.99749908447266,48.99649887084961,48.98849868774414,48.980499267578125,48.968499755859376,48.95500030517578,48.94300079345703,48.92900085449219,48.91276092529297,48.91076049804688,48.91875991821289,48.93675994873047,48.9557601928711,48.99300003051758,49.027000427246094,49.0640007019043,49.1020004272461,49.13424072265625,49.16624069213867,49.17824020385742,49.1622200012207,49.147219848632815,49.12533950805664,49.091339111328125,49.06433944702148,49.04835968017578,49.02435989379883,49.01399993896485,49.01300048828125,49.01500015258789,49.01399993896485,49.00699996948242,49.00400009155273,48.99199981689453,48.99000015258789,49.00300064086914,49.01700057983398,49.037000274658205,49.07560043334961,49.10860061645508,49.13074035644532,49.15373992919922,49.1717399597168,49.16913986206055,49.159139251708986,49.1479995727539,49.137000274658206,49.127000427246095,49.12200012207031,49.13000030517578,49.14400024414063,49.147159576416016,49.14515991210938,49.14815979003906,49.13115997314453,49.10915985107422,49.09800033569336,49.09962005615235,49.09510040283203,49.09710006713867,49.1019401550293,49.10093994140625,49.0913200378418,49.08583984375,49.086840057373045,49.08300018310547,49.091000366210935,49.09200057983399,49.09200057983399,49.09800033569336,49.11100006103516,49.11697998046875,49.12397994995117,49.135980224609376,49.135980224609376,49.134980010986325,49.14099960327148,49.14699935913086,49.1489990234375,49.14099960327148,49.12799987792969,49.10699996948242,49.09099960327149,49.07373962402344,49.068739318847655,49.068739318847655,49.07273941040039,49.075,49.08825988769532,49.10525970458984,49.11425933837891,49.12125930786133,49.13199920654297,49.13099975585938,49.12699966430664,49.13099975585938,49.14800033569336,49.17399978637695,49.19699935913086,49.22199935913086,49.23699951171875,49.23899917602539,49.2259994506836,49.21699981689453,49.20800018310547,49.21399993896485,49.22200012207031,49.23000030517578,49.23460006713867,49.23659973144531,49.23359985351563,49.22459945678711,49.21859970092773,49.21399993896485,49.20600051879883,49.20000076293945,49.198001098632815,49.19600067138672,49.19700088500976,49.20498046875,49.21298065185547,49.21598052978516,49.21598052978516,49.213600158691406,49.20562057495117,49.1976203918457,49.19962005615234,49.20561981201172,49.21599960327149,49.22799911499023,49.23399887084961,49.24399948120117,49.25299987792969,49.25599975585938,49.26100006103516,49.26399993896485,49.25999984741211,49.25999984741211,49.26500015258789,49.26302032470703,49.26302032470703,49.26501998901367,49.26701965332031,49.26701965332031,49.27199935913086,49.2879997253418,49.29899978637695,49.3,49.29800033569336,49.29400024414063,49.28400039672852,49.26800079345704,49.255001068115234,49.25400085449219,49.25800094604492,49.24758071899414,49.25148010253906,49.253179931640624,49.24417953491211,49.23117980957032,49.23460006713867,49.23170013427735,49.23199996948242,49.23300018310547,49.23399963378906,49.21859893798828,49.20059890747071,49.18159866333008,49.16659851074219,49.14759902954101,49.14999923706055,49.15297927856445,49.147979736328125,49.13198013305664,49.11997985839844,49.09598007202148,49.07402038574219,49.06203994750977,49.064039611816405,49.06875991821289,49.0907600402832,49.10721969604492,49.1215202331543,49.119520568847655,49.11980056762695,49.10780029296875,49.10032043457032,49.09500045776368,49.09800033569336,49.09500045776368,49.094000244140624,49.09600067138672,49.10900039672852,49.127000427246095,49.14573974609375,49.161740112304685,49.17473983764648,49.17773971557617,49.17673950195312,49.177999877929686,49.170999908447264,49.155999755859376,49.14400024414063,49.13200073242187,49.11600036621094,49.10900039672852,49.114000701904295,49.114000701904295,49.114000701904295,49.11800079345703,49.117120361328126,49.11412048339844,49.1111198425293,49.10211944580078,49.094120025634766,49.08600006103516,49.0759994506836,49.06999969482422,49.06800003051758,49.06699981689453,49.06900024414063,49.07300033569336,49.07500076293945,49.08200073242188,49.08800048828125,49.09600067138672,49.10300064086914,49.11300048828125,49.12099990844727,49.1244400024414,49.128439331054686,49.13343963623047,49.13643951416016,49.13643951416016,49.14399948120117,49.14899978637696,49.15199966430664,49.154999542236325,49.15,49.13899993896485,49.12099990844727,49.10599975585937,49.09700012207031,49.10149993896484,49.1125,49.128500366210936,49.14650039672851,49.15950012207031,49.168000030517575,49.17300033569336,49.180999755859375,49.17399978637695,49.16699981689453,49.15500030517578,49.14300003051758,49.13000030517578,49.13000030517578,49.13499984741211,49.145999145507815,49.145999145507815,49.1489990234375,49.14199905395508,49.12899932861328,49.11800003051758,49.10800018310547,49.09900054931641,49.09700088500976,49.09200134277344,49.08700103759766,49.09300079345703,49.09900054931641,49.10900039672852,49.113999938964845,49.11699981689453,49.12099990844727,49.11100006103516,49.09700012207031,49.09700012207031,49.10299987792969,49.10899963378906,49.12499923706055,49.1489990234375,49.17099914550781,49.17999954223633,49.19000015258789,49.19600067138672,49.19400100708008,49.17800064086914,49.165000915527344,49.149000549316405,49.14200057983398,49.13600006103516,49.13500061035156,49.13600006103516,49.13400039672852,49.11600036621094,49.0890007019043,49.091000366210935,49.10000076293945,49.10300064086914,49.13480072021484,49.17380065917969,49.18080062866211,49.17480010986328,49.17379989624023,49.16399917602539,49.14699935913086,49.13199920654297,49.1161994934082,49.091119384765626,49.05512008666992,49.03811950683594,49.02811965942383,49.02991943359375,49.045999908447264,49.06199951171875,49.0572395324707,49.052239990234376,49.03724060058594,49.00624008178711,48.9582405090332,48.94700088500976,1
  +46.71501998901367,46.8086799621582,46.89766006469726,46.98366012573242,47.05666046142578,47.13828048706055,47.25962066650391,47.34162063598633,47.386620330810544,47.467620086669925,47.49899978637696,47.52899932861328,47.59199981689453,47.64099960327148,47.63481979370117,47.64381942749024,47.64281997680664,47.63582000732422,47.65082015991211,47.65849990844727,47.6875,47.68649978637696,47.63957977294922,47.59357986450196,47.56208038330078,47.51708068847656,47.544080352783205,47.62399978637696,47.68499984741211,47.74199981689453,47.7879997253418,47.763980102539065,47.70214004516602,47.64514007568359,47.57480010986328,47.5197998046875,47.49781951904297,47.494659423828125,47.51065979003906,47.52899932861328,47.542999267578125,47.5609992980957,47.56800003051758,47.56699981689453,47.58399963378906,47.5870002746582,47.5640007019043,47.55300064086914,47.53040084838867,47.50940093994141,47.492060852050784,47.49606094360352,47.5000602722168,47.52666015625,47.55666046142578,47.60900039672852,47.64800033569336,47.665000915527344,47.672000885009766,47.65800094604492,47.63298110961914,47.62298049926758,47.6279800415039,47.6059799194336,47.60447998046875,47.58531951904297,47.55531997680664,47.53731994628906,47.54832000732422,47.5418197631836,47.55699996948242,47.56699981689453,47.552999877929686,47.53899993896484,47.53000030517578,47.51500015258789,47.51700057983398,47.53500061035156,47.54800033569336,47.56864013671875,47.586640167236325,47.59763946533203,47.6176399230957,47.65164031982422,47.67700042724609,47.71202087402344,47.7600212097168,47.78116073608398,47.79416046142578,47.80615997314453,47.81013946533203,47.7811393737793,47.7729995727539,47.74899978637696,47.73300018310547,47.7270004272461,47.72500076293945,47.723001098632814,47.74100112915039,47.75600128173828,47.74200134277344,47.73000106811524,47.71200103759766,47.69000091552734,47.665000915527344,47.66800079345703,47.672000885009766,47.685000610351565,47.69600067138672,47.70200042724609,47.67900009155274,47.66999969482422,47.654999542236325,47.63699951171875,47.62299957275391,47.619999694824216,47.60199966430664,47.5759994506836,47.54801940917969,47.51701965332031,47.48302001953125,47.45802001953125,47.44302062988281,47.44700012207032,47.45999984741211,47.50199966430664,47.55800018310547,47.608740234375,47.6477409362793,47.68374099731445,47.691741180419925,47.6847412109375,47.68000106811523,47.67300033569336,47.65999984741211,47.64300003051758,47.60759963989258,47.56659927368164,47.51859970092774,47.49059982299805,47.47259979248047,47.48499984741211,47.49476013183594,47.51376037597656,47.50676040649414,47.50075988769531,47.483760070800784,47.475,47.46800003051758,47.47300033569336,47.48600082397461,47.50300064086914,47.51700057983398,47.51800003051758,47.49899978637696,47.472459411621095,47.44345932006836,47.41845932006836,47.39745941162109,47.395459747314455,47.40099945068359,47.39985961914063,47.40285949707031,47.41385955810547,47.426859283447264,47.423859405517575,47.4359992980957,47.43399963378906,47.42599945068359,47.4129997253418,47.40199966430664,47.383000183105466,47.37399978637696,47.369999694824216,47.37899932861328,47.39199981689453,47.40399932861328,47.417999267578125,47.4359992980957,47.44199981689453,47.44241943359375,47.44641952514648,47.44741973876953,47.43641967773438,47.44343948364258,47.45601959228516,47.45901947021484,47.46801986694336,47.48702011108399,47.494999694824216,47.50299987792969,47.5129997253418,47.51899948120117,47.51771926879883,47.50871963500977,47.494719696044925,47.49171981811524,47.48671951293945,47.48600006103516,47.4870002746582,47.49899978637696,47.50299987792969,47.50900039672852,47.51399993896485,47.5229995727539,47.52799987792969,47.52799987792969,47.52599945068359,47.529999542236325,47.53199920654297,47.53099899291992,47.5351188659668,47.54111862182617,47.53811874389648,47.53811874389648,47.54011917114258,47.53999938964844,47.5393798828125,47.54137954711914,47.5393798828125,47.53737945556641,47.53837966918945,47.54699935913086,47.56199951171875,47.57505950927735,47.59605941772461,47.61305923461914,47.61905975341797,47.607060241699216,47.58899993896485,47.57099990844726,47.55499954223633,47.53999938964844,47.54399948120117,47.56199951171875,47.56999969482422,47.580999755859374,47.5859992980957,47.58099899291992,47.57099914550781,47.56729965209961,47.56093978881836,47.55894012451172,47.55894012451172,47.559540557861325,47.55523986816407,47.55859985351562,47.565599822998045,47.57459945678711,47.58399887084961,47.58999938964844,47.58999938964844,47.58699951171875,47.57699966430664,47.57300033569336,47.56900024414063,47.56300048828125,47.55699996948242,47.555999755859375,47.55099945068359,47.555999755859375,47.568999481201175,47.58399963378906,47.59599990844727,47.60599975585937,47.609999084472655,47.606999206542966,47.610999298095706,47.61799926757813,47.6259994506836,47.63600006103516,47.64440002441406,47.64515991210938,47.63766021728516,47.6386604309082,47.63666000366211,47.63726043701172,47.63950042724609,47.65,47.65099945068359,47.65299987792969,47.65199966430664,47.64599990844727,47.64400024414063,47.64500045776367,47.64300003051758,47.63899993896485,47.63600006103516,47.63399963378906,47.62699966430664,47.62799987792969,47.62600021362304,47.62900009155273,47.627000427246095,47.62600021362304,47.62900009155273,47.63499984741211,47.63699951171875,47.64199981689453,47.64820022583008,47.6431999206543,47.6414794921875,47.64448013305664,47.64547958374023,47.64427947998047,47.64227981567383,47.64400024414063,47.65400009155273,47.662000274658205,47.6740005493164,47.68800048828125,47.70000076293945,47.7010009765625,47.69700088500976,47.69300079345703,47.69400100708008,47.69300079345703,47.691000366210936,47.69900054931641,47.70500030517578,47.71300048828125,47.726000213623045,47.74897994995117,47.7679801940918,47.775980377197264,47.78397979736328,47.78498001098633,47.76900024414063,47.75899963378906,47.76205978393555,47.76605987548828,47.76905975341797,47.77755966186523,47.78356018066406,47.791500091552734,47.79449996948242,47.80352020263672,47.81502075195313,47.82502059936523,47.83902053833008,47.85102081298828,47.85230026245117,47.85029983520508,47.840380096435545,47.821379852294925,47.79837951660157,47.787879943847656,47.79087982177735,47.79879989624023,47.806800079345706,47.82980041503906,47.84600067138672,47.854000854492185,47.85900039672852,47.87099990844727,47.87299957275391,47.87899932861328,47.87999954223633,47.88399963378906,47.89199981689453,47.90999984741211,47.92699966430664,47.95299911499024,47.98299942016602,48.01499938964844,48.04273986816406,48.06574020385742,48.08074035644531,48.08873977661133,48.09474029541016,48.10599975585937,48.12799987792969,48.15,48.18199996948242,48.19799957275391,48.202999877929685,48.20199966430664,48.19300003051758,48.18199996948242,48.1870002746582,48.2533203125,48.34532012939453,48.48331985473633,48.6283203125,48.76811981201172,48.8197998046875,48.85607986450195,48.85607986450195,48.855079650878906,48.84328002929688,48.83127975463867,48.81699981689453,48.8249397277832,48.83893966674805,48.85493927001953,48.892939758300784,48.92293930053711,48.9109992980957,48.8979995727539,48.88399963378906,48.86899948120117,48.863999938964845,48.88099975585938,48.87699966430664,48.87844009399414,48.90543975830078,48.90143966674805,48.89593963623047,48.90493927001953,48.90849914550781,48.88449935913086,48.88249969482422,48.87799987792969,48.87799987792969,48.86899948120117,48.869999694824216,48.87799911499023,48.885999298095705,48.882999420166016,48.90597991943359,48.92697982788086,48.93198013305664,48.9409797668457,48.94598007202149,48.94700012207032,48.93899993896484,48.93399963378906,48.92699966430664,48.92271957397461,48.91971969604492,48.923719787597655,48.92572021484375,48.93472061157227,48.93300094604492,48.93042068481445,48.92142105102539,48.90842056274414,48.90142059326172,48.9074203491211,48.899000549316405,48.91300048828125,48.9390007019043,48.954000854492186,48.97100067138672,48.999000549316406,49.008000183105466,48.99026031494141,48.97628021240234,48.95628051757812,48.925279998779295,48.90126037597656,48.90400009155273,48.89497985839844,48.89497985839844,48.90197982788086,48.905999755859376,48.91399993896484,48.91999969482422,48.91399917602539,48.90199966430664,48.905999755859376,48.89599990844727,48.9,48.90800018310547,48.920999908447264,48.92399978637695,48.94599990844726,48.96399993896485,48.98400039672852,49.00000076293945,49.01600036621094,49.01717987060547,49.01417999267578,49.0091796875,49.01117935180664,49.00017929077149,48.99699935913086,48.99749908447266,48.99649887084961,48.98849868774414,48.980499267578125,48.968499755859376,48.95500030517578,48.94300079345703,48.92900085449219,48.91276092529297,48.91076049804688,48.91875991821289,48.93675994873047,48.9557601928711,48.99300003051758,49.027000427246094,49.0640007019043,49.1020004272461,49.13424072265625,49.16624069213867,49.17824020385742,49.1622200012207,49.147219848632815,49.12533950805664,49.091339111328125,49.06433944702148,49.04835968017578,49.02435989379883,49.01399993896485,49.01300048828125,49.01500015258789,49.01399993896485,49.00699996948242,49.00400009155273,48.99199981689453,48.99000015258789,49.00300064086914,49.01700057983398,49.037000274658205,49.07560043334961,49.10860061645508,49.13074035644532,49.15373992919922,49.1717399597168,49.16913986206055,49.159139251708986,49.1479995727539,49.137000274658206,49.127000427246095,49.12200012207031,49.13000030517578,49.14400024414063,49.147159576416016,49.14515991210938,49.14815979003906,49.13115997314453,49.10915985107422,49.09800033569336,49.09962005615235,49.09510040283203,49.09710006713867,49.1019401550293,49.10093994140625,49.0913200378418,49.08583984375,49.086840057373045,49.08300018310547,49.091000366210935,49.09200057983399,49.09200057983399,49.09800033569336,49.11100006103516,49.11697998046875,49.12397994995117,49.135980224609376,49.135980224609376,49.134980010986325,49.14099960327148,49.14699935913086,49.1489990234375,49.14099960327148,49.12799987792969,49.10699996948242,49.09099960327149,49.07373962402344,49.068739318847655,49.068739318847655,49.07273941040039,49.075,49.08825988769532,49.10525970458984,49.11425933837891,49.12125930786133,49.13199920654297,49.13099975585938,49.12699966430664,49.13099975585938,49.14800033569336,49.17399978637695,49.19699935913086,49.22199935913086,49.23699951171875,49.23899917602539,49.2259994506836,49.21699981689453,49.20800018310547,49.21399993896485,49.22200012207031,49.23000030517578,49.23460006713867,49.23659973144531,49.23359985351563,49.22459945678711,49.21859970092773,49.21399993896485,49.20600051879883,49.20000076293945,49.198001098632815,49.19600067138672,49.19700088500976,49.20498046875,49.21298065185547,49.21598052978516,49.21598052978516,49.213600158691406,49.20562057495117,49.1976203918457,49.19962005615234,49.20561981201172,49.21599960327149,49.22799911499023,49.23399887084961,49.24399948120117,49.25299987792969,49.25599975585938,49.26100006103516,49.26399993896485,49.25999984741211,49.25999984741211,49.26500015258789,49.26302032470703,49.26302032470703,49.26501998901367,49.26701965332031,49.26701965332031,49.27199935913086,49.2879997253418,49.29899978637695,49.3,49.29800033569336,49.29400024414063,49.28400039672852,49.26800079345704,49.255001068115234,49.25400085449219,49.25800094604492,49.24758071899414,49.25148010253906,49.253179931640624,49.24417953491211,49.23117980957032,49.23460006713867,49.23170013427735,49.23199996948242,49.23300018310547,49.23399963378906,49.21859893798828,49.20059890747071,49.18159866333008,49.16659851074219,49.14759902954101,49.14999923706055,49.15297927856445,49.147979736328125,49.13198013305664,49.11997985839844,49.09598007202148,49.07402038574219,49.06203994750977,49.064039611816405,49.06875991821289,49.0907600402832,49.10721969604492,49.1215202331543,49.119520568847655,49.11980056762695,49.10780029296875,49.10032043457032,49.09500045776368,49.09800033569336,49.09500045776368,49.094000244140624,49.09600067138672,49.10900039672852,49.127000427246095,49.14573974609375,49.161740112304685,49.17473983764648,49.17773971557617,49.17673950195312,49.177999877929686,49.170999908447264,49.155999755859376,49.14400024414063,49.13200073242187,49.11600036621094,49.10900039672852,49.114000701904295,49.114000701904295,49.114000701904295,49.11800079345703,49.117120361328126,49.11412048339844,49.1111198425293,49.10211944580078,49.094120025634766,49.08600006103516,49.0759994506836,49.06999969482422,49.06800003051758,49.06699981689453,49.06900024414063,49.07300033569336,49.07500076293945,49.08200073242188,49.08800048828125,49.09600067138672,49.10300064086914,49.11300048828125,49.12099990844727,49.1244400024414,49.128439331054686,49.13343963623047,49.13643951416016,49.13643951416016,49.14399948120117,49.14899978637696,49.15199966430664,49.154999542236325,49.15,49.13899993896485,49.12099990844727,49.10599975585937,49.09700012207031,49.10149993896484,49.1125,49.128500366210936,49.14650039672851,49.15950012207031,49.168000030517575,49.17300033569336,49.180999755859375,49.17399978637695,49.16699981689453,49.15500030517578,49.14300003051758,49.13000030517578,49.13000030517578,49.13499984741211,49.145999145507815,49.145999145507815,49.1489990234375,49.14199905395508,49.12899932861328,49.11800003051758,49.10800018310547,49.09900054931641,49.09700088500976,49.09200134277344,49.08700103759766,49.09300079345703,49.09900054931641,49.10900039672852,49.113999938964845,49.11699981689453,49.12099990844727,49.11100006103516,49.09700012207031,49.09700012207031,49.10299987792969,49.10899963378906,49.12499923706055,49.1489990234375,49.17099914550781,49.17999954223633,49.19000015258789,49.19600067138672,49.19400100708008,49.17800064086914,49.165000915527344,49.149000549316405,49.14200057983398,49.13600006103516,49.13500061035156,49.13600006103516,49.13400039672852,49.11600036621094,49.0890007019043,49.091000366210935,49.10000076293945,49.10300064086914,49.13480072021484,49.17380065917969,49.18080062866211,49.17480010986328,49.17379989624023,49.16399917602539,49.14699935913086,49.13199920654297,49.1161994934082,49.091119384765626,49.05512008666992,49.03811950683594,49.02811965942383,49.02991943359375,49.045999908447264,49.06199951171875,49.0572395324707,49.052239990234376,49.03724060058594,49.00624008178711,48.9582405090332,48.94700088500976,48.93600082397461,2
  +46.8086799621582,46.89766006469726,46.98366012573242,47.05666046142578,47.13828048706055,47.25962066650391,47.34162063598633,47.386620330810544,47.467620086669925,47.49899978637696,47.52899932861328,47.59199981689453,47.64099960327148,47.63481979370117,47.64381942749024,47.64281997680664,47.63582000732422,47.65082015991211,47.65849990844727,47.6875,47.68649978637696,47.63957977294922,47.59357986450196,47.56208038330078,47.51708068847656,47.544080352783205,47.62399978637696,47.68499984741211,47.74199981689453,47.7879997253418,47.763980102539065,47.70214004516602,47.64514007568359,47.57480010986328,47.5197998046875,47.49781951904297,47.494659423828125,47.51065979003906,47.52899932861328,47.542999267578125,47.5609992980957,47.56800003051758,47.56699981689453,47.58399963378906,47.5870002746582,47.5640007019043,47.55300064086914,47.53040084838867,47.50940093994141,47.492060852050784,47.49606094360352,47.5000602722168,47.52666015625,47.55666046142578,47.60900039672852,47.64800033569336,47.665000915527344,47.672000885009766,47.65800094604492,47.63298110961914,47.62298049926758,47.6279800415039,47.6059799194336,47.60447998046875,47.58531951904297,47.55531997680664,47.53731994628906,47.54832000732422,47.5418197631836,47.55699996948242,47.56699981689453,47.552999877929686,47.53899993896484,47.53000030517578,47.51500015258789,47.51700057983398,47.53500061035156,47.54800033569336,47.56864013671875,47.586640167236325,47.59763946533203,47.6176399230957,47.65164031982422,47.67700042724609,47.71202087402344,47.7600212097168,47.78116073608398,47.79416046142578,47.80615997314453,47.81013946533203,47.7811393737793,47.7729995727539,47.74899978637696,47.73300018310547,47.7270004272461,47.72500076293945,47.723001098632814,47.74100112915039,47.75600128173828,47.74200134277344,47.73000106811524,47.71200103759766,47.69000091552734,47.665000915527344,47.66800079345703,47.672000885009766,47.685000610351565,47.69600067138672,47.70200042724609,47.67900009155274,47.66999969482422,47.654999542236325,47.63699951171875,47.62299957275391,47.619999694824216,47.60199966430664,47.5759994506836,47.54801940917969,47.51701965332031,47.48302001953125,47.45802001953125,47.44302062988281,47.44700012207032,47.45999984741211,47.50199966430664,47.55800018310547,47.608740234375,47.6477409362793,47.68374099731445,47.691741180419925,47.6847412109375,47.68000106811523,47.67300033569336,47.65999984741211,47.64300003051758,47.60759963989258,47.56659927368164,47.51859970092774,47.49059982299805,47.47259979248047,47.48499984741211,47.49476013183594,47.51376037597656,47.50676040649414,47.50075988769531,47.483760070800784,47.475,47.46800003051758,47.47300033569336,47.48600082397461,47.50300064086914,47.51700057983398,47.51800003051758,47.49899978637696,47.472459411621095,47.44345932006836,47.41845932006836,47.39745941162109,47.395459747314455,47.40099945068359,47.39985961914063,47.40285949707031,47.41385955810547,47.426859283447264,47.423859405517575,47.4359992980957,47.43399963378906,47.42599945068359,47.4129997253418,47.40199966430664,47.383000183105466,47.37399978637696,47.369999694824216,47.37899932861328,47.39199981689453,47.40399932861328,47.417999267578125,47.4359992980957,47.44199981689453,47.44241943359375,47.44641952514648,47.44741973876953,47.43641967773438,47.44343948364258,47.45601959228516,47.45901947021484,47.46801986694336,47.48702011108399,47.494999694824216,47.50299987792969,47.5129997253418,47.51899948120117,47.51771926879883,47.50871963500977,47.494719696044925,47.49171981811524,47.48671951293945,47.48600006103516,47.4870002746582,47.49899978637696,47.50299987792969,47.50900039672852,47.51399993896485,47.5229995727539,47.52799987792969,47.52799987792969,47.52599945068359,47.529999542236325,47.53199920654297,47.53099899291992,47.5351188659668,47.54111862182617,47.53811874389648,47.53811874389648,47.54011917114258,47.53999938964844,47.5393798828125,47.54137954711914,47.5393798828125,47.53737945556641,47.53837966918945,47.54699935913086,47.56199951171875,47.57505950927735,47.59605941772461,47.61305923461914,47.61905975341797,47.607060241699216,47.58899993896485,47.57099990844726,47.55499954223633,47.53999938964844,47.54399948120117,47.56199951171875,47.56999969482422,47.580999755859374,47.5859992980957,47.58099899291992,47.57099914550781,47.56729965209961,47.56093978881836,47.55894012451172,47.55894012451172,47.559540557861325,47.55523986816407,47.55859985351562,47.565599822998045,47.57459945678711,47.58399887084961,47.58999938964844,47.58999938964844,47.58699951171875,47.57699966430664,47.57300033569336,47.56900024414063,47.56300048828125,47.55699996948242,47.555999755859375,47.55099945068359,47.555999755859375,47.568999481201175,47.58399963378906,47.59599990844727,47.60599975585937,47.609999084472655,47.606999206542966,47.610999298095706,47.61799926757813,47.6259994506836,47.63600006103516,47.64440002441406,47.64515991210938,47.63766021728516,47.6386604309082,47.63666000366211,47.63726043701172,47.63950042724609,47.65,47.65099945068359,47.65299987792969,47.65199966430664,47.64599990844727,47.64400024414063,47.64500045776367,47.64300003051758,47.63899993896485,47.63600006103516,47.63399963378906,47.62699966430664,47.62799987792969,47.62600021362304,47.62900009155273,47.627000427246095,47.62600021362304,47.62900009155273,47.63499984741211,47.63699951171875,47.64199981689453,47.64820022583008,47.6431999206543,47.6414794921875,47.64448013305664,47.64547958374023,47.64427947998047,47.64227981567383,47.64400024414063,47.65400009155273,47.662000274658205,47.6740005493164,47.68800048828125,47.70000076293945,47.7010009765625,47.69700088500976,47.69300079345703,47.69400100708008,47.69300079345703,47.691000366210936,47.69900054931641,47.70500030517578,47.71300048828125,47.726000213623045,47.74897994995117,47.7679801940918,47.775980377197264,47.78397979736328,47.78498001098633,47.76900024414063,47.75899963378906,47.76205978393555,47.76605987548828,47.76905975341797,47.77755966186523,47.78356018066406,47.791500091552734,47.79449996948242,47.80352020263672,47.81502075195313,47.82502059936523,47.83902053833008,47.85102081298828,47.85230026245117,47.85029983520508,47.840380096435545,47.821379852294925,47.79837951660157,47.787879943847656,47.79087982177735,47.79879989624023,47.806800079345706,47.82980041503906,47.84600067138672,47.854000854492185,47.85900039672852,47.87099990844727,47.87299957275391,47.87899932861328,47.87999954223633,47.88399963378906,47.89199981689453,47.90999984741211,47.92699966430664,47.95299911499024,47.98299942016602,48.01499938964844,48.04273986816406,48.06574020385742,48.08074035644531,48.08873977661133,48.09474029541016,48.10599975585937,48.12799987792969,48.15,48.18199996948242,48.19799957275391,48.202999877929685,48.20199966430664,48.19300003051758,48.18199996948242,48.1870002746582,48.2533203125,48.34532012939453,48.48331985473633,48.6283203125,48.76811981201172,48.8197998046875,48.85607986450195,48.85607986450195,48.855079650878906,48.84328002929688,48.83127975463867,48.81699981689453,48.8249397277832,48.83893966674805,48.85493927001953,48.892939758300784,48.92293930053711,48.9109992980957,48.8979995727539,48.88399963378906,48.86899948120117,48.863999938964845,48.88099975585938,48.87699966430664,48.87844009399414,48.90543975830078,48.90143966674805,48.89593963623047,48.90493927001953,48.90849914550781,48.88449935913086,48.88249969482422,48.87799987792969,48.87799987792969,48.86899948120117,48.869999694824216,48.87799911499023,48.885999298095705,48.882999420166016,48.90597991943359,48.92697982788086,48.93198013305664,48.9409797668457,48.94598007202149,48.94700012207032,48.93899993896484,48.93399963378906,48.92699966430664,48.92271957397461,48.91971969604492,48.923719787597655,48.92572021484375,48.93472061157227,48.93300094604492,48.93042068481445,48.92142105102539,48.90842056274414,48.90142059326172,48.9074203491211,48.899000549316405,48.91300048828125,48.9390007019043,48.954000854492186,48.97100067138672,48.999000549316406,49.008000183105466,48.99026031494141,48.97628021240234,48.95628051757812,48.925279998779295,48.90126037597656,48.90400009155273,48.89497985839844,48.89497985839844,48.90197982788086,48.905999755859376,48.91399993896484,48.91999969482422,48.91399917602539,48.90199966430664,48.905999755859376,48.89599990844727,48.9,48.90800018310547,48.920999908447264,48.92399978637695,48.94599990844726,48.96399993896485,48.98400039672852,49.00000076293945,49.01600036621094,49.01717987060547,49.01417999267578,49.0091796875,49.01117935180664,49.00017929077149,48.99699935913086,48.99749908447266,48.99649887084961,48.98849868774414,48.980499267578125,48.968499755859376,48.95500030517578,48.94300079345703,48.92900085449219,48.91276092529297,48.91076049804688,48.91875991821289,48.93675994873047,48.9557601928711,48.99300003051758,49.027000427246094,49.0640007019043,49.1020004272461,49.13424072265625,49.16624069213867,49.17824020385742,49.1622200012207,49.147219848632815,49.12533950805664,49.091339111328125,49.06433944702148,49.04835968017578,49.02435989379883,49.01399993896485,49.01300048828125,49.01500015258789,49.01399993896485,49.00699996948242,49.00400009155273,48.99199981689453,48.99000015258789,49.00300064086914,49.01700057983398,49.037000274658205,49.07560043334961,49.10860061645508,49.13074035644532,49.15373992919922,49.1717399597168,49.16913986206055,49.159139251708986,49.1479995727539,49.137000274658206,49.127000427246095,49.12200012207031,49.13000030517578,49.14400024414063,49.147159576416016,49.14515991210938,49.14815979003906,49.13115997314453,49.10915985107422,49.09800033569336,49.09962005615235,49.09510040283203,49.09710006713867,49.1019401550293,49.10093994140625,49.0913200378418,49.08583984375,49.086840057373045,49.08300018310547,49.091000366210935,49.09200057983399,49.09200057983399,49.09800033569336,49.11100006103516,49.11697998046875,49.12397994995117,49.135980224609376,49.135980224609376,49.134980010986325,49.14099960327148,49.14699935913086,49.1489990234375,49.14099960327148,49.12799987792969,49.10699996948242,49.09099960327149,49.07373962402344,49.068739318847655,49.068739318847655,49.07273941040039,49.075,49.08825988769532,49.10525970458984,49.11425933837891,49.12125930786133,49.13199920654297,49.13099975585938,49.12699966430664,49.13099975585938,49.14800033569336,49.17399978637695,49.19699935913086,49.22199935913086,49.23699951171875,49.23899917602539,49.2259994506836,49.21699981689453,49.20800018310547,49.21399993896485,49.22200012207031,49.23000030517578,49.23460006713867,49.23659973144531,49.23359985351563,49.22459945678711,49.21859970092773,49.21399993896485,49.20600051879883,49.20000076293945,49.198001098632815,49.19600067138672,49.19700088500976,49.20498046875,49.21298065185547,49.21598052978516,49.21598052978516,49.213600158691406,49.20562057495117,49.1976203918457,49.19962005615234,49.20561981201172,49.21599960327149,49.22799911499023,49.23399887084961,49.24399948120117,49.25299987792969,49.25599975585938,49.26100006103516,49.26399993896485,49.25999984741211,49.25999984741211,49.26500015258789,49.26302032470703,49.26302032470703,49.26501998901367,49.26701965332031,49.26701965332031,49.27199935913086,49.2879997253418,49.29899978637695,49.3,49.29800033569336,49.29400024414063,49.28400039672852,49.26800079345704,49.255001068115234,49.25400085449219,49.25800094604492,49.24758071899414,49.25148010253906,49.253179931640624,49.24417953491211,49.23117980957032,49.23460006713867,49.23170013427735,49.23199996948242,49.23300018310547,49.23399963378906,49.21859893798828,49.20059890747071,49.18159866333008,49.16659851074219,49.14759902954101,49.14999923706055,49.15297927856445,49.147979736328125,49.13198013305664,49.11997985839844,49.09598007202148,49.07402038574219,49.06203994750977,49.064039611816405,49.06875991821289,49.0907600402832,49.10721969604492,49.1215202331543,49.119520568847655,49.11980056762695,49.10780029296875,49.10032043457032,49.09500045776368,49.09800033569336,49.09500045776368,49.094000244140624,49.09600067138672,49.10900039672852,49.127000427246095,49.14573974609375,49.161740112304685,49.17473983764648,49.17773971557617,49.17673950195312,49.177999877929686,49.170999908447264,49.155999755859376,49.14400024414063,49.13200073242187,49.11600036621094,49.10900039672852,49.114000701904295,49.114000701904295,49.114000701904295,49.11800079345703,49.117120361328126,49.11412048339844,49.1111198425293,49.10211944580078,49.094120025634766,49.08600006103516,49.0759994506836,49.06999969482422,49.06800003051758,49.06699981689453,49.06900024414063,49.07300033569336,49.07500076293945,49.08200073242188,49.08800048828125,49.09600067138672,49.10300064086914,49.11300048828125,49.12099990844727,49.1244400024414,49.128439331054686,49.13343963623047,49.13643951416016,49.13643951416016,49.14399948120117,49.14899978637696,49.15199966430664,49.154999542236325,49.15,49.13899993896485,49.12099990844727,49.10599975585937,49.09700012207031,49.10149993896484,49.1125,49.128500366210936,49.14650039672851,49.15950012207031,49.168000030517575,49.17300033569336,49.180999755859375,49.17399978637695,49.16699981689453,49.15500030517578,49.14300003051758,49.13000030517578,49.13000030517578,49.13499984741211,49.145999145507815,49.145999145507815,49.1489990234375,49.14199905395508,49.12899932861328,49.11800003051758,49.10800018310547,49.09900054931641,49.09700088500976,49.09200134277344,49.08700103759766,49.09300079345703,49.09900054931641,49.10900039672852,49.113999938964845,49.11699981689453,49.12099990844727,49.11100006103516,49.09700012207031,49.09700012207031,49.10299987792969,49.10899963378906,49.12499923706055,49.1489990234375,49.17099914550781,49.17999954223633,49.19000015258789,49.19600067138672,49.19400100708008,49.17800064086914,49.165000915527344,49.149000549316405,49.14200057983398,49.13600006103516,49.13500061035156,49.13600006103516,49.13400039672852,49.11600036621094,49.0890007019043,49.091000366210935,49.10000076293945,49.10300064086914,49.13480072021484,49.17380065917969,49.18080062866211,49.17480010986328,49.17379989624023,49.16399917602539,49.14699935913086,49.13199920654297,49.1161994934082,49.091119384765626,49.05512008666992,49.03811950683594,49.02811965942383,49.02991943359375,49.045999908447264,49.06199951171875,49.0572395324707,49.052239990234376,49.03724060058594,49.00624008178711,48.9582405090332,48.94700088500976,48.93600082397461,48.935000610351565,2
  +46.89766006469726,46.98366012573242,47.05666046142578,47.13828048706055,47.25962066650391,47.34162063598633,47.386620330810544,47.467620086669925,47.49899978637696,47.52899932861328,47.59199981689453,47.64099960327148,47.63481979370117,47.64381942749024,47.64281997680664,47.63582000732422,47.65082015991211,47.65849990844727,47.6875,47.68649978637696,47.63957977294922,47.59357986450196,47.56208038330078,47.51708068847656,47.544080352783205,47.62399978637696,47.68499984741211,47.74199981689453,47.7879997253418,47.763980102539065,47.70214004516602,47.64514007568359,47.57480010986328,47.5197998046875,47.49781951904297,47.494659423828125,47.51065979003906,47.52899932861328,47.542999267578125,47.5609992980957,47.56800003051758,47.56699981689453,47.58399963378906,47.5870002746582,47.5640007019043,47.55300064086914,47.53040084838867,47.50940093994141,47.492060852050784,47.49606094360352,47.5000602722168,47.52666015625,47.55666046142578,47.60900039672852,47.64800033569336,47.665000915527344,47.672000885009766,47.65800094604492,47.63298110961914,47.62298049926758,47.6279800415039,47.6059799194336,47.60447998046875,47.58531951904297,47.55531997680664,47.53731994628906,47.54832000732422,47.5418197631836,47.55699996948242,47.56699981689453,47.552999877929686,47.53899993896484,47.53000030517578,47.51500015258789,47.51700057983398,47.53500061035156,47.54800033569336,47.56864013671875,47.586640167236325,47.59763946533203,47.6176399230957,47.65164031982422,47.67700042724609,47.71202087402344,47.7600212097168,47.78116073608398,47.79416046142578,47.80615997314453,47.81013946533203,47.7811393737793,47.7729995727539,47.74899978637696,47.73300018310547,47.7270004272461,47.72500076293945,47.723001098632814,47.74100112915039,47.75600128173828,47.74200134277344,47.73000106811524,47.71200103759766,47.69000091552734,47.665000915527344,47.66800079345703,47.672000885009766,47.685000610351565,47.69600067138672,47.70200042724609,47.67900009155274,47.66999969482422,47.654999542236325,47.63699951171875,47.62299957275391,47.619999694824216,47.60199966430664,47.5759994506836,47.54801940917969,47.51701965332031,47.48302001953125,47.45802001953125,47.44302062988281,47.44700012207032,47.45999984741211,47.50199966430664,47.55800018310547,47.608740234375,47.6477409362793,47.68374099731445,47.691741180419925,47.6847412109375,47.68000106811523,47.67300033569336,47.65999984741211,47.64300003051758,47.60759963989258,47.56659927368164,47.51859970092774,47.49059982299805,47.47259979248047,47.48499984741211,47.49476013183594,47.51376037597656,47.50676040649414,47.50075988769531,47.483760070800784,47.475,47.46800003051758,47.47300033569336,47.48600082397461,47.50300064086914,47.51700057983398,47.51800003051758,47.49899978637696,47.472459411621095,47.44345932006836,47.41845932006836,47.39745941162109,47.395459747314455,47.40099945068359,47.39985961914063,47.40285949707031,47.41385955810547,47.426859283447264,47.423859405517575,47.4359992980957,47.43399963378906,47.42599945068359,47.4129997253418,47.40199966430664,47.383000183105466,47.37399978637696,47.369999694824216,47.37899932861328,47.39199981689453,47.40399932861328,47.417999267578125,47.4359992980957,47.44199981689453,47.44241943359375,47.44641952514648,47.44741973876953,47.43641967773438,47.44343948364258,47.45601959228516,47.45901947021484,47.46801986694336,47.48702011108399,47.494999694824216,47.50299987792969,47.5129997253418,47.51899948120117,47.51771926879883,47.50871963500977,47.494719696044925,47.49171981811524,47.48671951293945,47.48600006103516,47.4870002746582,47.49899978637696,47.50299987792969,47.50900039672852,47.51399993896485,47.5229995727539,47.52799987792969,47.52799987792969,47.52599945068359,47.529999542236325,47.53199920654297,47.53099899291992,47.5351188659668,47.54111862182617,47.53811874389648,47.53811874389648,47.54011917114258,47.53999938964844,47.5393798828125,47.54137954711914,47.5393798828125,47.53737945556641,47.53837966918945,47.54699935913086,47.56199951171875,47.57505950927735,47.59605941772461,47.61305923461914,47.61905975341797,47.607060241699216,47.58899993896485,47.57099990844726,47.55499954223633,47.53999938964844,47.54399948120117,47.56199951171875,47.56999969482422,47.580999755859374,47.5859992980957,47.58099899291992,47.57099914550781,47.56729965209961,47.56093978881836,47.55894012451172,47.55894012451172,47.559540557861325,47.55523986816407,47.55859985351562,47.565599822998045,47.57459945678711,47.58399887084961,47.58999938964844,47.58999938964844,47.58699951171875,47.57699966430664,47.57300033569336,47.56900024414063,47.56300048828125,47.55699996948242,47.555999755859375,47.55099945068359,47.555999755859375,47.568999481201175,47.58399963378906,47.59599990844727,47.60599975585937,47.609999084472655,47.606999206542966,47.610999298095706,47.61799926757813,47.6259994506836,47.63600006103516,47.64440002441406,47.64515991210938,47.63766021728516,47.6386604309082,47.63666000366211,47.63726043701172,47.63950042724609,47.65,47.65099945068359,47.65299987792969,47.65199966430664,47.64599990844727,47.64400024414063,47.64500045776367,47.64300003051758,47.63899993896485,47.63600006103516,47.63399963378906,47.62699966430664,47.62799987792969,47.62600021362304,47.62900009155273,47.627000427246095,47.62600021362304,47.62900009155273,47.63499984741211,47.63699951171875,47.64199981689453,47.64820022583008,47.6431999206543,47.6414794921875,47.64448013305664,47.64547958374023,47.64427947998047,47.64227981567383,47.64400024414063,47.65400009155273,47.662000274658205,47.6740005493164,47.68800048828125,47.70000076293945,47.7010009765625,47.69700088500976,47.69300079345703,47.69400100708008,47.69300079345703,47.691000366210936,47.69900054931641,47.70500030517578,47.71300048828125,47.726000213623045,47.74897994995117,47.7679801940918,47.775980377197264,47.78397979736328,47.78498001098633,47.76900024414063,47.75899963378906,47.76205978393555,47.76605987548828,47.76905975341797,47.77755966186523,47.78356018066406,47.791500091552734,47.79449996948242,47.80352020263672,47.81502075195313,47.82502059936523,47.83902053833008,47.85102081298828,47.85230026245117,47.85029983520508,47.840380096435545,47.821379852294925,47.79837951660157,47.787879943847656,47.79087982177735,47.79879989624023,47.806800079345706,47.82980041503906,47.84600067138672,47.854000854492185,47.85900039672852,47.87099990844727,47.87299957275391,47.87899932861328,47.87999954223633,47.88399963378906,47.89199981689453,47.90999984741211,47.92699966430664,47.95299911499024,47.98299942016602,48.01499938964844,48.04273986816406,48.06574020385742,48.08074035644531,48.08873977661133,48.09474029541016,48.10599975585937,48.12799987792969,48.15,48.18199996948242,48.19799957275391,48.202999877929685,48.20199966430664,48.19300003051758,48.18199996948242,48.1870002746582,48.2533203125,48.34532012939453,48.48331985473633,48.6283203125,48.76811981201172,48.8197998046875,48.85607986450195,48.85607986450195,48.855079650878906,48.84328002929688,48.83127975463867,48.81699981689453,48.8249397277832,48.83893966674805,48.85493927001953,48.892939758300784,48.92293930053711,48.9109992980957,48.8979995727539,48.88399963378906,48.86899948120117,48.863999938964845,48.88099975585938,48.87699966430664,48.87844009399414,48.90543975830078,48.90143966674805,48.89593963623047,48.90493927001953,48.90849914550781,48.88449935913086,48.88249969482422,48.87799987792969,48.87799987792969,48.86899948120117,48.869999694824216,48.87799911499023,48.885999298095705,48.882999420166016,48.90597991943359,48.92697982788086,48.93198013305664,48.9409797668457,48.94598007202149,48.94700012207032,48.93899993896484,48.93399963378906,48.92699966430664,48.92271957397461,48.91971969604492,48.923719787597655,48.92572021484375,48.93472061157227,48.93300094604492,48.93042068481445,48.92142105102539,48.90842056274414,48.90142059326172,48.9074203491211,48.899000549316405,48.91300048828125,48.9390007019043,48.954000854492186,48.97100067138672,48.999000549316406,49.008000183105466,48.99026031494141,48.97628021240234,48.95628051757812,48.925279998779295,48.90126037597656,48.90400009155273,48.89497985839844,48.89497985839844,48.90197982788086,48.905999755859376,48.91399993896484,48.91999969482422,48.91399917602539,48.90199966430664,48.905999755859376,48.89599990844727,48.9,48.90800018310547,48.920999908447264,48.92399978637695,48.94599990844726,48.96399993896485,48.98400039672852,49.00000076293945,49.01600036621094,49.01717987060547,49.01417999267578,49.0091796875,49.01117935180664,49.00017929077149,48.99699935913086,48.99749908447266,48.99649887084961,48.98849868774414,48.980499267578125,48.968499755859376,48.95500030517578,48.94300079345703,48.92900085449219,48.91276092529297,48.91076049804688,48.91875991821289,48.93675994873047,48.9557601928711,48.99300003051758,49.027000427246094,49.0640007019043,49.1020004272461,49.13424072265625,49.16624069213867,49.17824020385742,49.1622200012207,49.147219848632815,49.12533950805664,49.091339111328125,49.06433944702148,49.04835968017578,49.02435989379883,49.01399993896485,49.01300048828125,49.01500015258789,49.01399993896485,49.00699996948242,49.00400009155273,48.99199981689453,48.99000015258789,49.00300064086914,49.01700057983398,49.037000274658205,49.07560043334961,49.10860061645508,49.13074035644532,49.15373992919922,49.1717399597168,49.16913986206055,49.159139251708986,49.1479995727539,49.137000274658206,49.127000427246095,49.12200012207031,49.13000030517578,49.14400024414063,49.147159576416016,49.14515991210938,49.14815979003906,49.13115997314453,49.10915985107422,49.09800033569336,49.09962005615235,49.09510040283203,49.09710006713867,49.1019401550293,49.10093994140625,49.0913200378418,49.08583984375,49.086840057373045,49.08300018310547,49.091000366210935,49.09200057983399,49.09200057983399,49.09800033569336,49.11100006103516,49.11697998046875,49.12397994995117,49.135980224609376,49.135980224609376,49.134980010986325,49.14099960327148,49.14699935913086,49.1489990234375,49.14099960327148,49.12799987792969,49.10699996948242,49.09099960327149,49.07373962402344,49.068739318847655,49.068739318847655,49.07273941040039,49.075,49.08825988769532,49.10525970458984,49.11425933837891,49.12125930786133,49.13199920654297,49.13099975585938,49.12699966430664,49.13099975585938,49.14800033569336,49.17399978637695,49.19699935913086,49.22199935913086,49.23699951171875,49.23899917602539,49.2259994506836,49.21699981689453,49.20800018310547,49.21399993896485,49.22200012207031,49.23000030517578,49.23460006713867,49.23659973144531,49.23359985351563,49.22459945678711,49.21859970092773,49.21399993896485,49.20600051879883,49.20000076293945,49.198001098632815,49.19600067138672,49.19700088500976,49.20498046875,49.21298065185547,49.21598052978516,49.21598052978516,49.213600158691406,49.20562057495117,49.1976203918457,49.19962005615234,49.20561981201172,49.21599960327149,49.22799911499023,49.23399887084961,49.24399948120117,49.25299987792969,49.25599975585938,49.26100006103516,49.26399993896485,49.25999984741211,49.25999984741211,49.26500015258789,49.26302032470703,49.26302032470703,49.26501998901367,49.26701965332031,49.26701965332031,49.27199935913086,49.2879997253418,49.29899978637695,49.3,49.29800033569336,49.29400024414063,49.28400039672852,49.26800079345704,49.255001068115234,49.25400085449219,49.25800094604492,49.24758071899414,49.25148010253906,49.253179931640624,49.24417953491211,49.23117980957032,49.23460006713867,49.23170013427735,49.23199996948242,49.23300018310547,49.23399963378906,49.21859893798828,49.20059890747071,49.18159866333008,49.16659851074219,49.14759902954101,49.14999923706055,49.15297927856445,49.147979736328125,49.13198013305664,49.11997985839844,49.09598007202148,49.07402038574219,49.06203994750977,49.064039611816405,49.06875991821289,49.0907600402832,49.10721969604492,49.1215202331543,49.119520568847655,49.11980056762695,49.10780029296875,49.10032043457032,49.09500045776368,49.09800033569336,49.09500045776368,49.094000244140624,49.09600067138672,49.10900039672852,49.127000427246095,49.14573974609375,49.161740112304685,49.17473983764648,49.17773971557617,49.17673950195312,49.177999877929686,49.170999908447264,49.155999755859376,49.14400024414063,49.13200073242187,49.11600036621094,49.10900039672852,49.114000701904295,49.114000701904295,49.114000701904295,49.11800079345703,49.117120361328126,49.11412048339844,49.1111198425293,49.10211944580078,49.094120025634766,49.08600006103516,49.0759994506836,49.06999969482422,49.06800003051758,49.06699981689453,49.06900024414063,49.07300033569336,49.07500076293945,49.08200073242188,49.08800048828125,49.09600067138672,49.10300064086914,49.11300048828125,49.12099990844727,49.1244400024414,49.128439331054686,49.13343963623047,49.13643951416016,49.13643951416016,49.14399948120117,49.14899978637696,49.15199966430664,49.154999542236325,49.15,49.13899993896485,49.12099990844727,49.10599975585937,49.09700012207031,49.10149993896484,49.1125,49.128500366210936,49.14650039672851,49.15950012207031,49.168000030517575,49.17300033569336,49.180999755859375,49.17399978637695,49.16699981689453,49.15500030517578,49.14300003051758,49.13000030517578,49.13000030517578,49.13499984741211,49.145999145507815,49.145999145507815,49.1489990234375,49.14199905395508,49.12899932861328,49.11800003051758,49.10800018310547,49.09900054931641,49.09700088500976,49.09200134277344,49.08700103759766,49.09300079345703,49.09900054931641,49.10900039672852,49.113999938964845,49.11699981689453,49.12099990844727,49.11100006103516,49.09700012207031,49.09700012207031,49.10299987792969,49.10899963378906,49.12499923706055,49.1489990234375,49.17099914550781,49.17999954223633,49.19000015258789,49.19600067138672,49.19400100708008,49.17800064086914,49.165000915527344,49.149000549316405,49.14200057983398,49.13600006103516,49.13500061035156,49.13600006103516,49.13400039672852,49.11600036621094,49.0890007019043,49.091000366210935,49.10000076293945,49.10300064086914,49.13480072021484,49.17380065917969,49.18080062866211,49.17480010986328,49.17379989624023,49.16399917602539,49.14699935913086,49.13199920654297,49.1161994934082,49.091119384765626,49.05512008666992,49.03811950683594,49.02811965942383,49.02991943359375,49.045999908447264,49.06199951171875,49.0572395324707,49.052239990234376,49.03724060058594,49.00624008178711,48.9582405090332,48.94700088500976,48.93600082397461,48.935000610351565,48.954000854492186,2
  +46.98366012573242,47.05666046142578,47.13828048706055,47.25962066650391,47.34162063598633,47.386620330810544,47.467620086669925,47.49899978637696,47.52899932861328,47.59199981689453,47.64099960327148,47.63481979370117,47.64381942749024,47.64281997680664,47.63582000732422,47.65082015991211,47.65849990844727,47.6875,47.68649978637696,47.63957977294922,47.59357986450196,47.56208038330078,47.51708068847656,47.544080352783205,47.62399978637696,47.68499984741211,47.74199981689453,47.7879997253418,47.763980102539065,47.70214004516602,47.64514007568359,47.57480010986328,47.5197998046875,47.49781951904297,47.494659423828125,47.51065979003906,47.52899932861328,47.542999267578125,47.5609992980957,47.56800003051758,47.56699981689453,47.58399963378906,47.5870002746582,47.5640007019043,47.55300064086914,47.53040084838867,47.50940093994141,47.492060852050784,47.49606094360352,47.5000602722168,47.52666015625,47.55666046142578,47.60900039672852,47.64800033569336,47.665000915527344,47.672000885009766,47.65800094604492,47.63298110961914,47.62298049926758,47.6279800415039,47.6059799194336,47.60447998046875,47.58531951904297,47.55531997680664,47.53731994628906,47.54832000732422,47.5418197631836,47.55699996948242,47.56699981689453,47.552999877929686,47.53899993896484,47.53000030517578,47.51500015258789,47.51700057983398,47.53500061035156,47.54800033569336,47.56864013671875,47.586640167236325,47.59763946533203,47.6176399230957,47.65164031982422,47.67700042724609,47.71202087402344,47.7600212097168,47.78116073608398,47.79416046142578,47.80615997314453,47.81013946533203,47.7811393737793,47.7729995727539,47.74899978637696,47.73300018310547,47.7270004272461,47.72500076293945,47.723001098632814,47.74100112915039,47.75600128173828,47.74200134277344,47.73000106811524,47.71200103759766,47.69000091552734,47.665000915527344,47.66800079345703,47.672000885009766,47.685000610351565,47.69600067138672,47.70200042724609,47.67900009155274,47.66999969482422,47.654999542236325,47.63699951171875,47.62299957275391,47.619999694824216,47.60199966430664,47.5759994506836,47.54801940917969,47.51701965332031,47.48302001953125,47.45802001953125,47.44302062988281,47.44700012207032,47.45999984741211,47.50199966430664,47.55800018310547,47.608740234375,47.6477409362793,47.68374099731445,47.691741180419925,47.6847412109375,47.68000106811523,47.67300033569336,47.65999984741211,47.64300003051758,47.60759963989258,47.56659927368164,47.51859970092774,47.49059982299805,47.47259979248047,47.48499984741211,47.49476013183594,47.51376037597656,47.50676040649414,47.50075988769531,47.483760070800784,47.475,47.46800003051758,47.47300033569336,47.48600082397461,47.50300064086914,47.51700057983398,47.51800003051758,47.49899978637696,47.472459411621095,47.44345932006836,47.41845932006836,47.39745941162109,47.395459747314455,47.40099945068359,47.39985961914063,47.40285949707031,47.41385955810547,47.426859283447264,47.423859405517575,47.4359992980957,47.43399963378906,47.42599945068359,47.4129997253418,47.40199966430664,47.383000183105466,47.37399978637696,47.369999694824216,47.37899932861328,47.39199981689453,47.40399932861328,47.417999267578125,47.4359992980957,47.44199981689453,47.44241943359375,47.44641952514648,47.44741973876953,47.43641967773438,47.44343948364258,47.45601959228516,47.45901947021484,47.46801986694336,47.48702011108399,47.494999694824216,47.50299987792969,47.5129997253418,47.51899948120117,47.51771926879883,47.50871963500977,47.494719696044925,47.49171981811524,47.48671951293945,47.48600006103516,47.4870002746582,47.49899978637696,47.50299987792969,47.50900039672852,47.51399993896485,47.5229995727539,47.52799987792969,47.52799987792969,47.52599945068359,47.529999542236325,47.53199920654297,47.53099899291992,47.5351188659668,47.54111862182617,47.53811874389648,47.53811874389648,47.54011917114258,47.53999938964844,47.5393798828125,47.54137954711914,47.5393798828125,47.53737945556641,47.53837966918945,47.54699935913086,47.56199951171875,47.57505950927735,47.59605941772461,47.61305923461914,47.61905975341797,47.607060241699216,47.58899993896485,47.57099990844726,47.55499954223633,47.53999938964844,47.54399948120117,47.56199951171875,47.56999969482422,47.580999755859374,47.5859992980957,47.58099899291992,47.57099914550781,47.56729965209961,47.56093978881836,47.55894012451172,47.55894012451172,47.559540557861325,47.55523986816407,47.55859985351562,47.565599822998045,47.57459945678711,47.58399887084961,47.58999938964844,47.58999938964844,47.58699951171875,47.57699966430664,47.57300033569336,47.56900024414063,47.56300048828125,47.55699996948242,47.555999755859375,47.55099945068359,47.555999755859375,47.568999481201175,47.58399963378906,47.59599990844727,47.60599975585937,47.609999084472655,47.606999206542966,47.610999298095706,47.61799926757813,47.6259994506836,47.63600006103516,47.64440002441406,47.64515991210938,47.63766021728516,47.6386604309082,47.63666000366211,47.63726043701172,47.63950042724609,47.65,47.65099945068359,47.65299987792969,47.65199966430664,47.64599990844727,47.64400024414063,47.64500045776367,47.64300003051758,47.63899993896485,47.63600006103516,47.63399963378906,47.62699966430664,47.62799987792969,47.62600021362304,47.62900009155273,47.627000427246095,47.62600021362304,47.62900009155273,47.63499984741211,47.63699951171875,47.64199981689453,47.64820022583008,47.6431999206543,47.6414794921875,47.64448013305664,47.64547958374023,47.64427947998047,47.64227981567383,47.64400024414063,47.65400009155273,47.662000274658205,47.6740005493164,47.68800048828125,47.70000076293945,47.7010009765625,47.69700088500976,47.69300079345703,47.69400100708008,47.69300079345703,47.691000366210936,47.69900054931641,47.70500030517578,47.71300048828125,47.726000213623045,47.74897994995117,47.7679801940918,47.775980377197264,47.78397979736328,47.78498001098633,47.76900024414063,47.75899963378906,47.76205978393555,47.76605987548828,47.76905975341797,47.77755966186523,47.78356018066406,47.791500091552734,47.79449996948242,47.80352020263672,47.81502075195313,47.82502059936523,47.83902053833008,47.85102081298828,47.85230026245117,47.85029983520508,47.840380096435545,47.821379852294925,47.79837951660157,47.787879943847656,47.79087982177735,47.79879989624023,47.806800079345706,47.82980041503906,47.84600067138672,47.854000854492185,47.85900039672852,47.87099990844727,47.87299957275391,47.87899932861328,47.87999954223633,47.88399963378906,47.89199981689453,47.90999984741211,47.92699966430664,47.95299911499024,47.98299942016602,48.01499938964844,48.04273986816406,48.06574020385742,48.08074035644531,48.08873977661133,48.09474029541016,48.10599975585937,48.12799987792969,48.15,48.18199996948242,48.19799957275391,48.202999877929685,48.20199966430664,48.19300003051758,48.18199996948242,48.1870002746582,48.2533203125,48.34532012939453,48.48331985473633,48.6283203125,48.76811981201172,48.8197998046875,48.85607986450195,48.85607986450195,48.855079650878906,48.84328002929688,48.83127975463867,48.81699981689453,48.8249397277832,48.83893966674805,48.85493927001953,48.892939758300784,48.92293930053711,48.9109992980957,48.8979995727539,48.88399963378906,48.86899948120117,48.863999938964845,48.88099975585938,48.87699966430664,48.87844009399414,48.90543975830078,48.90143966674805,48.89593963623047,48.90493927001953,48.90849914550781,48.88449935913086,48.88249969482422,48.87799987792969,48.87799987792969,48.86899948120117,48.869999694824216,48.87799911499023,48.885999298095705,48.882999420166016,48.90597991943359,48.92697982788086,48.93198013305664,48.9409797668457,48.94598007202149,48.94700012207032,48.93899993896484,48.93399963378906,48.92699966430664,48.92271957397461,48.91971969604492,48.923719787597655,48.92572021484375,48.93472061157227,48.93300094604492,48.93042068481445,48.92142105102539,48.90842056274414,48.90142059326172,48.9074203491211,48.899000549316405,48.91300048828125,48.9390007019043,48.954000854492186,48.97100067138672,48.999000549316406,49.008000183105466,48.99026031494141,48.97628021240234,48.95628051757812,48.925279998779295,48.90126037597656,48.90400009155273,48.89497985839844,48.89497985839844,48.90197982788086,48.905999755859376,48.91399993896484,48.91999969482422,48.91399917602539,48.90199966430664,48.905999755859376,48.89599990844727,48.9,48.90800018310547,48.920999908447264,48.92399978637695,48.94599990844726,48.96399993896485,48.98400039672852,49.00000076293945,49.01600036621094,49.01717987060547,49.01417999267578,49.0091796875,49.01117935180664,49.00017929077149,48.99699935913086,48.99749908447266,48.99649887084961,48.98849868774414,48.980499267578125,48.968499755859376,48.95500030517578,48.94300079345703,48.92900085449219,48.91276092529297,48.91076049804688,48.91875991821289,48.93675994873047,48.9557601928711,48.99300003051758,49.027000427246094,49.0640007019043,49.1020004272461,49.13424072265625,49.16624069213867,49.17824020385742,49.1622200012207,49.147219848632815,49.12533950805664,49.091339111328125,49.06433944702148,49.04835968017578,49.02435989379883,49.01399993896485,49.01300048828125,49.01500015258789,49.01399993896485,49.00699996948242,49.00400009155273,48.99199981689453,48.99000015258789,49.00300064086914,49.01700057983398,49.037000274658205,49.07560043334961,49.10860061645508,49.13074035644532,49.15373992919922,49.1717399597168,49.16913986206055,49.159139251708986,49.1479995727539,49.137000274658206,49.127000427246095,49.12200012207031,49.13000030517578,49.14400024414063,49.147159576416016,49.14515991210938,49.14815979003906,49.13115997314453,49.10915985107422,49.09800033569336,49.09962005615235,49.09510040283203,49.09710006713867,49.1019401550293,49.10093994140625,49.0913200378418,49.08583984375,49.086840057373045,49.08300018310547,49.091000366210935,49.09200057983399,49.09200057983399,49.09800033569336,49.11100006103516,49.11697998046875,49.12397994995117,49.135980224609376,49.135980224609376,49.134980010986325,49.14099960327148,49.14699935913086,49.1489990234375,49.14099960327148,49.12799987792969,49.10699996948242,49.09099960327149,49.07373962402344,49.068739318847655,49.068739318847655,49.07273941040039,49.075,49.08825988769532,49.10525970458984,49.11425933837891,49.12125930786133,49.13199920654297,49.13099975585938,49.12699966430664,49.13099975585938,49.14800033569336,49.17399978637695,49.19699935913086,49.22199935913086,49.23699951171875,49.23899917602539,49.2259994506836,49.21699981689453,49.20800018310547,49.21399993896485,49.22200012207031,49.23000030517578,49.23460006713867,49.23659973144531,49.23359985351563,49.22459945678711,49.21859970092773,49.21399993896485,49.20600051879883,49.20000076293945,49.198001098632815,49.19600067138672,49.19700088500976,49.20498046875,49.21298065185547,49.21598052978516,49.21598052978516,49.213600158691406,49.20562057495117,49.1976203918457,49.19962005615234,49.20561981201172,49.21599960327149,49.22799911499023,49.23399887084961,49.24399948120117,49.25299987792969,49.25599975585938,49.26100006103516,49.26399993896485,49.25999984741211,49.25999984741211,49.26500015258789,49.26302032470703,49.26302032470703,49.26501998901367,49.26701965332031,49.26701965332031,49.27199935913086,49.2879997253418,49.29899978637695,49.3,49.29800033569336,49.29400024414063,49.28400039672852,49.26800079345704,49.255001068115234,49.25400085449219,49.25800094604492,49.24758071899414,49.25148010253906,49.253179931640624,49.24417953491211,49.23117980957032,49.23460006713867,49.23170013427735,49.23199996948242,49.23300018310547,49.23399963378906,49.21859893798828,49.20059890747071,49.18159866333008,49.16659851074219,49.14759902954101,49.14999923706055,49.15297927856445,49.147979736328125,49.13198013305664,49.11997985839844,49.09598007202148,49.07402038574219,49.06203994750977,49.064039611816405,49.06875991821289,49.0907600402832,49.10721969604492,49.1215202331543,49.119520568847655,49.11980056762695,49.10780029296875,49.10032043457032,49.09500045776368,49.09800033569336,49.09500045776368,49.094000244140624,49.09600067138672,49.10900039672852,49.127000427246095,49.14573974609375,49.161740112304685,49.17473983764648,49.17773971557617,49.17673950195312,49.177999877929686,49.170999908447264,49.155999755859376,49.14400024414063,49.13200073242187,49.11600036621094,49.10900039672852,49.114000701904295,49.114000701904295,49.114000701904295,49.11800079345703,49.117120361328126,49.11412048339844,49.1111198425293,49.10211944580078,49.094120025634766,49.08600006103516,49.0759994506836,49.06999969482422,49.06800003051758,49.06699981689453,49.06900024414063,49.07300033569336,49.07500076293945,49.08200073242188,49.08800048828125,49.09600067138672,49.10300064086914,49.11300048828125,49.12099990844727,49.1244400024414,49.128439331054686,49.13343963623047,49.13643951416016,49.13643951416016,49.14399948120117,49.14899978637696,49.15199966430664,49.154999542236325,49.15,49.13899993896485,49.12099990844727,49.10599975585937,49.09700012207031,49.10149993896484,49.1125,49.128500366210936,49.14650039672851,49.15950012207031,49.168000030517575,49.17300033569336,49.180999755859375,49.17399978637695,49.16699981689453,49.15500030517578,49.14300003051758,49.13000030517578,49.13000030517578,49.13499984741211,49.145999145507815,49.145999145507815,49.1489990234375,49.14199905395508,49.12899932861328,49.11800003051758,49.10800018310547,49.09900054931641,49.09700088500976,49.09200134277344,49.08700103759766,49.09300079345703,49.09900054931641,49.10900039672852,49.113999938964845,49.11699981689453,49.12099990844727,49.11100006103516,49.09700012207031,49.09700012207031,49.10299987792969,49.10899963378906,49.12499923706055,49.1489990234375,49.17099914550781,49.17999954223633,49.19000015258789,49.19600067138672,49.19400100708008,49.17800064086914,49.165000915527344,49.149000549316405,49.14200057983398,49.13600006103516,49.13500061035156,49.13600006103516,49.13400039672852,49.11600036621094,49.0890007019043,49.091000366210935,49.10000076293945,49.10300064086914,49.13480072021484,49.17380065917969,49.18080062866211,49.17480010986328,49.17379989624023,49.16399917602539,49.14699935913086,49.13199920654297,49.1161994934082,49.091119384765626,49.05512008666992,49.03811950683594,49.02811965942383,49.02991943359375,49.045999908447264,49.06199951171875,49.0572395324707,49.052239990234376,49.03724060058594,49.00624008178711,48.9582405090332,48.94700088500976,48.93600082397461,48.935000610351565,48.954000854492186,48.98300018310547,0
  +47.05666046142578,47.13828048706055,47.25962066650391,47.34162063598633,47.386620330810544,47.467620086669925,47.49899978637696,47.52899932861328,47.59199981689453,47.64099960327148,47.63481979370117,47.64381942749024,47.64281997680664,47.63582000732422,47.65082015991211,47.65849990844727,47.6875,47.68649978637696,47.63957977294922,47.59357986450196,47.56208038330078,47.51708068847656,47.544080352783205,47.62399978637696,47.68499984741211,47.74199981689453,47.7879997253418,47.763980102539065,47.70214004516602,47.64514007568359,47.57480010986328,47.5197998046875,47.49781951904297,47.494659423828125,47.51065979003906,47.52899932861328,47.542999267578125,47.5609992980957,47.56800003051758,47.56699981689453,47.58399963378906,47.5870002746582,47.5640007019043,47.55300064086914,47.53040084838867,47.50940093994141,47.492060852050784,47.49606094360352,47.5000602722168,47.52666015625,47.55666046142578,47.60900039672852,47.64800033569336,47.665000915527344,47.672000885009766,47.65800094604492,47.63298110961914,47.62298049926758,47.6279800415039,47.6059799194336,47.60447998046875,47.58531951904297,47.55531997680664,47.53731994628906,47.54832000732422,47.5418197631836,47.55699996948242,47.56699981689453,47.552999877929686,47.53899993896484,47.53000030517578,47.51500015258789,47.51700057983398,47.53500061035156,47.54800033569336,47.56864013671875,47.586640167236325,47.59763946533203,47.6176399230957,47.65164031982422,47.67700042724609,47.71202087402344,47.7600212097168,47.78116073608398,47.79416046142578,47.80615997314453,47.81013946533203,47.7811393737793,47.7729995727539,47.74899978637696,47.73300018310547,47.7270004272461,47.72500076293945,47.723001098632814,47.74100112915039,47.75600128173828,47.74200134277344,47.73000106811524,47.71200103759766,47.69000091552734,47.665000915527344,47.66800079345703,47.672000885009766,47.685000610351565,47.69600067138672,47.70200042724609,47.67900009155274,47.66999969482422,47.654999542236325,47.63699951171875,47.62299957275391,47.619999694824216,47.60199966430664,47.5759994506836,47.54801940917969,47.51701965332031,47.48302001953125,47.45802001953125,47.44302062988281,47.44700012207032,47.45999984741211,47.50199966430664,47.55800018310547,47.608740234375,47.6477409362793,47.68374099731445,47.691741180419925,47.6847412109375,47.68000106811523,47.67300033569336,47.65999984741211,47.64300003051758,47.60759963989258,47.56659927368164,47.51859970092774,47.49059982299805,47.47259979248047,47.48499984741211,47.49476013183594,47.51376037597656,47.50676040649414,47.50075988769531,47.483760070800784,47.475,47.46800003051758,47.47300033569336,47.48600082397461,47.50300064086914,47.51700057983398,47.51800003051758,47.49899978637696,47.472459411621095,47.44345932006836,47.41845932006836,47.39745941162109,47.395459747314455,47.40099945068359,47.39985961914063,47.40285949707031,47.41385955810547,47.426859283447264,47.423859405517575,47.4359992980957,47.43399963378906,47.42599945068359,47.4129997253418,47.40199966430664,47.383000183105466,47.37399978637696,47.369999694824216,47.37899932861328,47.39199981689453,47.40399932861328,47.417999267578125,47.4359992980957,47.44199981689453,47.44241943359375,47.44641952514648,47.44741973876953,47.43641967773438,47.44343948364258,47.45601959228516,47.45901947021484,47.46801986694336,47.48702011108399,47.494999694824216,47.50299987792969,47.5129997253418,47.51899948120117,47.51771926879883,47.50871963500977,47.494719696044925,47.49171981811524,47.48671951293945,47.48600006103516,47.4870002746582,47.49899978637696,47.50299987792969,47.50900039672852,47.51399993896485,47.5229995727539,47.52799987792969,47.52799987792969,47.52599945068359,47.529999542236325,47.53199920654297,47.53099899291992,47.5351188659668,47.54111862182617,47.53811874389648,47.53811874389648,47.54011917114258,47.53999938964844,47.5393798828125,47.54137954711914,47.5393798828125,47.53737945556641,47.53837966918945,47.54699935913086,47.56199951171875,47.57505950927735,47.59605941772461,47.61305923461914,47.61905975341797,47.607060241699216,47.58899993896485,47.57099990844726,47.55499954223633,47.53999938964844,47.54399948120117,47.56199951171875,47.56999969482422,47.580999755859374,47.5859992980957,47.58099899291992,47.57099914550781,47.56729965209961,47.56093978881836,47.55894012451172,47.55894012451172,47.559540557861325,47.55523986816407,47.55859985351562,47.565599822998045,47.57459945678711,47.58399887084961,47.58999938964844,47.58999938964844,47.58699951171875,47.57699966430664,47.57300033569336,47.56900024414063,47.56300048828125,47.55699996948242,47.555999755859375,47.55099945068359,47.555999755859375,47.568999481201175,47.58399963378906,47.59599990844727,47.60599975585937,47.609999084472655,47.606999206542966,47.610999298095706,47.61799926757813,47.6259994506836,47.63600006103516,47.64440002441406,47.64515991210938,47.63766021728516,47.6386604309082,47.63666000366211,47.63726043701172,47.63950042724609,47.65,47.65099945068359,47.65299987792969,47.65199966430664,47.64599990844727,47.64400024414063,47.64500045776367,47.64300003051758,47.63899993896485,47.63600006103516,47.63399963378906,47.62699966430664,47.62799987792969,47.62600021362304,47.62900009155273,47.627000427246095,47.62600021362304,47.62900009155273,47.63499984741211,47.63699951171875,47.64199981689453,47.64820022583008,47.6431999206543,47.6414794921875,47.64448013305664,47.64547958374023,47.64427947998047,47.64227981567383,47.64400024414063,47.65400009155273,47.662000274658205,47.6740005493164,47.68800048828125,47.70000076293945,47.7010009765625,47.69700088500976,47.69300079345703,47.69400100708008,47.69300079345703,47.691000366210936,47.69900054931641,47.70500030517578,47.71300048828125,47.726000213623045,47.74897994995117,47.7679801940918,47.775980377197264,47.78397979736328,47.78498001098633,47.76900024414063,47.75899963378906,47.76205978393555,47.76605987548828,47.76905975341797,47.77755966186523,47.78356018066406,47.791500091552734,47.79449996948242,47.80352020263672,47.81502075195313,47.82502059936523,47.83902053833008,47.85102081298828,47.85230026245117,47.85029983520508,47.840380096435545,47.821379852294925,47.79837951660157,47.787879943847656,47.79087982177735,47.79879989624023,47.806800079345706,47.82980041503906,47.84600067138672,47.854000854492185,47.85900039672852,47.87099990844727,47.87299957275391,47.87899932861328,47.87999954223633,47.88399963378906,47.89199981689453,47.90999984741211,47.92699966430664,47.95299911499024,47.98299942016602,48.01499938964844,48.04273986816406,48.06574020385742,48.08074035644531,48.08873977661133,48.09474029541016,48.10599975585937,48.12799987792969,48.15,48.18199996948242,48.19799957275391,48.202999877929685,48.20199966430664,48.19300003051758,48.18199996948242,48.1870002746582,48.2533203125,48.34532012939453,48.48331985473633,48.6283203125,48.76811981201172,48.8197998046875,48.85607986450195,48.85607986450195,48.855079650878906,48.84328002929688,48.83127975463867,48.81699981689453,48.8249397277832,48.83893966674805,48.85493927001953,48.892939758300784,48.92293930053711,48.9109992980957,48.8979995727539,48.88399963378906,48.86899948120117,48.863999938964845,48.88099975585938,48.87699966430664,48.87844009399414,48.90543975830078,48.90143966674805,48.89593963623047,48.90493927001953,48.90849914550781,48.88449935913086,48.88249969482422,48.87799987792969,48.87799987792969,48.86899948120117,48.869999694824216,48.87799911499023,48.885999298095705,48.882999420166016,48.90597991943359,48.92697982788086,48.93198013305664,48.9409797668457,48.94598007202149,48.94700012207032,48.93899993896484,48.93399963378906,48.92699966430664,48.92271957397461,48.91971969604492,48.923719787597655,48.92572021484375,48.93472061157227,48.93300094604492,48.93042068481445,48.92142105102539,48.90842056274414,48.90142059326172,48.9074203491211,48.899000549316405,48.91300048828125,48.9390007019043,48.954000854492186,48.97100067138672,48.999000549316406,49.008000183105466,48.99026031494141,48.97628021240234,48.95628051757812,48.925279998779295,48.90126037597656,48.90400009155273,48.89497985839844,48.89497985839844,48.90197982788086,48.905999755859376,48.91399993896484,48.91999969482422,48.91399917602539,48.90199966430664,48.905999755859376,48.89599990844727,48.9,48.90800018310547,48.920999908447264,48.92399978637695,48.94599990844726,48.96399993896485,48.98400039672852,49.00000076293945,49.01600036621094,49.01717987060547,49.01417999267578,49.0091796875,49.01117935180664,49.00017929077149,48.99699935913086,48.99749908447266,48.99649887084961,48.98849868774414,48.980499267578125,48.968499755859376,48.95500030517578,48.94300079345703,48.92900085449219,48.91276092529297,48.91076049804688,48.91875991821289,48.93675994873047,48.9557601928711,48.99300003051758,49.027000427246094,49.0640007019043,49.1020004272461,49.13424072265625,49.16624069213867,49.17824020385742,49.1622200012207,49.147219848632815,49.12533950805664,49.091339111328125,49.06433944702148,49.04835968017578,49.02435989379883,49.01399993896485,49.01300048828125,49.01500015258789,49.01399993896485,49.00699996948242,49.00400009155273,48.99199981689453,48.99000015258789,49.00300064086914,49.01700057983398,49.037000274658205,49.07560043334961,49.10860061645508,49.13074035644532,49.15373992919922,49.1717399597168,49.16913986206055,49.159139251708986,49.1479995727539,49.137000274658206,49.127000427246095,49.12200012207031,49.13000030517578,49.14400024414063,49.147159576416016,49.14515991210938,49.14815979003906,49.13115997314453,49.10915985107422,49.09800033569336,49.09962005615235,49.09510040283203,49.09710006713867,49.1019401550293,49.10093994140625,49.0913200378418,49.08583984375,49.086840057373045,49.08300018310547,49.091000366210935,49.09200057983399,49.09200057983399,49.09800033569336,49.11100006103516,49.11697998046875,49.12397994995117,49.135980224609376,49.135980224609376,49.134980010986325,49.14099960327148,49.14699935913086,49.1489990234375,49.14099960327148,49.12799987792969,49.10699996948242,49.09099960327149,49.07373962402344,49.068739318847655,49.068739318847655,49.07273941040039,49.075,49.08825988769532,49.10525970458984,49.11425933837891,49.12125930786133,49.13199920654297,49.13099975585938,49.12699966430664,49.13099975585938,49.14800033569336,49.17399978637695,49.19699935913086,49.22199935913086,49.23699951171875,49.23899917602539,49.2259994506836,49.21699981689453,49.20800018310547,49.21399993896485,49.22200012207031,49.23000030517578,49.23460006713867,49.23659973144531,49.23359985351563,49.22459945678711,49.21859970092773,49.21399993896485,49.20600051879883,49.20000076293945,49.198001098632815,49.19600067138672,49.19700088500976,49.20498046875,49.21298065185547,49.21598052978516,49.21598052978516,49.213600158691406,49.20562057495117,49.1976203918457,49.19962005615234,49.20561981201172,49.21599960327149,49.22799911499023,49.23399887084961,49.24399948120117,49.25299987792969,49.25599975585938,49.26100006103516,49.26399993896485,49.25999984741211,49.25999984741211,49.26500015258789,49.26302032470703,49.26302032470703,49.26501998901367,49.26701965332031,49.26701965332031,49.27199935913086,49.2879997253418,49.29899978637695,49.3,49.29800033569336,49.29400024414063,49.28400039672852,49.26800079345704,49.255001068115234,49.25400085449219,49.25800094604492,49.24758071899414,49.25148010253906,49.253179931640624,49.24417953491211,49.23117980957032,49.23460006713867,49.23170013427735,49.23199996948242,49.23300018310547,49.23399963378906,49.21859893798828,49.20059890747071,49.18159866333008,49.16659851074219,49.14759902954101,49.14999923706055,49.15297927856445,49.147979736328125,49.13198013305664,49.11997985839844,49.09598007202148,49.07402038574219,49.06203994750977,49.064039611816405,49.06875991821289,49.0907600402832,49.10721969604492,49.1215202331543,49.119520568847655,49.11980056762695,49.10780029296875,49.10032043457032,49.09500045776368,49.09800033569336,49.09500045776368,49.094000244140624,49.09600067138672,49.10900039672852,49.127000427246095,49.14573974609375,49.161740112304685,49.17473983764648,49.17773971557617,49.17673950195312,49.177999877929686,49.170999908447264,49.155999755859376,49.14400024414063,49.13200073242187,49.11600036621094,49.10900039672852,49.114000701904295,49.114000701904295,49.114000701904295,49.11800079345703,49.117120361328126,49.11412048339844,49.1111198425293,49.10211944580078,49.094120025634766,49.08600006103516,49.0759994506836,49.06999969482422,49.06800003051758,49.06699981689453,49.06900024414063,49.07300033569336,49.07500076293945,49.08200073242188,49.08800048828125,49.09600067138672,49.10300064086914,49.11300048828125,49.12099990844727,49.1244400024414,49.128439331054686,49.13343963623047,49.13643951416016,49.13643951416016,49.14399948120117,49.14899978637696,49.15199966430664,49.154999542236325,49.15,49.13899993896485,49.12099990844727,49.10599975585937,49.09700012207031,49.10149993896484,49.1125,49.128500366210936,49.14650039672851,49.15950012207031,49.168000030517575,49.17300033569336,49.180999755859375,49.17399978637695,49.16699981689453,49.15500030517578,49.14300003051758,49.13000030517578,49.13000030517578,49.13499984741211,49.145999145507815,49.145999145507815,49.1489990234375,49.14199905395508,49.12899932861328,49.11800003051758,49.10800018310547,49.09900054931641,49.09700088500976,49.09200134277344,49.08700103759766,49.09300079345703,49.09900054931641,49.10900039672852,49.113999938964845,49.11699981689453,49.12099990844727,49.11100006103516,49.09700012207031,49.09700012207031,49.10299987792969,49.10899963378906,49.12499923706055,49.1489990234375,49.17099914550781,49.17999954223633,49.19000015258789,49.19600067138672,49.19400100708008,49.17800064086914,49.165000915527344,49.149000549316405,49.14200057983398,49.13600006103516,49.13500061035156,49.13600006103516,49.13400039672852,49.11600036621094,49.0890007019043,49.091000366210935,49.10000076293945,49.10300064086914,49.13480072021484,49.17380065917969,49.18080062866211,49.17480010986328,49.17379989624023,49.16399917602539,49.14699935913086,49.13199920654297,49.1161994934082,49.091119384765626,49.05512008666992,49.03811950683594,49.02811965942383,49.02991943359375,49.045999908447264,49.06199951171875,49.0572395324707,49.052239990234376,49.03724060058594,49.00624008178711,48.9582405090332,48.94700088500976,48.93600082397461,48.935000610351565,48.954000854492186,48.98300018310547,48.98400039672852,2
  +47.13828048706055,47.25962066650391,47.34162063598633,47.386620330810544,47.467620086669925,47.49899978637696,47.52899932861328,47.59199981689453,47.64099960327148,47.63481979370117,47.64381942749024,47.64281997680664,47.63582000732422,47.65082015991211,47.65849990844727,47.6875,47.68649978637696,47.63957977294922,47.59357986450196,47.56208038330078,47.51708068847656,47.544080352783205,47.62399978637696,47.68499984741211,47.74199981689453,47.7879997253418,47.763980102539065,47.70214004516602,47.64514007568359,47.57480010986328,47.5197998046875,47.49781951904297,47.494659423828125,47.51065979003906,47.52899932861328,47.542999267578125,47.5609992980957,47.56800003051758,47.56699981689453,47.58399963378906,47.5870002746582,47.5640007019043,47.55300064086914,47.53040084838867,47.50940093994141,47.492060852050784,47.49606094360352,47.5000602722168,47.52666015625,47.55666046142578,47.60900039672852,47.64800033569336,47.665000915527344,47.672000885009766,47.65800094604492,47.63298110961914,47.62298049926758,47.6279800415039,47.6059799194336,47.60447998046875,47.58531951904297,47.55531997680664,47.53731994628906,47.54832000732422,47.5418197631836,47.55699996948242,47.56699981689453,47.552999877929686,47.53899993896484,47.53000030517578,47.51500015258789,47.51700057983398,47.53500061035156,47.54800033569336,47.56864013671875,47.586640167236325,47.59763946533203,47.6176399230957,47.65164031982422,47.67700042724609,47.71202087402344,47.7600212097168,47.78116073608398,47.79416046142578,47.80615997314453,47.81013946533203,47.7811393737793,47.7729995727539,47.74899978637696,47.73300018310547,47.7270004272461,47.72500076293945,47.723001098632814,47.74100112915039,47.75600128173828,47.74200134277344,47.73000106811524,47.71200103759766,47.69000091552734,47.665000915527344,47.66800079345703,47.672000885009766,47.685000610351565,47.69600067138672,47.70200042724609,47.67900009155274,47.66999969482422,47.654999542236325,47.63699951171875,47.62299957275391,47.619999694824216,47.60199966430664,47.5759994506836,47.54801940917969,47.51701965332031,47.48302001953125,47.45802001953125,47.44302062988281,47.44700012207032,47.45999984741211,47.50199966430664,47.55800018310547,47.608740234375,47.6477409362793,47.68374099731445,47.691741180419925,47.6847412109375,47.68000106811523,47.67300033569336,47.65999984741211,47.64300003051758,47.60759963989258,47.56659927368164,47.51859970092774,47.49059982299805,47.47259979248047,47.48499984741211,47.49476013183594,47.51376037597656,47.50676040649414,47.50075988769531,47.483760070800784,47.475,47.46800003051758,47.47300033569336,47.48600082397461,47.50300064086914,47.51700057983398,47.51800003051758,47.49899978637696,47.472459411621095,47.44345932006836,47.41845932006836,47.39745941162109,47.395459747314455,47.40099945068359,47.39985961914063,47.40285949707031,47.41385955810547,47.426859283447264,47.423859405517575,47.4359992980957,47.43399963378906,47.42599945068359,47.4129997253418,47.40199966430664,47.383000183105466,47.37399978637696,47.369999694824216,47.37899932861328,47.39199981689453,47.40399932861328,47.417999267578125,47.4359992980957,47.44199981689453,47.44241943359375,47.44641952514648,47.44741973876953,47.43641967773438,47.44343948364258,47.45601959228516,47.45901947021484,47.46801986694336,47.48702011108399,47.494999694824216,47.50299987792969,47.5129997253418,47.51899948120117,47.51771926879883,47.50871963500977,47.494719696044925,47.49171981811524,47.48671951293945,47.48600006103516,47.4870002746582,47.49899978637696,47.50299987792969,47.50900039672852,47.51399993896485,47.5229995727539,47.52799987792969,47.52799987792969,47.52599945068359,47.529999542236325,47.53199920654297,47.53099899291992,47.5351188659668,47.54111862182617,47.53811874389648,47.53811874389648,47.54011917114258,47.53999938964844,47.5393798828125,47.54137954711914,47.5393798828125,47.53737945556641,47.53837966918945,47.54699935913086,47.56199951171875,47.57505950927735,47.59605941772461,47.61305923461914,47.61905975341797,47.607060241699216,47.58899993896485,47.57099990844726,47.55499954223633,47.53999938964844,47.54399948120117,47.56199951171875,47.56999969482422,47.580999755859374,47.5859992980957,47.58099899291992,47.57099914550781,47.56729965209961,47.56093978881836,47.55894012451172,47.55894012451172,47.559540557861325,47.55523986816407,47.55859985351562,47.565599822998045,47.57459945678711,47.58399887084961,47.58999938964844,47.58999938964844,47.58699951171875,47.57699966430664,47.57300033569336,47.56900024414063,47.56300048828125,47.55699996948242,47.555999755859375,47.55099945068359,47.555999755859375,47.568999481201175,47.58399963378906,47.59599990844727,47.60599975585937,47.609999084472655,47.606999206542966,47.610999298095706,47.61799926757813,47.6259994506836,47.63600006103516,47.64440002441406,47.64515991210938,47.63766021728516,47.6386604309082,47.63666000366211,47.63726043701172,47.63950042724609,47.65,47.65099945068359,47.65299987792969,47.65199966430664,47.64599990844727,47.64400024414063,47.64500045776367,47.64300003051758,47.63899993896485,47.63600006103516,47.63399963378906,47.62699966430664,47.62799987792969,47.62600021362304,47.62900009155273,47.627000427246095,47.62600021362304,47.62900009155273,47.63499984741211,47.63699951171875,47.64199981689453,47.64820022583008,47.6431999206543,47.6414794921875,47.64448013305664,47.64547958374023,47.64427947998047,47.64227981567383,47.64400024414063,47.65400009155273,47.662000274658205,47.6740005493164,47.68800048828125,47.70000076293945,47.7010009765625,47.69700088500976,47.69300079345703,47.69400100708008,47.69300079345703,47.691000366210936,47.69900054931641,47.70500030517578,47.71300048828125,47.726000213623045,47.74897994995117,47.7679801940918,47.775980377197264,47.78397979736328,47.78498001098633,47.76900024414063,47.75899963378906,47.76205978393555,47.76605987548828,47.76905975341797,47.77755966186523,47.78356018066406,47.791500091552734,47.79449996948242,47.80352020263672,47.81502075195313,47.82502059936523,47.83902053833008,47.85102081298828,47.85230026245117,47.85029983520508,47.840380096435545,47.821379852294925,47.79837951660157,47.787879943847656,47.79087982177735,47.79879989624023,47.806800079345706,47.82980041503906,47.84600067138672,47.854000854492185,47.85900039672852,47.87099990844727,47.87299957275391,47.87899932861328,47.87999954223633,47.88399963378906,47.89199981689453,47.90999984741211,47.92699966430664,47.95299911499024,47.98299942016602,48.01499938964844,48.04273986816406,48.06574020385742,48.08074035644531,48.08873977661133,48.09474029541016,48.10599975585937,48.12799987792969,48.15,48.18199996948242,48.19799957275391,48.202999877929685,48.20199966430664,48.19300003051758,48.18199996948242,48.1870002746582,48.2533203125,48.34532012939453,48.48331985473633,48.6283203125,48.76811981201172,48.8197998046875,48.85607986450195,48.85607986450195,48.855079650878906,48.84328002929688,48.83127975463867,48.81699981689453,48.8249397277832,48.83893966674805,48.85493927001953,48.892939758300784,48.92293930053711,48.9109992980957,48.8979995727539,48.88399963378906,48.86899948120117,48.863999938964845,48.88099975585938,48.87699966430664,48.87844009399414,48.90543975830078,48.90143966674805,48.89593963623047,48.90493927001953,48.90849914550781,48.88449935913086,48.88249969482422,48.87799987792969,48.87799987792969,48.86899948120117,48.869999694824216,48.87799911499023,48.885999298095705,48.882999420166016,48.90597991943359,48.92697982788086,48.93198013305664,48.9409797668457,48.94598007202149,48.94700012207032,48.93899993896484,48.93399963378906,48.92699966430664,48.92271957397461,48.91971969604492,48.923719787597655,48.92572021484375,48.93472061157227,48.93300094604492,48.93042068481445,48.92142105102539,48.90842056274414,48.90142059326172,48.9074203491211,48.899000549316405,48.91300048828125,48.9390007019043,48.954000854492186,48.97100067138672,48.999000549316406,49.008000183105466,48.99026031494141,48.97628021240234,48.95628051757812,48.925279998779295,48.90126037597656,48.90400009155273,48.89497985839844,48.89497985839844,48.90197982788086,48.905999755859376,48.91399993896484,48.91999969482422,48.91399917602539,48.90199966430664,48.905999755859376,48.89599990844727,48.9,48.90800018310547,48.920999908447264,48.92399978637695,48.94599990844726,48.96399993896485,48.98400039672852,49.00000076293945,49.01600036621094,49.01717987060547,49.01417999267578,49.0091796875,49.01117935180664,49.00017929077149,48.99699935913086,48.99749908447266,48.99649887084961,48.98849868774414,48.980499267578125,48.968499755859376,48.95500030517578,48.94300079345703,48.92900085449219,48.91276092529297,48.91076049804688,48.91875991821289,48.93675994873047,48.9557601928711,48.99300003051758,49.027000427246094,49.0640007019043,49.1020004272461,49.13424072265625,49.16624069213867,49.17824020385742,49.1622200012207,49.147219848632815,49.12533950805664,49.091339111328125,49.06433944702148,49.04835968017578,49.02435989379883,49.01399993896485,49.01300048828125,49.01500015258789,49.01399993896485,49.00699996948242,49.00400009155273,48.99199981689453,48.99000015258789,49.00300064086914,49.01700057983398,49.037000274658205,49.07560043334961,49.10860061645508,49.13074035644532,49.15373992919922,49.1717399597168,49.16913986206055,49.159139251708986,49.1479995727539,49.137000274658206,49.127000427246095,49.12200012207031,49.13000030517578,49.14400024414063,49.147159576416016,49.14515991210938,49.14815979003906,49.13115997314453,49.10915985107422,49.09800033569336,49.09962005615235,49.09510040283203,49.09710006713867,49.1019401550293,49.10093994140625,49.0913200378418,49.08583984375,49.086840057373045,49.08300018310547,49.091000366210935,49.09200057983399,49.09200057983399,49.09800033569336,49.11100006103516,49.11697998046875,49.12397994995117,49.135980224609376,49.135980224609376,49.134980010986325,49.14099960327148,49.14699935913086,49.1489990234375,49.14099960327148,49.12799987792969,49.10699996948242,49.09099960327149,49.07373962402344,49.068739318847655,49.068739318847655,49.07273941040039,49.075,49.08825988769532,49.10525970458984,49.11425933837891,49.12125930786133,49.13199920654297,49.13099975585938,49.12699966430664,49.13099975585938,49.14800033569336,49.17399978637695,49.19699935913086,49.22199935913086,49.23699951171875,49.23899917602539,49.2259994506836,49.21699981689453,49.20800018310547,49.21399993896485,49.22200012207031,49.23000030517578,49.23460006713867,49.23659973144531,49.23359985351563,49.22459945678711,49.21859970092773,49.21399993896485,49.20600051879883,49.20000076293945,49.198001098632815,49.19600067138672,49.19700088500976,49.20498046875,49.21298065185547,49.21598052978516,49.21598052978516,49.213600158691406,49.20562057495117,49.1976203918457,49.19962005615234,49.20561981201172,49.21599960327149,49.22799911499023,49.23399887084961,49.24399948120117,49.25299987792969,49.25599975585938,49.26100006103516,49.26399993896485,49.25999984741211,49.25999984741211,49.26500015258789,49.26302032470703,49.26302032470703,49.26501998901367,49.26701965332031,49.26701965332031,49.27199935913086,49.2879997253418,49.29899978637695,49.3,49.29800033569336,49.29400024414063,49.28400039672852,49.26800079345704,49.255001068115234,49.25400085449219,49.25800094604492,49.24758071899414,49.25148010253906,49.253179931640624,49.24417953491211,49.23117980957032,49.23460006713867,49.23170013427735,49.23199996948242,49.23300018310547,49.23399963378906,49.21859893798828,49.20059890747071,49.18159866333008,49.16659851074219,49.14759902954101,49.14999923706055,49.15297927856445,49.147979736328125,49.13198013305664,49.11997985839844,49.09598007202148,49.07402038574219,49.06203994750977,49.064039611816405,49.06875991821289,49.0907600402832,49.10721969604492,49.1215202331543,49.119520568847655,49.11980056762695,49.10780029296875,49.10032043457032,49.09500045776368,49.09800033569336,49.09500045776368,49.094000244140624,49.09600067138672,49.10900039672852,49.127000427246095,49.14573974609375,49.161740112304685,49.17473983764648,49.17773971557617,49.17673950195312,49.177999877929686,49.170999908447264,49.155999755859376,49.14400024414063,49.13200073242187,49.11600036621094,49.10900039672852,49.114000701904295,49.114000701904295,49.114000701904295,49.11800079345703,49.117120361328126,49.11412048339844,49.1111198425293,49.10211944580078,49.094120025634766,49.08600006103516,49.0759994506836,49.06999969482422,49.06800003051758,49.06699981689453,49.06900024414063,49.07300033569336,49.07500076293945,49.08200073242188,49.08800048828125,49.09600067138672,49.10300064086914,49.11300048828125,49.12099990844727,49.1244400024414,49.128439331054686,49.13343963623047,49.13643951416016,49.13643951416016,49.14399948120117,49.14899978637696,49.15199966430664,49.154999542236325,49.15,49.13899993896485,49.12099990844727,49.10599975585937,49.09700012207031,49.10149993896484,49.1125,49.128500366210936,49.14650039672851,49.15950012207031,49.168000030517575,49.17300033569336,49.180999755859375,49.17399978637695,49.16699981689453,49.15500030517578,49.14300003051758,49.13000030517578,49.13000030517578,49.13499984741211,49.145999145507815,49.145999145507815,49.1489990234375,49.14199905395508,49.12899932861328,49.11800003051758,49.10800018310547,49.09900054931641,49.09700088500976,49.09200134277344,49.08700103759766,49.09300079345703,49.09900054931641,49.10900039672852,49.113999938964845,49.11699981689453,49.12099990844727,49.11100006103516,49.09700012207031,49.09700012207031,49.10299987792969,49.10899963378906,49.12499923706055,49.1489990234375,49.17099914550781,49.17999954223633,49.19000015258789,49.19600067138672,49.19400100708008,49.17800064086914,49.165000915527344,49.149000549316405,49.14200057983398,49.13600006103516,49.13500061035156,49.13600006103516,49.13400039672852,49.11600036621094,49.0890007019043,49.091000366210935,49.10000076293945,49.10300064086914,49.13480072021484,49.17380065917969,49.18080062866211,49.17480010986328,49.17379989624023,49.16399917602539,49.14699935913086,49.13199920654297,49.1161994934082,49.091119384765626,49.05512008666992,49.03811950683594,49.02811965942383,49.02991943359375,49.045999908447264,49.06199951171875,49.0572395324707,49.052239990234376,49.03724060058594,49.00624008178711,48.9582405090332,48.94700088500976,48.93600082397461,48.935000610351565,48.954000854492186,48.98300018310547,48.98400039672852,48.99000015258789,2
  +47.25962066650391,47.34162063598633,47.386620330810544,47.467620086669925,47.49899978637696,47.52899932861328,47.59199981689453,47.64099960327148,47.63481979370117,47.64381942749024,47.64281997680664,47.63582000732422,47.65082015991211,47.65849990844727,47.6875,47.68649978637696,47.63957977294922,47.59357986450196,47.56208038330078,47.51708068847656,47.544080352783205,47.62399978637696,47.68499984741211,47.74199981689453,47.7879997253418,47.763980102539065,47.70214004516602,47.64514007568359,47.57480010986328,47.5197998046875,47.49781951904297,47.494659423828125,47.51065979003906,47.52899932861328,47.542999267578125,47.5609992980957,47.56800003051758,47.56699981689453,47.58399963378906,47.5870002746582,47.5640007019043,47.55300064086914,47.53040084838867,47.50940093994141,47.492060852050784,47.49606094360352,47.5000602722168,47.52666015625,47.55666046142578,47.60900039672852,47.64800033569336,47.665000915527344,47.672000885009766,47.65800094604492,47.63298110961914,47.62298049926758,47.6279800415039,47.6059799194336,47.60447998046875,47.58531951904297,47.55531997680664,47.53731994628906,47.54832000732422,47.5418197631836,47.55699996948242,47.56699981689453,47.552999877929686,47.53899993896484,47.53000030517578,47.51500015258789,47.51700057983398,47.53500061035156,47.54800033569336,47.56864013671875,47.586640167236325,47.59763946533203,47.6176399230957,47.65164031982422,47.67700042724609,47.71202087402344,47.7600212097168,47.78116073608398,47.79416046142578,47.80615997314453,47.81013946533203,47.7811393737793,47.7729995727539,47.74899978637696,47.73300018310547,47.7270004272461,47.72500076293945,47.723001098632814,47.74100112915039,47.75600128173828,47.74200134277344,47.73000106811524,47.71200103759766,47.69000091552734,47.665000915527344,47.66800079345703,47.672000885009766,47.685000610351565,47.69600067138672,47.70200042724609,47.67900009155274,47.66999969482422,47.654999542236325,47.63699951171875,47.62299957275391,47.619999694824216,47.60199966430664,47.5759994506836,47.54801940917969,47.51701965332031,47.48302001953125,47.45802001953125,47.44302062988281,47.44700012207032,47.45999984741211,47.50199966430664,47.55800018310547,47.608740234375,47.6477409362793,47.68374099731445,47.691741180419925,47.6847412109375,47.68000106811523,47.67300033569336,47.65999984741211,47.64300003051758,47.60759963989258,47.56659927368164,47.51859970092774,47.49059982299805,47.47259979248047,47.48499984741211,47.49476013183594,47.51376037597656,47.50676040649414,47.50075988769531,47.483760070800784,47.475,47.46800003051758,47.47300033569336,47.48600082397461,47.50300064086914,47.51700057983398,47.51800003051758,47.49899978637696,47.472459411621095,47.44345932006836,47.41845932006836,47.39745941162109,47.395459747314455,47.40099945068359,47.39985961914063,47.40285949707031,47.41385955810547,47.426859283447264,47.423859405517575,47.4359992980957,47.43399963378906,47.42599945068359,47.4129997253418,47.40199966430664,47.383000183105466,47.37399978637696,47.369999694824216,47.37899932861328,47.39199981689453,47.40399932861328,47.417999267578125,47.4359992980957,47.44199981689453,47.44241943359375,47.44641952514648,47.44741973876953,47.43641967773438,47.44343948364258,47.45601959228516,47.45901947021484,47.46801986694336,47.48702011108399,47.494999694824216,47.50299987792969,47.5129997253418,47.51899948120117,47.51771926879883,47.50871963500977,47.494719696044925,47.49171981811524,47.48671951293945,47.48600006103516,47.4870002746582,47.49899978637696,47.50299987792969,47.50900039672852,47.51399993896485,47.5229995727539,47.52799987792969,47.52799987792969,47.52599945068359,47.529999542236325,47.53199920654297,47.53099899291992,47.5351188659668,47.54111862182617,47.53811874389648,47.53811874389648,47.54011917114258,47.53999938964844,47.5393798828125,47.54137954711914,47.5393798828125,47.53737945556641,47.53837966918945,47.54699935913086,47.56199951171875,47.57505950927735,47.59605941772461,47.61305923461914,47.61905975341797,47.607060241699216,47.58899993896485,47.57099990844726,47.55499954223633,47.53999938964844,47.54399948120117,47.56199951171875,47.56999969482422,47.580999755859374,47.5859992980957,47.58099899291992,47.57099914550781,47.56729965209961,47.56093978881836,47.55894012451172,47.55894012451172,47.559540557861325,47.55523986816407,47.55859985351562,47.565599822998045,47.57459945678711,47.58399887084961,47.58999938964844,47.58999938964844,47.58699951171875,47.57699966430664,47.57300033569336,47.56900024414063,47.56300048828125,47.55699996948242,47.555999755859375,47.55099945068359,47.555999755859375,47.568999481201175,47.58399963378906,47.59599990844727,47.60599975585937,47.609999084472655,47.606999206542966,47.610999298095706,47.61799926757813,47.6259994506836,47.63600006103516,47.64440002441406,47.64515991210938,47.63766021728516,47.6386604309082,47.63666000366211,47.63726043701172,47.63950042724609,47.65,47.65099945068359,47.65299987792969,47.65199966430664,47.64599990844727,47.64400024414063,47.64500045776367,47.64300003051758,47.63899993896485,47.63600006103516,47.63399963378906,47.62699966430664,47.62799987792969,47.62600021362304,47.62900009155273,47.627000427246095,47.62600021362304,47.62900009155273,47.63499984741211,47.63699951171875,47.64199981689453,47.64820022583008,47.6431999206543,47.6414794921875,47.64448013305664,47.64547958374023,47.64427947998047,47.64227981567383,47.64400024414063,47.65400009155273,47.662000274658205,47.6740005493164,47.68800048828125,47.70000076293945,47.7010009765625,47.69700088500976,47.69300079345703,47.69400100708008,47.69300079345703,47.691000366210936,47.69900054931641,47.70500030517578,47.71300048828125,47.726000213623045,47.74897994995117,47.7679801940918,47.775980377197264,47.78397979736328,47.78498001098633,47.76900024414063,47.75899963378906,47.76205978393555,47.76605987548828,47.76905975341797,47.77755966186523,47.78356018066406,47.791500091552734,47.79449996948242,47.80352020263672,47.81502075195313,47.82502059936523,47.83902053833008,47.85102081298828,47.85230026245117,47.85029983520508,47.840380096435545,47.821379852294925,47.79837951660157,47.787879943847656,47.79087982177735,47.79879989624023,47.806800079345706,47.82980041503906,47.84600067138672,47.854000854492185,47.85900039672852,47.87099990844727,47.87299957275391,47.87899932861328,47.87999954223633,47.88399963378906,47.89199981689453,47.90999984741211,47.92699966430664,47.95299911499024,47.98299942016602,48.01499938964844,48.04273986816406,48.06574020385742,48.08074035644531,48.08873977661133,48.09474029541016,48.10599975585937,48.12799987792969,48.15,48.18199996948242,48.19799957275391,48.202999877929685,48.20199966430664,48.19300003051758,48.18199996948242,48.1870002746582,48.2533203125,48.34532012939453,48.48331985473633,48.6283203125,48.76811981201172,48.8197998046875,48.85607986450195,48.85607986450195,48.855079650878906,48.84328002929688,48.83127975463867,48.81699981689453,48.8249397277832,48.83893966674805,48.85493927001953,48.892939758300784,48.92293930053711,48.9109992980957,48.8979995727539,48.88399963378906,48.86899948120117,48.863999938964845,48.88099975585938,48.87699966430664,48.87844009399414,48.90543975830078,48.90143966674805,48.89593963623047,48.90493927001953,48.90849914550781,48.88449935913086,48.88249969482422,48.87799987792969,48.87799987792969,48.86899948120117,48.869999694824216,48.87799911499023,48.885999298095705,48.882999420166016,48.90597991943359,48.92697982788086,48.93198013305664,48.9409797668457,48.94598007202149,48.94700012207032,48.93899993896484,48.93399963378906,48.92699966430664,48.92271957397461,48.91971969604492,48.923719787597655,48.92572021484375,48.93472061157227,48.93300094604492,48.93042068481445,48.92142105102539,48.90842056274414,48.90142059326172,48.9074203491211,48.899000549316405,48.91300048828125,48.9390007019043,48.954000854492186,48.97100067138672,48.999000549316406,49.008000183105466,48.99026031494141,48.97628021240234,48.95628051757812,48.925279998779295,48.90126037597656,48.90400009155273,48.89497985839844,48.89497985839844,48.90197982788086,48.905999755859376,48.91399993896484,48.91999969482422,48.91399917602539,48.90199966430664,48.905999755859376,48.89599990844727,48.9,48.90800018310547,48.920999908447264,48.92399978637695,48.94599990844726,48.96399993896485,48.98400039672852,49.00000076293945,49.01600036621094,49.01717987060547,49.01417999267578,49.0091796875,49.01117935180664,49.00017929077149,48.99699935913086,48.99749908447266,48.99649887084961,48.98849868774414,48.980499267578125,48.968499755859376,48.95500030517578,48.94300079345703,48.92900085449219,48.91276092529297,48.91076049804688,48.91875991821289,48.93675994873047,48.9557601928711,48.99300003051758,49.027000427246094,49.0640007019043,49.1020004272461,49.13424072265625,49.16624069213867,49.17824020385742,49.1622200012207,49.147219848632815,49.12533950805664,49.091339111328125,49.06433944702148,49.04835968017578,49.02435989379883,49.01399993896485,49.01300048828125,49.01500015258789,49.01399993896485,49.00699996948242,49.00400009155273,48.99199981689453,48.99000015258789,49.00300064086914,49.01700057983398,49.037000274658205,49.07560043334961,49.10860061645508,49.13074035644532,49.15373992919922,49.1717399597168,49.16913986206055,49.159139251708986,49.1479995727539,49.137000274658206,49.127000427246095,49.12200012207031,49.13000030517578,49.14400024414063,49.147159576416016,49.14515991210938,49.14815979003906,49.13115997314453,49.10915985107422,49.09800033569336,49.09962005615235,49.09510040283203,49.09710006713867,49.1019401550293,49.10093994140625,49.0913200378418,49.08583984375,49.086840057373045,49.08300018310547,49.091000366210935,49.09200057983399,49.09200057983399,49.09800033569336,49.11100006103516,49.11697998046875,49.12397994995117,49.135980224609376,49.135980224609376,49.134980010986325,49.14099960327148,49.14699935913086,49.1489990234375,49.14099960327148,49.12799987792969,49.10699996948242,49.09099960327149,49.07373962402344,49.068739318847655,49.068739318847655,49.07273941040039,49.075,49.08825988769532,49.10525970458984,49.11425933837891,49.12125930786133,49.13199920654297,49.13099975585938,49.12699966430664,49.13099975585938,49.14800033569336,49.17399978637695,49.19699935913086,49.22199935913086,49.23699951171875,49.23899917602539,49.2259994506836,49.21699981689453,49.20800018310547,49.21399993896485,49.22200012207031,49.23000030517578,49.23460006713867,49.23659973144531,49.23359985351563,49.22459945678711,49.21859970092773,49.21399993896485,49.20600051879883,49.20000076293945,49.198001098632815,49.19600067138672,49.19700088500976,49.20498046875,49.21298065185547,49.21598052978516,49.21598052978516,49.213600158691406,49.20562057495117,49.1976203918457,49.19962005615234,49.20561981201172,49.21599960327149,49.22799911499023,49.23399887084961,49.24399948120117,49.25299987792969,49.25599975585938,49.26100006103516,49.26399993896485,49.25999984741211,49.25999984741211,49.26500015258789,49.26302032470703,49.26302032470703,49.26501998901367,49.26701965332031,49.26701965332031,49.27199935913086,49.2879997253418,49.29899978637695,49.3,49.29800033569336,49.29400024414063,49.28400039672852,49.26800079345704,49.255001068115234,49.25400085449219,49.25800094604492,49.24758071899414,49.25148010253906,49.253179931640624,49.24417953491211,49.23117980957032,49.23460006713867,49.23170013427735,49.23199996948242,49.23300018310547,49.23399963378906,49.21859893798828,49.20059890747071,49.18159866333008,49.16659851074219,49.14759902954101,49.14999923706055,49.15297927856445,49.147979736328125,49.13198013305664,49.11997985839844,49.09598007202148,49.07402038574219,49.06203994750977,49.064039611816405,49.06875991821289,49.0907600402832,49.10721969604492,49.1215202331543,49.119520568847655,49.11980056762695,49.10780029296875,49.10032043457032,49.09500045776368,49.09800033569336,49.09500045776368,49.094000244140624,49.09600067138672,49.10900039672852,49.127000427246095,49.14573974609375,49.161740112304685,49.17473983764648,49.17773971557617,49.17673950195312,49.177999877929686,49.170999908447264,49.155999755859376,49.14400024414063,49.13200073242187,49.11600036621094,49.10900039672852,49.114000701904295,49.114000701904295,49.114000701904295,49.11800079345703,49.117120361328126,49.11412048339844,49.1111198425293,49.10211944580078,49.094120025634766,49.08600006103516,49.0759994506836,49.06999969482422,49.06800003051758,49.06699981689453,49.06900024414063,49.07300033569336,49.07500076293945,49.08200073242188,49.08800048828125,49.09600067138672,49.10300064086914,49.11300048828125,49.12099990844727,49.1244400024414,49.128439331054686,49.13343963623047,49.13643951416016,49.13643951416016,49.14399948120117,49.14899978637696,49.15199966430664,49.154999542236325,49.15,49.13899993896485,49.12099990844727,49.10599975585937,49.09700012207031,49.10149993896484,49.1125,49.128500366210936,49.14650039672851,49.15950012207031,49.168000030517575,49.17300033569336,49.180999755859375,49.17399978637695,49.16699981689453,49.15500030517578,49.14300003051758,49.13000030517578,49.13000030517578,49.13499984741211,49.145999145507815,49.145999145507815,49.1489990234375,49.14199905395508,49.12899932861328,49.11800003051758,49.10800018310547,49.09900054931641,49.09700088500976,49.09200134277344,49.08700103759766,49.09300079345703,49.09900054931641,49.10900039672852,49.113999938964845,49.11699981689453,49.12099990844727,49.11100006103516,49.09700012207031,49.09700012207031,49.10299987792969,49.10899963378906,49.12499923706055,49.1489990234375,49.17099914550781,49.17999954223633,49.19000015258789,49.19600067138672,49.19400100708008,49.17800064086914,49.165000915527344,49.149000549316405,49.14200057983398,49.13600006103516,49.13500061035156,49.13600006103516,49.13400039672852,49.11600036621094,49.0890007019043,49.091000366210935,49.10000076293945,49.10300064086914,49.13480072021484,49.17380065917969,49.18080062866211,49.17480010986328,49.17379989624023,49.16399917602539,49.14699935913086,49.13199920654297,49.1161994934082,49.091119384765626,49.05512008666992,49.03811950683594,49.02811965942383,49.02991943359375,49.045999908447264,49.06199951171875,49.0572395324707,49.052239990234376,49.03724060058594,49.00624008178711,48.9582405090332,48.94700088500976,48.93600082397461,48.935000610351565,48.954000854492186,48.98300018310547,48.98400039672852,48.99000015258789,48.98199996948242,2
  +47.34162063598633,47.386620330810544,47.467620086669925,47.49899978637696,47.52899932861328,47.59199981689453,47.64099960327148,47.63481979370117,47.64381942749024,47.64281997680664,47.63582000732422,47.65082015991211,47.65849990844727,47.6875,47.68649978637696,47.63957977294922,47.59357986450196,47.56208038330078,47.51708068847656,47.544080352783205,47.62399978637696,47.68499984741211,47.74199981689453,47.7879997253418,47.763980102539065,47.70214004516602,47.64514007568359,47.57480010986328,47.5197998046875,47.49781951904297,47.494659423828125,47.51065979003906,47.52899932861328,47.542999267578125,47.5609992980957,47.56800003051758,47.56699981689453,47.58399963378906,47.5870002746582,47.5640007019043,47.55300064086914,47.53040084838867,47.50940093994141,47.492060852050784,47.49606094360352,47.5000602722168,47.52666015625,47.55666046142578,47.60900039672852,47.64800033569336,47.665000915527344,47.672000885009766,47.65800094604492,47.63298110961914,47.62298049926758,47.6279800415039,47.6059799194336,47.60447998046875,47.58531951904297,47.55531997680664,47.53731994628906,47.54832000732422,47.5418197631836,47.55699996948242,47.56699981689453,47.552999877929686,47.53899993896484,47.53000030517578,47.51500015258789,47.51700057983398,47.53500061035156,47.54800033569336,47.56864013671875,47.586640167236325,47.59763946533203,47.6176399230957,47.65164031982422,47.67700042724609,47.71202087402344,47.7600212097168,47.78116073608398,47.79416046142578,47.80615997314453,47.81013946533203,47.7811393737793,47.7729995727539,47.74899978637696,47.73300018310547,47.7270004272461,47.72500076293945,47.723001098632814,47.74100112915039,47.75600128173828,47.74200134277344,47.73000106811524,47.71200103759766,47.69000091552734,47.665000915527344,47.66800079345703,47.672000885009766,47.685000610351565,47.69600067138672,47.70200042724609,47.67900009155274,47.66999969482422,47.654999542236325,47.63699951171875,47.62299957275391,47.619999694824216,47.60199966430664,47.5759994506836,47.54801940917969,47.51701965332031,47.48302001953125,47.45802001953125,47.44302062988281,47.44700012207032,47.45999984741211,47.50199966430664,47.55800018310547,47.608740234375,47.6477409362793,47.68374099731445,47.691741180419925,47.6847412109375,47.68000106811523,47.67300033569336,47.65999984741211,47.64300003051758,47.60759963989258,47.56659927368164,47.51859970092774,47.49059982299805,47.47259979248047,47.48499984741211,47.49476013183594,47.51376037597656,47.50676040649414,47.50075988769531,47.483760070800784,47.475,47.46800003051758,47.47300033569336,47.48600082397461,47.50300064086914,47.51700057983398,47.51800003051758,47.49899978637696,47.472459411621095,47.44345932006836,47.41845932006836,47.39745941162109,47.395459747314455,47.40099945068359,47.39985961914063,47.40285949707031,47.41385955810547,47.426859283447264,47.423859405517575,47.4359992980957,47.43399963378906,47.42599945068359,47.4129997253418,47.40199966430664,47.383000183105466,47.37399978637696,47.369999694824216,47.37899932861328,47.39199981689453,47.40399932861328,47.417999267578125,47.4359992980957,47.44199981689453,47.44241943359375,47.44641952514648,47.44741973876953,47.43641967773438,47.44343948364258,47.45601959228516,47.45901947021484,47.46801986694336,47.48702011108399,47.494999694824216,47.50299987792969,47.5129997253418,47.51899948120117,47.51771926879883,47.50871963500977,47.494719696044925,47.49171981811524,47.48671951293945,47.48600006103516,47.4870002746582,47.49899978637696,47.50299987792969,47.50900039672852,47.51399993896485,47.5229995727539,47.52799987792969,47.52799987792969,47.52599945068359,47.529999542236325,47.53199920654297,47.53099899291992,47.5351188659668,47.54111862182617,47.53811874389648,47.53811874389648,47.54011917114258,47.53999938964844,47.5393798828125,47.54137954711914,47.5393798828125,47.53737945556641,47.53837966918945,47.54699935913086,47.56199951171875,47.57505950927735,47.59605941772461,47.61305923461914,47.61905975341797,47.607060241699216,47.58899993896485,47.57099990844726,47.55499954223633,47.53999938964844,47.54399948120117,47.56199951171875,47.56999969482422,47.580999755859374,47.5859992980957,47.58099899291992,47.57099914550781,47.56729965209961,47.56093978881836,47.55894012451172,47.55894012451172,47.559540557861325,47.55523986816407,47.55859985351562,47.565599822998045,47.57459945678711,47.58399887084961,47.58999938964844,47.58999938964844,47.58699951171875,47.57699966430664,47.57300033569336,47.56900024414063,47.56300048828125,47.55699996948242,47.555999755859375,47.55099945068359,47.555999755859375,47.568999481201175,47.58399963378906,47.59599990844727,47.60599975585937,47.609999084472655,47.606999206542966,47.610999298095706,47.61799926757813,47.6259994506836,47.63600006103516,47.64440002441406,47.64515991210938,47.63766021728516,47.6386604309082,47.63666000366211,47.63726043701172,47.63950042724609,47.65,47.65099945068359,47.65299987792969,47.65199966430664,47.64599990844727,47.64400024414063,47.64500045776367,47.64300003051758,47.63899993896485,47.63600006103516,47.63399963378906,47.62699966430664,47.62799987792969,47.62600021362304,47.62900009155273,47.627000427246095,47.62600021362304,47.62900009155273,47.63499984741211,47.63699951171875,47.64199981689453,47.64820022583008,47.6431999206543,47.6414794921875,47.64448013305664,47.64547958374023,47.64427947998047,47.64227981567383,47.64400024414063,47.65400009155273,47.662000274658205,47.6740005493164,47.68800048828125,47.70000076293945,47.7010009765625,47.69700088500976,47.69300079345703,47.69400100708008,47.69300079345703,47.691000366210936,47.69900054931641,47.70500030517578,47.71300048828125,47.726000213623045,47.74897994995117,47.7679801940918,47.775980377197264,47.78397979736328,47.78498001098633,47.76900024414063,47.75899963378906,47.76205978393555,47.76605987548828,47.76905975341797,47.77755966186523,47.78356018066406,47.791500091552734,47.79449996948242,47.80352020263672,47.81502075195313,47.82502059936523,47.83902053833008,47.85102081298828,47.85230026245117,47.85029983520508,47.840380096435545,47.821379852294925,47.79837951660157,47.787879943847656,47.79087982177735,47.79879989624023,47.806800079345706,47.82980041503906,47.84600067138672,47.854000854492185,47.85900039672852,47.87099990844727,47.87299957275391,47.87899932861328,47.87999954223633,47.88399963378906,47.89199981689453,47.90999984741211,47.92699966430664,47.95299911499024,47.98299942016602,48.01499938964844,48.04273986816406,48.06574020385742,48.08074035644531,48.08873977661133,48.09474029541016,48.10599975585937,48.12799987792969,48.15,48.18199996948242,48.19799957275391,48.202999877929685,48.20199966430664,48.19300003051758,48.18199996948242,48.1870002746582,48.2533203125,48.34532012939453,48.48331985473633,48.6283203125,48.76811981201172,48.8197998046875,48.85607986450195,48.85607986450195,48.855079650878906,48.84328002929688,48.83127975463867,48.81699981689453,48.8249397277832,48.83893966674805,48.85493927001953,48.892939758300784,48.92293930053711,48.9109992980957,48.8979995727539,48.88399963378906,48.86899948120117,48.863999938964845,48.88099975585938,48.87699966430664,48.87844009399414,48.90543975830078,48.90143966674805,48.89593963623047,48.90493927001953,48.90849914550781,48.88449935913086,48.88249969482422,48.87799987792969,48.87799987792969,48.86899948120117,48.869999694824216,48.87799911499023,48.885999298095705,48.882999420166016,48.90597991943359,48.92697982788086,48.93198013305664,48.9409797668457,48.94598007202149,48.94700012207032,48.93899993896484,48.93399963378906,48.92699966430664,48.92271957397461,48.91971969604492,48.923719787597655,48.92572021484375,48.93472061157227,48.93300094604492,48.93042068481445,48.92142105102539,48.90842056274414,48.90142059326172,48.9074203491211,48.899000549316405,48.91300048828125,48.9390007019043,48.954000854492186,48.97100067138672,48.999000549316406,49.008000183105466,48.99026031494141,48.97628021240234,48.95628051757812,48.925279998779295,48.90126037597656,48.90400009155273,48.89497985839844,48.89497985839844,48.90197982788086,48.905999755859376,48.91399993896484,48.91999969482422,48.91399917602539,48.90199966430664,48.905999755859376,48.89599990844727,48.9,48.90800018310547,48.920999908447264,48.92399978637695,48.94599990844726,48.96399993896485,48.98400039672852,49.00000076293945,49.01600036621094,49.01717987060547,49.01417999267578,49.0091796875,49.01117935180664,49.00017929077149,48.99699935913086,48.99749908447266,48.99649887084961,48.98849868774414,48.980499267578125,48.968499755859376,48.95500030517578,48.94300079345703,48.92900085449219,48.91276092529297,48.91076049804688,48.91875991821289,48.93675994873047,48.9557601928711,48.99300003051758,49.027000427246094,49.0640007019043,49.1020004272461,49.13424072265625,49.16624069213867,49.17824020385742,49.1622200012207,49.147219848632815,49.12533950805664,49.091339111328125,49.06433944702148,49.04835968017578,49.02435989379883,49.01399993896485,49.01300048828125,49.01500015258789,49.01399993896485,49.00699996948242,49.00400009155273,48.99199981689453,48.99000015258789,49.00300064086914,49.01700057983398,49.037000274658205,49.07560043334961,49.10860061645508,49.13074035644532,49.15373992919922,49.1717399597168,49.16913986206055,49.159139251708986,49.1479995727539,49.137000274658206,49.127000427246095,49.12200012207031,49.13000030517578,49.14400024414063,49.147159576416016,49.14515991210938,49.14815979003906,49.13115997314453,49.10915985107422,49.09800033569336,49.09962005615235,49.09510040283203,49.09710006713867,49.1019401550293,49.10093994140625,49.0913200378418,49.08583984375,49.086840057373045,49.08300018310547,49.091000366210935,49.09200057983399,49.09200057983399,49.09800033569336,49.11100006103516,49.11697998046875,49.12397994995117,49.135980224609376,49.135980224609376,49.134980010986325,49.14099960327148,49.14699935913086,49.1489990234375,49.14099960327148,49.12799987792969,49.10699996948242,49.09099960327149,49.07373962402344,49.068739318847655,49.068739318847655,49.07273941040039,49.075,49.08825988769532,49.10525970458984,49.11425933837891,49.12125930786133,49.13199920654297,49.13099975585938,49.12699966430664,49.13099975585938,49.14800033569336,49.17399978637695,49.19699935913086,49.22199935913086,49.23699951171875,49.23899917602539,49.2259994506836,49.21699981689453,49.20800018310547,49.21399993896485,49.22200012207031,49.23000030517578,49.23460006713867,49.23659973144531,49.23359985351563,49.22459945678711,49.21859970092773,49.21399993896485,49.20600051879883,49.20000076293945,49.198001098632815,49.19600067138672,49.19700088500976,49.20498046875,49.21298065185547,49.21598052978516,49.21598052978516,49.213600158691406,49.20562057495117,49.1976203918457,49.19962005615234,49.20561981201172,49.21599960327149,49.22799911499023,49.23399887084961,49.24399948120117,49.25299987792969,49.25599975585938,49.26100006103516,49.26399993896485,49.25999984741211,49.25999984741211,49.26500015258789,49.26302032470703,49.26302032470703,49.26501998901367,49.26701965332031,49.26701965332031,49.27199935913086,49.2879997253418,49.29899978637695,49.3,49.29800033569336,49.29400024414063,49.28400039672852,49.26800079345704,49.255001068115234,49.25400085449219,49.25800094604492,49.24758071899414,49.25148010253906,49.253179931640624,49.24417953491211,49.23117980957032,49.23460006713867,49.23170013427735,49.23199996948242,49.23300018310547,49.23399963378906,49.21859893798828,49.20059890747071,49.18159866333008,49.16659851074219,49.14759902954101,49.14999923706055,49.15297927856445,49.147979736328125,49.13198013305664,49.11997985839844,49.09598007202148,49.07402038574219,49.06203994750977,49.064039611816405,49.06875991821289,49.0907600402832,49.10721969604492,49.1215202331543,49.119520568847655,49.11980056762695,49.10780029296875,49.10032043457032,49.09500045776368,49.09800033569336,49.09500045776368,49.094000244140624,49.09600067138672,49.10900039672852,49.127000427246095,49.14573974609375,49.161740112304685,49.17473983764648,49.17773971557617,49.17673950195312,49.177999877929686,49.170999908447264,49.155999755859376,49.14400024414063,49.13200073242187,49.11600036621094,49.10900039672852,49.114000701904295,49.114000701904295,49.114000701904295,49.11800079345703,49.117120361328126,49.11412048339844,49.1111198425293,49.10211944580078,49.094120025634766,49.08600006103516,49.0759994506836,49.06999969482422,49.06800003051758,49.06699981689453,49.06900024414063,49.07300033569336,49.07500076293945,49.08200073242188,49.08800048828125,49.09600067138672,49.10300064086914,49.11300048828125,49.12099990844727,49.1244400024414,49.128439331054686,49.13343963623047,49.13643951416016,49.13643951416016,49.14399948120117,49.14899978637696,49.15199966430664,49.154999542236325,49.15,49.13899993896485,49.12099990844727,49.10599975585937,49.09700012207031,49.10149993896484,49.1125,49.128500366210936,49.14650039672851,49.15950012207031,49.168000030517575,49.17300033569336,49.180999755859375,49.17399978637695,49.16699981689453,49.15500030517578,49.14300003051758,49.13000030517578,49.13000030517578,49.13499984741211,49.145999145507815,49.145999145507815,49.1489990234375,49.14199905395508,49.12899932861328,49.11800003051758,49.10800018310547,49.09900054931641,49.09700088500976,49.09200134277344,49.08700103759766,49.09300079345703,49.09900054931641,49.10900039672852,49.113999938964845,49.11699981689453,49.12099990844727,49.11100006103516,49.09700012207031,49.09700012207031,49.10299987792969,49.10899963378906,49.12499923706055,49.1489990234375,49.17099914550781,49.17999954223633,49.19000015258789,49.19600067138672,49.19400100708008,49.17800064086914,49.165000915527344,49.149000549316405,49.14200057983398,49.13600006103516,49.13500061035156,49.13600006103516,49.13400039672852,49.11600036621094,49.0890007019043,49.091000366210935,49.10000076293945,49.10300064086914,49.13480072021484,49.17380065917969,49.18080062866211,49.17480010986328,49.17379989624023,49.16399917602539,49.14699935913086,49.13199920654297,49.1161994934082,49.091119384765626,49.05512008666992,49.03811950683594,49.02811965942383,49.02991943359375,49.045999908447264,49.06199951171875,49.0572395324707,49.052239990234376,49.03724060058594,49.00624008178711,48.9582405090332,48.94700088500976,48.93600082397461,48.935000610351565,48.954000854492186,48.98300018310547,48.98400039672852,48.99000015258789,48.98199996948242,48.96800003051758,2
  +47.386620330810544,47.467620086669925,47.49899978637696,47.52899932861328,47.59199981689453,47.64099960327148,47.63481979370117,47.64381942749024,47.64281997680664,47.63582000732422,47.65082015991211,47.65849990844727,47.6875,47.68649978637696,47.63957977294922,47.59357986450196,47.56208038330078,47.51708068847656,47.544080352783205,47.62399978637696,47.68499984741211,47.74199981689453,47.7879997253418,47.763980102539065,47.70214004516602,47.64514007568359,47.57480010986328,47.5197998046875,47.49781951904297,47.494659423828125,47.51065979003906,47.52899932861328,47.542999267578125,47.5609992980957,47.56800003051758,47.56699981689453,47.58399963378906,47.5870002746582,47.5640007019043,47.55300064086914,47.53040084838867,47.50940093994141,47.492060852050784,47.49606094360352,47.5000602722168,47.52666015625,47.55666046142578,47.60900039672852,47.64800033569336,47.665000915527344,47.672000885009766,47.65800094604492,47.63298110961914,47.62298049926758,47.6279800415039,47.6059799194336,47.60447998046875,47.58531951904297,47.55531997680664,47.53731994628906,47.54832000732422,47.5418197631836,47.55699996948242,47.56699981689453,47.552999877929686,47.53899993896484,47.53000030517578,47.51500015258789,47.51700057983398,47.53500061035156,47.54800033569336,47.56864013671875,47.586640167236325,47.59763946533203,47.6176399230957,47.65164031982422,47.67700042724609,47.71202087402344,47.7600212097168,47.78116073608398,47.79416046142578,47.80615997314453,47.81013946533203,47.7811393737793,47.7729995727539,47.74899978637696,47.73300018310547,47.7270004272461,47.72500076293945,47.723001098632814,47.74100112915039,47.75600128173828,47.74200134277344,47.73000106811524,47.71200103759766,47.69000091552734,47.665000915527344,47.66800079345703,47.672000885009766,47.685000610351565,47.69600067138672,47.70200042724609,47.67900009155274,47.66999969482422,47.654999542236325,47.63699951171875,47.62299957275391,47.619999694824216,47.60199966430664,47.5759994506836,47.54801940917969,47.51701965332031,47.48302001953125,47.45802001953125,47.44302062988281,47.44700012207032,47.45999984741211,47.50199966430664,47.55800018310547,47.608740234375,47.6477409362793,47.68374099731445,47.691741180419925,47.6847412109375,47.68000106811523,47.67300033569336,47.65999984741211,47.64300003051758,47.60759963989258,47.56659927368164,47.51859970092774,47.49059982299805,47.47259979248047,47.48499984741211,47.49476013183594,47.51376037597656,47.50676040649414,47.50075988769531,47.483760070800784,47.475,47.46800003051758,47.47300033569336,47.48600082397461,47.50300064086914,47.51700057983398,47.51800003051758,47.49899978637696,47.472459411621095,47.44345932006836,47.41845932006836,47.39745941162109,47.395459747314455,47.40099945068359,47.39985961914063,47.40285949707031,47.41385955810547,47.426859283447264,47.423859405517575,47.4359992980957,47.43399963378906,47.42599945068359,47.4129997253418,47.40199966430664,47.383000183105466,47.37399978637696,47.369999694824216,47.37899932861328,47.39199981689453,47.40399932861328,47.417999267578125,47.4359992980957,47.44199981689453,47.44241943359375,47.44641952514648,47.44741973876953,47.43641967773438,47.44343948364258,47.45601959228516,47.45901947021484,47.46801986694336,47.48702011108399,47.494999694824216,47.50299987792969,47.5129997253418,47.51899948120117,47.51771926879883,47.50871963500977,47.494719696044925,47.49171981811524,47.48671951293945,47.48600006103516,47.4870002746582,47.49899978637696,47.50299987792969,47.50900039672852,47.51399993896485,47.5229995727539,47.52799987792969,47.52799987792969,47.52599945068359,47.529999542236325,47.53199920654297,47.53099899291992,47.5351188659668,47.54111862182617,47.53811874389648,47.53811874389648,47.54011917114258,47.53999938964844,47.5393798828125,47.54137954711914,47.5393798828125,47.53737945556641,47.53837966918945,47.54699935913086,47.56199951171875,47.57505950927735,47.59605941772461,47.61305923461914,47.61905975341797,47.607060241699216,47.58899993896485,47.57099990844726,47.55499954223633,47.53999938964844,47.54399948120117,47.56199951171875,47.56999969482422,47.580999755859374,47.5859992980957,47.58099899291992,47.57099914550781,47.56729965209961,47.56093978881836,47.55894012451172,47.55894012451172,47.559540557861325,47.55523986816407,47.55859985351562,47.565599822998045,47.57459945678711,47.58399887084961,47.58999938964844,47.58999938964844,47.58699951171875,47.57699966430664,47.57300033569336,47.56900024414063,47.56300048828125,47.55699996948242,47.555999755859375,47.55099945068359,47.555999755859375,47.568999481201175,47.58399963378906,47.59599990844727,47.60599975585937,47.609999084472655,47.606999206542966,47.610999298095706,47.61799926757813,47.6259994506836,47.63600006103516,47.64440002441406,47.64515991210938,47.63766021728516,47.6386604309082,47.63666000366211,47.63726043701172,47.63950042724609,47.65,47.65099945068359,47.65299987792969,47.65199966430664,47.64599990844727,47.64400024414063,47.64500045776367,47.64300003051758,47.63899993896485,47.63600006103516,47.63399963378906,47.62699966430664,47.62799987792969,47.62600021362304,47.62900009155273,47.627000427246095,47.62600021362304,47.62900009155273,47.63499984741211,47.63699951171875,47.64199981689453,47.64820022583008,47.6431999206543,47.6414794921875,47.64448013305664,47.64547958374023,47.64427947998047,47.64227981567383,47.64400024414063,47.65400009155273,47.662000274658205,47.6740005493164,47.68800048828125,47.70000076293945,47.7010009765625,47.69700088500976,47.69300079345703,47.69400100708008,47.69300079345703,47.691000366210936,47.69900054931641,47.70500030517578,47.71300048828125,47.726000213623045,47.74897994995117,47.7679801940918,47.775980377197264,47.78397979736328,47.78498001098633,47.76900024414063,47.75899963378906,47.76205978393555,47.76605987548828,47.76905975341797,47.77755966186523,47.78356018066406,47.791500091552734,47.79449996948242,47.80352020263672,47.81502075195313,47.82502059936523,47.83902053833008,47.85102081298828,47.85230026245117,47.85029983520508,47.840380096435545,47.821379852294925,47.79837951660157,47.787879943847656,47.79087982177735,47.79879989624023,47.806800079345706,47.82980041503906,47.84600067138672,47.854000854492185,47.85900039672852,47.87099990844727,47.87299957275391,47.87899932861328,47.87999954223633,47.88399963378906,47.89199981689453,47.90999984741211,47.92699966430664,47.95299911499024,47.98299942016602,48.01499938964844,48.04273986816406,48.06574020385742,48.08074035644531,48.08873977661133,48.09474029541016,48.10599975585937,48.12799987792969,48.15,48.18199996948242,48.19799957275391,48.202999877929685,48.20199966430664,48.19300003051758,48.18199996948242,48.1870002746582,48.2533203125,48.34532012939453,48.48331985473633,48.6283203125,48.76811981201172,48.8197998046875,48.85607986450195,48.85607986450195,48.855079650878906,48.84328002929688,48.83127975463867,48.81699981689453,48.8249397277832,48.83893966674805,48.85493927001953,48.892939758300784,48.92293930053711,48.9109992980957,48.8979995727539,48.88399963378906,48.86899948120117,48.863999938964845,48.88099975585938,48.87699966430664,48.87844009399414,48.90543975830078,48.90143966674805,48.89593963623047,48.90493927001953,48.90849914550781,48.88449935913086,48.88249969482422,48.87799987792969,48.87799987792969,48.86899948120117,48.869999694824216,48.87799911499023,48.885999298095705,48.882999420166016,48.90597991943359,48.92697982788086,48.93198013305664,48.9409797668457,48.94598007202149,48.94700012207032,48.93899993896484,48.93399963378906,48.92699966430664,48.92271957397461,48.91971969604492,48.923719787597655,48.92572021484375,48.93472061157227,48.93300094604492,48.93042068481445,48.92142105102539,48.90842056274414,48.90142059326172,48.9074203491211,48.899000549316405,48.91300048828125,48.9390007019043,48.954000854492186,48.97100067138672,48.999000549316406,49.008000183105466,48.99026031494141,48.97628021240234,48.95628051757812,48.925279998779295,48.90126037597656,48.90400009155273,48.89497985839844,48.89497985839844,48.90197982788086,48.905999755859376,48.91399993896484,48.91999969482422,48.91399917602539,48.90199966430664,48.905999755859376,48.89599990844727,48.9,48.90800018310547,48.920999908447264,48.92399978637695,48.94599990844726,48.96399993896485,48.98400039672852,49.00000076293945,49.01600036621094,49.01717987060547,49.01417999267578,49.0091796875,49.01117935180664,49.00017929077149,48.99699935913086,48.99749908447266,48.99649887084961,48.98849868774414,48.980499267578125,48.968499755859376,48.95500030517578,48.94300079345703,48.92900085449219,48.91276092529297,48.91076049804688,48.91875991821289,48.93675994873047,48.9557601928711,48.99300003051758,49.027000427246094,49.0640007019043,49.1020004272461,49.13424072265625,49.16624069213867,49.17824020385742,49.1622200012207,49.147219848632815,49.12533950805664,49.091339111328125,49.06433944702148,49.04835968017578,49.02435989379883,49.01399993896485,49.01300048828125,49.01500015258789,49.01399993896485,49.00699996948242,49.00400009155273,48.99199981689453,48.99000015258789,49.00300064086914,49.01700057983398,49.037000274658205,49.07560043334961,49.10860061645508,49.13074035644532,49.15373992919922,49.1717399597168,49.16913986206055,49.159139251708986,49.1479995727539,49.137000274658206,49.127000427246095,49.12200012207031,49.13000030517578,49.14400024414063,49.147159576416016,49.14515991210938,49.14815979003906,49.13115997314453,49.10915985107422,49.09800033569336,49.09962005615235,49.09510040283203,49.09710006713867,49.1019401550293,49.10093994140625,49.0913200378418,49.08583984375,49.086840057373045,49.08300018310547,49.091000366210935,49.09200057983399,49.09200057983399,49.09800033569336,49.11100006103516,49.11697998046875,49.12397994995117,49.135980224609376,49.135980224609376,49.134980010986325,49.14099960327148,49.14699935913086,49.1489990234375,49.14099960327148,49.12799987792969,49.10699996948242,49.09099960327149,49.07373962402344,49.068739318847655,49.068739318847655,49.07273941040039,49.075,49.08825988769532,49.10525970458984,49.11425933837891,49.12125930786133,49.13199920654297,49.13099975585938,49.12699966430664,49.13099975585938,49.14800033569336,49.17399978637695,49.19699935913086,49.22199935913086,49.23699951171875,49.23899917602539,49.2259994506836,49.21699981689453,49.20800018310547,49.21399993896485,49.22200012207031,49.23000030517578,49.23460006713867,49.23659973144531,49.23359985351563,49.22459945678711,49.21859970092773,49.21399993896485,49.20600051879883,49.20000076293945,49.198001098632815,49.19600067138672,49.19700088500976,49.20498046875,49.21298065185547,49.21598052978516,49.21598052978516,49.213600158691406,49.20562057495117,49.1976203918457,49.19962005615234,49.20561981201172,49.21599960327149,49.22799911499023,49.23399887084961,49.24399948120117,49.25299987792969,49.25599975585938,49.26100006103516,49.26399993896485,49.25999984741211,49.25999984741211,49.26500015258789,49.26302032470703,49.26302032470703,49.26501998901367,49.26701965332031,49.26701965332031,49.27199935913086,49.2879997253418,49.29899978637695,49.3,49.29800033569336,49.29400024414063,49.28400039672852,49.26800079345704,49.255001068115234,49.25400085449219,49.25800094604492,49.24758071899414,49.25148010253906,49.253179931640624,49.24417953491211,49.23117980957032,49.23460006713867,49.23170013427735,49.23199996948242,49.23300018310547,49.23399963378906,49.21859893798828,49.20059890747071,49.18159866333008,49.16659851074219,49.14759902954101,49.14999923706055,49.15297927856445,49.147979736328125,49.13198013305664,49.11997985839844,49.09598007202148,49.07402038574219,49.06203994750977,49.064039611816405,49.06875991821289,49.0907600402832,49.10721969604492,49.1215202331543,49.119520568847655,49.11980056762695,49.10780029296875,49.10032043457032,49.09500045776368,49.09800033569336,49.09500045776368,49.094000244140624,49.09600067138672,49.10900039672852,49.127000427246095,49.14573974609375,49.161740112304685,49.17473983764648,49.17773971557617,49.17673950195312,49.177999877929686,49.170999908447264,49.155999755859376,49.14400024414063,49.13200073242187,49.11600036621094,49.10900039672852,49.114000701904295,49.114000701904295,49.114000701904295,49.11800079345703,49.117120361328126,49.11412048339844,49.1111198425293,49.10211944580078,49.094120025634766,49.08600006103516,49.0759994506836,49.06999969482422,49.06800003051758,49.06699981689453,49.06900024414063,49.07300033569336,49.07500076293945,49.08200073242188,49.08800048828125,49.09600067138672,49.10300064086914,49.11300048828125,49.12099990844727,49.1244400024414,49.128439331054686,49.13343963623047,49.13643951416016,49.13643951416016,49.14399948120117,49.14899978637696,49.15199966430664,49.154999542236325,49.15,49.13899993896485,49.12099990844727,49.10599975585937,49.09700012207031,49.10149993896484,49.1125,49.128500366210936,49.14650039672851,49.15950012207031,49.168000030517575,49.17300033569336,49.180999755859375,49.17399978637695,49.16699981689453,49.15500030517578,49.14300003051758,49.13000030517578,49.13000030517578,49.13499984741211,49.145999145507815,49.145999145507815,49.1489990234375,49.14199905395508,49.12899932861328,49.11800003051758,49.10800018310547,49.09900054931641,49.09700088500976,49.09200134277344,49.08700103759766,49.09300079345703,49.09900054931641,49.10900039672852,49.113999938964845,49.11699981689453,49.12099990844727,49.11100006103516,49.09700012207031,49.09700012207031,49.10299987792969,49.10899963378906,49.12499923706055,49.1489990234375,49.17099914550781,49.17999954223633,49.19000015258789,49.19600067138672,49.19400100708008,49.17800064086914,49.165000915527344,49.149000549316405,49.14200057983398,49.13600006103516,49.13500061035156,49.13600006103516,49.13400039672852,49.11600036621094,49.0890007019043,49.091000366210935,49.10000076293945,49.10300064086914,49.13480072021484,49.17380065917969,49.18080062866211,49.17480010986328,49.17379989624023,49.16399917602539,49.14699935913086,49.13199920654297,49.1161994934082,49.091119384765626,49.05512008666992,49.03811950683594,49.02811965942383,49.02991943359375,49.045999908447264,49.06199951171875,49.0572395324707,49.052239990234376,49.03724060058594,49.00624008178711,48.9582405090332,48.94700088500976,48.93600082397461,48.935000610351565,48.954000854492186,48.98300018310547,48.98400039672852,48.99000015258789,48.98199996948242,48.96800003051758,48.956999969482425,1
  +47.467620086669925,47.49899978637696,47.52899932861328,47.59199981689453,47.64099960327148,47.63481979370117,47.64381942749024,47.64281997680664,47.63582000732422,47.65082015991211,47.65849990844727,47.6875,47.68649978637696,47.63957977294922,47.59357986450196,47.56208038330078,47.51708068847656,47.544080352783205,47.62399978637696,47.68499984741211,47.74199981689453,47.7879997253418,47.763980102539065,47.70214004516602,47.64514007568359,47.57480010986328,47.5197998046875,47.49781951904297,47.494659423828125,47.51065979003906,47.52899932861328,47.542999267578125,47.5609992980957,47.56800003051758,47.56699981689453,47.58399963378906,47.5870002746582,47.5640007019043,47.55300064086914,47.53040084838867,47.50940093994141,47.492060852050784,47.49606094360352,47.5000602722168,47.52666015625,47.55666046142578,47.60900039672852,47.64800033569336,47.665000915527344,47.672000885009766,47.65800094604492,47.63298110961914,47.62298049926758,47.6279800415039,47.6059799194336,47.60447998046875,47.58531951904297,47.55531997680664,47.53731994628906,47.54832000732422,47.5418197631836,47.55699996948242,47.56699981689453,47.552999877929686,47.53899993896484,47.53000030517578,47.51500015258789,47.51700057983398,47.53500061035156,47.54800033569336,47.56864013671875,47.586640167236325,47.59763946533203,47.6176399230957,47.65164031982422,47.67700042724609,47.71202087402344,47.7600212097168,47.78116073608398,47.79416046142578,47.80615997314453,47.81013946533203,47.7811393737793,47.7729995727539,47.74899978637696,47.73300018310547,47.7270004272461,47.72500076293945,47.723001098632814,47.74100112915039,47.75600128173828,47.74200134277344,47.73000106811524,47.71200103759766,47.69000091552734,47.665000915527344,47.66800079345703,47.672000885009766,47.685000610351565,47.69600067138672,47.70200042724609,47.67900009155274,47.66999969482422,47.654999542236325,47.63699951171875,47.62299957275391,47.619999694824216,47.60199966430664,47.5759994506836,47.54801940917969,47.51701965332031,47.48302001953125,47.45802001953125,47.44302062988281,47.44700012207032,47.45999984741211,47.50199966430664,47.55800018310547,47.608740234375,47.6477409362793,47.68374099731445,47.691741180419925,47.6847412109375,47.68000106811523,47.67300033569336,47.65999984741211,47.64300003051758,47.60759963989258,47.56659927368164,47.51859970092774,47.49059982299805,47.47259979248047,47.48499984741211,47.49476013183594,47.51376037597656,47.50676040649414,47.50075988769531,47.483760070800784,47.475,47.46800003051758,47.47300033569336,47.48600082397461,47.50300064086914,47.51700057983398,47.51800003051758,47.49899978637696,47.472459411621095,47.44345932006836,47.41845932006836,47.39745941162109,47.395459747314455,47.40099945068359,47.39985961914063,47.40285949707031,47.41385955810547,47.426859283447264,47.423859405517575,47.4359992980957,47.43399963378906,47.42599945068359,47.4129997253418,47.40199966430664,47.383000183105466,47.37399978637696,47.369999694824216,47.37899932861328,47.39199981689453,47.40399932861328,47.417999267578125,47.4359992980957,47.44199981689453,47.44241943359375,47.44641952514648,47.44741973876953,47.43641967773438,47.44343948364258,47.45601959228516,47.45901947021484,47.46801986694336,47.48702011108399,47.494999694824216,47.50299987792969,47.5129997253418,47.51899948120117,47.51771926879883,47.50871963500977,47.494719696044925,47.49171981811524,47.48671951293945,47.48600006103516,47.4870002746582,47.49899978637696,47.50299987792969,47.50900039672852,47.51399993896485,47.5229995727539,47.52799987792969,47.52799987792969,47.52599945068359,47.529999542236325,47.53199920654297,47.53099899291992,47.5351188659668,47.54111862182617,47.53811874389648,47.53811874389648,47.54011917114258,47.53999938964844,47.5393798828125,47.54137954711914,47.5393798828125,47.53737945556641,47.53837966918945,47.54699935913086,47.56199951171875,47.57505950927735,47.59605941772461,47.61305923461914,47.61905975341797,47.607060241699216,47.58899993896485,47.57099990844726,47.55499954223633,47.53999938964844,47.54399948120117,47.56199951171875,47.56999969482422,47.580999755859374,47.5859992980957,47.58099899291992,47.57099914550781,47.56729965209961,47.56093978881836,47.55894012451172,47.55894012451172,47.559540557861325,47.55523986816407,47.55859985351562,47.565599822998045,47.57459945678711,47.58399887084961,47.58999938964844,47.58999938964844,47.58699951171875,47.57699966430664,47.57300033569336,47.56900024414063,47.56300048828125,47.55699996948242,47.555999755859375,47.55099945068359,47.555999755859375,47.568999481201175,47.58399963378906,47.59599990844727,47.60599975585937,47.609999084472655,47.606999206542966,47.610999298095706,47.61799926757813,47.6259994506836,47.63600006103516,47.64440002441406,47.64515991210938,47.63766021728516,47.6386604309082,47.63666000366211,47.63726043701172,47.63950042724609,47.65,47.65099945068359,47.65299987792969,47.65199966430664,47.64599990844727,47.64400024414063,47.64500045776367,47.64300003051758,47.63899993896485,47.63600006103516,47.63399963378906,47.62699966430664,47.62799987792969,47.62600021362304,47.62900009155273,47.627000427246095,47.62600021362304,47.62900009155273,47.63499984741211,47.63699951171875,47.64199981689453,47.64820022583008,47.6431999206543,47.6414794921875,47.64448013305664,47.64547958374023,47.64427947998047,47.64227981567383,47.64400024414063,47.65400009155273,47.662000274658205,47.6740005493164,47.68800048828125,47.70000076293945,47.7010009765625,47.69700088500976,47.69300079345703,47.69400100708008,47.69300079345703,47.691000366210936,47.69900054931641,47.70500030517578,47.71300048828125,47.726000213623045,47.74897994995117,47.7679801940918,47.775980377197264,47.78397979736328,47.78498001098633,47.76900024414063,47.75899963378906,47.76205978393555,47.76605987548828,47.76905975341797,47.77755966186523,47.78356018066406,47.791500091552734,47.79449996948242,47.80352020263672,47.81502075195313,47.82502059936523,47.83902053833008,47.85102081298828,47.85230026245117,47.85029983520508,47.840380096435545,47.821379852294925,47.79837951660157,47.787879943847656,47.79087982177735,47.79879989624023,47.806800079345706,47.82980041503906,47.84600067138672,47.854000854492185,47.85900039672852,47.87099990844727,47.87299957275391,47.87899932861328,47.87999954223633,47.88399963378906,47.89199981689453,47.90999984741211,47.92699966430664,47.95299911499024,47.98299942016602,48.01499938964844,48.04273986816406,48.06574020385742,48.08074035644531,48.08873977661133,48.09474029541016,48.10599975585937,48.12799987792969,48.15,48.18199996948242,48.19799957275391,48.202999877929685,48.20199966430664,48.19300003051758,48.18199996948242,48.1870002746582,48.2533203125,48.34532012939453,48.48331985473633,48.6283203125,48.76811981201172,48.8197998046875,48.85607986450195,48.85607986450195,48.855079650878906,48.84328002929688,48.83127975463867,48.81699981689453,48.8249397277832,48.83893966674805,48.85493927001953,48.892939758300784,48.92293930053711,48.9109992980957,48.8979995727539,48.88399963378906,48.86899948120117,48.863999938964845,48.88099975585938,48.87699966430664,48.87844009399414,48.90543975830078,48.90143966674805,48.89593963623047,48.90493927001953,48.90849914550781,48.88449935913086,48.88249969482422,48.87799987792969,48.87799987792969,48.86899948120117,48.869999694824216,48.87799911499023,48.885999298095705,48.882999420166016,48.90597991943359,48.92697982788086,48.93198013305664,48.9409797668457,48.94598007202149,48.94700012207032,48.93899993896484,48.93399963378906,48.92699966430664,48.92271957397461,48.91971969604492,48.923719787597655,48.92572021484375,48.93472061157227,48.93300094604492,48.93042068481445,48.92142105102539,48.90842056274414,48.90142059326172,48.9074203491211,48.899000549316405,48.91300048828125,48.9390007019043,48.954000854492186,48.97100067138672,48.999000549316406,49.008000183105466,48.99026031494141,48.97628021240234,48.95628051757812,48.925279998779295,48.90126037597656,48.90400009155273,48.89497985839844,48.89497985839844,48.90197982788086,48.905999755859376,48.91399993896484,48.91999969482422,48.91399917602539,48.90199966430664,48.905999755859376,48.89599990844727,48.9,48.90800018310547,48.920999908447264,48.92399978637695,48.94599990844726,48.96399993896485,48.98400039672852,49.00000076293945,49.01600036621094,49.01717987060547,49.01417999267578,49.0091796875,49.01117935180664,49.00017929077149,48.99699935913086,48.99749908447266,48.99649887084961,48.98849868774414,48.980499267578125,48.968499755859376,48.95500030517578,48.94300079345703,48.92900085449219,48.91276092529297,48.91076049804688,48.91875991821289,48.93675994873047,48.9557601928711,48.99300003051758,49.027000427246094,49.0640007019043,49.1020004272461,49.13424072265625,49.16624069213867,49.17824020385742,49.1622200012207,49.147219848632815,49.12533950805664,49.091339111328125,49.06433944702148,49.04835968017578,49.02435989379883,49.01399993896485,49.01300048828125,49.01500015258789,49.01399993896485,49.00699996948242,49.00400009155273,48.99199981689453,48.99000015258789,49.00300064086914,49.01700057983398,49.037000274658205,49.07560043334961,49.10860061645508,49.13074035644532,49.15373992919922,49.1717399597168,49.16913986206055,49.159139251708986,49.1479995727539,49.137000274658206,49.127000427246095,49.12200012207031,49.13000030517578,49.14400024414063,49.147159576416016,49.14515991210938,49.14815979003906,49.13115997314453,49.10915985107422,49.09800033569336,49.09962005615235,49.09510040283203,49.09710006713867,49.1019401550293,49.10093994140625,49.0913200378418,49.08583984375,49.086840057373045,49.08300018310547,49.091000366210935,49.09200057983399,49.09200057983399,49.09800033569336,49.11100006103516,49.11697998046875,49.12397994995117,49.135980224609376,49.135980224609376,49.134980010986325,49.14099960327148,49.14699935913086,49.1489990234375,49.14099960327148,49.12799987792969,49.10699996948242,49.09099960327149,49.07373962402344,49.068739318847655,49.068739318847655,49.07273941040039,49.075,49.08825988769532,49.10525970458984,49.11425933837891,49.12125930786133,49.13199920654297,49.13099975585938,49.12699966430664,49.13099975585938,49.14800033569336,49.17399978637695,49.19699935913086,49.22199935913086,49.23699951171875,49.23899917602539,49.2259994506836,49.21699981689453,49.20800018310547,49.21399993896485,49.22200012207031,49.23000030517578,49.23460006713867,49.23659973144531,49.23359985351563,49.22459945678711,49.21859970092773,49.21399993896485,49.20600051879883,49.20000076293945,49.198001098632815,49.19600067138672,49.19700088500976,49.20498046875,49.21298065185547,49.21598052978516,49.21598052978516,49.213600158691406,49.20562057495117,49.1976203918457,49.19962005615234,49.20561981201172,49.21599960327149,49.22799911499023,49.23399887084961,49.24399948120117,49.25299987792969,49.25599975585938,49.26100006103516,49.26399993896485,49.25999984741211,49.25999984741211,49.26500015258789,49.26302032470703,49.26302032470703,49.26501998901367,49.26701965332031,49.26701965332031,49.27199935913086,49.2879997253418,49.29899978637695,49.3,49.29800033569336,49.29400024414063,49.28400039672852,49.26800079345704,49.255001068115234,49.25400085449219,49.25800094604492,49.24758071899414,49.25148010253906,49.253179931640624,49.24417953491211,49.23117980957032,49.23460006713867,49.23170013427735,49.23199996948242,49.23300018310547,49.23399963378906,49.21859893798828,49.20059890747071,49.18159866333008,49.16659851074219,49.14759902954101,49.14999923706055,49.15297927856445,49.147979736328125,49.13198013305664,49.11997985839844,49.09598007202148,49.07402038574219,49.06203994750977,49.064039611816405,49.06875991821289,49.0907600402832,49.10721969604492,49.1215202331543,49.119520568847655,49.11980056762695,49.10780029296875,49.10032043457032,49.09500045776368,49.09800033569336,49.09500045776368,49.094000244140624,49.09600067138672,49.10900039672852,49.127000427246095,49.14573974609375,49.161740112304685,49.17473983764648,49.17773971557617,49.17673950195312,49.177999877929686,49.170999908447264,49.155999755859376,49.14400024414063,49.13200073242187,49.11600036621094,49.10900039672852,49.114000701904295,49.114000701904295,49.114000701904295,49.11800079345703,49.117120361328126,49.11412048339844,49.1111198425293,49.10211944580078,49.094120025634766,49.08600006103516,49.0759994506836,49.06999969482422,49.06800003051758,49.06699981689453,49.06900024414063,49.07300033569336,49.07500076293945,49.08200073242188,49.08800048828125,49.09600067138672,49.10300064086914,49.11300048828125,49.12099990844727,49.1244400024414,49.128439331054686,49.13343963623047,49.13643951416016,49.13643951416016,49.14399948120117,49.14899978637696,49.15199966430664,49.154999542236325,49.15,49.13899993896485,49.12099990844727,49.10599975585937,49.09700012207031,49.10149993896484,49.1125,49.128500366210936,49.14650039672851,49.15950012207031,49.168000030517575,49.17300033569336,49.180999755859375,49.17399978637695,49.16699981689453,49.15500030517578,49.14300003051758,49.13000030517578,49.13000030517578,49.13499984741211,49.145999145507815,49.145999145507815,49.1489990234375,49.14199905395508,49.12899932861328,49.11800003051758,49.10800018310547,49.09900054931641,49.09700088500976,49.09200134277344,49.08700103759766,49.09300079345703,49.09900054931641,49.10900039672852,49.113999938964845,49.11699981689453,49.12099990844727,49.11100006103516,49.09700012207031,49.09700012207031,49.10299987792969,49.10899963378906,49.12499923706055,49.1489990234375,49.17099914550781,49.17999954223633,49.19000015258789,49.19600067138672,49.19400100708008,49.17800064086914,49.165000915527344,49.149000549316405,49.14200057983398,49.13600006103516,49.13500061035156,49.13600006103516,49.13400039672852,49.11600036621094,49.0890007019043,49.091000366210935,49.10000076293945,49.10300064086914,49.13480072021484,49.17380065917969,49.18080062866211,49.17480010986328,49.17379989624023,49.16399917602539,49.14699935913086,49.13199920654297,49.1161994934082,49.091119384765626,49.05512008666992,49.03811950683594,49.02811965942383,49.02991943359375,49.045999908447264,49.06199951171875,49.0572395324707,49.052239990234376,49.03724060058594,49.00624008178711,48.9582405090332,48.94700088500976,48.93600082397461,48.935000610351565,48.954000854492186,48.98300018310547,48.98400039672852,48.99000015258789,48.98199996948242,48.96800003051758,48.956999969482425,48.93499984741211,0
  +47.49899978637696,47.52899932861328,47.59199981689453,47.64099960327148,47.63481979370117,47.64381942749024,47.64281997680664,47.63582000732422,47.65082015991211,47.65849990844727,47.6875,47.68649978637696,47.63957977294922,47.59357986450196,47.56208038330078,47.51708068847656,47.544080352783205,47.62399978637696,47.68499984741211,47.74199981689453,47.7879997253418,47.763980102539065,47.70214004516602,47.64514007568359,47.57480010986328,47.5197998046875,47.49781951904297,47.494659423828125,47.51065979003906,47.52899932861328,47.542999267578125,47.5609992980957,47.56800003051758,47.56699981689453,47.58399963378906,47.5870002746582,47.5640007019043,47.55300064086914,47.53040084838867,47.50940093994141,47.492060852050784,47.49606094360352,47.5000602722168,47.52666015625,47.55666046142578,47.60900039672852,47.64800033569336,47.665000915527344,47.672000885009766,47.65800094604492,47.63298110961914,47.62298049926758,47.6279800415039,47.6059799194336,47.60447998046875,47.58531951904297,47.55531997680664,47.53731994628906,47.54832000732422,47.5418197631836,47.55699996948242,47.56699981689453,47.552999877929686,47.53899993896484,47.53000030517578,47.51500015258789,47.51700057983398,47.53500061035156,47.54800033569336,47.56864013671875,47.586640167236325,47.59763946533203,47.6176399230957,47.65164031982422,47.67700042724609,47.71202087402344,47.7600212097168,47.78116073608398,47.79416046142578,47.80615997314453,47.81013946533203,47.7811393737793,47.7729995727539,47.74899978637696,47.73300018310547,47.7270004272461,47.72500076293945,47.723001098632814,47.74100112915039,47.75600128173828,47.74200134277344,47.73000106811524,47.71200103759766,47.69000091552734,47.665000915527344,47.66800079345703,47.672000885009766,47.685000610351565,47.69600067138672,47.70200042724609,47.67900009155274,47.66999969482422,47.654999542236325,47.63699951171875,47.62299957275391,47.619999694824216,47.60199966430664,47.5759994506836,47.54801940917969,47.51701965332031,47.48302001953125,47.45802001953125,47.44302062988281,47.44700012207032,47.45999984741211,47.50199966430664,47.55800018310547,47.608740234375,47.6477409362793,47.68374099731445,47.691741180419925,47.6847412109375,47.68000106811523,47.67300033569336,47.65999984741211,47.64300003051758,47.60759963989258,47.56659927368164,47.51859970092774,47.49059982299805,47.47259979248047,47.48499984741211,47.49476013183594,47.51376037597656,47.50676040649414,47.50075988769531,47.483760070800784,47.475,47.46800003051758,47.47300033569336,47.48600082397461,47.50300064086914,47.51700057983398,47.51800003051758,47.49899978637696,47.472459411621095,47.44345932006836,47.41845932006836,47.39745941162109,47.395459747314455,47.40099945068359,47.39985961914063,47.40285949707031,47.41385955810547,47.426859283447264,47.423859405517575,47.4359992980957,47.43399963378906,47.42599945068359,47.4129997253418,47.40199966430664,47.383000183105466,47.37399978637696,47.369999694824216,47.37899932861328,47.39199981689453,47.40399932861328,47.417999267578125,47.4359992980957,47.44199981689453,47.44241943359375,47.44641952514648,47.44741973876953,47.43641967773438,47.44343948364258,47.45601959228516,47.45901947021484,47.46801986694336,47.48702011108399,47.494999694824216,47.50299987792969,47.5129997253418,47.51899948120117,47.51771926879883,47.50871963500977,47.494719696044925,47.49171981811524,47.48671951293945,47.48600006103516,47.4870002746582,47.49899978637696,47.50299987792969,47.50900039672852,47.51399993896485,47.5229995727539,47.52799987792969,47.52799987792969,47.52599945068359,47.529999542236325,47.53199920654297,47.53099899291992,47.5351188659668,47.54111862182617,47.53811874389648,47.53811874389648,47.54011917114258,47.53999938964844,47.5393798828125,47.54137954711914,47.5393798828125,47.53737945556641,47.53837966918945,47.54699935913086,47.56199951171875,47.57505950927735,47.59605941772461,47.61305923461914,47.61905975341797,47.607060241699216,47.58899993896485,47.57099990844726,47.55499954223633,47.53999938964844,47.54399948120117,47.56199951171875,47.56999969482422,47.580999755859374,47.5859992980957,47.58099899291992,47.57099914550781,47.56729965209961,47.56093978881836,47.55894012451172,47.55894012451172,47.559540557861325,47.55523986816407,47.55859985351562,47.565599822998045,47.57459945678711,47.58399887084961,47.58999938964844,47.58999938964844,47.58699951171875,47.57699966430664,47.57300033569336,47.56900024414063,47.56300048828125,47.55699996948242,47.555999755859375,47.55099945068359,47.555999755859375,47.568999481201175,47.58399963378906,47.59599990844727,47.60599975585937,47.609999084472655,47.606999206542966,47.610999298095706,47.61799926757813,47.6259994506836,47.63600006103516,47.64440002441406,47.64515991210938,47.63766021728516,47.6386604309082,47.63666000366211,47.63726043701172,47.63950042724609,47.65,47.65099945068359,47.65299987792969,47.65199966430664,47.64599990844727,47.64400024414063,47.64500045776367,47.64300003051758,47.63899993896485,47.63600006103516,47.63399963378906,47.62699966430664,47.62799987792969,47.62600021362304,47.62900009155273,47.627000427246095,47.62600021362304,47.62900009155273,47.63499984741211,47.63699951171875,47.64199981689453,47.64820022583008,47.6431999206543,47.6414794921875,47.64448013305664,47.64547958374023,47.64427947998047,47.64227981567383,47.64400024414063,47.65400009155273,47.662000274658205,47.6740005493164,47.68800048828125,47.70000076293945,47.7010009765625,47.69700088500976,47.69300079345703,47.69400100708008,47.69300079345703,47.691000366210936,47.69900054931641,47.70500030517578,47.71300048828125,47.726000213623045,47.74897994995117,47.7679801940918,47.775980377197264,47.78397979736328,47.78498001098633,47.76900024414063,47.75899963378906,47.76205978393555,47.76605987548828,47.76905975341797,47.77755966186523,47.78356018066406,47.791500091552734,47.79449996948242,47.80352020263672,47.81502075195313,47.82502059936523,47.83902053833008,47.85102081298828,47.85230026245117,47.85029983520508,47.840380096435545,47.821379852294925,47.79837951660157,47.787879943847656,47.79087982177735,47.79879989624023,47.806800079345706,47.82980041503906,47.84600067138672,47.854000854492185,47.85900039672852,47.87099990844727,47.87299957275391,47.87899932861328,47.87999954223633,47.88399963378906,47.89199981689453,47.90999984741211,47.92699966430664,47.95299911499024,47.98299942016602,48.01499938964844,48.04273986816406,48.06574020385742,48.08074035644531,48.08873977661133,48.09474029541016,48.10599975585937,48.12799987792969,48.15,48.18199996948242,48.19799957275391,48.202999877929685,48.20199966430664,48.19300003051758,48.18199996948242,48.1870002746582,48.2533203125,48.34532012939453,48.48331985473633,48.6283203125,48.76811981201172,48.8197998046875,48.85607986450195,48.85607986450195,48.855079650878906,48.84328002929688,48.83127975463867,48.81699981689453,48.8249397277832,48.83893966674805,48.85493927001953,48.892939758300784,48.92293930053711,48.9109992980957,48.8979995727539,48.88399963378906,48.86899948120117,48.863999938964845,48.88099975585938,48.87699966430664,48.87844009399414,48.90543975830078,48.90143966674805,48.89593963623047,48.90493927001953,48.90849914550781,48.88449935913086,48.88249969482422,48.87799987792969,48.87799987792969,48.86899948120117,48.869999694824216,48.87799911499023,48.885999298095705,48.882999420166016,48.90597991943359,48.92697982788086,48.93198013305664,48.9409797668457,48.94598007202149,48.94700012207032,48.93899993896484,48.93399963378906,48.92699966430664,48.92271957397461,48.91971969604492,48.923719787597655,48.92572021484375,48.93472061157227,48.93300094604492,48.93042068481445,48.92142105102539,48.90842056274414,48.90142059326172,48.9074203491211,48.899000549316405,48.91300048828125,48.9390007019043,48.954000854492186,48.97100067138672,48.999000549316406,49.008000183105466,48.99026031494141,48.97628021240234,48.95628051757812,48.925279998779295,48.90126037597656,48.90400009155273,48.89497985839844,48.89497985839844,48.90197982788086,48.905999755859376,48.91399993896484,48.91999969482422,48.91399917602539,48.90199966430664,48.905999755859376,48.89599990844727,48.9,48.90800018310547,48.920999908447264,48.92399978637695,48.94599990844726,48.96399993896485,48.98400039672852,49.00000076293945,49.01600036621094,49.01717987060547,49.01417999267578,49.0091796875,49.01117935180664,49.00017929077149,48.99699935913086,48.99749908447266,48.99649887084961,48.98849868774414,48.980499267578125,48.968499755859376,48.95500030517578,48.94300079345703,48.92900085449219,48.91276092529297,48.91076049804688,48.91875991821289,48.93675994873047,48.9557601928711,48.99300003051758,49.027000427246094,49.0640007019043,49.1020004272461,49.13424072265625,49.16624069213867,49.17824020385742,49.1622200012207,49.147219848632815,49.12533950805664,49.091339111328125,49.06433944702148,49.04835968017578,49.02435989379883,49.01399993896485,49.01300048828125,49.01500015258789,49.01399993896485,49.00699996948242,49.00400009155273,48.99199981689453,48.99000015258789,49.00300064086914,49.01700057983398,49.037000274658205,49.07560043334961,49.10860061645508,49.13074035644532,49.15373992919922,49.1717399597168,49.16913986206055,49.159139251708986,49.1479995727539,49.137000274658206,49.127000427246095,49.12200012207031,49.13000030517578,49.14400024414063,49.147159576416016,49.14515991210938,49.14815979003906,49.13115997314453,49.10915985107422,49.09800033569336,49.09962005615235,49.09510040283203,49.09710006713867,49.1019401550293,49.10093994140625,49.0913200378418,49.08583984375,49.086840057373045,49.08300018310547,49.091000366210935,49.09200057983399,49.09200057983399,49.09800033569336,49.11100006103516,49.11697998046875,49.12397994995117,49.135980224609376,49.135980224609376,49.134980010986325,49.14099960327148,49.14699935913086,49.1489990234375,49.14099960327148,49.12799987792969,49.10699996948242,49.09099960327149,49.07373962402344,49.068739318847655,49.068739318847655,49.07273941040039,49.075,49.08825988769532,49.10525970458984,49.11425933837891,49.12125930786133,49.13199920654297,49.13099975585938,49.12699966430664,49.13099975585938,49.14800033569336,49.17399978637695,49.19699935913086,49.22199935913086,49.23699951171875,49.23899917602539,49.2259994506836,49.21699981689453,49.20800018310547,49.21399993896485,49.22200012207031,49.23000030517578,49.23460006713867,49.23659973144531,49.23359985351563,49.22459945678711,49.21859970092773,49.21399993896485,49.20600051879883,49.20000076293945,49.198001098632815,49.19600067138672,49.19700088500976,49.20498046875,49.21298065185547,49.21598052978516,49.21598052978516,49.213600158691406,49.20562057495117,49.1976203918457,49.19962005615234,49.20561981201172,49.21599960327149,49.22799911499023,49.23399887084961,49.24399948120117,49.25299987792969,49.25599975585938,49.26100006103516,49.26399993896485,49.25999984741211,49.25999984741211,49.26500015258789,49.26302032470703,49.26302032470703,49.26501998901367,49.26701965332031,49.26701965332031,49.27199935913086,49.2879997253418,49.29899978637695,49.3,49.29800033569336,49.29400024414063,49.28400039672852,49.26800079345704,49.255001068115234,49.25400085449219,49.25800094604492,49.24758071899414,49.25148010253906,49.253179931640624,49.24417953491211,49.23117980957032,49.23460006713867,49.23170013427735,49.23199996948242,49.23300018310547,49.23399963378906,49.21859893798828,49.20059890747071,49.18159866333008,49.16659851074219,49.14759902954101,49.14999923706055,49.15297927856445,49.147979736328125,49.13198013305664,49.11997985839844,49.09598007202148,49.07402038574219,49.06203994750977,49.064039611816405,49.06875991821289,49.0907600402832,49.10721969604492,49.1215202331543,49.119520568847655,49.11980056762695,49.10780029296875,49.10032043457032,49.09500045776368,49.09800033569336,49.09500045776368,49.094000244140624,49.09600067138672,49.10900039672852,49.127000427246095,49.14573974609375,49.161740112304685,49.17473983764648,49.17773971557617,49.17673950195312,49.177999877929686,49.170999908447264,49.155999755859376,49.14400024414063,49.13200073242187,49.11600036621094,49.10900039672852,49.114000701904295,49.114000701904295,49.114000701904295,49.11800079345703,49.117120361328126,49.11412048339844,49.1111198425293,49.10211944580078,49.094120025634766,49.08600006103516,49.0759994506836,49.06999969482422,49.06800003051758,49.06699981689453,49.06900024414063,49.07300033569336,49.07500076293945,49.08200073242188,49.08800048828125,49.09600067138672,49.10300064086914,49.11300048828125,49.12099990844727,49.1244400024414,49.128439331054686,49.13343963623047,49.13643951416016,49.13643951416016,49.14399948120117,49.14899978637696,49.15199966430664,49.154999542236325,49.15,49.13899993896485,49.12099990844727,49.10599975585937,49.09700012207031,49.10149993896484,49.1125,49.128500366210936,49.14650039672851,49.15950012207031,49.168000030517575,49.17300033569336,49.180999755859375,49.17399978637695,49.16699981689453,49.15500030517578,49.14300003051758,49.13000030517578,49.13000030517578,49.13499984741211,49.145999145507815,49.145999145507815,49.1489990234375,49.14199905395508,49.12899932861328,49.11800003051758,49.10800018310547,49.09900054931641,49.09700088500976,49.09200134277344,49.08700103759766,49.09300079345703,49.09900054931641,49.10900039672852,49.113999938964845,49.11699981689453,49.12099990844727,49.11100006103516,49.09700012207031,49.09700012207031,49.10299987792969,49.10899963378906,49.12499923706055,49.1489990234375,49.17099914550781,49.17999954223633,49.19000015258789,49.19600067138672,49.19400100708008,49.17800064086914,49.165000915527344,49.149000549316405,49.14200057983398,49.13600006103516,49.13500061035156,49.13600006103516,49.13400039672852,49.11600036621094,49.0890007019043,49.091000366210935,49.10000076293945,49.10300064086914,49.13480072021484,49.17380065917969,49.18080062866211,49.17480010986328,49.17379989624023,49.16399917602539,49.14699935913086,49.13199920654297,49.1161994934082,49.091119384765626,49.05512008666992,49.03811950683594,49.02811965942383,49.02991943359375,49.045999908447264,49.06199951171875,49.0572395324707,49.052239990234376,49.03724060058594,49.00624008178711,48.9582405090332,48.94700088500976,48.93600082397461,48.935000610351565,48.954000854492186,48.98300018310547,48.98400039672852,48.99000015258789,48.98199996948242,48.96800003051758,48.956999969482425,48.93499984741211,48.905999755859376,1
  +47.52899932861328,47.59199981689453,47.64099960327148,47.63481979370117,47.64381942749024,47.64281997680664,47.63582000732422,47.65082015991211,47.65849990844727,47.6875,47.68649978637696,47.63957977294922,47.59357986450196,47.56208038330078,47.51708068847656,47.544080352783205,47.62399978637696,47.68499984741211,47.74199981689453,47.7879997253418,47.763980102539065,47.70214004516602,47.64514007568359,47.57480010986328,47.5197998046875,47.49781951904297,47.494659423828125,47.51065979003906,47.52899932861328,47.542999267578125,47.5609992980957,47.56800003051758,47.56699981689453,47.58399963378906,47.5870002746582,47.5640007019043,47.55300064086914,47.53040084838867,47.50940093994141,47.492060852050784,47.49606094360352,47.5000602722168,47.52666015625,47.55666046142578,47.60900039672852,47.64800033569336,47.665000915527344,47.672000885009766,47.65800094604492,47.63298110961914,47.62298049926758,47.6279800415039,47.6059799194336,47.60447998046875,47.58531951904297,47.55531997680664,47.53731994628906,47.54832000732422,47.5418197631836,47.55699996948242,47.56699981689453,47.552999877929686,47.53899993896484,47.53000030517578,47.51500015258789,47.51700057983398,47.53500061035156,47.54800033569336,47.56864013671875,47.586640167236325,47.59763946533203,47.6176399230957,47.65164031982422,47.67700042724609,47.71202087402344,47.7600212097168,47.78116073608398,47.79416046142578,47.80615997314453,47.81013946533203,47.7811393737793,47.7729995727539,47.74899978637696,47.73300018310547,47.7270004272461,47.72500076293945,47.723001098632814,47.74100112915039,47.75600128173828,47.74200134277344,47.73000106811524,47.71200103759766,47.69000091552734,47.665000915527344,47.66800079345703,47.672000885009766,47.685000610351565,47.69600067138672,47.70200042724609,47.67900009155274,47.66999969482422,47.654999542236325,47.63699951171875,47.62299957275391,47.619999694824216,47.60199966430664,47.5759994506836,47.54801940917969,47.51701965332031,47.48302001953125,47.45802001953125,47.44302062988281,47.44700012207032,47.45999984741211,47.50199966430664,47.55800018310547,47.608740234375,47.6477409362793,47.68374099731445,47.691741180419925,47.6847412109375,47.68000106811523,47.67300033569336,47.65999984741211,47.64300003051758,47.60759963989258,47.56659927368164,47.51859970092774,47.49059982299805,47.47259979248047,47.48499984741211,47.49476013183594,47.51376037597656,47.50676040649414,47.50075988769531,47.483760070800784,47.475,47.46800003051758,47.47300033569336,47.48600082397461,47.50300064086914,47.51700057983398,47.51800003051758,47.49899978637696,47.472459411621095,47.44345932006836,47.41845932006836,47.39745941162109,47.395459747314455,47.40099945068359,47.39985961914063,47.40285949707031,47.41385955810547,47.426859283447264,47.423859405517575,47.4359992980957,47.43399963378906,47.42599945068359,47.4129997253418,47.40199966430664,47.383000183105466,47.37399978637696,47.369999694824216,47.37899932861328,47.39199981689453,47.40399932861328,47.417999267578125,47.4359992980957,47.44199981689453,47.44241943359375,47.44641952514648,47.44741973876953,47.43641967773438,47.44343948364258,47.45601959228516,47.45901947021484,47.46801986694336,47.48702011108399,47.494999694824216,47.50299987792969,47.5129997253418,47.51899948120117,47.51771926879883,47.50871963500977,47.494719696044925,47.49171981811524,47.48671951293945,47.48600006103516,47.4870002746582,47.49899978637696,47.50299987792969,47.50900039672852,47.51399993896485,47.5229995727539,47.52799987792969,47.52799987792969,47.52599945068359,47.529999542236325,47.53199920654297,47.53099899291992,47.5351188659668,47.54111862182617,47.53811874389648,47.53811874389648,47.54011917114258,47.53999938964844,47.5393798828125,47.54137954711914,47.5393798828125,47.53737945556641,47.53837966918945,47.54699935913086,47.56199951171875,47.57505950927735,47.59605941772461,47.61305923461914,47.61905975341797,47.607060241699216,47.58899993896485,47.57099990844726,47.55499954223633,47.53999938964844,47.54399948120117,47.56199951171875,47.56999969482422,47.580999755859374,47.5859992980957,47.58099899291992,47.57099914550781,47.56729965209961,47.56093978881836,47.55894012451172,47.55894012451172,47.559540557861325,47.55523986816407,47.55859985351562,47.565599822998045,47.57459945678711,47.58399887084961,47.58999938964844,47.58999938964844,47.58699951171875,47.57699966430664,47.57300033569336,47.56900024414063,47.56300048828125,47.55699996948242,47.555999755859375,47.55099945068359,47.555999755859375,47.568999481201175,47.58399963378906,47.59599990844727,47.60599975585937,47.609999084472655,47.606999206542966,47.610999298095706,47.61799926757813,47.6259994506836,47.63600006103516,47.64440002441406,47.64515991210938,47.63766021728516,47.6386604309082,47.63666000366211,47.63726043701172,47.63950042724609,47.65,47.65099945068359,47.65299987792969,47.65199966430664,47.64599990844727,47.64400024414063,47.64500045776367,47.64300003051758,47.63899993896485,47.63600006103516,47.63399963378906,47.62699966430664,47.62799987792969,47.62600021362304,47.62900009155273,47.627000427246095,47.62600021362304,47.62900009155273,47.63499984741211,47.63699951171875,47.64199981689453,47.64820022583008,47.6431999206543,47.6414794921875,47.64448013305664,47.64547958374023,47.64427947998047,47.64227981567383,47.64400024414063,47.65400009155273,47.662000274658205,47.6740005493164,47.68800048828125,47.70000076293945,47.7010009765625,47.69700088500976,47.69300079345703,47.69400100708008,47.69300079345703,47.691000366210936,47.69900054931641,47.70500030517578,47.71300048828125,47.726000213623045,47.74897994995117,47.7679801940918,47.775980377197264,47.78397979736328,47.78498001098633,47.76900024414063,47.75899963378906,47.76205978393555,47.76605987548828,47.76905975341797,47.77755966186523,47.78356018066406,47.791500091552734,47.79449996948242,47.80352020263672,47.81502075195313,47.82502059936523,47.83902053833008,47.85102081298828,47.85230026245117,47.85029983520508,47.840380096435545,47.821379852294925,47.79837951660157,47.787879943847656,47.79087982177735,47.79879989624023,47.806800079345706,47.82980041503906,47.84600067138672,47.854000854492185,47.85900039672852,47.87099990844727,47.87299957275391,47.87899932861328,47.87999954223633,47.88399963378906,47.89199981689453,47.90999984741211,47.92699966430664,47.95299911499024,47.98299942016602,48.01499938964844,48.04273986816406,48.06574020385742,48.08074035644531,48.08873977661133,48.09474029541016,48.10599975585937,48.12799987792969,48.15,48.18199996948242,48.19799957275391,48.202999877929685,48.20199966430664,48.19300003051758,48.18199996948242,48.1870002746582,48.2533203125,48.34532012939453,48.48331985473633,48.6283203125,48.76811981201172,48.8197998046875,48.85607986450195,48.85607986450195,48.855079650878906,48.84328002929688,48.83127975463867,48.81699981689453,48.8249397277832,48.83893966674805,48.85493927001953,48.892939758300784,48.92293930053711,48.9109992980957,48.8979995727539,48.88399963378906,48.86899948120117,48.863999938964845,48.88099975585938,48.87699966430664,48.87844009399414,48.90543975830078,48.90143966674805,48.89593963623047,48.90493927001953,48.90849914550781,48.88449935913086,48.88249969482422,48.87799987792969,48.87799987792969,48.86899948120117,48.869999694824216,48.87799911499023,48.885999298095705,48.882999420166016,48.90597991943359,48.92697982788086,48.93198013305664,48.9409797668457,48.94598007202149,48.94700012207032,48.93899993896484,48.93399963378906,48.92699966430664,48.92271957397461,48.91971969604492,48.923719787597655,48.92572021484375,48.93472061157227,48.93300094604492,48.93042068481445,48.92142105102539,48.90842056274414,48.90142059326172,48.9074203491211,48.899000549316405,48.91300048828125,48.9390007019043,48.954000854492186,48.97100067138672,48.999000549316406,49.008000183105466,48.99026031494141,48.97628021240234,48.95628051757812,48.925279998779295,48.90126037597656,48.90400009155273,48.89497985839844,48.89497985839844,48.90197982788086,48.905999755859376,48.91399993896484,48.91999969482422,48.91399917602539,48.90199966430664,48.905999755859376,48.89599990844727,48.9,48.90800018310547,48.920999908447264,48.92399978637695,48.94599990844726,48.96399993896485,48.98400039672852,49.00000076293945,49.01600036621094,49.01717987060547,49.01417999267578,49.0091796875,49.01117935180664,49.00017929077149,48.99699935913086,48.99749908447266,48.99649887084961,48.98849868774414,48.980499267578125,48.968499755859376,48.95500030517578,48.94300079345703,48.92900085449219,48.91276092529297,48.91076049804688,48.91875991821289,48.93675994873047,48.9557601928711,48.99300003051758,49.027000427246094,49.0640007019043,49.1020004272461,49.13424072265625,49.16624069213867,49.17824020385742,49.1622200012207,49.147219848632815,49.12533950805664,49.091339111328125,49.06433944702148,49.04835968017578,49.02435989379883,49.01399993896485,49.01300048828125,49.01500015258789,49.01399993896485,49.00699996948242,49.00400009155273,48.99199981689453,48.99000015258789,49.00300064086914,49.01700057983398,49.037000274658205,49.07560043334961,49.10860061645508,49.13074035644532,49.15373992919922,49.1717399597168,49.16913986206055,49.159139251708986,49.1479995727539,49.137000274658206,49.127000427246095,49.12200012207031,49.13000030517578,49.14400024414063,49.147159576416016,49.14515991210938,49.14815979003906,49.13115997314453,49.10915985107422,49.09800033569336,49.09962005615235,49.09510040283203,49.09710006713867,49.1019401550293,49.10093994140625,49.0913200378418,49.08583984375,49.086840057373045,49.08300018310547,49.091000366210935,49.09200057983399,49.09200057983399,49.09800033569336,49.11100006103516,49.11697998046875,49.12397994995117,49.135980224609376,49.135980224609376,49.134980010986325,49.14099960327148,49.14699935913086,49.1489990234375,49.14099960327148,49.12799987792969,49.10699996948242,49.09099960327149,49.07373962402344,49.068739318847655,49.068739318847655,49.07273941040039,49.075,49.08825988769532,49.10525970458984,49.11425933837891,49.12125930786133,49.13199920654297,49.13099975585938,49.12699966430664,49.13099975585938,49.14800033569336,49.17399978637695,49.19699935913086,49.22199935913086,49.23699951171875,49.23899917602539,49.2259994506836,49.21699981689453,49.20800018310547,49.21399993896485,49.22200012207031,49.23000030517578,49.23460006713867,49.23659973144531,49.23359985351563,49.22459945678711,49.21859970092773,49.21399993896485,49.20600051879883,49.20000076293945,49.198001098632815,49.19600067138672,49.19700088500976,49.20498046875,49.21298065185547,49.21598052978516,49.21598052978516,49.213600158691406,49.20562057495117,49.1976203918457,49.19962005615234,49.20561981201172,49.21599960327149,49.22799911499023,49.23399887084961,49.24399948120117,49.25299987792969,49.25599975585938,49.26100006103516,49.26399993896485,49.25999984741211,49.25999984741211,49.26500015258789,49.26302032470703,49.26302032470703,49.26501998901367,49.26701965332031,49.26701965332031,49.27199935913086,49.2879997253418,49.29899978637695,49.3,49.29800033569336,49.29400024414063,49.28400039672852,49.26800079345704,49.255001068115234,49.25400085449219,49.25800094604492,49.24758071899414,49.25148010253906,49.253179931640624,49.24417953491211,49.23117980957032,49.23460006713867,49.23170013427735,49.23199996948242,49.23300018310547,49.23399963378906,49.21859893798828,49.20059890747071,49.18159866333008,49.16659851074219,49.14759902954101,49.14999923706055,49.15297927856445,49.147979736328125,49.13198013305664,49.11997985839844,49.09598007202148,49.07402038574219,49.06203994750977,49.064039611816405,49.06875991821289,49.0907600402832,49.10721969604492,49.1215202331543,49.119520568847655,49.11980056762695,49.10780029296875,49.10032043457032,49.09500045776368,49.09800033569336,49.09500045776368,49.094000244140624,49.09600067138672,49.10900039672852,49.127000427246095,49.14573974609375,49.161740112304685,49.17473983764648,49.17773971557617,49.17673950195312,49.177999877929686,49.170999908447264,49.155999755859376,49.14400024414063,49.13200073242187,49.11600036621094,49.10900039672852,49.114000701904295,49.114000701904295,49.114000701904295,49.11800079345703,49.117120361328126,49.11412048339844,49.1111198425293,49.10211944580078,49.094120025634766,49.08600006103516,49.0759994506836,49.06999969482422,49.06800003051758,49.06699981689453,49.06900024414063,49.07300033569336,49.07500076293945,49.08200073242188,49.08800048828125,49.09600067138672,49.10300064086914,49.11300048828125,49.12099990844727,49.1244400024414,49.128439331054686,49.13343963623047,49.13643951416016,49.13643951416016,49.14399948120117,49.14899978637696,49.15199966430664,49.154999542236325,49.15,49.13899993896485,49.12099990844727,49.10599975585937,49.09700012207031,49.10149993896484,49.1125,49.128500366210936,49.14650039672851,49.15950012207031,49.168000030517575,49.17300033569336,49.180999755859375,49.17399978637695,49.16699981689453,49.15500030517578,49.14300003051758,49.13000030517578,49.13000030517578,49.13499984741211,49.145999145507815,49.145999145507815,49.1489990234375,49.14199905395508,49.12899932861328,49.11800003051758,49.10800018310547,49.09900054931641,49.09700088500976,49.09200134277344,49.08700103759766,49.09300079345703,49.09900054931641,49.10900039672852,49.113999938964845,49.11699981689453,49.12099990844727,49.11100006103516,49.09700012207031,49.09700012207031,49.10299987792969,49.10899963378906,49.12499923706055,49.1489990234375,49.17099914550781,49.17999954223633,49.19000015258789,49.19600067138672,49.19400100708008,49.17800064086914,49.165000915527344,49.149000549316405,49.14200057983398,49.13600006103516,49.13500061035156,49.13600006103516,49.13400039672852,49.11600036621094,49.0890007019043,49.091000366210935,49.10000076293945,49.10300064086914,49.13480072021484,49.17380065917969,49.18080062866211,49.17480010986328,49.17379989624023,49.16399917602539,49.14699935913086,49.13199920654297,49.1161994934082,49.091119384765626,49.05512008666992,49.03811950683594,49.02811965942383,49.02991943359375,49.045999908447264,49.06199951171875,49.0572395324707,49.052239990234376,49.03724060058594,49.00624008178711,48.9582405090332,48.94700088500976,48.93600082397461,48.935000610351565,48.954000854492186,48.98300018310547,48.98400039672852,48.99000015258789,48.98199996948242,48.96800003051758,48.956999969482425,48.93499984741211,48.905999755859376,48.90699996948242,2
  +47.59199981689453,47.64099960327148,47.63481979370117,47.64381942749024,47.64281997680664,47.63582000732422,47.65082015991211,47.65849990844727,47.6875,47.68649978637696,47.63957977294922,47.59357986450196,47.56208038330078,47.51708068847656,47.544080352783205,47.62399978637696,47.68499984741211,47.74199981689453,47.7879997253418,47.763980102539065,47.70214004516602,47.64514007568359,47.57480010986328,47.5197998046875,47.49781951904297,47.494659423828125,47.51065979003906,47.52899932861328,47.542999267578125,47.5609992980957,47.56800003051758,47.56699981689453,47.58399963378906,47.5870002746582,47.5640007019043,47.55300064086914,47.53040084838867,47.50940093994141,47.492060852050784,47.49606094360352,47.5000602722168,47.52666015625,47.55666046142578,47.60900039672852,47.64800033569336,47.665000915527344,47.672000885009766,47.65800094604492,47.63298110961914,47.62298049926758,47.6279800415039,47.6059799194336,47.60447998046875,47.58531951904297,47.55531997680664,47.53731994628906,47.54832000732422,47.5418197631836,47.55699996948242,47.56699981689453,47.552999877929686,47.53899993896484,47.53000030517578,47.51500015258789,47.51700057983398,47.53500061035156,47.54800033569336,47.56864013671875,47.586640167236325,47.59763946533203,47.6176399230957,47.65164031982422,47.67700042724609,47.71202087402344,47.7600212097168,47.78116073608398,47.79416046142578,47.80615997314453,47.81013946533203,47.7811393737793,47.7729995727539,47.74899978637696,47.73300018310547,47.7270004272461,47.72500076293945,47.723001098632814,47.74100112915039,47.75600128173828,47.74200134277344,47.73000106811524,47.71200103759766,47.69000091552734,47.665000915527344,47.66800079345703,47.672000885009766,47.685000610351565,47.69600067138672,47.70200042724609,47.67900009155274,47.66999969482422,47.654999542236325,47.63699951171875,47.62299957275391,47.619999694824216,47.60199966430664,47.5759994506836,47.54801940917969,47.51701965332031,47.48302001953125,47.45802001953125,47.44302062988281,47.44700012207032,47.45999984741211,47.50199966430664,47.55800018310547,47.608740234375,47.6477409362793,47.68374099731445,47.691741180419925,47.6847412109375,47.68000106811523,47.67300033569336,47.65999984741211,47.64300003051758,47.60759963989258,47.56659927368164,47.51859970092774,47.49059982299805,47.47259979248047,47.48499984741211,47.49476013183594,47.51376037597656,47.50676040649414,47.50075988769531,47.483760070800784,47.475,47.46800003051758,47.47300033569336,47.48600082397461,47.50300064086914,47.51700057983398,47.51800003051758,47.49899978637696,47.472459411621095,47.44345932006836,47.41845932006836,47.39745941162109,47.395459747314455,47.40099945068359,47.39985961914063,47.40285949707031,47.41385955810547,47.426859283447264,47.423859405517575,47.4359992980957,47.43399963378906,47.42599945068359,47.4129997253418,47.40199966430664,47.383000183105466,47.37399978637696,47.369999694824216,47.37899932861328,47.39199981689453,47.40399932861328,47.417999267578125,47.4359992980957,47.44199981689453,47.44241943359375,47.44641952514648,47.44741973876953,47.43641967773438,47.44343948364258,47.45601959228516,47.45901947021484,47.46801986694336,47.48702011108399,47.494999694824216,47.50299987792969,47.5129997253418,47.51899948120117,47.51771926879883,47.50871963500977,47.494719696044925,47.49171981811524,47.48671951293945,47.48600006103516,47.4870002746582,47.49899978637696,47.50299987792969,47.50900039672852,47.51399993896485,47.5229995727539,47.52799987792969,47.52799987792969,47.52599945068359,47.529999542236325,47.53199920654297,47.53099899291992,47.5351188659668,47.54111862182617,47.53811874389648,47.53811874389648,47.54011917114258,47.53999938964844,47.5393798828125,47.54137954711914,47.5393798828125,47.53737945556641,47.53837966918945,47.54699935913086,47.56199951171875,47.57505950927735,47.59605941772461,47.61305923461914,47.61905975341797,47.607060241699216,47.58899993896485,47.57099990844726,47.55499954223633,47.53999938964844,47.54399948120117,47.56199951171875,47.56999969482422,47.580999755859374,47.5859992980957,47.58099899291992,47.57099914550781,47.56729965209961,47.56093978881836,47.55894012451172,47.55894012451172,47.559540557861325,47.55523986816407,47.55859985351562,47.565599822998045,47.57459945678711,47.58399887084961,47.58999938964844,47.58999938964844,47.58699951171875,47.57699966430664,47.57300033569336,47.56900024414063,47.56300048828125,47.55699996948242,47.555999755859375,47.55099945068359,47.555999755859375,47.568999481201175,47.58399963378906,47.59599990844727,47.60599975585937,47.609999084472655,47.606999206542966,47.610999298095706,47.61799926757813,47.6259994506836,47.63600006103516,47.64440002441406,47.64515991210938,47.63766021728516,47.6386604309082,47.63666000366211,47.63726043701172,47.63950042724609,47.65,47.65099945068359,47.65299987792969,47.65199966430664,47.64599990844727,47.64400024414063,47.64500045776367,47.64300003051758,47.63899993896485,47.63600006103516,47.63399963378906,47.62699966430664,47.62799987792969,47.62600021362304,47.62900009155273,47.627000427246095,47.62600021362304,47.62900009155273,47.63499984741211,47.63699951171875,47.64199981689453,47.64820022583008,47.6431999206543,47.6414794921875,47.64448013305664,47.64547958374023,47.64427947998047,47.64227981567383,47.64400024414063,47.65400009155273,47.662000274658205,47.6740005493164,47.68800048828125,47.70000076293945,47.7010009765625,47.69700088500976,47.69300079345703,47.69400100708008,47.69300079345703,47.691000366210936,47.69900054931641,47.70500030517578,47.71300048828125,47.726000213623045,47.74897994995117,47.7679801940918,47.775980377197264,47.78397979736328,47.78498001098633,47.76900024414063,47.75899963378906,47.76205978393555,47.76605987548828,47.76905975341797,47.77755966186523,47.78356018066406,47.791500091552734,47.79449996948242,47.80352020263672,47.81502075195313,47.82502059936523,47.83902053833008,47.85102081298828,47.85230026245117,47.85029983520508,47.840380096435545,47.821379852294925,47.79837951660157,47.787879943847656,47.79087982177735,47.79879989624023,47.806800079345706,47.82980041503906,47.84600067138672,47.854000854492185,47.85900039672852,47.87099990844727,47.87299957275391,47.87899932861328,47.87999954223633,47.88399963378906,47.89199981689453,47.90999984741211,47.92699966430664,47.95299911499024,47.98299942016602,48.01499938964844,48.04273986816406,48.06574020385742,48.08074035644531,48.08873977661133,48.09474029541016,48.10599975585937,48.12799987792969,48.15,48.18199996948242,48.19799957275391,48.202999877929685,48.20199966430664,48.19300003051758,48.18199996948242,48.1870002746582,48.2533203125,48.34532012939453,48.48331985473633,48.6283203125,48.76811981201172,48.8197998046875,48.85607986450195,48.85607986450195,48.855079650878906,48.84328002929688,48.83127975463867,48.81699981689453,48.8249397277832,48.83893966674805,48.85493927001953,48.892939758300784,48.92293930053711,48.9109992980957,48.8979995727539,48.88399963378906,48.86899948120117,48.863999938964845,48.88099975585938,48.87699966430664,48.87844009399414,48.90543975830078,48.90143966674805,48.89593963623047,48.90493927001953,48.90849914550781,48.88449935913086,48.88249969482422,48.87799987792969,48.87799987792969,48.86899948120117,48.869999694824216,48.87799911499023,48.885999298095705,48.882999420166016,48.90597991943359,48.92697982788086,48.93198013305664,48.9409797668457,48.94598007202149,48.94700012207032,48.93899993896484,48.93399963378906,48.92699966430664,48.92271957397461,48.91971969604492,48.923719787597655,48.92572021484375,48.93472061157227,48.93300094604492,48.93042068481445,48.92142105102539,48.90842056274414,48.90142059326172,48.9074203491211,48.899000549316405,48.91300048828125,48.9390007019043,48.954000854492186,48.97100067138672,48.999000549316406,49.008000183105466,48.99026031494141,48.97628021240234,48.95628051757812,48.925279998779295,48.90126037597656,48.90400009155273,48.89497985839844,48.89497985839844,48.90197982788086,48.905999755859376,48.91399993896484,48.91999969482422,48.91399917602539,48.90199966430664,48.905999755859376,48.89599990844727,48.9,48.90800018310547,48.920999908447264,48.92399978637695,48.94599990844726,48.96399993896485,48.98400039672852,49.00000076293945,49.01600036621094,49.01717987060547,49.01417999267578,49.0091796875,49.01117935180664,49.00017929077149,48.99699935913086,48.99749908447266,48.99649887084961,48.98849868774414,48.980499267578125,48.968499755859376,48.95500030517578,48.94300079345703,48.92900085449219,48.91276092529297,48.91076049804688,48.91875991821289,48.93675994873047,48.9557601928711,48.99300003051758,49.027000427246094,49.0640007019043,49.1020004272461,49.13424072265625,49.16624069213867,49.17824020385742,49.1622200012207,49.147219848632815,49.12533950805664,49.091339111328125,49.06433944702148,49.04835968017578,49.02435989379883,49.01399993896485,49.01300048828125,49.01500015258789,49.01399993896485,49.00699996948242,49.00400009155273,48.99199981689453,48.99000015258789,49.00300064086914,49.01700057983398,49.037000274658205,49.07560043334961,49.10860061645508,49.13074035644532,49.15373992919922,49.1717399597168,49.16913986206055,49.159139251708986,49.1479995727539,49.137000274658206,49.127000427246095,49.12200012207031,49.13000030517578,49.14400024414063,49.147159576416016,49.14515991210938,49.14815979003906,49.13115997314453,49.10915985107422,49.09800033569336,49.09962005615235,49.09510040283203,49.09710006713867,49.1019401550293,49.10093994140625,49.0913200378418,49.08583984375,49.086840057373045,49.08300018310547,49.091000366210935,49.09200057983399,49.09200057983399,49.09800033569336,49.11100006103516,49.11697998046875,49.12397994995117,49.135980224609376,49.135980224609376,49.134980010986325,49.14099960327148,49.14699935913086,49.1489990234375,49.14099960327148,49.12799987792969,49.10699996948242,49.09099960327149,49.07373962402344,49.068739318847655,49.068739318847655,49.07273941040039,49.075,49.08825988769532,49.10525970458984,49.11425933837891,49.12125930786133,49.13199920654297,49.13099975585938,49.12699966430664,49.13099975585938,49.14800033569336,49.17399978637695,49.19699935913086,49.22199935913086,49.23699951171875,49.23899917602539,49.2259994506836,49.21699981689453,49.20800018310547,49.21399993896485,49.22200012207031,49.23000030517578,49.23460006713867,49.23659973144531,49.23359985351563,49.22459945678711,49.21859970092773,49.21399993896485,49.20600051879883,49.20000076293945,49.198001098632815,49.19600067138672,49.19700088500976,49.20498046875,49.21298065185547,49.21598052978516,49.21598052978516,49.213600158691406,49.20562057495117,49.1976203918457,49.19962005615234,49.20561981201172,49.21599960327149,49.22799911499023,49.23399887084961,49.24399948120117,49.25299987792969,49.25599975585938,49.26100006103516,49.26399993896485,49.25999984741211,49.25999984741211,49.26500015258789,49.26302032470703,49.26302032470703,49.26501998901367,49.26701965332031,49.26701965332031,49.27199935913086,49.2879997253418,49.29899978637695,49.3,49.29800033569336,49.29400024414063,49.28400039672852,49.26800079345704,49.255001068115234,49.25400085449219,49.25800094604492,49.24758071899414,49.25148010253906,49.253179931640624,49.24417953491211,49.23117980957032,49.23460006713867,49.23170013427735,49.23199996948242,49.23300018310547,49.23399963378906,49.21859893798828,49.20059890747071,49.18159866333008,49.16659851074219,49.14759902954101,49.14999923706055,49.15297927856445,49.147979736328125,49.13198013305664,49.11997985839844,49.09598007202148,49.07402038574219,49.06203994750977,49.064039611816405,49.06875991821289,49.0907600402832,49.10721969604492,49.1215202331543,49.119520568847655,49.11980056762695,49.10780029296875,49.10032043457032,49.09500045776368,49.09800033569336,49.09500045776368,49.094000244140624,49.09600067138672,49.10900039672852,49.127000427246095,49.14573974609375,49.161740112304685,49.17473983764648,49.17773971557617,49.17673950195312,49.177999877929686,49.170999908447264,49.155999755859376,49.14400024414063,49.13200073242187,49.11600036621094,49.10900039672852,49.114000701904295,49.114000701904295,49.114000701904295,49.11800079345703,49.117120361328126,49.11412048339844,49.1111198425293,49.10211944580078,49.094120025634766,49.08600006103516,49.0759994506836,49.06999969482422,49.06800003051758,49.06699981689453,49.06900024414063,49.07300033569336,49.07500076293945,49.08200073242188,49.08800048828125,49.09600067138672,49.10300064086914,49.11300048828125,49.12099990844727,49.1244400024414,49.128439331054686,49.13343963623047,49.13643951416016,49.13643951416016,49.14399948120117,49.14899978637696,49.15199966430664,49.154999542236325,49.15,49.13899993896485,49.12099990844727,49.10599975585937,49.09700012207031,49.10149993896484,49.1125,49.128500366210936,49.14650039672851,49.15950012207031,49.168000030517575,49.17300033569336,49.180999755859375,49.17399978637695,49.16699981689453,49.15500030517578,49.14300003051758,49.13000030517578,49.13000030517578,49.13499984741211,49.145999145507815,49.145999145507815,49.1489990234375,49.14199905395508,49.12899932861328,49.11800003051758,49.10800018310547,49.09900054931641,49.09700088500976,49.09200134277344,49.08700103759766,49.09300079345703,49.09900054931641,49.10900039672852,49.113999938964845,49.11699981689453,49.12099990844727,49.11100006103516,49.09700012207031,49.09700012207031,49.10299987792969,49.10899963378906,49.12499923706055,49.1489990234375,49.17099914550781,49.17999954223633,49.19000015258789,49.19600067138672,49.19400100708008,49.17800064086914,49.165000915527344,49.149000549316405,49.14200057983398,49.13600006103516,49.13500061035156,49.13600006103516,49.13400039672852,49.11600036621094,49.0890007019043,49.091000366210935,49.10000076293945,49.10300064086914,49.13480072021484,49.17380065917969,49.18080062866211,49.17480010986328,49.17379989624023,49.16399917602539,49.14699935913086,49.13199920654297,49.1161994934082,49.091119384765626,49.05512008666992,49.03811950683594,49.02811965942383,49.02991943359375,49.045999908447264,49.06199951171875,49.0572395324707,49.052239990234376,49.03724060058594,49.00624008178711,48.9582405090332,48.94700088500976,48.93600082397461,48.935000610351565,48.954000854492186,48.98300018310547,48.98400039672852,48.99000015258789,48.98199996948242,48.96800003051758,48.956999969482425,48.93499984741211,48.905999755859376,48.90699996948242,48.89899978637696,2
  +47.64099960327148,47.63481979370117,47.64381942749024,47.64281997680664,47.63582000732422,47.65082015991211,47.65849990844727,47.6875,47.68649978637696,47.63957977294922,47.59357986450196,47.56208038330078,47.51708068847656,47.544080352783205,47.62399978637696,47.68499984741211,47.74199981689453,47.7879997253418,47.763980102539065,47.70214004516602,47.64514007568359,47.57480010986328,47.5197998046875,47.49781951904297,47.494659423828125,47.51065979003906,47.52899932861328,47.542999267578125,47.5609992980957,47.56800003051758,47.56699981689453,47.58399963378906,47.5870002746582,47.5640007019043,47.55300064086914,47.53040084838867,47.50940093994141,47.492060852050784,47.49606094360352,47.5000602722168,47.52666015625,47.55666046142578,47.60900039672852,47.64800033569336,47.665000915527344,47.672000885009766,47.65800094604492,47.63298110961914,47.62298049926758,47.6279800415039,47.6059799194336,47.60447998046875,47.58531951904297,47.55531997680664,47.53731994628906,47.54832000732422,47.5418197631836,47.55699996948242,47.56699981689453,47.552999877929686,47.53899993896484,47.53000030517578,47.51500015258789,47.51700057983398,47.53500061035156,47.54800033569336,47.56864013671875,47.586640167236325,47.59763946533203,47.6176399230957,47.65164031982422,47.67700042724609,47.71202087402344,47.7600212097168,47.78116073608398,47.79416046142578,47.80615997314453,47.81013946533203,47.7811393737793,47.7729995727539,47.74899978637696,47.73300018310547,47.7270004272461,47.72500076293945,47.723001098632814,47.74100112915039,47.75600128173828,47.74200134277344,47.73000106811524,47.71200103759766,47.69000091552734,47.665000915527344,47.66800079345703,47.672000885009766,47.685000610351565,47.69600067138672,47.70200042724609,47.67900009155274,47.66999969482422,47.654999542236325,47.63699951171875,47.62299957275391,47.619999694824216,47.60199966430664,47.5759994506836,47.54801940917969,47.51701965332031,47.48302001953125,47.45802001953125,47.44302062988281,47.44700012207032,47.45999984741211,47.50199966430664,47.55800018310547,47.608740234375,47.6477409362793,47.68374099731445,47.691741180419925,47.6847412109375,47.68000106811523,47.67300033569336,47.65999984741211,47.64300003051758,47.60759963989258,47.56659927368164,47.51859970092774,47.49059982299805,47.47259979248047,47.48499984741211,47.49476013183594,47.51376037597656,47.50676040649414,47.50075988769531,47.483760070800784,47.475,47.46800003051758,47.47300033569336,47.48600082397461,47.50300064086914,47.51700057983398,47.51800003051758,47.49899978637696,47.472459411621095,47.44345932006836,47.41845932006836,47.39745941162109,47.395459747314455,47.40099945068359,47.39985961914063,47.40285949707031,47.41385955810547,47.426859283447264,47.423859405517575,47.4359992980957,47.43399963378906,47.42599945068359,47.4129997253418,47.40199966430664,47.383000183105466,47.37399978637696,47.369999694824216,47.37899932861328,47.39199981689453,47.40399932861328,47.417999267578125,47.4359992980957,47.44199981689453,47.44241943359375,47.44641952514648,47.44741973876953,47.43641967773438,47.44343948364258,47.45601959228516,47.45901947021484,47.46801986694336,47.48702011108399,47.494999694824216,47.50299987792969,47.5129997253418,47.51899948120117,47.51771926879883,47.50871963500977,47.494719696044925,47.49171981811524,47.48671951293945,47.48600006103516,47.4870002746582,47.49899978637696,47.50299987792969,47.50900039672852,47.51399993896485,47.5229995727539,47.52799987792969,47.52799987792969,47.52599945068359,47.529999542236325,47.53199920654297,47.53099899291992,47.5351188659668,47.54111862182617,47.53811874389648,47.53811874389648,47.54011917114258,47.53999938964844,47.5393798828125,47.54137954711914,47.5393798828125,47.53737945556641,47.53837966918945,47.54699935913086,47.56199951171875,47.57505950927735,47.59605941772461,47.61305923461914,47.61905975341797,47.607060241699216,47.58899993896485,47.57099990844726,47.55499954223633,47.53999938964844,47.54399948120117,47.56199951171875,47.56999969482422,47.580999755859374,47.5859992980957,47.58099899291992,47.57099914550781,47.56729965209961,47.56093978881836,47.55894012451172,47.55894012451172,47.559540557861325,47.55523986816407,47.55859985351562,47.565599822998045,47.57459945678711,47.58399887084961,47.58999938964844,47.58999938964844,47.58699951171875,47.57699966430664,47.57300033569336,47.56900024414063,47.56300048828125,47.55699996948242,47.555999755859375,47.55099945068359,47.555999755859375,47.568999481201175,47.58399963378906,47.59599990844727,47.60599975585937,47.609999084472655,47.606999206542966,47.610999298095706,47.61799926757813,47.6259994506836,47.63600006103516,47.64440002441406,47.64515991210938,47.63766021728516,47.6386604309082,47.63666000366211,47.63726043701172,47.63950042724609,47.65,47.65099945068359,47.65299987792969,47.65199966430664,47.64599990844727,47.64400024414063,47.64500045776367,47.64300003051758,47.63899993896485,47.63600006103516,47.63399963378906,47.62699966430664,47.62799987792969,47.62600021362304,47.62900009155273,47.627000427246095,47.62600021362304,47.62900009155273,47.63499984741211,47.63699951171875,47.64199981689453,47.64820022583008,47.6431999206543,47.6414794921875,47.64448013305664,47.64547958374023,47.64427947998047,47.64227981567383,47.64400024414063,47.65400009155273,47.662000274658205,47.6740005493164,47.68800048828125,47.70000076293945,47.7010009765625,47.69700088500976,47.69300079345703,47.69400100708008,47.69300079345703,47.691000366210936,47.69900054931641,47.70500030517578,47.71300048828125,47.726000213623045,47.74897994995117,47.7679801940918,47.775980377197264,47.78397979736328,47.78498001098633,47.76900024414063,47.75899963378906,47.76205978393555,47.76605987548828,47.76905975341797,47.77755966186523,47.78356018066406,47.791500091552734,47.79449996948242,47.80352020263672,47.81502075195313,47.82502059936523,47.83902053833008,47.85102081298828,47.85230026245117,47.85029983520508,47.840380096435545,47.821379852294925,47.79837951660157,47.787879943847656,47.79087982177735,47.79879989624023,47.806800079345706,47.82980041503906,47.84600067138672,47.854000854492185,47.85900039672852,47.87099990844727,47.87299957275391,47.87899932861328,47.87999954223633,47.88399963378906,47.89199981689453,47.90999984741211,47.92699966430664,47.95299911499024,47.98299942016602,48.01499938964844,48.04273986816406,48.06574020385742,48.08074035644531,48.08873977661133,48.09474029541016,48.10599975585937,48.12799987792969,48.15,48.18199996948242,48.19799957275391,48.202999877929685,48.20199966430664,48.19300003051758,48.18199996948242,48.1870002746582,48.2533203125,48.34532012939453,48.48331985473633,48.6283203125,48.76811981201172,48.8197998046875,48.85607986450195,48.85607986450195,48.855079650878906,48.84328002929688,48.83127975463867,48.81699981689453,48.8249397277832,48.83893966674805,48.85493927001953,48.892939758300784,48.92293930053711,48.9109992980957,48.8979995727539,48.88399963378906,48.86899948120117,48.863999938964845,48.88099975585938,48.87699966430664,48.87844009399414,48.90543975830078,48.90143966674805,48.89593963623047,48.90493927001953,48.90849914550781,48.88449935913086,48.88249969482422,48.87799987792969,48.87799987792969,48.86899948120117,48.869999694824216,48.87799911499023,48.885999298095705,48.882999420166016,48.90597991943359,48.92697982788086,48.93198013305664,48.9409797668457,48.94598007202149,48.94700012207032,48.93899993896484,48.93399963378906,48.92699966430664,48.92271957397461,48.91971969604492,48.923719787597655,48.92572021484375,48.93472061157227,48.93300094604492,48.93042068481445,48.92142105102539,48.90842056274414,48.90142059326172,48.9074203491211,48.899000549316405,48.91300048828125,48.9390007019043,48.954000854492186,48.97100067138672,48.999000549316406,49.008000183105466,48.99026031494141,48.97628021240234,48.95628051757812,48.925279998779295,48.90126037597656,48.90400009155273,48.89497985839844,48.89497985839844,48.90197982788086,48.905999755859376,48.91399993896484,48.91999969482422,48.91399917602539,48.90199966430664,48.905999755859376,48.89599990844727,48.9,48.90800018310547,48.920999908447264,48.92399978637695,48.94599990844726,48.96399993896485,48.98400039672852,49.00000076293945,49.01600036621094,49.01717987060547,49.01417999267578,49.0091796875,49.01117935180664,49.00017929077149,48.99699935913086,48.99749908447266,48.99649887084961,48.98849868774414,48.980499267578125,48.968499755859376,48.95500030517578,48.94300079345703,48.92900085449219,48.91276092529297,48.91076049804688,48.91875991821289,48.93675994873047,48.9557601928711,48.99300003051758,49.027000427246094,49.0640007019043,49.1020004272461,49.13424072265625,49.16624069213867,49.17824020385742,49.1622200012207,49.147219848632815,49.12533950805664,49.091339111328125,49.06433944702148,49.04835968017578,49.02435989379883,49.01399993896485,49.01300048828125,49.01500015258789,49.01399993896485,49.00699996948242,49.00400009155273,48.99199981689453,48.99000015258789,49.00300064086914,49.01700057983398,49.037000274658205,49.07560043334961,49.10860061645508,49.13074035644532,49.15373992919922,49.1717399597168,49.16913986206055,49.159139251708986,49.1479995727539,49.137000274658206,49.127000427246095,49.12200012207031,49.13000030517578,49.14400024414063,49.147159576416016,49.14515991210938,49.14815979003906,49.13115997314453,49.10915985107422,49.09800033569336,49.09962005615235,49.09510040283203,49.09710006713867,49.1019401550293,49.10093994140625,49.0913200378418,49.08583984375,49.086840057373045,49.08300018310547,49.091000366210935,49.09200057983399,49.09200057983399,49.09800033569336,49.11100006103516,49.11697998046875,49.12397994995117,49.135980224609376,49.135980224609376,49.134980010986325,49.14099960327148,49.14699935913086,49.1489990234375,49.14099960327148,49.12799987792969,49.10699996948242,49.09099960327149,49.07373962402344,49.068739318847655,49.068739318847655,49.07273941040039,49.075,49.08825988769532,49.10525970458984,49.11425933837891,49.12125930786133,49.13199920654297,49.13099975585938,49.12699966430664,49.13099975585938,49.14800033569336,49.17399978637695,49.19699935913086,49.22199935913086,49.23699951171875,49.23899917602539,49.2259994506836,49.21699981689453,49.20800018310547,49.21399993896485,49.22200012207031,49.23000030517578,49.23460006713867,49.23659973144531,49.23359985351563,49.22459945678711,49.21859970092773,49.21399993896485,49.20600051879883,49.20000076293945,49.198001098632815,49.19600067138672,49.19700088500976,49.20498046875,49.21298065185547,49.21598052978516,49.21598052978516,49.213600158691406,49.20562057495117,49.1976203918457,49.19962005615234,49.20561981201172,49.21599960327149,49.22799911499023,49.23399887084961,49.24399948120117,49.25299987792969,49.25599975585938,49.26100006103516,49.26399993896485,49.25999984741211,49.25999984741211,49.26500015258789,49.26302032470703,49.26302032470703,49.26501998901367,49.26701965332031,49.26701965332031,49.27199935913086,49.2879997253418,49.29899978637695,49.3,49.29800033569336,49.29400024414063,49.28400039672852,49.26800079345704,49.255001068115234,49.25400085449219,49.25800094604492,49.24758071899414,49.25148010253906,49.253179931640624,49.24417953491211,49.23117980957032,49.23460006713867,49.23170013427735,49.23199996948242,49.23300018310547,49.23399963378906,49.21859893798828,49.20059890747071,49.18159866333008,49.16659851074219,49.14759902954101,49.14999923706055,49.15297927856445,49.147979736328125,49.13198013305664,49.11997985839844,49.09598007202148,49.07402038574219,49.06203994750977,49.064039611816405,49.06875991821289,49.0907600402832,49.10721969604492,49.1215202331543,49.119520568847655,49.11980056762695,49.10780029296875,49.10032043457032,49.09500045776368,49.09800033569336,49.09500045776368,49.094000244140624,49.09600067138672,49.10900039672852,49.127000427246095,49.14573974609375,49.161740112304685,49.17473983764648,49.17773971557617,49.17673950195312,49.177999877929686,49.170999908447264,49.155999755859376,49.14400024414063,49.13200073242187,49.11600036621094,49.10900039672852,49.114000701904295,49.114000701904295,49.114000701904295,49.11800079345703,49.117120361328126,49.11412048339844,49.1111198425293,49.10211944580078,49.094120025634766,49.08600006103516,49.0759994506836,49.06999969482422,49.06800003051758,49.06699981689453,49.06900024414063,49.07300033569336,49.07500076293945,49.08200073242188,49.08800048828125,49.09600067138672,49.10300064086914,49.11300048828125,49.12099990844727,49.1244400024414,49.128439331054686,49.13343963623047,49.13643951416016,49.13643951416016,49.14399948120117,49.14899978637696,49.15199966430664,49.154999542236325,49.15,49.13899993896485,49.12099990844727,49.10599975585937,49.09700012207031,49.10149993896484,49.1125,49.128500366210936,49.14650039672851,49.15950012207031,49.168000030517575,49.17300033569336,49.180999755859375,49.17399978637695,49.16699981689453,49.15500030517578,49.14300003051758,49.13000030517578,49.13000030517578,49.13499984741211,49.145999145507815,49.145999145507815,49.1489990234375,49.14199905395508,49.12899932861328,49.11800003051758,49.10800018310547,49.09900054931641,49.09700088500976,49.09200134277344,49.08700103759766,49.09300079345703,49.09900054931641,49.10900039672852,49.113999938964845,49.11699981689453,49.12099990844727,49.11100006103516,49.09700012207031,49.09700012207031,49.10299987792969,49.10899963378906,49.12499923706055,49.1489990234375,49.17099914550781,49.17999954223633,49.19000015258789,49.19600067138672,49.19400100708008,49.17800064086914,49.165000915527344,49.149000549316405,49.14200057983398,49.13600006103516,49.13500061035156,49.13600006103516,49.13400039672852,49.11600036621094,49.0890007019043,49.091000366210935,49.10000076293945,49.10300064086914,49.13480072021484,49.17380065917969,49.18080062866211,49.17480010986328,49.17379989624023,49.16399917602539,49.14699935913086,49.13199920654297,49.1161994934082,49.091119384765626,49.05512008666992,49.03811950683594,49.02811965942383,49.02991943359375,49.045999908447264,49.06199951171875,49.0572395324707,49.052239990234376,49.03724060058594,49.00624008178711,48.9582405090332,48.94700088500976,48.93600082397461,48.935000610351565,48.954000854492186,48.98300018310547,48.98400039672852,48.99000015258789,48.98199996948242,48.96800003051758,48.956999969482425,48.93499984741211,48.905999755859376,48.90699996948242,48.89899978637696,48.9,0
